{
  "schema_version": "howl.exploration_result/v1",
  "exploration_id": "hd-20261009-211812-efe1740f0c77",
  "parent_request_id": "cubs-r003-p1-divergent",
  "objective": "Where could software create a meaningful baseball advantage for the Chicago Cubs? The current date is early October 2026, in the Cubs' offseason (their 2026 season ended in the Wild Card Series). A prior experiment found that triaging the November minor-league free-agent pool offers little: the low-attention pool holds under one next-season contributor per club per year, and a simple 'played in MLB last year' rule already finds most value. Prefer recurring decisions where the value at stake is large enough to matter, where public information available at decision time could plausibly beat a simple rule, and where a retrospective test on public history is possible. Consider front office, player development, scouting, coaching and business-of-baseball decisions, and name where software is unnecessary or clubs are already ahead. OUTPUT GUIDANCE (format only): Each IDEA names one problem, the decision owner, the concrete recurring decision and its timing, the size of value at stake, the mechanism of advantage, the simple baseline a club already uses, and the software intervention. Follow with ASSUMPTION and UNKNOWN lines. Do not invent statistics or private Cubs information.",
  "originating_component": "operator",
  "authority": {
    "type": "ADVISORY",
    "executable": false
  },
  "candidates": [
    {
      "schema_version": "howl.candidate/v1",
      "candidate_id": "hd-20261009-211812-efe1740f0c77/candidates/0/0",
      "source_run_id": "hd-20261009-211812-efe1740f0c77",
      "parent_request_id": "cubs-r003-p1-divergent",
      "objective": "Where could software create a meaningful baseball advantage for the Chicago Cubs? The current date is early October 2026, in the Cubs' offseason (their 2026 season ended in the Wild Card Series). A prior experiment found that triaging the November minor-league free-agent pool offers little: the low-attention pool holds under one next-season contributor per club per year, and a simple 'played in MLB last year' rule already finds most value. Prefer recurring decisions where the value at stake is large enough to matter, where public information available at decision time could plausibly beat a simple rule, and where a retrospective test on public history is possible. Consider front office, player development, scouting, coaching and business-of-baseball decisions, and name where software is unnecessary or clubs are already ahead. OUTPUT GUIDANCE (format only): Each IDEA names one problem, the decision owner, the concrete recurring decision and its timing, the size of value at stake, the mechanism of advantage, the simple baseline a club already uses, and the software intervention. Follow with ASSUMPTION and UNKNOWN lines. Do not invent statistics or private Cubs information.",
      "text": "IDEA: Problem=pre-arbitration extension timing; owner=GM and baseball operations contract staff; decision=whether, when, and at what price to offer long-term extensions to players with under three years of service, recurring each spring and offseason; value at stake=multi-year salary commitments plus surplus value if the player outperforms the deal; mechanism=model a player's arbitration salary path and free-agent value under uncertainty using public performance, service time and past extension terms, then price the option value of waiting one more season; baseline=negotiate from recent comparable extensions and agent anchors; intervention=a retrospective simulator that replays past public extensions against \"wait one year\" counterfactuals.\nASSUMPTION: Public extension terms such as guarantees, option years and buyouts are reported completely and accurately enough to reconstruct contract value.\nASSUMPTION: The edge comes from timing and price, but the player's willingness to sign may dominate any club-side model.\nASSUMPTION: Clubs likely already run contract surplus models, so the marginal edge may be small.\nUNKNOWN: public_extension_dataset_completeness\nUNKNOWN: post_2026_cba_service_time_rules\nIDEA: Problem=salary arbitration filing and hearing strategy; owner=baseball operations and legal or contract staff; decision=the filing number and whether to go \"file-and-trial\" or settle, made each January; value at stake=individual awards across the arbitration-eligible roster, plus effects on later raises because arbitration salaries compound; mechanism=predict the panel outcome from the public history of hearings, filing midpoints and the platform statistics panels historically reward, and quantify the expected value of settling versus a hearing; baseline=midpoint settlement using comparables chosen by staff; intervention=a hearing-outcome predictor tested on public hearing records.\nASSUMPTION: Public hearing outcomes, filing figures and settlements are recorded consistently across years.\nASSUMPTION: The number of hearings per year may be too small for a reliable model, which caps the edge.\nASSUMPTION: Specialized arbitration staff and outside firms likely already hold this knowledge, so clubs may be ahead.\nUNKNOWN: annual_hearing_count_sample_size\nUNKNOWN: post_2026_cba_arbitration_rules\nIDEA: Problem=non-tender and tender decisions; owner=GM; decision=tender or non-tender arbitration-eligible players at the late-November or early-December deadline; value at stake=projected arbitration salary versus the cost of replacing the player on the open market; mechanism=pair projected arbitration salaries with a forecast of comparable non-tendered and free-agent replacements available that winter at known prices; baseline=tender if projected WAR per dollar beats a club threshold; intervention=a replacement-market forecaster backtested on which past non-tendered players signed, at what price and with what next-season output.\nASSUMPTION: The non-tender market is predictable enough in size and quality from public information available in late November.\nASSUMPTION: This overlaps the roster-rules family, so it must show a distinct valuation edge to count as new.\nUNKNOWN: historical_nontender_signing_outcomes_dataset\nIDEA: Problem=amateur draft bonus pool allocation; owner=amateur scouting director; decision=draft order and bonus allocation across the first ten rounds, made each July; value at stake=pool dollars, the risk of exceeding the pool, and value from later rounds; mechanism=model signability and likely bonus relative to slot from public signals such as college eligibility year, prior draft status and public commitments, so the club can spend under slot early and redirect money to later high-ceiling picks; baseline=board ranking plus area scout signability notes; intervention=a signability and bonus predictor backtested on public draft bonus data.\nASSUMPTION: Public slot values and signed bonuses are available historically, but true asking prices are private, which limits the training labels.\nASSUMPTION: Career value from the draft takes years to observe, so a retrospective test may only validate bonus prediction, not talent selection.\nASSUMPTION: Most clubs already use pool-manipulation strategies, so the remaining edge may be thin.\nUNKNOWN: post_2026_cba_draft_and_pool_rules\nUNKNOWN: public_signability_signal_quality\nIDEA: Problem=college hitter evaluation across uneven competition; owner=amateur scouting director; decision=pre-draft board ranking each spring; value at stake=early-round picks with high expected surplus; mechanism=adjust public college statistics for opponent strength, park and conference, then test which adjustments best predicted later professional outcomes for past draft classes; baseline=raw college statistics plus scout grades; intervention=a strength-of-schedule adjustment layer with retrospective validation against minor-league outcomes.\nASSUMPTION: Public box-score-level college data covers enough games and opponents to estimate strength of schedule.\nASSUMPTION: Clubs with private college tracking data are likely already ahead, so this may matter only for low-coverage conferences.\nUNKNOWN: public_college_data_coverage_by_conference\nIDEA: Problem=waiver claim and designated-for-assignment pickup decisions; owner=pro scouting and GM; decision=whether to claim or trade for players designated for assignment, happening throughout the year in a recurring stream; value at stake=low acquisition cost per player but high frequency, with occasional breakout players; mechanism=rank DFA players at the time of designation using only public data available then, such as underlying contact quality, velocity trends and option status, and target players whose skills are undervalued by their surface results; baseline=claim if the player fits a 40-man need and has recent MLB time; intervention=a dated-snapshot ranker backtested on public transaction logs.\nASSUMPTION: Like the minor-league free agent result, a \"recent MLB time\" rule may already capture most value, which would make this low-ceiling.\nASSUMPTION: Waiver priority and other clubs' claims limit the club's access to the top-ranked players.\nUNKNOWN: historical_dfa_outcome_base_rate\nIDEA: Problem=the trade-deadline buy, sell or hold posture; owner=president of baseball operations; decision=posture and the price of rentals in late July; value at stake=prospect capital spent versus a change in playoff probability; mechanism=translate marginal WAR into change in playoff and series-win probability under the current playoff format, using public projection systems, and price acquisitions per point of playoff odds; baseline=a judgment of standings position plus playoff-odds websites; intervention=a marginal playoff-value calculator backtested on public deadline trades.\nASSUMPTION: Public playoff-odds models are close enough to private ones that the edge lies in pricing discipline rather than better forecasts.\nASSUMPTION: Prospect value at trade time is hard to label retrospectively without hindsight bias.\nUNKNOWN: public_prospect_value_at_trade_time_dataset\nIDEA: Problem=day-game-heavy home scheduling effects on player performance; owner=manager and performance staff; decision=rest days and lineup choices around day games after night games, made weekly in season; value at stake=small per game but recurring across the season; mechanism=estimate from public game logs whether performance drops in day-after-night games and whether rest timing reduces the drop; baseline=veteran rest by feel and fixed rest rotations; intervention=a rest-scheduling recommender tested on public game-level history.\nASSUMPTION: This may overlap the travel and rest planning family and must be framed specifically around day-night sequencing to be distinct.\nASSUMPTION: The effect may be too small or too noisy to detect in public data.\nUNKNOWN: day_after_night_performance_effect_size\nIDEA: Problem=places where software is likely unnecessary or clubs and vendors are already ahead; owner=business operations; decision=dynamic ticket pricing, concessions demand forecasting and lineup batting order; value at stake=real for ticketing, small for batting order; mechanism=none clearly available to a new public-data tool, since ticketing vendors already run dynamic pricing and batting-order gains are known to be small; baseline=existing vendor platforms and conventional lineup heuristics; intervention=deprioritize these.\nASSUMPTION: Dynamic ticket pricing vendors already capture most of the available revenue edge for MLB clubs.\nASSUMPTION: Lineup-order optimization yields a marginal gain that is unlikely to justify new software.\nUNKNOWN: club_specific_ticketing_vendor_capabilities\nIDEA: Problem=a rules-transition scenario engine; owner=president of baseball operations; decision=contract structures, arbitration and draft strategy across an expected collective bargaining transition, at a one-time but high-stakes moment this offseason; value at stake=multiple contract and roster decisions made under rule uncertainty; mechanism=simulate outcomes under several plausible rule scenarios so commitments made now are robust to rule changes; baseline=wait for the new agreement or rely on legal staff judgment; intervention=a scenario model that reprices extensions, qualifying offers and pool strategy under each rule set.\nASSUMPTION: The current collective bargaining agreement expires around this offseason; this is unverified and must be confirmed.\nASSUMPTION: A retrospective test is only partly possible, by replaying past agreement transitions, which may be too few to validate.\nCONFLICT: none_identified_no_evidence_supplied\nUNKNOWN: cba_expiration_date_verification\nUNKNOWN: cubs_private_models_and_practices",
      "condition": "dream",
      "trust": "UNVERIFIED",
      "status": "UNRESOLVED",
      "authority": {
        "type": "ADVISORY",
        "executable": false
      },
      "claims": [
        {
          "id": "hd-20261009-211812-efe1740f0c77/candidates/0/0/claim/1",
          "candidate_id": "hd-20261009-211812-efe1740f0c77/candidates/0/0",
          "kind": "IDEA",
          "text": "Problem=pre-arbitration extension timing; owner=GM and baseball operations contract staff; decision=whether, when, and at what price to offer long-term extensions to players with under three years of service, recurring each spring and offseason; value at stake=multi-year salary commitments plus surplus value if the player outperforms the deal; mechanism=model a player's arbitration salary path and free-agent value under uncertainty using public performance, service time and past extension terms, then price the option value of waiting one more season; baseline=negotiate from recent comparable extensions and agent anchors; intervention=a retrospective simulator that replays past public extensions against \"wait one year\" counterfactuals.",
          "status": "UNVERIFIED",
          "extractor": "line_grammar/v1"
        },
        {
          "id": "hd-20261009-211812-efe1740f0c77/candidates/0/0/claim/2",
          "candidate_id": "hd-20261009-211812-efe1740f0c77/candidates/0/0",
          "kind": "ASSUMPTION",
          "text": "Public extension terms such as guarantees, option years and buyouts are reported completely and accurately enough to reconstruct contract value.",
          "status": "UNVERIFIED",
          "extractor": "line_grammar/v1"
        },
        {
          "id": "hd-20261009-211812-efe1740f0c77/candidates/0/0/claim/3",
          "candidate_id": "hd-20261009-211812-efe1740f0c77/candidates/0/0",
          "kind": "ASSUMPTION",
          "text": "The edge comes from timing and price, but the player's willingness to sign may dominate any club-side model.",
          "status": "UNVERIFIED",
          "extractor": "line_grammar/v1"
        },
        {
          "id": "hd-20261009-211812-efe1740f0c77/candidates/0/0/claim/4",
          "candidate_id": "hd-20261009-211812-efe1740f0c77/candidates/0/0",
          "kind": "ASSUMPTION",
          "text": "Clubs likely already run contract surplus models, so the marginal edge may be small.",
          "status": "UNVERIFIED",
          "extractor": "line_grammar/v1"
        },
        {
          "id": "hd-20261009-211812-efe1740f0c77/candidates/0/0/claim/5",
          "candidate_id": "hd-20261009-211812-efe1740f0c77/candidates/0/0",
          "kind": "UNKNOWN",
          "text": "public_extension_dataset_completeness",
          "status": "UNVERIFIED",
          "extractor": "line_grammar/v1"
        },
        {
          "id": "hd-20261009-211812-efe1740f0c77/candidates/0/0/claim/6",
          "candidate_id": "hd-20261009-211812-efe1740f0c77/candidates/0/0",
          "kind": "UNKNOWN",
          "text": "post_2026_cba_service_time_rules",
          "status": "UNVERIFIED",
          "extractor": "line_grammar/v1"
        },
        {
          "id": "hd-20261009-211812-efe1740f0c77/candidates/0/0/claim/7",
          "candidate_id": "hd-20261009-211812-efe1740f0c77/candidates/0/0",
          "kind": "IDEA",
          "text": "Problem=salary arbitration filing and hearing strategy; owner=baseball operations and legal or contract staff; decision=the filing number and whether to go \"file-and-trial\" or settle, made each January; value at stake=individual awards across the arbitration-eligible roster, plus effects on later raises because arbitration salaries compound; mechanism=predict the panel outcome from the public history of hearings, filing midpoints and the platform statistics panels historically reward, and quantify the expected value of settling versus a hearing; baseline=midpoint settlement using comparables chosen by staff; intervention=a hearing-outcome predictor tested on public hearing records.",
          "status": "UNVERIFIED",
          "extractor": "line_grammar/v1"
        },
        {
          "id": "hd-20261009-211812-efe1740f0c77/candidates/0/0/claim/8",
          "candidate_id": "hd-20261009-211812-efe1740f0c77/candidates/0/0",
          "kind": "ASSUMPTION",
          "text": "Public hearing outcomes, filing figures and settlements are recorded consistently across years.",
          "status": "UNVERIFIED",
          "extractor": "line_grammar/v1"
        },
        {
          "id": "hd-20261009-211812-efe1740f0c77/candidates/0/0/claim/9",
          "candidate_id": "hd-20261009-211812-efe1740f0c77/candidates/0/0",
          "kind": "ASSUMPTION",
          "text": "The number of hearings per year may be too small for a reliable model, which caps the edge.",
          "status": "UNVERIFIED",
          "extractor": "line_grammar/v1"
        },
        {
          "id": "hd-20261009-211812-efe1740f0c77/candidates/0/0/claim/10",
          "candidate_id": "hd-20261009-211812-efe1740f0c77/candidates/0/0",
          "kind": "ASSUMPTION",
          "text": "Specialized arbitration staff and outside firms likely already hold this knowledge, so clubs may be ahead.",
          "status": "UNVERIFIED",
          "extractor": "line_grammar/v1"
        },
        {
          "id": "hd-20261009-211812-efe1740f0c77/candidates/0/0/claim/11",
          "candidate_id": "hd-20261009-211812-efe1740f0c77/candidates/0/0",
          "kind": "UNKNOWN",
          "text": "annual_hearing_count_sample_size",
          "status": "UNVERIFIED",
          "extractor": "line_grammar/v1"
        },
        {
          "id": "hd-20261009-211812-efe1740f0c77/candidates/0/0/claim/12",
          "candidate_id": "hd-20261009-211812-efe1740f0c77/candidates/0/0",
          "kind": "UNKNOWN",
          "text": "post_2026_cba_arbitration_rules",
          "status": "UNVERIFIED",
          "extractor": "line_grammar/v1"
        },
        {
          "id": "hd-20261009-211812-efe1740f0c77/candidates/0/0/claim/13",
          "candidate_id": "hd-20261009-211812-efe1740f0c77/candidates/0/0",
          "kind": "IDEA",
          "text": "Problem=non-tender and tender decisions; owner=GM; decision=tender or non-tender arbitration-eligible players at the late-November or early-December deadline; value at stake=projected arbitration salary versus the cost of replacing the player on the open market; mechanism=pair projected arbitration salaries with a forecast of comparable non-tendered and free-agent replacements available that winter at known prices; baseline=tender if projected WAR per dollar beats a club threshold; intervention=a replacement-market forecaster backtested on which past non-tendered players signed, at what price and with what next-season output.",
          "status": "UNVERIFIED",
          "extractor": "line_grammar/v1"
        },
        {
          "id": "hd-20261009-211812-efe1740f0c77/candidates/0/0/claim/14",
          "candidate_id": "hd-20261009-211812-efe1740f0c77/candidates/0/0",
          "kind": "ASSUMPTION",
          "text": "The non-tender market is predictable enough in size and quality from public information available in late November.",
          "status": "UNVERIFIED",
          "extractor": "line_grammar/v1"
        },
        {
          "id": "hd-20261009-211812-efe1740f0c77/candidates/0/0/claim/15",
          "candidate_id": "hd-20261009-211812-efe1740f0c77/candidates/0/0",
          "kind": "ASSUMPTION",
          "text": "This overlaps the roster-rules family, so it must show a distinct valuation edge to count as new.",
          "status": "UNVERIFIED",
          "extractor": "line_grammar/v1"
        },
        {
          "id": "hd-20261009-211812-efe1740f0c77/candidates/0/0/claim/16",
          "candidate_id": "hd-20261009-211812-efe1740f0c77/candidates/0/0",
          "kind": "UNKNOWN",
          "text": "historical_nontender_signing_outcomes_dataset",
          "status": "UNVERIFIED",
          "extractor": "line_grammar/v1"
        },
        {
          "id": "hd-20261009-211812-efe1740f0c77/candidates/0/0/claim/17",
          "candidate_id": "hd-20261009-211812-efe1740f0c77/candidates/0/0",
          "kind": "IDEA",
          "text": "Problem=amateur draft bonus pool allocation; owner=amateur scouting director; decision=draft order and bonus allocation across the first ten rounds, made each July; value at stake=pool dollars, the risk of exceeding the pool, and value from later rounds; mechanism=model signability and likely bonus relative to slot from public signals such as college eligibility year, prior draft status and public commitments, so the club can spend under slot early and redirect money to later high-ceiling picks; baseline=board ranking plus area scout signability notes; intervention=a signability and bonus predictor backtested on public draft bonus data.",
          "status": "UNVERIFIED",
          "extractor": "line_grammar/v1"
        },
        {
          "id": "hd-20261009-211812-efe1740f0c77/candidates/0/0/claim/18",
          "candidate_id": "hd-20261009-211812-efe1740f0c77/candidates/0/0",
          "kind": "ASSUMPTION",
          "text": "Public slot values and signed bonuses are available historically, but true asking prices are private, which limits the training labels.",
          "status": "UNVERIFIED",
          "extractor": "line_grammar/v1"
        },
        {
          "id": "hd-20261009-211812-efe1740f0c77/candidates/0/0/claim/19",
          "candidate_id": "hd-20261009-211812-efe1740f0c77/candidates/0/0",
          "kind": "ASSUMPTION",
          "text": "Career value from the draft takes years to observe, so a retrospective test may only validate bonus prediction, not talent selection.",
          "status": "UNVERIFIED",
          "extractor": "line_grammar/v1"
        },
        {
          "id": "hd-20261009-211812-efe1740f0c77/candidates/0/0/claim/20",
          "candidate_id": "hd-20261009-211812-efe1740f0c77/candidates/0/0",
          "kind": "ASSUMPTION",
          "text": "Most clubs already use pool-manipulation strategies, so the remaining edge may be thin.",
          "status": "UNVERIFIED",
          "extractor": "line_grammar/v1"
        },
        {
          "id": "hd-20261009-211812-efe1740f0c77/candidates/0/0/claim/21",
          "candidate_id": "hd-20261009-211812-efe1740f0c77/candidates/0/0",
          "kind": "UNKNOWN",
          "text": "post_2026_cba_draft_and_pool_rules",
          "status": "UNVERIFIED",
          "extractor": "line_grammar/v1"
        },
        {
          "id": "hd-20261009-211812-efe1740f0c77/candidates/0/0/claim/22",
          "candidate_id": "hd-20261009-211812-efe1740f0c77/candidates/0/0",
          "kind": "UNKNOWN",
          "text": "public_signability_signal_quality",
          "status": "UNVERIFIED",
          "extractor": "line_grammar/v1"
        },
        {
          "id": "hd-20261009-211812-efe1740f0c77/candidates/0/0/claim/23",
          "candidate_id": "hd-20261009-211812-efe1740f0c77/candidates/0/0",
          "kind": "IDEA",
          "text": "Problem=college hitter evaluation across uneven competition; owner=amateur scouting director; decision=pre-draft board ranking each spring; value at stake=early-round picks with high expected surplus; mechanism=adjust public college statistics for opponent strength, park and conference, then test which adjustments best predicted later professional outcomes for past draft classes; baseline=raw college statistics plus scout grades; intervention=a strength-of-schedule adjustment layer with retrospective validation against minor-league outcomes.",
          "status": "UNVERIFIED",
          "extractor": "line_grammar/v1"
        },
        {
          "id": "hd-20261009-211812-efe1740f0c77/candidates/0/0/claim/24",
          "candidate_id": "hd-20261009-211812-efe1740f0c77/candidates/0/0",
          "kind": "ASSUMPTION",
          "text": "Public box-score-level college data covers enough games and opponents to estimate strength of schedule.",
          "status": "UNVERIFIED",
          "extractor": "line_grammar/v1"
        },
        {
          "id": "hd-20261009-211812-efe1740f0c77/candidates/0/0/claim/25",
          "candidate_id": "hd-20261009-211812-efe1740f0c77/candidates/0/0",
          "kind": "ASSUMPTION",
          "text": "Clubs with private college tracking data are likely already ahead, so this may matter only for low-coverage conferences.",
          "status": "UNVERIFIED",
          "extractor": "line_grammar/v1"
        },
        {
          "id": "hd-20261009-211812-efe1740f0c77/candidates/0/0/claim/26",
          "candidate_id": "hd-20261009-211812-efe1740f0c77/candidates/0/0",
          "kind": "UNKNOWN",
          "text": "public_college_data_coverage_by_conference",
          "status": "UNVERIFIED",
          "extractor": "line_grammar/v1"
        },
        {
          "id": "hd-20261009-211812-efe1740f0c77/candidates/0/0/claim/27",
          "candidate_id": "hd-20261009-211812-efe1740f0c77/candidates/0/0",
          "kind": "IDEA",
          "text": "Problem=waiver claim and designated-for-assignment pickup decisions; owner=pro scouting and GM; decision=whether to claim or trade for players designated for assignment, happening throughout the year in a recurring stream; value at stake=low acquisition cost per player but high frequency, with occasional breakout players; mechanism=rank DFA players at the time of designation using only public data available then, such as underlying contact quality, velocity trends and option status, and target players whose skills are undervalued by their surface results; baseline=claim if the player fits a 40-man need and has recent MLB time; intervention=a dated-snapshot ranker backtested on public transaction logs.",
          "status": "UNVERIFIED",
          "extractor": "line_grammar/v1"
        },
        {
          "id": "hd-20261009-211812-efe1740f0c77/candidates/0/0/claim/28",
          "candidate_id": "hd-20261009-211812-efe1740f0c77/candidates/0/0",
          "kind": "ASSUMPTION",
          "text": "Like the minor-league free agent result, a \"recent MLB time\" rule may already capture most value, which would make this low-ceiling.",
          "status": "UNVERIFIED",
          "extractor": "line_grammar/v1"
        },
        {
          "id": "hd-20261009-211812-efe1740f0c77/candidates/0/0/claim/29",
          "candidate_id": "hd-20261009-211812-efe1740f0c77/candidates/0/0",
          "kind": "ASSUMPTION",
          "text": "Waiver priority and other clubs' claims limit the club's access to the top-ranked players.",
          "status": "UNVERIFIED",
          "extractor": "line_grammar/v1"
        },
        {
          "id": "hd-20261009-211812-efe1740f0c77/candidates/0/0/claim/30",
          "candidate_id": "hd-20261009-211812-efe1740f0c77/candidates/0/0",
          "kind": "UNKNOWN",
          "text": "historical_dfa_outcome_base_rate",
          "status": "UNVERIFIED",
          "extractor": "line_grammar/v1"
        },
        {
          "id": "hd-20261009-211812-efe1740f0c77/candidates/0/0/claim/31",
          "candidate_id": "hd-20261009-211812-efe1740f0c77/candidates/0/0",
          "kind": "IDEA",
          "text": "Problem=the trade-deadline buy, sell or hold posture; owner=president of baseball operations; decision=posture and the price of rentals in late July; value at stake=prospect capital spent versus a change in playoff probability; mechanism=translate marginal WAR into change in playoff and series-win probability under the current playoff format, using public projection systems, and price acquisitions per point of playoff odds; baseline=a judgment of standings position plus playoff-odds websites; intervention=a marginal playoff-value calculator backtested on public deadline trades.",
          "status": "UNVERIFIED",
          "extractor": "line_grammar/v1"
        },
        {
          "id": "hd-20261009-211812-efe1740f0c77/candidates/0/0/claim/32",
          "candidate_id": "hd-20261009-211812-efe1740f0c77/candidates/0/0",
          "kind": "ASSUMPTION",
          "text": "Public playoff-odds models are close enough to private ones that the edge lies in pricing discipline rather than better forecasts.",
          "status": "UNVERIFIED",
          "extractor": "line_grammar/v1"
        },
        {
          "id": "hd-20261009-211812-efe1740f0c77/candidates/0/0/claim/33",
          "candidate_id": "hd-20261009-211812-efe1740f0c77/candidates/0/0",
          "kind": "ASSUMPTION",
          "text": "Prospect value at trade time is hard to label retrospectively without hindsight bias.",
          "status": "UNVERIFIED",
          "extractor": "line_grammar/v1"
        },
        {
          "id": "hd-20261009-211812-efe1740f0c77/candidates/0/0/claim/34",
          "candidate_id": "hd-20261009-211812-efe1740f0c77/candidates/0/0",
          "kind": "UNKNOWN",
          "text": "public_prospect_value_at_trade_time_dataset",
          "status": "UNVERIFIED",
          "extractor": "line_grammar/v1"
        },
        {
          "id": "hd-20261009-211812-efe1740f0c77/candidates/0/0/claim/35",
          "candidate_id": "hd-20261009-211812-efe1740f0c77/candidates/0/0",
          "kind": "IDEA",
          "text": "Problem=day-game-heavy home scheduling effects on player performance; owner=manager and performance staff; decision=rest days and lineup choices around day games after night games, made weekly in season; value at stake=small per game but recurring across the season; mechanism=estimate from public game logs whether performance drops in day-after-night games and whether rest timing reduces the drop; baseline=veteran rest by feel and fixed rest rotations; intervention=a rest-scheduling recommender tested on public game-level history.",
          "status": "UNVERIFIED",
          "extractor": "line_grammar/v1"
        },
        {
          "id": "hd-20261009-211812-efe1740f0c77/candidates/0/0/claim/36",
          "candidate_id": "hd-20261009-211812-efe1740f0c77/candidates/0/0",
          "kind": "ASSUMPTION",
          "text": "This may overlap the travel and rest planning family and must be framed specifically around day-night sequencing to be distinct.",
          "status": "UNVERIFIED",
          "extractor": "line_grammar/v1"
        },
        {
          "id": "hd-20261009-211812-efe1740f0c77/candidates/0/0/claim/37",
          "candidate_id": "hd-20261009-211812-efe1740f0c77/candidates/0/0",
          "kind": "ASSUMPTION",
          "text": "The effect may be too small or too noisy to detect in public data.",
          "status": "UNVERIFIED",
          "extractor": "line_grammar/v1"
        },
        {
          "id": "hd-20261009-211812-efe1740f0c77/candidates/0/0/claim/38",
          "candidate_id": "hd-20261009-211812-efe1740f0c77/candidates/0/0",
          "kind": "UNKNOWN",
          "text": "day_after_night_performance_effect_size",
          "status": "UNVERIFIED",
          "extractor": "line_grammar/v1"
        },
        {
          "id": "hd-20261009-211812-efe1740f0c77/candidates/0/0/claim/39",
          "candidate_id": "hd-20261009-211812-efe1740f0c77/candidates/0/0",
          "kind": "IDEA",
          "text": "Problem=places where software is likely unnecessary or clubs and vendors are already ahead; owner=business operations; decision=dynamic ticket pricing, concessions demand forecasting and lineup batting order; value at stake=real for ticketing, small for batting order; mechanism=none clearly available to a new public-data tool, since ticketing vendors already run dynamic pricing and batting-order gains are known to be small; baseline=existing vendor platforms and conventional lineup heuristics; intervention=deprioritize these.",
          "status": "UNVERIFIED",
          "extractor": "line_grammar/v1"
        },
        {
          "id": "hd-20261009-211812-efe1740f0c77/candidates/0/0/claim/40",
          "candidate_id": "hd-20261009-211812-efe1740f0c77/candidates/0/0",
          "kind": "ASSUMPTION",
          "text": "Dynamic ticket pricing vendors already capture most of the available revenue edge for MLB clubs.",
          "status": "UNVERIFIED",
          "extractor": "line_grammar/v1"
        },
        {
          "id": "hd-20261009-211812-efe1740f0c77/candidates/0/0/claim/41",
          "candidate_id": "hd-20261009-211812-efe1740f0c77/candidates/0/0",
          "kind": "ASSUMPTION",
          "text": "Lineup-order optimization yields a marginal gain that is unlikely to justify new software.",
          "status": "UNVERIFIED",
          "extractor": "line_grammar/v1"
        },
        {
          "id": "hd-20261009-211812-efe1740f0c77/candidates/0/0/claim/42",
          "candidate_id": "hd-20261009-211812-efe1740f0c77/candidates/0/0",
          "kind": "UNKNOWN",
          "text": "club_specific_ticketing_vendor_capabilities",
          "status": "UNVERIFIED",
          "extractor": "line_grammar/v1"
        },
        {
          "id": "hd-20261009-211812-efe1740f0c77/candidates/0/0/claim/43",
          "candidate_id": "hd-20261009-211812-efe1740f0c77/candidates/0/0",
          "kind": "IDEA",
          "text": "Problem=a rules-transition scenario engine; owner=president of baseball operations; decision=contract structures, arbitration and draft strategy across an expected collective bargaining transition, at a one-time but high-stakes moment this offseason; value at stake=multiple contract and roster decisions made under rule uncertainty; mechanism=simulate outcomes under several plausible rule scenarios so commitments made now are robust to rule changes; baseline=wait for the new agreement or rely on legal staff judgment; intervention=a scenario model that reprices extensions, qualifying offers and pool strategy under each rule set.",
          "status": "UNVERIFIED",
          "extractor": "line_grammar/v1"
        },
        {
          "id": "hd-20261009-211812-efe1740f0c77/candidates/0/0/claim/44",
          "candidate_id": "hd-20261009-211812-efe1740f0c77/candidates/0/0",
          "kind": "ASSUMPTION",
          "text": "The current collective bargaining agreement expires around this offseason; this is unverified and must be confirmed.",
          "status": "UNVERIFIED",
          "extractor": "line_grammar/v1"
        },
        {
          "id": "hd-20261009-211812-efe1740f0c77/candidates/0/0/claim/45",
          "candidate_id": "hd-20261009-211812-efe1740f0c77/candidates/0/0",
          "kind": "ASSUMPTION",
          "text": "A retrospective test is only partly possible, by replaying past agreement transitions, which may be too few to validate.",
          "status": "UNVERIFIED",
          "extractor": "line_grammar/v1"
        },
        {
          "id": "hd-20261009-211812-efe1740f0c77/candidates/0/0/claim/46",
          "candidate_id": "hd-20261009-211812-efe1740f0c77/candidates/0/0",
          "kind": "CONFLICT",
          "text": "none_identified_no_evidence_supplied",
          "status": "UNVERIFIED",
          "extractor": "line_grammar/v1"
        },
        {
          "id": "hd-20261009-211812-efe1740f0c77/candidates/0/0/claim/47",
          "candidate_id": "hd-20261009-211812-efe1740f0c77/candidates/0/0",
          "kind": "UNKNOWN",
          "text": "cba_expiration_date_verification",
          "status": "UNVERIFIED",
          "extractor": "line_grammar/v1"
        },
        {
          "id": "hd-20261009-211812-efe1740f0c77/candidates/0/0/claim/48",
          "candidate_id": "hd-20261009-211812-efe1740f0c77/candidates/0/0",
          "kind": "UNKNOWN",
          "text": "cubs_private_models_and_practices",
          "status": "UNVERIFIED",
          "extractor": "line_grammar/v1"
        }
      ],
      "evidence_refs": [
        "objective_context"
      ],
      "assumptions": [
        "Public extension terms such as guarantees, option years and buyouts are reported completely and accurately enough to reconstruct contract value.",
        "The edge comes from timing and price, but the player's willingness to sign may dominate any club-side model.",
        "Clubs likely already run contract surplus models, so the marginal edge may be small.",
        "Public hearing outcomes, filing figures and settlements are recorded consistently across years.",
        "The number of hearings per year may be too small for a reliable model, which caps the edge.",
        "Specialized arbitration staff and outside firms likely already hold this knowledge, so clubs may be ahead.",
        "The non-tender market is predictable enough in size and quality from public information available in late November.",
        "This overlaps the roster-rules family, so it must show a distinct valuation edge to count as new.",
        "Public slot values and signed bonuses are available historically, but true asking prices are private, which limits the training labels.",
        "Career value from the draft takes years to observe, so a retrospective test may only validate bonus prediction, not talent selection.",
        "Most clubs already use pool-manipulation strategies, so the remaining edge may be thin.",
        "Public box-score-level college data covers enough games and opponents to estimate strength of schedule.",
        "Clubs with private college tracking data are likely already ahead, so this may matter only for low-coverage conferences.",
        "Like the minor-league free agent result, a \"recent MLB time\" rule may already capture most value, which would make this low-ceiling.",
        "Waiver priority and other clubs' claims limit the club's access to the top-ranked players.",
        "Public playoff-odds models are close enough to private ones that the edge lies in pricing discipline rather than better forecasts.",
        "Prospect value at trade time is hard to label retrospectively without hindsight bias.",
        "This may overlap the travel and rest planning family and must be framed specifically around day-night sequencing to be distinct.",
        "The effect may be too small or too noisy to detect in public data.",
        "Dynamic ticket pricing vendors already capture most of the available revenue edge for MLB clubs.",
        "Lineup-order optimization yields a marginal gain that is unlikely to justify new software.",
        "The current collective bargaining agreement expires around this offseason; this is unverified and must be confirmed.",
        "A retrospective test is only partly possible, by replaying past agreement transitions, which may be too few to validate."
      ],
      "unresolved_issues": [
        "Public extension terms such as guarantees, option years and buyouts are reported completely and accurately enough to reconstruct contract value.",
        "The edge comes from timing and price, but the player's willingness to sign may dominate any club-side model.",
        "Clubs likely already run contract surplus models, so the marginal edge may be small.",
        "Public hearing outcomes, filing figures and settlements are recorded consistently across years.",
        "The number of hearings per year may be too small for a reliable model, which caps the edge.",
        "Specialized arbitration staff and outside firms likely already hold this knowledge, so clubs may be ahead.",
        "The non-tender market is predictable enough in size and quality from public information available in late November.",
        "This overlaps the roster-rules family, so it must show a distinct valuation edge to count as new.",
        "Public slot values and signed bonuses are available historically, but true asking prices are private, which limits the training labels.",
        "Career value from the draft takes years to observe, so a retrospective test may only validate bonus prediction, not talent selection.",
        "Most clubs already use pool-manipulation strategies, so the remaining edge may be thin.",
        "Public box-score-level college data covers enough games and opponents to estimate strength of schedule.",
        "Clubs with private college tracking data are likely already ahead, so this may matter only for low-coverage conferences.",
        "Like the minor-league free agent result, a \"recent MLB time\" rule may already capture most value, which would make this low-ceiling.",
        "Waiver priority and other clubs' claims limit the club's access to the top-ranked players.",
        "Public playoff-odds models are close enough to private ones that the edge lies in pricing discipline rather than better forecasts.",
        "Prospect value at trade time is hard to label retrospectively without hindsight bias.",
        "This may overlap the travel and rest planning family and must be framed specifically around day-night sequencing to be distinct.",
        "The effect may be too small or too noisy to detect in public data.",
        "Dynamic ticket pricing vendors already capture most of the available revenue edge for MLB clubs.",
        "Lineup-order optimization yields a marginal gain that is unlikely to justify new software.",
        "The current collective bargaining agreement expires around this offseason; this is unverified and must be confirmed.",
        "A retrospective test is only partly possible, by replaying past agreement transitions, which may be too few to validate.",
        "Problem=pre-arbitration extension timing; owner=GM and baseball operations contract staff; decision=whether, when, and at what price to offer long-term extensions to players with under three years of service, recurring each spring and offseason; value at stake=multi-year salary commitments plus surplus value if the player outperforms the deal; mechanism=model a player's arbitration salary path and free-agent value under uncertainty using public performance, service time and past extension terms, then price the option value of waiting one more season; baseline=negotiate from recent comparable extensions and agent anchors; intervention=a retrospective simulator that replays past public extensions against \"wait one year\" counterfactuals.",
        "public_extension_dataset_completeness",
        "post_2026_cba_service_time_rules",
        "Problem=salary arbitration filing and hearing strategy; owner=baseball operations and legal or contract staff; decision=the filing number and whether to go \"file-and-trial\" or settle, made each January; value at stake=individual awards across the arbitration-eligible roster, plus effects on later raises because arbitration salaries compound; mechanism=predict the panel outcome from the public history of hearings, filing midpoints and the platform statistics panels historically reward, and quantify the expected value of settling versus a hearing; baseline=midpoint settlement using comparables chosen by staff; intervention=a hearing-outcome predictor tested on public hearing records.",
        "annual_hearing_count_sample_size",
        "post_2026_cba_arbitration_rules",
        "Problem=non-tender and tender decisions; owner=GM; decision=tender or non-tender arbitration-eligible players at the late-November or early-December deadline; value at stake=projected arbitration salary versus the cost of replacing the player on the open market; mechanism=pair projected arbitration salaries with a forecast of comparable non-tendered and free-agent replacements available that winter at known prices; baseline=tender if projected WAR per dollar beats a club threshold; intervention=a replacement-market forecaster backtested on which past non-tendered players signed, at what price and with what next-season output.",
        "historical_nontender_signing_outcomes_dataset",
        "Problem=amateur draft bonus pool allocation; owner=amateur scouting director; decision=draft order and bonus allocation across the first ten rounds, made each July; value at stake=pool dollars, the risk of exceeding the pool, and value from later rounds; mechanism=model signability and likely bonus relative to slot from public signals such as college eligibility year, prior draft status and public commitments, so the club can spend under slot early and redirect money to later high-ceiling picks; baseline=board ranking plus area scout signability notes; intervention=a signability and bonus predictor backtested on public draft bonus data.",
        "post_2026_cba_draft_and_pool_rules",
        "public_signability_signal_quality",
        "Problem=college hitter evaluation across uneven competition; owner=amateur scouting director; decision=pre-draft board ranking each spring; value at stake=early-round picks with high expected surplus; mechanism=adjust public college statistics for opponent strength, park and conference, then test which adjustments best predicted later professional outcomes for past draft classes; baseline=raw college statistics plus scout grades; intervention=a strength-of-schedule adjustment layer with retrospective validation against minor-league outcomes.",
        "public_college_data_coverage_by_conference",
        "Problem=waiver claim and designated-for-assignment pickup decisions; owner=pro scouting and GM; decision=whether to claim or trade for players designated for assignment, happening throughout the year in a recurring stream; value at stake=low acquisition cost per player but high frequency, with occasional breakout players; mechanism=rank DFA players at the time of designation using only public data available then, such as underlying contact quality, velocity trends and option status, and target players whose skills are undervalued by their surface results; baseline=claim if the player fits a 40-man need and has recent MLB time; intervention=a dated-snapshot ranker backtested on public transaction logs.",
        "historical_dfa_outcome_base_rate",
        "Problem=the trade-deadline buy, sell or hold posture; owner=president of baseball operations; decision=posture and the price of rentals in late July; value at stake=prospect capital spent versus a change in playoff probability; mechanism=translate marginal WAR into change in playoff and series-win probability under the current playoff format, using public projection systems, and price acquisitions per point of playoff odds; baseline=a judgment of standings position plus playoff-odds websites; intervention=a marginal playoff-value calculator backtested on public deadline trades.",
        "public_prospect_value_at_trade_time_dataset",
        "Problem=day-game-heavy home scheduling effects on player performance; owner=manager and performance staff; decision=rest days and lineup choices around day games after night games, made weekly in season; value at stake=small per game but recurring across the season; mechanism=estimate from public game logs whether performance drops in day-after-night games and whether rest timing reduces the drop; baseline=veteran rest by feel and fixed rest rotations; intervention=a rest-scheduling recommender tested on public game-level history.",
        "day_after_night_performance_effect_size",
        "Problem=places where software is likely unnecessary or clubs and vendors are already ahead; owner=business operations; decision=dynamic ticket pricing, concessions demand forecasting and lineup batting order; value at stake=real for ticketing, small for batting order; mechanism=none clearly available to a new public-data tool, since ticketing vendors already run dynamic pricing and batting-order gains are known to be small; baseline=existing vendor platforms and conventional lineup heuristics; intervention=deprioritize these.",
        "club_specific_ticketing_vendor_capabilities",
        "Problem=a rules-transition scenario engine; owner=president of baseball operations; decision=contract structures, arbitration and draft strategy across an expected collective bargaining transition, at a one-time but high-stakes moment this offseason; value at stake=multiple contract and roster decisions made under rule uncertainty; mechanism=simulate outcomes under several plausible rule scenarios so commitments made now are robust to rule changes; baseline=wait for the new agreement or rely on legal staff judgment; intervention=a scenario model that reprices extensions, qualifying offers and pool strategy under each rule set.",
        "none_identified_no_evidence_supplied",
        "cba_expiration_date_verification",
        "cubs_private_models_and_practices"
      ],
      "contradictions": [],
      "verified_constraints": [],
      "provenance": {
        "run_id": "hd-20261009-211812-efe1740f0c77",
        "producer_component": "howldream",
        "producer_version": "0.4.4",
        "model_or_provider": "claude-opus-5-5",
        "observation_kind": "EXTERNALLY_OBSERVED",
        "created_at": "2026-10-09T21:24:32.107168+00:00",
        "transformations": [
          "generated"
        ],
        "participation": [
          {
            "operation": "GENERATED",
            "transforming_component": "howldream",
            "origin_component": "howldream",
            "origin_provider": "claude",
            "origin_model": "claude-opus-5-5",
            "subject_count": 1,
            "inference_occurred": true,
            "note": "Dream prompted the provider; the provider authored the text."
          }
        ],
        "request_id": "cubs-r003-p1-divergent",
        "originating_component": "operator",
        "execution": {
          "requested_provider": "command",
          "selected_provider": "command",
          "actual_provider": "claude",
          "adapter": "claude-json",
          "model": "claude-opus-5-5",
          "requested_model": "claude-opus-5-5",
          "deterministic": false,
          "mocked": false,
          "inference_occurred": true,
          "remote": true,
          "remote_observation": "OPERATOR_DECLARED",
          "fallback_reason": null,
          "elapsed_seconds": 56.089120525,
          "usage": {
            "input_tokens": 2,
            "cache_creation_input_tokens": 1721,
            "cache_read_input_tokens": 0,
            "output_tokens": 4239,
            "output_tokens_details": {
              "thinking_tokens": 959
            },
            "server_tool_use": {
              "web_search_requests": 0,
              "web_fetch_requests": 0
            },
            "cache_creation": {
              "ephemeral_1h_input_tokens": 1721,
              "ephemeral_5m_input_tokens": 0
            }
          },
          "cost": 0.09855599999999999,
          "request_id": "ecad0590-99c8-4b02-8f76-f4c1999075d7",
          "raw_output_received": true,
          "parse_status": "VALID",
          "repair_attempted": false,
          "sampling": null
        },
        "source_candidate_refs": [],
        "source_candidates_location": "exploration_envelope.json#/provenance/source_candidates",
        "hard_constraints": [
          "Do not assume the problem or the solution.",
          "Lawfully accessible public, historical, or clearly labeled synthetic data only.",
          "Do not invent private Chicago Cubs information or statistics.",
          "Distinguish fact, assumption, hypothesis, and speculation."
        ],
        "constraint_scope": "UNVERIFIED_GENERATION_GUIDANCE",
        "purpose": "discovery",
        "verification": [
          {
            "claim_id": "hd-20261009-211812-efe1740f0c77/candidates/0/0/claim/1",
            "candidate_id": "hd-20261009-211812-efe1740f0c77/candidates/0/0",
            "status": "UNCERTAIN",
            "classifications": [],
            "source_ids": [],
            "evidence_provenance": [],
            "check_scope": "SUPPLIED_LEDGER",
            "critical": false,
            "verifier": "supplied_ledger_and_arithmetic/v2",
            "scorer_type": "deterministic",
            "note": "No available check establishes this proposition."
          },
          {
            "claim_id": "hd-20261009-211812-efe1740f0c77/candidates/0/0/claim/2",
            "candidate_id": "hd-20261009-211812-efe1740f0c77/candidates/0/0",
            "status": "UNCERTAIN",
            "classifications": [],
            "source_ids": [],
            "evidence_provenance": [],
            "check_scope": "SUPPLIED_LEDGER",
            "critical": false,
            "verifier": "supplied_ledger_and_arithmetic/v2",
            "scorer_type": "deterministic",
            "note": "No available check establishes this proposition."
          },
          {
            "claim_id": "hd-20261009-211812-efe1740f0c77/candidates/0/0/claim/3",
            "candidate_id": "hd-20261009-211812-efe1740f0c77/candidates/0/0",
            "status": "UNCERTAIN",
            "classifications": [],
            "source_ids": [],
            "evidence_provenance": [],
            "check_scope": "SUPPLIED_LEDGER",
            "critical": false,
            "verifier": "supplied_ledger_and_arithmetic/v2",
            "scorer_type": "deterministic",
            "note": "No available check establishes this proposition."
          },
          {
            "claim_id": "hd-20261009-211812-efe1740f0c77/candidates/0/0/claim/4",
            "candidate_id": "hd-20261009-211812-efe1740f0c77/candidates/0/0",
            "status": "UNCERTAIN",
            "classifications": [],
            "source_ids": [],
            "evidence_provenance": [],
            "check_scope": "SUPPLIED_LEDGER",
            "critical": false,
            "verifier": "supplied_ledger_and_arithmetic/v2",
            "scorer_type": "deterministic",
            "note": "No available check establishes this proposition."
          },
          {
            "claim_id": "hd-20261009-211812-efe1740f0c77/candidates/0/0/claim/5",
            "candidate_id": "hd-20261009-211812-efe1740f0c77/candidates/0/0",
            "status": "UNCERTAIN",
            "classifications": [],
            "source_ids": [],
            "evidence_provenance": [],
            "check_scope": "SUPPLIED_LEDGER",
            "critical": false,
            "verifier": "supplied_ledger_and_arithmetic/v2",
            "scorer_type": "deterministic",
            "note": "Explicit abstention; not counted as a detected failure or a verified fact."
          },
          {
            "claim_id": "hd-20261009-211812-efe1740f0c77/candidates/0/0/claim/6",
            "candidate_id": "hd-20261009-211812-efe1740f0c77/candidates/0/0",
            "status": "UNCERTAIN",
            "classifications": [],
            "source_ids": [],
            "evidence_provenance": [],
            "check_scope": "SUPPLIED_LEDGER",
            "critical": false,
            "verifier": "supplied_ledger_and_arithmetic/v2",
            "scorer_type": "deterministic",
            "note": "Explicit abstention; not counted as a detected failure or a verified fact."
          },
          {
            "claim_id": "hd-20261009-211812-efe1740f0c77/candidates/0/0/claim/7",
            "candidate_id": "hd-20261009-211812-efe1740f0c77/candidates/0/0",
            "status": "UNCERTAIN",
            "classifications": [],
            "source_ids": [],
            "evidence_provenance": [],
            "check_scope": "SUPPLIED_LEDGER",
            "critical": false,
            "verifier": "supplied_ledger_and_arithmetic/v2",
            "scorer_type": "deterministic",
            "note": "No available check establishes this proposition."
          },
          {
            "claim_id": "hd-20261009-211812-efe1740f0c77/candidates/0/0/claim/8",
            "candidate_id": "hd-20261009-211812-efe1740f0c77/candidates/0/0",
            "status": "UNCERTAIN",
            "classifications": [],
            "source_ids": [],
            "evidence_provenance": [],
            "check_scope": "SUPPLIED_LEDGER",
            "critical": false,
            "verifier": "supplied_ledger_and_arithmetic/v2",
            "scorer_type": "deterministic",
            "note": "No available check establishes this proposition."
          },
          {
            "claim_id": "hd-20261009-211812-efe1740f0c77/candidates/0/0/claim/9",
            "candidate_id": "hd-20261009-211812-efe1740f0c77/candidates/0/0",
            "status": "UNCERTAIN",
            "classifications": [],
            "source_ids": [],
            "evidence_provenance": [],
            "check_scope": "SUPPLIED_LEDGER",
            "critical": false,
            "verifier": "supplied_ledger_and_arithmetic/v2",
            "scorer_type": "deterministic",
            "note": "No available check establishes this proposition."
          },
          {
            "claim_id": "hd-20261009-211812-efe1740f0c77/candidates/0/0/claim/10",
            "candidate_id": "hd-20261009-211812-efe1740f0c77/candidates/0/0",
            "status": "UNCERTAIN",
            "classifications": [],
            "source_ids": [],
            "evidence_provenance": [],
            "check_scope": "SUPPLIED_LEDGER",
            "critical": false,
            "verifier": "supplied_ledger_and_arithmetic/v2",
            "scorer_type": "deterministic",
            "note": "No available check establishes this proposition."
          },
          {
            "claim_id": "hd-20261009-211812-efe1740f0c77/candidates/0/0/claim/11",
            "candidate_id": "hd-20261009-211812-efe1740f0c77/candidates/0/0",
            "status": "UNCERTAIN",
            "classifications": [],
            "source_ids": [],
            "evidence_provenance": [],
            "check_scope": "SUPPLIED_LEDGER",
            "critical": false,
            "verifier": "supplied_ledger_and_arithmetic/v2",
            "scorer_type": "deterministic",
            "note": "Explicit abstention; not counted as a detected failure or a verified fact."
          },
          {
            "claim_id": "hd-20261009-211812-efe1740f0c77/candidates/0/0/claim/12",
            "candidate_id": "hd-20261009-211812-efe1740f0c77/candidates/0/0",
            "status": "UNCERTAIN",
            "classifications": [],
            "source_ids": [],
            "evidence_provenance": [],
            "check_scope": "SUPPLIED_LEDGER",
            "critical": false,
            "verifier": "supplied_ledger_and_arithmetic/v2",
            "scorer_type": "deterministic",
            "note": "Explicit abstention; not counted as a detected failure or a verified fact."
          },
          {
            "claim_id": "hd-20261009-211812-efe1740f0c77/candidates/0/0/claim/13",
            "candidate_id": "hd-20261009-211812-efe1740f0c77/candidates/0/0",
            "status": "UNCERTAIN",
            "classifications": [],
            "source_ids": [],
            "evidence_provenance": [],
            "check_scope": "SUPPLIED_LEDGER",
            "critical": false,
            "verifier": "supplied_ledger_and_arithmetic/v2",
            "scorer_type": "deterministic",
            "note": "No available check establishes this proposition."
          },
          {
            "claim_id": "hd-20261009-211812-efe1740f0c77/candidates/0/0/claim/14",
            "candidate_id": "hd-20261009-211812-efe1740f0c77/candidates/0/0",
            "status": "UNCERTAIN",
            "classifications": [],
            "source_ids": [],
            "evidence_provenance": [],
            "check_scope": "SUPPLIED_LEDGER",
            "critical": false,
            "verifier": "supplied_ledger_and_arithmetic/v2",
            "scorer_type": "deterministic",
            "note": "No available check establishes this proposition."
          },
          {
            "claim_id": "hd-20261009-211812-efe1740f0c77/candidates/0/0/claim/15",
            "candidate_id": "hd-20261009-211812-efe1740f0c77/candidates/0/0",
            "status": "UNCERTAIN",
            "classifications": [],
            "source_ids": [],
            "evidence_provenance": [],
            "check_scope": "SUPPLIED_LEDGER",
            "critical": false,
            "verifier": "supplied_ledger_and_arithmetic/v2",
            "scorer_type": "deterministic",
            "note": "No available check establishes this proposition."
          },
          {
            "claim_id": "hd-20261009-211812-efe1740f0c77/candidates/0/0/claim/16",
            "candidate_id": "hd-20261009-211812-efe1740f0c77/candidates/0/0",
            "status": "UNCERTAIN",
            "classifications": [],
            "source_ids": [],
            "evidence_provenance": [],
            "check_scope": "SUPPLIED_LEDGER",
            "critical": false,
            "verifier": "supplied_ledger_and_arithmetic/v2",
            "scorer_type": "deterministic",
            "note": "Explicit abstention; not counted as a detected failure or a verified fact."
          },
          {
            "claim_id": "hd-20261009-211812-efe1740f0c77/candidates/0/0/claim/17",
            "candidate_id": "hd-20261009-211812-efe1740f0c77/candidates/0/0",
            "status": "UNCERTAIN",
            "classifications": [],
            "source_ids": [],
            "evidence_provenance": [],
            "check_scope": "SUPPLIED_LEDGER",
            "critical": false,
            "verifier": "supplied_ledger_and_arithmetic/v2",
            "scorer_type": "deterministic",
            "note": "No available check establishes this proposition."
          },
          {
            "claim_id": "hd-20261009-211812-efe1740f0c77/candidates/0/0/claim/18",
            "candidate_id": "hd-20261009-211812-efe1740f0c77/candidates/0/0",
            "status": "UNCERTAIN",
            "classifications": [],
            "source_ids": [],
            "evidence_provenance": [],
            "check_scope": "SUPPLIED_LEDGER",
            "critical": false,
            "verifier": "supplied_ledger_and_arithmetic/v2",
            "scorer_type": "deterministic",
            "note": "No available check establishes this proposition."
          },
          {
            "claim_id": "hd-20261009-211812-efe1740f0c77/candidates/0/0/claim/19",
            "candidate_id": "hd-20261009-211812-efe1740f0c77/candidates/0/0",
            "status": "UNCERTAIN",
            "classifications": [],
            "source_ids": [],
            "evidence_provenance": [],
            "check_scope": "SUPPLIED_LEDGER",
            "critical": false,
            "verifier": "supplied_ledger_and_arithmetic/v2",
            "scorer_type": "deterministic",
            "note": "No available check establishes this proposition."
          },
          {
            "claim_id": "hd-20261009-211812-efe1740f0c77/candidates/0/0/claim/20",
            "candidate_id": "hd-20261009-211812-efe1740f0c77/candidates/0/0",
            "status": "UNCERTAIN",
            "classifications": [],
            "source_ids": [],
            "evidence_provenance": [],
            "check_scope": "SUPPLIED_LEDGER",
            "critical": false,
            "verifier": "supplied_ledger_and_arithmetic/v2",
            "scorer_type": "deterministic",
            "note": "No available check establishes this proposition."
          },
          {
            "claim_id": "hd-20261009-211812-efe1740f0c77/candidates/0/0/claim/21",
            "candidate_id": "hd-20261009-211812-efe1740f0c77/candidates/0/0",
            "status": "UNCERTAIN",
            "classifications": [],
            "source_ids": [],
            "evidence_provenance": [],
            "check_scope": "SUPPLIED_LEDGER",
            "critical": false,
            "verifier": "supplied_ledger_and_arithmetic/v2",
            "scorer_type": "deterministic",
            "note": "Explicit abstention; not counted as a detected failure or a verified fact."
          },
          {
            "claim_id": "hd-20261009-211812-efe1740f0c77/candidates/0/0/claim/22",
            "candidate_id": "hd-20261009-211812-efe1740f0c77/candidates/0/0",
            "status": "UNCERTAIN",
            "classifications": [],
            "source_ids": [],
            "evidence_provenance": [],
            "check_scope": "SUPPLIED_LEDGER",
            "critical": false,
            "verifier": "supplied_ledger_and_arithmetic/v2",
            "scorer_type": "deterministic",
            "note": "Explicit abstention; not counted as a detected failure or a verified fact."
          },
          {
            "claim_id": "hd-20261009-211812-efe1740f0c77/candidates/0/0/claim/23",
            "candidate_id": "hd-20261009-211812-efe1740f0c77/candidates/0/0",
            "status": "UNCERTAIN",
            "classifications": [],
            "source_ids": [],
            "evidence_provenance": [],
            "check_scope": "SUPPLIED_LEDGER",
            "critical": false,
            "verifier": "supplied_ledger_and_arithmetic/v2",
            "scorer_type": "deterministic",
            "note": "No available check establishes this proposition."
          },
          {
            "claim_id": "hd-20261009-211812-efe1740f0c77/candidates/0/0/claim/24",
            "candidate_id": "hd-20261009-211812-efe1740f0c77/candidates/0/0",
            "status": "UNCERTAIN",
            "classifications": [],
            "source_ids": [],
            "evidence_provenance": [],
            "check_scope": "SUPPLIED_LEDGER",
            "critical": false,
            "verifier": "supplied_ledger_and_arithmetic/v2",
            "scorer_type": "deterministic",
            "note": "No available check establishes this proposition."
          },
          {
            "claim_id": "hd-20261009-211812-efe1740f0c77/candidates/0/0/claim/25",
            "candidate_id": "hd-20261009-211812-efe1740f0c77/candidates/0/0",
            "status": "UNCERTAIN",
            "classifications": [],
            "source_ids": [],
            "evidence_provenance": [],
            "check_scope": "SUPPLIED_LEDGER",
            "critical": false,
            "verifier": "supplied_ledger_and_arithmetic/v2",
            "scorer_type": "deterministic",
            "note": "No available check establishes this proposition."
          },
          {
            "claim_id": "hd-20261009-211812-efe1740f0c77/candidates/0/0/claim/26",
            "candidate_id": "hd-20261009-211812-efe1740f0c77/candidates/0/0",
            "status": "UNCERTAIN",
            "classifications": [],
            "source_ids": [],
            "evidence_provenance": [],
            "check_scope": "SUPPLIED_LEDGER",
            "critical": false,
            "verifier": "supplied_ledger_and_arithmetic/v2",
            "scorer_type": "deterministic",
            "note": "Explicit abstention; not counted as a detected failure or a verified fact."
          },
          {
            "claim_id": "hd-20261009-211812-efe1740f0c77/candidates/0/0/claim/27",
            "candidate_id": "hd-20261009-211812-efe1740f0c77/candidates/0/0",
            "status": "UNCERTAIN",
            "classifications": [],
            "source_ids": [],
            "evidence_provenance": [],
            "check_scope": "SUPPLIED_LEDGER",
            "critical": false,
            "verifier": "supplied_ledger_and_arithmetic/v2",
            "scorer_type": "deterministic",
            "note": "No available check establishes this proposition."
          },
          {
            "claim_id": "hd-20261009-211812-efe1740f0c77/candidates/0/0/claim/28",
            "candidate_id": "hd-20261009-211812-efe1740f0c77/candidates/0/0",
            "status": "UNCERTAIN",
            "classifications": [],
            "source_ids": [],
            "evidence_provenance": [],
            "check_scope": "SUPPLIED_LEDGER",
            "critical": false,
            "verifier": "supplied_ledger_and_arithmetic/v2",
            "scorer_type": "deterministic",
            "note": "No available check establishes this proposition."
          },
          {
            "claim_id": "hd-20261009-211812-efe1740f0c77/candidates/0/0/claim/29",
            "candidate_id": "hd-20261009-211812-efe1740f0c77/candidates/0/0",
            "status": "UNCERTAIN",
            "classifications": [],
            "source_ids": [],
            "evidence_provenance": [],
            "check_scope": "SUPPLIED_LEDGER",
            "critical": false,
            "verifier": "supplied_ledger_and_arithmetic/v2",
            "scorer_type": "deterministic",
            "note": "No available check establishes this proposition."
          },
          {
            "claim_id": "hd-20261009-211812-efe1740f0c77/candidates/0/0/claim/30",
            "candidate_id": "hd-20261009-211812-efe1740f0c77/candidates/0/0",
            "status": "UNCERTAIN",
            "classifications": [],
            "source_ids": [],
            "evidence_provenance": [],
            "check_scope": "SUPPLIED_LEDGER",
            "critical": false,
            "verifier": "supplied_ledger_and_arithmetic/v2",
            "scorer_type": "deterministic",
            "note": "Explicit abstention; not counted as a detected failure or a verified fact."
          },
          {
            "claim_id": "hd-20261009-211812-efe1740f0c77/candidates/0/0/claim/31",
            "candidate_id": "hd-20261009-211812-efe1740f0c77/candidates/0/0",
            "status": "UNCERTAIN",
            "classifications": [],
            "source_ids": [],
            "evidence_provenance": [],
            "check_scope": "SUPPLIED_LEDGER",
            "critical": false,
            "verifier": "supplied_ledger_and_arithmetic/v2",
            "scorer_type": "deterministic",
            "note": "No available check establishes this proposition."
          },
          {
            "claim_id": "hd-20261009-211812-efe1740f0c77/candidates/0/0/claim/32",
            "candidate_id": "hd-20261009-211812-efe1740f0c77/candidates/0/0",
            "status": "UNCERTAIN",
            "classifications": [],
            "source_ids": [],
            "evidence_provenance": [],
            "check_scope": "SUPPLIED_LEDGER",
            "critical": false,
            "verifier": "supplied_ledger_and_arithmetic/v2",
            "scorer_type": "deterministic",
            "note": "No available check establishes this proposition."
          },
          {
            "claim_id": "hd-20261009-211812-efe1740f0c77/candidates/0/0/claim/33",
            "candidate_id": "hd-20261009-211812-efe1740f0c77/candidates/0/0",
            "status": "UNCERTAIN",
            "classifications": [],
            "source_ids": [],
            "evidence_provenance": [],
            "check_scope": "SUPPLIED_LEDGER",
            "critical": false,
            "verifier": "supplied_ledger_and_arithmetic/v2",
            "scorer_type": "deterministic",
            "note": "No available check establishes this proposition."
          },
          {
            "claim_id": "hd-20261009-211812-efe1740f0c77/candidates/0/0/claim/34",
            "candidate_id": "hd-20261009-211812-efe1740f0c77/candidates/0/0",
            "status": "UNCERTAIN",
            "classifications": [],
            "source_ids": [],
            "evidence_provenance": [],
            "check_scope": "SUPPLIED_LEDGER",
            "critical": false,
            "verifier": "supplied_ledger_and_arithmetic/v2",
            "scorer_type": "deterministic",
            "note": "Explicit abstention; not counted as a detected failure or a verified fact."
          },
          {
            "claim_id": "hd-20261009-211812-efe1740f0c77/candidates/0/0/claim/35",
            "candidate_id": "hd-20261009-211812-efe1740f0c77/candidates/0/0",
            "status": "UNCERTAIN",
            "classifications": [],
            "source_ids": [],
            "evidence_provenance": [],
            "check_scope": "SUPPLIED_LEDGER",
            "critical": false,
            "verifier": "supplied_ledger_and_arithmetic/v2",
            "scorer_type": "deterministic",
            "note": "No available check establishes this proposition."
          },
          {
            "claim_id": "hd-20261009-211812-efe1740f0c77/candidates/0/0/claim/36",
            "candidate_id": "hd-20261009-211812-efe1740f0c77/candidates/0/0",
            "status": "UNCERTAIN",
            "classifications": [],
            "source_ids": [],
            "evidence_provenance": [],
            "check_scope": "SUPPLIED_LEDGER",
            "critical": false,
            "verifier": "supplied_ledger_and_arithmetic/v2",
            "scorer_type": "deterministic",
            "note": "No available check establishes this proposition."
          },
          {
            "claim_id": "hd-20261009-211812-efe1740f0c77/candidates/0/0/claim/37",
            "candidate_id": "hd-20261009-211812-efe1740f0c77/candidates/0/0",
            "status": "UNCERTAIN",
            "classifications": [],
            "source_ids": [],
            "evidence_provenance": [],
            "check_scope": "SUPPLIED_LEDGER",
            "critical": false,
            "verifier": "supplied_ledger_and_arithmetic/v2",
            "scorer_type": "deterministic",
            "note": "No available check establishes this proposition."
          },
          {
            "claim_id": "hd-20261009-211812-efe1740f0c77/candidates/0/0/claim/38",
            "candidate_id": "hd-20261009-211812-efe1740f0c77/candidates/0/0",
            "status": "UNCERTAIN",
            "classifications": [],
            "source_ids": [],
            "evidence_provenance": [],
            "check_scope": "SUPPLIED_LEDGER",
            "critical": false,
            "verifier": "supplied_ledger_and_arithmetic/v2",
            "scorer_type": "deterministic",
            "note": "Explicit abstention; not counted as a detected failure or a verified fact."
          },
          {
            "claim_id": "hd-20261009-211812-efe1740f0c77/candidates/0/0/claim/39",
            "candidate_id": "hd-20261009-211812-efe1740f0c77/candidates/0/0",
            "status": "UNCERTAIN",
            "classifications": [],
            "source_ids": [],
            "evidence_provenance": [],
            "check_scope": "SUPPLIED_LEDGER",
            "critical": false,
            "verifier": "supplied_ledger_and_arithmetic/v2",
            "scorer_type": "deterministic",
            "note": "No available check establishes this proposition."
          },
          {
            "claim_id": "hd-20261009-211812-efe1740f0c77/candidates/0/0/claim/40",
            "candidate_id": "hd-20261009-211812-efe1740f0c77/candidates/0/0",
            "status": "UNCERTAIN",
            "classifications": [],
            "source_ids": [],
            "evidence_provenance": [],
            "check_scope": "SUPPLIED_LEDGER",
            "critical": false,
            "verifier": "supplied_ledger_and_arithmetic/v2",
            "scorer_type": "deterministic",
            "note": "No available check establishes this proposition."
          },
          {
            "claim_id": "hd-20261009-211812-efe1740f0c77/candidates/0/0/claim/41",
            "candidate_id": "hd-20261009-211812-efe1740f0c77/candidates/0/0",
            "status": "UNCERTAIN",
            "classifications": [],
            "source_ids": [],
            "evidence_provenance": [],
            "check_scope": "SUPPLIED_LEDGER",
            "critical": false,
            "verifier": "supplied_ledger_and_arithmetic/v2",
            "scorer_type": "deterministic",
            "note": "No available check establishes this proposition."
          },
          {
            "claim_id": "hd-20261009-211812-efe1740f0c77/candidates/0/0/claim/42",
            "candidate_id": "hd-20261009-211812-efe1740f0c77/candidates/0/0",
            "status": "UNCERTAIN",
            "classifications": [],
            "source_ids": [],
            "evidence_provenance": [],
            "check_scope": "SUPPLIED_LEDGER",
            "critical": false,
            "verifier": "supplied_ledger_and_arithmetic/v2",
            "scorer_type": "deterministic",
            "note": "Explicit abstention; not counted as a detected failure or a verified fact."
          },
          {
            "claim_id": "hd-20261009-211812-efe1740f0c77/candidates/0/0/claim/43",
            "candidate_id": "hd-20261009-211812-efe1740f0c77/candidates/0/0",
            "status": "UNCERTAIN",
            "classifications": [],
            "source_ids": [],
            "evidence_provenance": [],
            "check_scope": "SUPPLIED_LEDGER",
            "critical": false,
            "verifier": "supplied_ledger_and_arithmetic/v2",
            "scorer_type": "deterministic",
            "note": "No available check establishes this proposition."
          },
          {
            "claim_id": "hd-20261009-211812-efe1740f0c77/candidates/0/0/claim/44",
            "candidate_id": "hd-20261009-211812-efe1740f0c77/candidates/0/0",
            "status": "UNCERTAIN",
            "classifications": [],
            "source_ids": [],
            "evidence_provenance": [],
            "check_scope": "SUPPLIED_LEDGER",
            "critical": false,
            "verifier": "supplied_ledger_and_arithmetic/v2",
            "scorer_type": "deterministic",
            "note": "No available check establishes this proposition."
          },
          {
            "claim_id": "hd-20261009-211812-efe1740f0c77/candidates/0/0/claim/45",
            "candidate_id": "hd-20261009-211812-efe1740f0c77/candidates/0/0",
            "status": "UNCERTAIN",
            "classifications": [],
            "source_ids": [],
            "evidence_provenance": [],
            "check_scope": "SUPPLIED_LEDGER",
            "critical": false,
            "verifier": "supplied_ledger_and_arithmetic/v2",
            "scorer_type": "deterministic",
            "note": "No available check establishes this proposition."
          },
          {
            "claim_id": "hd-20261009-211812-efe1740f0c77/candidates/0/0/claim/46",
            "candidate_id": "hd-20261009-211812-efe1740f0c77/candidates/0/0",
            "status": "UNCERTAIN",
            "classifications": [],
            "source_ids": [],
            "evidence_provenance": [],
            "check_scope": "SUPPLIED_LEDGER",
            "critical": false,
            "verifier": "supplied_ledger_and_arithmetic/v2",
            "scorer_type": "deterministic",
            "note": "No available check establishes this proposition."
          },
          {
            "claim_id": "hd-20261009-211812-efe1740f0c77/candidates/0/0/claim/47",
            "candidate_id": "hd-20261009-211812-efe1740f0c77/candidates/0/0",
            "status": "UNCERTAIN",
            "classifications": [],
            "source_ids": [],
            "evidence_provenance": [],
            "check_scope": "SUPPLIED_LEDGER",
            "critical": false,
            "verifier": "supplied_ledger_and_arithmetic/v2",
            "scorer_type": "deterministic",
            "note": "Explicit abstention; not counted as a detected failure or a verified fact."
          },
          {
            "claim_id": "hd-20261009-211812-efe1740f0c77/candidates/0/0/claim/48",
            "candidate_id": "hd-20261009-211812-efe1740f0c77/candidates/0/0",
            "status": "UNCERTAIN",
            "classifications": [],
            "source_ids": [],
            "evidence_provenance": [],
            "check_scope": "SUPPLIED_LEDGER",
            "critical": false,
            "verifier": "supplied_ledger_and_arithmetic/v2",
            "scorer_type": "deterministic",
            "note": "Explicit abstention; not counted as a detected failure or a verified fact."
          }
        ],
        "candidate_index": 0,
        "trial": 0,
        "prompt_hash": "ca62b50a13d8024f61fb1769f5609e36f7058d8d53a04379b45f97e1a96c4d57",
        "output_hash": "ad5190e40727b83f287bf3d71b7f778f334bc4104316d257973ffdc7537c2016"
      }
    },
    {
      "schema_version": "howl.candidate/v1",
      "candidate_id": "hd-20261009-211812-efe1740f0c77/candidates/0/1",
      "source_run_id": "hd-20261009-211812-efe1740f0c77",
      "parent_request_id": "cubs-r003-p1-divergent",
      "objective": "Where could software create a meaningful baseball advantage for the Chicago Cubs? The current date is early October 2026, in the Cubs' offseason (their 2026 season ended in the Wild Card Series). A prior experiment found that triaging the November minor-league free-agent pool offers little: the low-attention pool holds under one next-season contributor per club per year, and a simple 'played in MLB last year' rule already finds most value. Prefer recurring decisions where the value at stake is large enough to matter, where public information available at decision time could plausibly beat a simple rule, and where a retrospective test on public history is possible. Consider front office, player development, scouting, coaching and business-of-baseball decisions, and name where software is unnecessary or clubs are already ahead. OUTPUT GUIDANCE (format only): Each IDEA names one problem, the decision owner, the concrete recurring decision and its timing, the size of value at stake, the mechanism of advantage, the simple baseline a club already uses, and the software intervention. Follow with ASSUMPTION and UNKNOWN lines. Do not invent statistics or private Cubs information.",
      "text": "IDEA: Qualifying offer decisions; owner: GM/president of baseball operations; decision: whether to extend a qualifying offer to each eligible departing free agent, made yearly in the days after the World Series; value at stake: a one-year salary at the QO amount if accepted versus a compensation draft pick if declined; mechanism: estimate acceptance probability and market AAV from public signals at decision time (age, recent WAR, injury history, agent, market depth at the position) instead of a binary rule; baseline: offer when expected market AAV clearly exceeds the QO amount; software: a calibrated acceptance and market-value model backtested on public QO outcomes since the system began.\nASSUMPTION: The QO decision may overlap previously explored arbitration or free-agent commitment families, so its novelty needs checking before investment.\nASSUMPTION: Public QO history has few cases per year, so a model may not separate from an experienced executive's judgment.\nASSUMPTION: The value of the compensation pick depends on the club's revenue-sharing and tax status under the CBA, which must be verified rather than assumed.\nUNKNOWN: cubs_qo_eligible_players_2026\nUNKNOWN: current_qo_amount_2026\nUNKNOWN: historical_qo_acceptance_count_by_year\nIDEA: Postseason series roster construction; owner: baseball operations plus manager; decision: choosing the 26-man roster for each playoff round, made in the days before each series; value at stake: elimination games where a single roster slot such as a pinch runner, an extra reliever, or a platoon bat can swing leverage; mechanism: simulate the series using the opponent's projected starters, bullpen depth, and handedness mix to value marginal slots; baseline: carry the regular-season active roster with minor swaps based on health and intuition; software: a series-specific roster optimizer, backtested by replaying public postseason rosters against their alternatives.\nASSUMPTION: The decision only recurs when the club qualifies, so annual expected value is discounted by playoff probability.\nASSUMPTION: Counterfactual roster value cannot be observed directly, so the retrospective test relies on simulation that may embed the same biases it is meant to test.\nASSUMPTION: Contending clubs likely already run such simulations internally, which would make the edge small.\nUNKNOWN: public_postseason_roster_archive_completeness\nUNKNOWN: measured_win_probability_value_of_marginal_postseason_slot\nIDEA: Coaching hire evaluation; owner: president of baseball operations and manager; decision: hiring or retaining major-league and upper-minors hitting, pitching, and assistant coaches, made mainly in October and November; value at stake: staff who may influence many players at once across multiple seasons; mechanism: estimate a coach-associated change in player outcomes (for example plate discipline or pitch-mix shifts) from public data across all clubs when coaches move between organizations; baseline: reputation, referrals, and interviews; software: a coach-movement panel built from public staff announcements linked to player-level Statcast changes, with controls for aging and regression.\nASSUMPTION: Coach effects may be confounded by roster turnover, front-office philosophy, and regression to the mean, making them unidentifiable from public data.\nASSUMPTION: Public staff records may be incomplete or inconsistently dated, especially for assistant and minor-league roles.\nASSUMPTION: This is unconventional precisely because it may not work, and a null result would itself be useful for avoiding overpaying for perceived coaching reputations.\nUNKNOWN: public_coaching_staff_history_dataset\nUNKNOWN: detectable_coach_effect_size\nIDEA: Stolen-base attempt policy under pitch-clock and disengagement limits; owner: manager and first-base and third-base coaches; decision: green-light or hold calls by runner, pitcher, catcher, count, and disengagement state, made every game; value at stake: run expectancy from many attempts over a season; mechanism: combine public sprint speed, catcher pop time, pitcher pickoff and disengagement history, and count to estimate break-even success probability in each situation; baseline: give fast runners a standing green light and hold everyone else; software: a situational attempt chart, backtested on public play-by-play and Statcast baserunning data since the 2023 rule changes.\nASSUMPTION: The per-attempt run value is small, so a season-level gain may be a fraction of a win.\nASSUMPTION: Leading clubs likely already exploit this, which would leave limited edge.\nASSUMPTION: Pitcher time-to-plate data may not be fully public, which would weaken the model.\nUNKNOWN: public_pitcher_time_to_plate_availability\nUNKNOWN: league_sb_breakeven_by_disengagement_state\nIDEA: Rotation sequencing around off-days; owner: manager and pitching coach; decision: whether to keep a strict rotation order, skip a starter, or insert a sixth starter around scheduled off-days, made weekly during the season; value at stake: allocation of starts among starters of different quality, plus fatigue costs; mechanism: model the quality gained by giving the best starters more starts against public evidence of rest-day effects on velocity and results; baseline: a fixed five-man order, with skips only for injury; software: a schedule-aware start allocator, backtested on public game logs and Statcast velocity by days of rest.\nASSUMPTION: This may overlap the explored travel and rest planning family, which would need deduplication.\nASSUMPTION: The effects of rest days are confounded by selection, since teams rest pitchers who already show fatigue.\nUNKNOWN: public_rest_day_velocity_effect_estimate\nIDEA: Pinch-hitting and defensive substitution timing; owner: manager; decision: when to use a bench bat or defensive replacement in late innings, made daily; value at stake: win probability added in high-leverage situations; mechanism: compare the leverage-weighted value of using a bench player now against keeping him for a likely later spot; baseline: platoon-advantage substitutions plus routine late-inning defensive swaps; software: an in-game bench-usage model, backtested on public play-by-play by replaying substitution decisions.\nASSUMPTION: The value is probably small and clubs likely already have such tools, so this may be a case where software adds little.\nIDEA: Lineup batting-order optimization; this is likely a domain where software is unnecessary, because public research suggests the gap between a sensible order and an optimal one is small.\nIDEA: Spring training statistics; this is likely a domain where software is unnecessary, because samples are small and opponent quality varies, so the simple baseline of largely ignoring spring results is hard to beat.\nASSUMPTION: Catcher framing value is likely to shrink under the ABS challenge system, so framing-based catcher decisions should be checked against the explored ABS family.\nUNKNOWN: cubs_internal_tools_in_any_family\nUNKNOWN: supplied_evidence_for_any_claim",
      "condition": "dream",
      "trust": "UNVERIFIED",
      "status": "UNRESOLVED",
      "authority": {
        "type": "ADVISORY",
        "executable": false
      },
      "claims": [
        {
          "id": "hd-20261009-211812-efe1740f0c77/candidates/0/1/claim/1",
          "candidate_id": "hd-20261009-211812-efe1740f0c77/candidates/0/1",
          "kind": "IDEA",
          "text": "Qualifying offer decisions; owner: GM/president of baseball operations; decision: whether to extend a qualifying offer to each eligible departing free agent, made yearly in the days after the World Series; value at stake: a one-year salary at the QO amount if accepted versus a compensation draft pick if declined; mechanism: estimate acceptance probability and market AAV from public signals at decision time (age, recent WAR, injury history, agent, market depth at the position) instead of a binary rule; baseline: offer when expected market AAV clearly exceeds the QO amount; software: a calibrated acceptance and market-value model backtested on public QO outcomes since the system began.",
          "status": "UNVERIFIED",
          "extractor": "line_grammar/v1"
        },
        {
          "id": "hd-20261009-211812-efe1740f0c77/candidates/0/1/claim/2",
          "candidate_id": "hd-20261009-211812-efe1740f0c77/candidates/0/1",
          "kind": "ASSUMPTION",
          "text": "The QO decision may overlap previously explored arbitration or free-agent commitment families, so its novelty needs checking before investment.",
          "status": "UNVERIFIED",
          "extractor": "line_grammar/v1"
        },
        {
          "id": "hd-20261009-211812-efe1740f0c77/candidates/0/1/claim/3",
          "candidate_id": "hd-20261009-211812-efe1740f0c77/candidates/0/1",
          "kind": "ASSUMPTION",
          "text": "Public QO history has few cases per year, so a model may not separate from an experienced executive's judgment.",
          "status": "UNVERIFIED",
          "extractor": "line_grammar/v1"
        },
        {
          "id": "hd-20261009-211812-efe1740f0c77/candidates/0/1/claim/4",
          "candidate_id": "hd-20261009-211812-efe1740f0c77/candidates/0/1",
          "kind": "ASSUMPTION",
          "text": "The value of the compensation pick depends on the club's revenue-sharing and tax status under the CBA, which must be verified rather than assumed.",
          "status": "UNVERIFIED",
          "extractor": "line_grammar/v1"
        },
        {
          "id": "hd-20261009-211812-efe1740f0c77/candidates/0/1/claim/5",
          "candidate_id": "hd-20261009-211812-efe1740f0c77/candidates/0/1",
          "kind": "UNKNOWN",
          "text": "cubs_qo_eligible_players_2026",
          "status": "UNVERIFIED",
          "extractor": "line_grammar/v1"
        },
        {
          "id": "hd-20261009-211812-efe1740f0c77/candidates/0/1/claim/6",
          "candidate_id": "hd-20261009-211812-efe1740f0c77/candidates/0/1",
          "kind": "UNKNOWN",
          "text": "current_qo_amount_2026",
          "status": "UNVERIFIED",
          "extractor": "line_grammar/v1"
        },
        {
          "id": "hd-20261009-211812-efe1740f0c77/candidates/0/1/claim/7",
          "candidate_id": "hd-20261009-211812-efe1740f0c77/candidates/0/1",
          "kind": "UNKNOWN",
          "text": "historical_qo_acceptance_count_by_year",
          "status": "UNVERIFIED",
          "extractor": "line_grammar/v1"
        },
        {
          "id": "hd-20261009-211812-efe1740f0c77/candidates/0/1/claim/8",
          "candidate_id": "hd-20261009-211812-efe1740f0c77/candidates/0/1",
          "kind": "IDEA",
          "text": "Postseason series roster construction; owner: baseball operations plus manager; decision: choosing the 26-man roster for each playoff round, made in the days before each series; value at stake: elimination games where a single roster slot such as a pinch runner, an extra reliever, or a platoon bat can swing leverage; mechanism: simulate the series using the opponent's projected starters, bullpen depth, and handedness mix to value marginal slots; baseline: carry the regular-season active roster with minor swaps based on health and intuition; software: a series-specific roster optimizer, backtested by replaying public postseason rosters against their alternatives.",
          "status": "UNVERIFIED",
          "extractor": "line_grammar/v1"
        },
        {
          "id": "hd-20261009-211812-efe1740f0c77/candidates/0/1/claim/9",
          "candidate_id": "hd-20261009-211812-efe1740f0c77/candidates/0/1",
          "kind": "ASSUMPTION",
          "text": "The decision only recurs when the club qualifies, so annual expected value is discounted by playoff probability.",
          "status": "UNVERIFIED",
          "extractor": "line_grammar/v1"
        },
        {
          "id": "hd-20261009-211812-efe1740f0c77/candidates/0/1/claim/10",
          "candidate_id": "hd-20261009-211812-efe1740f0c77/candidates/0/1",
          "kind": "ASSUMPTION",
          "text": "Counterfactual roster value cannot be observed directly, so the retrospective test relies on simulation that may embed the same biases it is meant to test.",
          "status": "UNVERIFIED",
          "extractor": "line_grammar/v1"
        },
        {
          "id": "hd-20261009-211812-efe1740f0c77/candidates/0/1/claim/11",
          "candidate_id": "hd-20261009-211812-efe1740f0c77/candidates/0/1",
          "kind": "ASSUMPTION",
          "text": "Contending clubs likely already run such simulations internally, which would make the edge small.",
          "status": "UNVERIFIED",
          "extractor": "line_grammar/v1"
        },
        {
          "id": "hd-20261009-211812-efe1740f0c77/candidates/0/1/claim/12",
          "candidate_id": "hd-20261009-211812-efe1740f0c77/candidates/0/1",
          "kind": "UNKNOWN",
          "text": "public_postseason_roster_archive_completeness",
          "status": "UNVERIFIED",
          "extractor": "line_grammar/v1"
        },
        {
          "id": "hd-20261009-211812-efe1740f0c77/candidates/0/1/claim/13",
          "candidate_id": "hd-20261009-211812-efe1740f0c77/candidates/0/1",
          "kind": "UNKNOWN",
          "text": "measured_win_probability_value_of_marginal_postseason_slot",
          "status": "UNVERIFIED",
          "extractor": "line_grammar/v1"
        },
        {
          "id": "hd-20261009-211812-efe1740f0c77/candidates/0/1/claim/14",
          "candidate_id": "hd-20261009-211812-efe1740f0c77/candidates/0/1",
          "kind": "IDEA",
          "text": "Coaching hire evaluation; owner: president of baseball operations and manager; decision: hiring or retaining major-league and upper-minors hitting, pitching, and assistant coaches, made mainly in October and November; value at stake: staff who may influence many players at once across multiple seasons; mechanism: estimate a coach-associated change in player outcomes (for example plate discipline or pitch-mix shifts) from public data across all clubs when coaches move between organizations; baseline: reputation, referrals, and interviews; software: a coach-movement panel built from public staff announcements linked to player-level Statcast changes, with controls for aging and regression.",
          "status": "UNVERIFIED",
          "extractor": "line_grammar/v1"
        },
        {
          "id": "hd-20261009-211812-efe1740f0c77/candidates/0/1/claim/15",
          "candidate_id": "hd-20261009-211812-efe1740f0c77/candidates/0/1",
          "kind": "ASSUMPTION",
          "text": "Coach effects may be confounded by roster turnover, front-office philosophy, and regression to the mean, making them unidentifiable from public data.",
          "status": "UNVERIFIED",
          "extractor": "line_grammar/v1"
        },
        {
          "id": "hd-20261009-211812-efe1740f0c77/candidates/0/1/claim/16",
          "candidate_id": "hd-20261009-211812-efe1740f0c77/candidates/0/1",
          "kind": "ASSUMPTION",
          "text": "Public staff records may be incomplete or inconsistently dated, especially for assistant and minor-league roles.",
          "status": "UNVERIFIED",
          "extractor": "line_grammar/v1"
        },
        {
          "id": "hd-20261009-211812-efe1740f0c77/candidates/0/1/claim/17",
          "candidate_id": "hd-20261009-211812-efe1740f0c77/candidates/0/1",
          "kind": "ASSUMPTION",
          "text": "This is unconventional precisely because it may not work, and a null result would itself be useful for avoiding overpaying for perceived coaching reputations.",
          "status": "UNVERIFIED",
          "extractor": "line_grammar/v1"
        },
        {
          "id": "hd-20261009-211812-efe1740f0c77/candidates/0/1/claim/18",
          "candidate_id": "hd-20261009-211812-efe1740f0c77/candidates/0/1",
          "kind": "UNKNOWN",
          "text": "public_coaching_staff_history_dataset",
          "status": "UNVERIFIED",
          "extractor": "line_grammar/v1"
        },
        {
          "id": "hd-20261009-211812-efe1740f0c77/candidates/0/1/claim/19",
          "candidate_id": "hd-20261009-211812-efe1740f0c77/candidates/0/1",
          "kind": "UNKNOWN",
          "text": "detectable_coach_effect_size",
          "status": "UNVERIFIED",
          "extractor": "line_grammar/v1"
        },
        {
          "id": "hd-20261009-211812-efe1740f0c77/candidates/0/1/claim/20",
          "candidate_id": "hd-20261009-211812-efe1740f0c77/candidates/0/1",
          "kind": "IDEA",
          "text": "Stolen-base attempt policy under pitch-clock and disengagement limits; owner: manager and first-base and third-base coaches; decision: green-light or hold calls by runner, pitcher, catcher, count, and disengagement state, made every game; value at stake: run expectancy from many attempts over a season; mechanism: combine public sprint speed, catcher pop time, pitcher pickoff and disengagement history, and count to estimate break-even success probability in each situation; baseline: give fast runners a standing green light and hold everyone else; software: a situational attempt chart, backtested on public play-by-play and Statcast baserunning data since the 2023 rule changes.",
          "status": "UNVERIFIED",
          "extractor": "line_grammar/v1"
        },
        {
          "id": "hd-20261009-211812-efe1740f0c77/candidates/0/1/claim/21",
          "candidate_id": "hd-20261009-211812-efe1740f0c77/candidates/0/1",
          "kind": "ASSUMPTION",
          "text": "The per-attempt run value is small, so a season-level gain may be a fraction of a win.",
          "status": "UNVERIFIED",
          "extractor": "line_grammar/v1"
        },
        {
          "id": "hd-20261009-211812-efe1740f0c77/candidates/0/1/claim/22",
          "candidate_id": "hd-20261009-211812-efe1740f0c77/candidates/0/1",
          "kind": "ASSUMPTION",
          "text": "Leading clubs likely already exploit this, which would leave limited edge.",
          "status": "UNVERIFIED",
          "extractor": "line_grammar/v1"
        },
        {
          "id": "hd-20261009-211812-efe1740f0c77/candidates/0/1/claim/23",
          "candidate_id": "hd-20261009-211812-efe1740f0c77/candidates/0/1",
          "kind": "ASSUMPTION",
          "text": "Pitcher time-to-plate data may not be fully public, which would weaken the model.",
          "status": "UNVERIFIED",
          "extractor": "line_grammar/v1"
        },
        {
          "id": "hd-20261009-211812-efe1740f0c77/candidates/0/1/claim/24",
          "candidate_id": "hd-20261009-211812-efe1740f0c77/candidates/0/1",
          "kind": "UNKNOWN",
          "text": "public_pitcher_time_to_plate_availability",
          "status": "UNVERIFIED",
          "extractor": "line_grammar/v1"
        },
        {
          "id": "hd-20261009-211812-efe1740f0c77/candidates/0/1/claim/25",
          "candidate_id": "hd-20261009-211812-efe1740f0c77/candidates/0/1",
          "kind": "UNKNOWN",
          "text": "league_sb_breakeven_by_disengagement_state",
          "status": "UNVERIFIED",
          "extractor": "line_grammar/v1"
        },
        {
          "id": "hd-20261009-211812-efe1740f0c77/candidates/0/1/claim/26",
          "candidate_id": "hd-20261009-211812-efe1740f0c77/candidates/0/1",
          "kind": "IDEA",
          "text": "Rotation sequencing around off-days; owner: manager and pitching coach; decision: whether to keep a strict rotation order, skip a starter, or insert a sixth starter around scheduled off-days, made weekly during the season; value at stake: allocation of starts among starters of different quality, plus fatigue costs; mechanism: model the quality gained by giving the best starters more starts against public evidence of rest-day effects on velocity and results; baseline: a fixed five-man order, with skips only for injury; software: a schedule-aware start allocator, backtested on public game logs and Statcast velocity by days of rest.",
          "status": "UNVERIFIED",
          "extractor": "line_grammar/v1"
        },
        {
          "id": "hd-20261009-211812-efe1740f0c77/candidates/0/1/claim/27",
          "candidate_id": "hd-20261009-211812-efe1740f0c77/candidates/0/1",
          "kind": "ASSUMPTION",
          "text": "This may overlap the explored travel and rest planning family, which would need deduplication.",
          "status": "UNVERIFIED",
          "extractor": "line_grammar/v1"
        },
        {
          "id": "hd-20261009-211812-efe1740f0c77/candidates/0/1/claim/28",
          "candidate_id": "hd-20261009-211812-efe1740f0c77/candidates/0/1",
          "kind": "ASSUMPTION",
          "text": "The effects of rest days are confounded by selection, since teams rest pitchers who already show fatigue.",
          "status": "UNVERIFIED",
          "extractor": "line_grammar/v1"
        },
        {
          "id": "hd-20261009-211812-efe1740f0c77/candidates/0/1/claim/29",
          "candidate_id": "hd-20261009-211812-efe1740f0c77/candidates/0/1",
          "kind": "UNKNOWN",
          "text": "public_rest_day_velocity_effect_estimate",
          "status": "UNVERIFIED",
          "extractor": "line_grammar/v1"
        },
        {
          "id": "hd-20261009-211812-efe1740f0c77/candidates/0/1/claim/30",
          "candidate_id": "hd-20261009-211812-efe1740f0c77/candidates/0/1",
          "kind": "IDEA",
          "text": "Pinch-hitting and defensive substitution timing; owner: manager; decision: when to use a bench bat or defensive replacement in late innings, made daily; value at stake: win probability added in high-leverage situations; mechanism: compare the leverage-weighted value of using a bench player now against keeping him for a likely later spot; baseline: platoon-advantage substitutions plus routine late-inning defensive swaps; software: an in-game bench-usage model, backtested on public play-by-play by replaying substitution decisions.",
          "status": "UNVERIFIED",
          "extractor": "line_grammar/v1"
        },
        {
          "id": "hd-20261009-211812-efe1740f0c77/candidates/0/1/claim/31",
          "candidate_id": "hd-20261009-211812-efe1740f0c77/candidates/0/1",
          "kind": "ASSUMPTION",
          "text": "The value is probably small and clubs likely already have such tools, so this may be a case where software adds little.",
          "status": "UNVERIFIED",
          "extractor": "line_grammar/v1"
        },
        {
          "id": "hd-20261009-211812-efe1740f0c77/candidates/0/1/claim/32",
          "candidate_id": "hd-20261009-211812-efe1740f0c77/candidates/0/1",
          "kind": "IDEA",
          "text": "Lineup batting-order optimization; this is likely a domain where software is unnecessary, because public research suggests the gap between a sensible order and an optimal one is small.",
          "status": "UNVERIFIED",
          "extractor": "line_grammar/v1"
        },
        {
          "id": "hd-20261009-211812-efe1740f0c77/candidates/0/1/claim/33",
          "candidate_id": "hd-20261009-211812-efe1740f0c77/candidates/0/1",
          "kind": "IDEA",
          "text": "Spring training statistics; this is likely a domain where software is unnecessary, because samples are small and opponent quality varies, so the simple baseline of largely ignoring spring results is hard to beat.",
          "status": "UNVERIFIED",
          "extractor": "line_grammar/v1"
        },
        {
          "id": "hd-20261009-211812-efe1740f0c77/candidates/0/1/claim/34",
          "candidate_id": "hd-20261009-211812-efe1740f0c77/candidates/0/1",
          "kind": "ASSUMPTION",
          "text": "Catcher framing value is likely to shrink under the ABS challenge system, so framing-based catcher decisions should be checked against the explored ABS family.",
          "status": "UNVERIFIED",
          "extractor": "line_grammar/v1"
        },
        {
          "id": "hd-20261009-211812-efe1740f0c77/candidates/0/1/claim/35",
          "candidate_id": "hd-20261009-211812-efe1740f0c77/candidates/0/1",
          "kind": "UNKNOWN",
          "text": "cubs_internal_tools_in_any_family",
          "status": "UNVERIFIED",
          "extractor": "line_grammar/v1"
        },
        {
          "id": "hd-20261009-211812-efe1740f0c77/candidates/0/1/claim/36",
          "candidate_id": "hd-20261009-211812-efe1740f0c77/candidates/0/1",
          "kind": "UNKNOWN",
          "text": "supplied_evidence_for_any_claim",
          "status": "UNVERIFIED",
          "extractor": "line_grammar/v1"
        }
      ],
      "evidence_refs": [
        "objective_context"
      ],
      "assumptions": [
        "The QO decision may overlap previously explored arbitration or free-agent commitment families, so its novelty needs checking before investment.",
        "Public QO history has few cases per year, so a model may not separate from an experienced executive's judgment.",
        "The value of the compensation pick depends on the club's revenue-sharing and tax status under the CBA, which must be verified rather than assumed.",
        "The decision only recurs when the club qualifies, so annual expected value is discounted by playoff probability.",
        "Counterfactual roster value cannot be observed directly, so the retrospective test relies on simulation that may embed the same biases it is meant to test.",
        "Contending clubs likely already run such simulations internally, which would make the edge small.",
        "Coach effects may be confounded by roster turnover, front-office philosophy, and regression to the mean, making them unidentifiable from public data.",
        "Public staff records may be incomplete or inconsistently dated, especially for assistant and minor-league roles.",
        "This is unconventional precisely because it may not work, and a null result would itself be useful for avoiding overpaying for perceived coaching reputations.",
        "The per-attempt run value is small, so a season-level gain may be a fraction of a win.",
        "Leading clubs likely already exploit this, which would leave limited edge.",
        "Pitcher time-to-plate data may not be fully public, which would weaken the model.",
        "This may overlap the explored travel and rest planning family, which would need deduplication.",
        "The effects of rest days are confounded by selection, since teams rest pitchers who already show fatigue.",
        "The value is probably small and clubs likely already have such tools, so this may be a case where software adds little.",
        "Catcher framing value is likely to shrink under the ABS challenge system, so framing-based catcher decisions should be checked against the explored ABS family."
      ],
      "unresolved_issues": [
        "The QO decision may overlap previously explored arbitration or free-agent commitment families, so its novelty needs checking before investment.",
        "Public QO history has few cases per year, so a model may not separate from an experienced executive's judgment.",
        "The value of the compensation pick depends on the club's revenue-sharing and tax status under the CBA, which must be verified rather than assumed.",
        "The decision only recurs when the club qualifies, so annual expected value is discounted by playoff probability.",
        "Counterfactual roster value cannot be observed directly, so the retrospective test relies on simulation that may embed the same biases it is meant to test.",
        "Contending clubs likely already run such simulations internally, which would make the edge small.",
        "Coach effects may be confounded by roster turnover, front-office philosophy, and regression to the mean, making them unidentifiable from public data.",
        "Public staff records may be incomplete or inconsistently dated, especially for assistant and minor-league roles.",
        "This is unconventional precisely because it may not work, and a null result would itself be useful for avoiding overpaying for perceived coaching reputations.",
        "The per-attempt run value is small, so a season-level gain may be a fraction of a win.",
        "Leading clubs likely already exploit this, which would leave limited edge.",
        "Pitcher time-to-plate data may not be fully public, which would weaken the model.",
        "This may overlap the explored travel and rest planning family, which would need deduplication.",
        "The effects of rest days are confounded by selection, since teams rest pitchers who already show fatigue.",
        "The value is probably small and clubs likely already have such tools, so this may be a case where software adds little.",
        "Catcher framing value is likely to shrink under the ABS challenge system, so framing-based catcher decisions should be checked against the explored ABS family.",
        "Qualifying offer decisions; owner: GM/president of baseball operations; decision: whether to extend a qualifying offer to each eligible departing free agent, made yearly in the days after the World Series; value at stake: a one-year salary at the QO amount if accepted versus a compensation draft pick if declined; mechanism: estimate acceptance probability and market AAV from public signals at decision time (age, recent WAR, injury history, agent, market depth at the position) instead of a binary rule; baseline: offer when expected market AAV clearly exceeds the QO amount; software: a calibrated acceptance and market-value model backtested on public QO outcomes since the system began.",
        "cubs_qo_eligible_players_2026",
        "current_qo_amount_2026",
        "historical_qo_acceptance_count_by_year",
        "Postseason series roster construction; owner: baseball operations plus manager; decision: choosing the 26-man roster for each playoff round, made in the days before each series; value at stake: elimination games where a single roster slot such as a pinch runner, an extra reliever, or a platoon bat can swing leverage; mechanism: simulate the series using the opponent's projected starters, bullpen depth, and handedness mix to value marginal slots; baseline: carry the regular-season active roster with minor swaps based on health and intuition; software: a series-specific roster optimizer, backtested by replaying public postseason rosters against their alternatives.",
        "public_postseason_roster_archive_completeness",
        "measured_win_probability_value_of_marginal_postseason_slot",
        "Coaching hire evaluation; owner: president of baseball operations and manager; decision: hiring or retaining major-league and upper-minors hitting, pitching, and assistant coaches, made mainly in October and November; value at stake: staff who may influence many players at once across multiple seasons; mechanism: estimate a coach-associated change in player outcomes (for example plate discipline or pitch-mix shifts) from public data across all clubs when coaches move between organizations; baseline: reputation, referrals, and interviews; software: a coach-movement panel built from public staff announcements linked to player-level Statcast changes, with controls for aging and regression.",
        "public_coaching_staff_history_dataset",
        "detectable_coach_effect_size",
        "Stolen-base attempt policy under pitch-clock and disengagement limits; owner: manager and first-base and third-base coaches; decision: green-light or hold calls by runner, pitcher, catcher, count, and disengagement state, made every game; value at stake: run expectancy from many attempts over a season; mechanism: combine public sprint speed, catcher pop time, pitcher pickoff and disengagement history, and count to estimate break-even success probability in each situation; baseline: give fast runners a standing green light and hold everyone else; software: a situational attempt chart, backtested on public play-by-play and Statcast baserunning data since the 2023 rule changes.",
        "public_pitcher_time_to_plate_availability",
        "league_sb_breakeven_by_disengagement_state",
        "Rotation sequencing around off-days; owner: manager and pitching coach; decision: whether to keep a strict rotation order, skip a starter, or insert a sixth starter around scheduled off-days, made weekly during the season; value at stake: allocation of starts among starters of different quality, plus fatigue costs; mechanism: model the quality gained by giving the best starters more starts against public evidence of rest-day effects on velocity and results; baseline: a fixed five-man order, with skips only for injury; software: a schedule-aware start allocator, backtested on public game logs and Statcast velocity by days of rest.",
        "public_rest_day_velocity_effect_estimate",
        "Pinch-hitting and defensive substitution timing; owner: manager; decision: when to use a bench bat or defensive replacement in late innings, made daily; value at stake: win probability added in high-leverage situations; mechanism: compare the leverage-weighted value of using a bench player now against keeping him for a likely later spot; baseline: platoon-advantage substitutions plus routine late-inning defensive swaps; software: an in-game bench-usage model, backtested on public play-by-play by replaying substitution decisions.",
        "Lineup batting-order optimization; this is likely a domain where software is unnecessary, because public research suggests the gap between a sensible order and an optimal one is small.",
        "Spring training statistics; this is likely a domain where software is unnecessary, because samples are small and opponent quality varies, so the simple baseline of largely ignoring spring results is hard to beat.",
        "cubs_internal_tools_in_any_family",
        "supplied_evidence_for_any_claim"
      ],
      "contradictions": [],
      "verified_constraints": [],
      "provenance": {
        "run_id": "hd-20261009-211812-efe1740f0c77",
        "producer_component": "howldream",
        "producer_version": "0.4.4",
        "model_or_provider": "claude-opus-5-5",
        "observation_kind": "EXTERNALLY_OBSERVED",
        "created_at": "2026-10-09T21:24:32.107490+00:00",
        "transformations": [
          "generated"
        ],
        "participation": [
          {
            "operation": "GENERATED",
            "transforming_component": "howldream",
            "origin_component": "howldream",
            "origin_provider": "claude",
            "origin_model": "claude-opus-5-5",
            "subject_count": 1,
            "inference_occurred": true,
            "note": "Dream prompted the provider; the provider authored the text."
          }
        ],
        "request_id": "cubs-r003-p1-divergent",
        "originating_component": "operator",
        "execution": {
          "requested_provider": "command",
          "selected_provider": "command",
          "actual_provider": "claude",
          "adapter": "claude-json",
          "model": "claude-opus-5-5",
          "requested_model": "claude-opus-5-5",
          "deterministic": false,
          "mocked": false,
          "inference_occurred": true,
          "remote": true,
          "remote_observation": "OPERATOR_DECLARED",
          "fallback_reason": null,
          "elapsed_seconds": 48.513275393000185,
          "usage": {
            "input_tokens": 2,
            "cache_creation_input_tokens": 1991,
            "cache_read_input_tokens": 0,
            "output_tokens": 4156,
            "output_tokens_details": {
              "thinking_tokens": 1778
            },
            "server_tool_use": {
              "web_search_requests": 0,
              "web_fetch_requests": 0
            },
            "cache_creation": {
              "ephemeral_1h_input_tokens": 1991,
              "ephemeral_5m_input_tokens": 0
            }
          },
          "cost": 0.09905599999999999,
          "request_id": "33fe733e-5e9f-4ea7-9e63-91fe19d854ff",
          "raw_output_received": true,
          "parse_status": "VALID",
          "repair_attempted": false,
          "sampling": null
        },
        "source_candidate_refs": [],
        "source_candidates_location": "exploration_envelope.json#/provenance/source_candidates",
        "hard_constraints": [
          "Do not assume the problem or the solution.",
          "Lawfully accessible public, historical, or clearly labeled synthetic data only.",
          "Do not invent private Chicago Cubs information or statistics.",
          "Distinguish fact, assumption, hypothesis, and speculation."
        ],
        "constraint_scope": "UNVERIFIED_GENERATION_GUIDANCE",
        "purpose": "discovery",
        "verification": [
          {
            "claim_id": "hd-20261009-211812-efe1740f0c77/candidates/0/1/claim/1",
            "candidate_id": "hd-20261009-211812-efe1740f0c77/candidates/0/1",
            "status": "UNCERTAIN",
            "classifications": [],
            "source_ids": [],
            "evidence_provenance": [],
            "check_scope": "SUPPLIED_LEDGER",
            "critical": false,
            "verifier": "supplied_ledger_and_arithmetic/v2",
            "scorer_type": "deterministic",
            "note": "No available check establishes this proposition."
          },
          {
            "claim_id": "hd-20261009-211812-efe1740f0c77/candidates/0/1/claim/2",
            "candidate_id": "hd-20261009-211812-efe1740f0c77/candidates/0/1",
            "status": "UNCERTAIN",
            "classifications": [],
            "source_ids": [],
            "evidence_provenance": [],
            "check_scope": "SUPPLIED_LEDGER",
            "critical": false,
            "verifier": "supplied_ledger_and_arithmetic/v2",
            "scorer_type": "deterministic",
            "note": "No available check establishes this proposition."
          },
          {
            "claim_id": "hd-20261009-211812-efe1740f0c77/candidates/0/1/claim/3",
            "candidate_id": "hd-20261009-211812-efe1740f0c77/candidates/0/1",
            "status": "UNCERTAIN",
            "classifications": [],
            "source_ids": [],
            "evidence_provenance": [],
            "check_scope": "SUPPLIED_LEDGER",
            "critical": false,
            "verifier": "supplied_ledger_and_arithmetic/v2",
            "scorer_type": "deterministic",
            "note": "No available check establishes this proposition."
          },
          {
            "claim_id": "hd-20261009-211812-efe1740f0c77/candidates/0/1/claim/4",
            "candidate_id": "hd-20261009-211812-efe1740f0c77/candidates/0/1",
            "status": "UNCERTAIN",
            "classifications": [],
            "source_ids": [],
            "evidence_provenance": [],
            "check_scope": "SUPPLIED_LEDGER",
            "critical": false,
            "verifier": "supplied_ledger_and_arithmetic/v2",
            "scorer_type": "deterministic",
            "note": "No available check establishes this proposition."
          },
          {
            "claim_id": "hd-20261009-211812-efe1740f0c77/candidates/0/1/claim/5",
            "candidate_id": "hd-20261009-211812-efe1740f0c77/candidates/0/1",
            "status": "UNCERTAIN",
            "classifications": [],
            "source_ids": [],
            "evidence_provenance": [],
            "check_scope": "SUPPLIED_LEDGER",
            "critical": false,
            "verifier": "supplied_ledger_and_arithmetic/v2",
            "scorer_type": "deterministic",
            "note": "Explicit abstention; not counted as a detected failure or a verified fact."
          },
          {
            "claim_id": "hd-20261009-211812-efe1740f0c77/candidates/0/1/claim/6",
            "candidate_id": "hd-20261009-211812-efe1740f0c77/candidates/0/1",
            "status": "UNCERTAIN",
            "classifications": [],
            "source_ids": [],
            "evidence_provenance": [],
            "check_scope": "SUPPLIED_LEDGER",
            "critical": false,
            "verifier": "supplied_ledger_and_arithmetic/v2",
            "scorer_type": "deterministic",
            "note": "Explicit abstention; not counted as a detected failure or a verified fact."
          },
          {
            "claim_id": "hd-20261009-211812-efe1740f0c77/candidates/0/1/claim/7",
            "candidate_id": "hd-20261009-211812-efe1740f0c77/candidates/0/1",
            "status": "UNCERTAIN",
            "classifications": [],
            "source_ids": [],
            "evidence_provenance": [],
            "check_scope": "SUPPLIED_LEDGER",
            "critical": false,
            "verifier": "supplied_ledger_and_arithmetic/v2",
            "scorer_type": "deterministic",
            "note": "Explicit abstention; not counted as a detected failure or a verified fact."
          },
          {
            "claim_id": "hd-20261009-211812-efe1740f0c77/candidates/0/1/claim/8",
            "candidate_id": "hd-20261009-211812-efe1740f0c77/candidates/0/1",
            "status": "UNCERTAIN",
            "classifications": [],
            "source_ids": [],
            "evidence_provenance": [],
            "check_scope": "SUPPLIED_LEDGER",
            "critical": false,
            "verifier": "supplied_ledger_and_arithmetic/v2",
            "scorer_type": "deterministic",
            "note": "No available check establishes this proposition."
          },
          {
            "claim_id": "hd-20261009-211812-efe1740f0c77/candidates/0/1/claim/9",
            "candidate_id": "hd-20261009-211812-efe1740f0c77/candidates/0/1",
            "status": "UNCERTAIN",
            "classifications": [],
            "source_ids": [],
            "evidence_provenance": [],
            "check_scope": "SUPPLIED_LEDGER",
            "critical": false,
            "verifier": "supplied_ledger_and_arithmetic/v2",
            "scorer_type": "deterministic",
            "note": "No available check establishes this proposition."
          },
          {
            "claim_id": "hd-20261009-211812-efe1740f0c77/candidates/0/1/claim/10",
            "candidate_id": "hd-20261009-211812-efe1740f0c77/candidates/0/1",
            "status": "UNCERTAIN",
            "classifications": [],
            "source_ids": [],
            "evidence_provenance": [],
            "check_scope": "SUPPLIED_LEDGER",
            "critical": false,
            "verifier": "supplied_ledger_and_arithmetic/v2",
            "scorer_type": "deterministic",
            "note": "No available check establishes this proposition."
          },
          {
            "claim_id": "hd-20261009-211812-efe1740f0c77/candidates/0/1/claim/11",
            "candidate_id": "hd-20261009-211812-efe1740f0c77/candidates/0/1",
            "status": "UNCERTAIN",
            "classifications": [],
            "source_ids": [],
            "evidence_provenance": [],
            "check_scope": "SUPPLIED_LEDGER",
            "critical": false,
            "verifier": "supplied_ledger_and_arithmetic/v2",
            "scorer_type": "deterministic",
            "note": "No available check establishes this proposition."
          },
          {
            "claim_id": "hd-20261009-211812-efe1740f0c77/candidates/0/1/claim/12",
            "candidate_id": "hd-20261009-211812-efe1740f0c77/candidates/0/1",
            "status": "UNCERTAIN",
            "classifications": [],
            "source_ids": [],
            "evidence_provenance": [],
            "check_scope": "SUPPLIED_LEDGER",
            "critical": false,
            "verifier": "supplied_ledger_and_arithmetic/v2",
            "scorer_type": "deterministic",
            "note": "Explicit abstention; not counted as a detected failure or a verified fact."
          },
          {
            "claim_id": "hd-20261009-211812-efe1740f0c77/candidates/0/1/claim/13",
            "candidate_id": "hd-20261009-211812-efe1740f0c77/candidates/0/1",
            "status": "UNCERTAIN",
            "classifications": [],
            "source_ids": [],
            "evidence_provenance": [],
            "check_scope": "SUPPLIED_LEDGER",
            "critical": false,
            "verifier": "supplied_ledger_and_arithmetic/v2",
            "scorer_type": "deterministic",
            "note": "Explicit abstention; not counted as a detected failure or a verified fact."
          },
          {
            "claim_id": "hd-20261009-211812-efe1740f0c77/candidates/0/1/claim/14",
            "candidate_id": "hd-20261009-211812-efe1740f0c77/candidates/0/1",
            "status": "UNCERTAIN",
            "classifications": [],
            "source_ids": [],
            "evidence_provenance": [],
            "check_scope": "SUPPLIED_LEDGER",
            "critical": false,
            "verifier": "supplied_ledger_and_arithmetic/v2",
            "scorer_type": "deterministic",
            "note": "No available check establishes this proposition."
          },
          {
            "claim_id": "hd-20261009-211812-efe1740f0c77/candidates/0/1/claim/15",
            "candidate_id": "hd-20261009-211812-efe1740f0c77/candidates/0/1",
            "status": "UNCERTAIN",
            "classifications": [],
            "source_ids": [],
            "evidence_provenance": [],
            "check_scope": "SUPPLIED_LEDGER",
            "critical": false,
            "verifier": "supplied_ledger_and_arithmetic/v2",
            "scorer_type": "deterministic",
            "note": "No available check establishes this proposition."
          },
          {
            "claim_id": "hd-20261009-211812-efe1740f0c77/candidates/0/1/claim/16",
            "candidate_id": "hd-20261009-211812-efe1740f0c77/candidates/0/1",
            "status": "UNCERTAIN",
            "classifications": [],
            "source_ids": [],
            "evidence_provenance": [],
            "check_scope": "SUPPLIED_LEDGER",
            "critical": false,
            "verifier": "supplied_ledger_and_arithmetic/v2",
            "scorer_type": "deterministic",
            "note": "No available check establishes this proposition."
          },
          {
            "claim_id": "hd-20261009-211812-efe1740f0c77/candidates/0/1/claim/17",
            "candidate_id": "hd-20261009-211812-efe1740f0c77/candidates/0/1",
            "status": "UNCERTAIN",
            "classifications": [],
            "source_ids": [],
            "evidence_provenance": [],
            "check_scope": "SUPPLIED_LEDGER",
            "critical": false,
            "verifier": "supplied_ledger_and_arithmetic/v2",
            "scorer_type": "deterministic",
            "note": "No available check establishes this proposition."
          },
          {
            "claim_id": "hd-20261009-211812-efe1740f0c77/candidates/0/1/claim/18",
            "candidate_id": "hd-20261009-211812-efe1740f0c77/candidates/0/1",
            "status": "UNCERTAIN",
            "classifications": [],
            "source_ids": [],
            "evidence_provenance": [],
            "check_scope": "SUPPLIED_LEDGER",
            "critical": false,
            "verifier": "supplied_ledger_and_arithmetic/v2",
            "scorer_type": "deterministic",
            "note": "Explicit abstention; not counted as a detected failure or a verified fact."
          },
          {
            "claim_id": "hd-20261009-211812-efe1740f0c77/candidates/0/1/claim/19",
            "candidate_id": "hd-20261009-211812-efe1740f0c77/candidates/0/1",
            "status": "UNCERTAIN",
            "classifications": [],
            "source_ids": [],
            "evidence_provenance": [],
            "check_scope": "SUPPLIED_LEDGER",
            "critical": false,
            "verifier": "supplied_ledger_and_arithmetic/v2",
            "scorer_type": "deterministic",
            "note": "Explicit abstention; not counted as a detected failure or a verified fact."
          },
          {
            "claim_id": "hd-20261009-211812-efe1740f0c77/candidates/0/1/claim/20",
            "candidate_id": "hd-20261009-211812-efe1740f0c77/candidates/0/1",
            "status": "UNCERTAIN",
            "classifications": [],
            "source_ids": [],
            "evidence_provenance": [],
            "check_scope": "SUPPLIED_LEDGER",
            "critical": false,
            "verifier": "supplied_ledger_and_arithmetic/v2",
            "scorer_type": "deterministic",
            "note": "No available check establishes this proposition."
          },
          {
            "claim_id": "hd-20261009-211812-efe1740f0c77/candidates/0/1/claim/21",
            "candidate_id": "hd-20261009-211812-efe1740f0c77/candidates/0/1",
            "status": "UNCERTAIN",
            "classifications": [],
            "source_ids": [],
            "evidence_provenance": [],
            "check_scope": "SUPPLIED_LEDGER",
            "critical": false,
            "verifier": "supplied_ledger_and_arithmetic/v2",
            "scorer_type": "deterministic",
            "note": "No available check establishes this proposition."
          },
          {
            "claim_id": "hd-20261009-211812-efe1740f0c77/candidates/0/1/claim/22",
            "candidate_id": "hd-20261009-211812-efe1740f0c77/candidates/0/1",
            "status": "UNCERTAIN",
            "classifications": [],
            "source_ids": [],
            "evidence_provenance": [],
            "check_scope": "SUPPLIED_LEDGER",
            "critical": false,
            "verifier": "supplied_ledger_and_arithmetic/v2",
            "scorer_type": "deterministic",
            "note": "No available check establishes this proposition."
          },
          {
            "claim_id": "hd-20261009-211812-efe1740f0c77/candidates/0/1/claim/23",
            "candidate_id": "hd-20261009-211812-efe1740f0c77/candidates/0/1",
            "status": "UNCERTAIN",
            "classifications": [],
            "source_ids": [],
            "evidence_provenance": [],
            "check_scope": "SUPPLIED_LEDGER",
            "critical": false,
            "verifier": "supplied_ledger_and_arithmetic/v2",
            "scorer_type": "deterministic",
            "note": "No available check establishes this proposition."
          },
          {
            "claim_id": "hd-20261009-211812-efe1740f0c77/candidates/0/1/claim/24",
            "candidate_id": "hd-20261009-211812-efe1740f0c77/candidates/0/1",
            "status": "UNCERTAIN",
            "classifications": [],
            "source_ids": [],
            "evidence_provenance": [],
            "check_scope": "SUPPLIED_LEDGER",
            "critical": false,
            "verifier": "supplied_ledger_and_arithmetic/v2",
            "scorer_type": "deterministic",
            "note": "Explicit abstention; not counted as a detected failure or a verified fact."
          },
          {
            "claim_id": "hd-20261009-211812-efe1740f0c77/candidates/0/1/claim/25",
            "candidate_id": "hd-20261009-211812-efe1740f0c77/candidates/0/1",
            "status": "UNCERTAIN",
            "classifications": [],
            "source_ids": [],
            "evidence_provenance": [],
            "check_scope": "SUPPLIED_LEDGER",
            "critical": false,
            "verifier": "supplied_ledger_and_arithmetic/v2",
            "scorer_type": "deterministic",
            "note": "Explicit abstention; not counted as a detected failure or a verified fact."
          },
          {
            "claim_id": "hd-20261009-211812-efe1740f0c77/candidates/0/1/claim/26",
            "candidate_id": "hd-20261009-211812-efe1740f0c77/candidates/0/1",
            "status": "UNCERTAIN",
            "classifications": [],
            "source_ids": [],
            "evidence_provenance": [],
            "check_scope": "SUPPLIED_LEDGER",
            "critical": false,
            "verifier": "supplied_ledger_and_arithmetic/v2",
            "scorer_type": "deterministic",
            "note": "No available check establishes this proposition."
          },
          {
            "claim_id": "hd-20261009-211812-efe1740f0c77/candidates/0/1/claim/27",
            "candidate_id": "hd-20261009-211812-efe1740f0c77/candidates/0/1",
            "status": "UNCERTAIN",
            "classifications": [],
            "source_ids": [],
            "evidence_provenance": [],
            "check_scope": "SUPPLIED_LEDGER",
            "critical": false,
            "verifier": "supplied_ledger_and_arithmetic/v2",
            "scorer_type": "deterministic",
            "note": "No available check establishes this proposition."
          },
          {
            "claim_id": "hd-20261009-211812-efe1740f0c77/candidates/0/1/claim/28",
            "candidate_id": "hd-20261009-211812-efe1740f0c77/candidates/0/1",
            "status": "UNCERTAIN",
            "classifications": [],
            "source_ids": [],
            "evidence_provenance": [],
            "check_scope": "SUPPLIED_LEDGER",
            "critical": false,
            "verifier": "supplied_ledger_and_arithmetic/v2",
            "scorer_type": "deterministic",
            "note": "No available check establishes this proposition."
          },
          {
            "claim_id": "hd-20261009-211812-efe1740f0c77/candidates/0/1/claim/29",
            "candidate_id": "hd-20261009-211812-efe1740f0c77/candidates/0/1",
            "status": "UNCERTAIN",
            "classifications": [],
            "source_ids": [],
            "evidence_provenance": [],
            "check_scope": "SUPPLIED_LEDGER",
            "critical": false,
            "verifier": "supplied_ledger_and_arithmetic/v2",
            "scorer_type": "deterministic",
            "note": "Explicit abstention; not counted as a detected failure or a verified fact."
          },
          {
            "claim_id": "hd-20261009-211812-efe1740f0c77/candidates/0/1/claim/30",
            "candidate_id": "hd-20261009-211812-efe1740f0c77/candidates/0/1",
            "status": "UNCERTAIN",
            "classifications": [],
            "source_ids": [],
            "evidence_provenance": [],
            "check_scope": "SUPPLIED_LEDGER",
            "critical": false,
            "verifier": "supplied_ledger_and_arithmetic/v2",
            "scorer_type": "deterministic",
            "note": "No available check establishes this proposition."
          },
          {
            "claim_id": "hd-20261009-211812-efe1740f0c77/candidates/0/1/claim/31",
            "candidate_id": "hd-20261009-211812-efe1740f0c77/candidates/0/1",
            "status": "UNCERTAIN",
            "classifications": [],
            "source_ids": [],
            "evidence_provenance": [],
            "check_scope": "SUPPLIED_LEDGER",
            "critical": false,
            "verifier": "supplied_ledger_and_arithmetic/v2",
            "scorer_type": "deterministic",
            "note": "No available check establishes this proposition."
          },
          {
            "claim_id": "hd-20261009-211812-efe1740f0c77/candidates/0/1/claim/32",
            "candidate_id": "hd-20261009-211812-efe1740f0c77/candidates/0/1",
            "status": "UNCERTAIN",
            "classifications": [],
            "source_ids": [],
            "evidence_provenance": [],
            "check_scope": "SUPPLIED_LEDGER",
            "critical": false,
            "verifier": "supplied_ledger_and_arithmetic/v2",
            "scorer_type": "deterministic",
            "note": "No available check establishes this proposition."
          },
          {
            "claim_id": "hd-20261009-211812-efe1740f0c77/candidates/0/1/claim/33",
            "candidate_id": "hd-20261009-211812-efe1740f0c77/candidates/0/1",
            "status": "UNCERTAIN",
            "classifications": [],
            "source_ids": [],
            "evidence_provenance": [],
            "check_scope": "SUPPLIED_LEDGER",
            "critical": false,
            "verifier": "supplied_ledger_and_arithmetic/v2",
            "scorer_type": "deterministic",
            "note": "No available check establishes this proposition."
          },
          {
            "claim_id": "hd-20261009-211812-efe1740f0c77/candidates/0/1/claim/34",
            "candidate_id": "hd-20261009-211812-efe1740f0c77/candidates/0/1",
            "status": "UNCERTAIN",
            "classifications": [],
            "source_ids": [],
            "evidence_provenance": [],
            "check_scope": "SUPPLIED_LEDGER",
            "critical": false,
            "verifier": "supplied_ledger_and_arithmetic/v2",
            "scorer_type": "deterministic",
            "note": "No available check establishes this proposition."
          },
          {
            "claim_id": "hd-20261009-211812-efe1740f0c77/candidates/0/1/claim/35",
            "candidate_id": "hd-20261009-211812-efe1740f0c77/candidates/0/1",
            "status": "UNCERTAIN",
            "classifications": [],
            "source_ids": [],
            "evidence_provenance": [],
            "check_scope": "SUPPLIED_LEDGER",
            "critical": false,
            "verifier": "supplied_ledger_and_arithmetic/v2",
            "scorer_type": "deterministic",
            "note": "Explicit abstention; not counted as a detected failure or a verified fact."
          },
          {
            "claim_id": "hd-20261009-211812-efe1740f0c77/candidates/0/1/claim/36",
            "candidate_id": "hd-20261009-211812-efe1740f0c77/candidates/0/1",
            "status": "UNCERTAIN",
            "classifications": [],
            "source_ids": [],
            "evidence_provenance": [],
            "check_scope": "SUPPLIED_LEDGER",
            "critical": false,
            "verifier": "supplied_ledger_and_arithmetic/v2",
            "scorer_type": "deterministic",
            "note": "Explicit abstention; not counted as a detected failure or a verified fact."
          }
        ],
        "candidate_index": 1,
        "trial": 0,
        "prompt_hash": "4f2e3c9e6ebc7f12e5531140b9a074e83b0fa2019ff9ac8bb0e72efe8ff9732d",
        "output_hash": "8b2e84e118a2d0e562ffeca33eb7db0f42198d4c348521d463f4d16f2ab4c8d8"
      }
    },
    {
      "schema_version": "howl.candidate/v1",
      "candidate_id": "hd-20261009-211812-efe1740f0c77/candidates/0/2",
      "source_run_id": "hd-20261009-211812-efe1740f0c77",
      "parent_request_id": "cubs-r003-p1-divergent",
      "objective": "Where could software create a meaningful baseball advantage for the Chicago Cubs? The current date is early October 2026, in the Cubs' offseason (their 2026 season ended in the Wild Card Series). A prior experiment found that triaging the November minor-league free-agent pool offers little: the low-attention pool holds under one next-season contributor per club per year, and a simple 'played in MLB last year' rule already finds most value. Prefer recurring decisions where the value at stake is large enough to matter, where public information available at decision time could plausibly beat a simple rule, and where a retrospective test on public history is possible. Consider front office, player development, scouting, coaching and business-of-baseball decisions, and name where software is unnecessary or clubs are already ahead. OUTPUT GUIDANCE (format only): Each IDEA names one problem, the decision owner, the concrete recurring decision and its timing, the size of value at stake, the mechanism of advantage, the simple baseline a club already uses, and the software intervention. Follow with ASSUMPTION and UNKNOWN lines. Do not invent statistics or private Cubs information.",
      "text": "IDEA: Problem=coaching-staff hiring is decided by reputation and interviews rather than evidence of player improvement; owner=President of Baseball Operations, GM and manager; decision=hiring or retaining MLB and upper-minors hitting, pitching and catching coaches each October to December, with this offseason's window open now; value at stake=hypothesized as large and recurring because one coach touches many players' outcomes for several seasons, size unknown; mechanism=build a public coach-tenure ledger from press releases and media guides, then estimate each coach's effect on players who changed organizations, comparing the year before arrival with the year after and against matched players who did not move; baseline=network referrals, reputation from players, and interview impressions; software=a coach-attribution tool that ranks candidates with uncertainty intervals and flags coaches whose apparent effect is just regression to the mean.\nASSUMPTION: Public records of coach tenure, including assistant and minor-league roles, are complete and dated accurately enough to link coaches to players.\nASSUMPTION: Coach effects can be separated from organizational infrastructure, playing time, park, injury and selection effects, given that teams acquire players they already expect to improve.\nASSUMPTION: Sample sizes per coach are large enough that intervals are not too wide to change a hiring decision; this is a major challenge, because most coaches touch few players.\nASSUMPTION: A retrospective test is possible by asking whether coach ratings built on seasons up to year T predict player changes under the same coach in year T+1 better than a reputation proxy such as prior big-league coaching tenure.\nASSUMPTION: Clubs may already do this privately, so the edge could be zero; this cannot be verified from public information.\nUNKNOWN: public_coach_tenure_dataset_completeness\nUNKNOWN: persistence_of_coach_effects_year_over_year\nUNKNOWN: cubs_current_coaching_vacancies_2026_offseason\nUNKNOWN: whether_rival_clubs_use_coach_attribution_models\nIDEA: Problem=pricing players posted from NPB and KBO and signed internationally as free agents; owner=GM, international scouting director and pro scouting director; decision=whether to bid on posted players and how much, during posting windows that usually run November to January; value at stake=potentially large per signing, since these are multi-year major-league contracts, but the number of events per year is small; mechanism=translation models that use public foreign-league stats, including pitch-tracking where it is published, along with age and league-environment adjustments, calibrated on the MLB outcomes of previously posted players; baseline=scouting reports combined with simple ratios of foreign-league stats to MLB stats and agent-driven market comparables; software=a probabilistic translation tool with explicit uncertainty that is updated as each new posting cohort produces MLB results.\nASSUMPTION: Enough historical posted players with MLB outcomes exist to calibrate a model that beats simple ratios; the small number of cases is the main threat.\nASSUMPTION: Public foreign-league data at decision time is detailed enough, and changes in league environment, such as the ball or rules, can be adjusted for.\nASSUMPTION: Market prices for posted players are set by bidding among several clubs, so any edge in accuracy must also overcome the winner's curse.\nASSUMPTION: This differs from the already-explored minor-league call-up translation because the source leagues and market mechanics differ; reviewers should check for overlap.\nUNKNOWN: count_of_posted_players_with_mlb_outcomes\nUNKNOWN: public_availability_of_npb_kbo_pitch_tracking\nUNKNOWN: cubs_international_budget_2027\nIDEA: Problem=managing starters around expected rain delays at a home park without a roof; owner=manager, pitching coach and head of game operations; decision=on game days with uncertain weather, whether to start the scheduled starter, use an opener or delay the start, decided in the hours before first pitch; value at stake=hypothesized as modest per event but recurring, through avoided wasted starts and short outings that tax the bullpen; mechanism=combine public precipitation forecasts with historical delay records to estimate the probability of a delay longer than a starter can wait out; baseline=staff judgment plus the umpire crew and league's consultation on weather; software=a delay-risk forecast linked to a rule for choosing the starter.\nASSUMPTION: Historical game-delay times and forecasts as issued at the time can be reconstructed from public sources for a retrospective test.\nASSUMPTION: Decisions about delays and postponements are partly controlled by the league and umpires, which limits how much the club can act on the forecast.\nASSUMPTION: The value may be too small to matter, which challenges the idea itself.\nUNKNOWN: wrigley_historical_rain_delay_frequency\nUNKNOWN: archived_hourly_forecast_availability\nIDEA: Problem=where software is likely unnecessary: routine decisions such as setting the order of everyday lineups, or a dashboard of public leaderboards; owner=manager and analysts; decision=daily; value at stake=likely small, based on the earlier exploration finding a domain gap in lineup optimization; mechanism=none beyond existing tools; baseline=current practice is probably close to optimal; software=recommend not building, and redirect the effort toward coach attribution or the translation of posted foreign-league players.\nASSUMPTION: Clubs are already at or near the frontier on decisions that use public stats and occur daily, so marginal software adds little.\nUNKNOWN: magnitude_of_remaining_edge_in_daily_tactical_decisions",
      "condition": "dream",
      "trust": "UNVERIFIED",
      "status": "UNRESOLVED",
      "authority": {
        "type": "ADVISORY",
        "executable": false
      },
      "claims": [
        {
          "id": "hd-20261009-211812-efe1740f0c77/candidates/0/2/claim/1",
          "candidate_id": "hd-20261009-211812-efe1740f0c77/candidates/0/2",
          "kind": "IDEA",
          "text": "Problem=coaching-staff hiring is decided by reputation and interviews rather than evidence of player improvement; owner=President of Baseball Operations, GM and manager; decision=hiring or retaining MLB and upper-minors hitting, pitching and catching coaches each October to December, with this offseason's window open now; value at stake=hypothesized as large and recurring because one coach touches many players' outcomes for several seasons, size unknown; mechanism=build a public coach-tenure ledger from press releases and media guides, then estimate each coach's effect on players who changed organizations, comparing the year before arrival with the year after and against matched players who did not move; baseline=network referrals, reputation from players, and interview impressions; software=a coach-attribution tool that ranks candidates with uncertainty intervals and flags coaches whose apparent effect is just regression to the mean.",
          "status": "UNVERIFIED",
          "extractor": "line_grammar/v1"
        },
        {
          "id": "hd-20261009-211812-efe1740f0c77/candidates/0/2/claim/2",
          "candidate_id": "hd-20261009-211812-efe1740f0c77/candidates/0/2",
          "kind": "ASSUMPTION",
          "text": "Public records of coach tenure, including assistant and minor-league roles, are complete and dated accurately enough to link coaches to players.",
          "status": "UNVERIFIED",
          "extractor": "line_grammar/v1"
        },
        {
          "id": "hd-20261009-211812-efe1740f0c77/candidates/0/2/claim/3",
          "candidate_id": "hd-20261009-211812-efe1740f0c77/candidates/0/2",
          "kind": "ASSUMPTION",
          "text": "Coach effects can be separated from organizational infrastructure, playing time, park, injury and selection effects, given that teams acquire players they already expect to improve.",
          "status": "UNVERIFIED",
          "extractor": "line_grammar/v1"
        },
        {
          "id": "hd-20261009-211812-efe1740f0c77/candidates/0/2/claim/4",
          "candidate_id": "hd-20261009-211812-efe1740f0c77/candidates/0/2",
          "kind": "ASSUMPTION",
          "text": "Sample sizes per coach are large enough that intervals are not too wide to change a hiring decision; this is a major challenge, because most coaches touch few players.",
          "status": "UNVERIFIED",
          "extractor": "line_grammar/v1"
        },
        {
          "id": "hd-20261009-211812-efe1740f0c77/candidates/0/2/claim/5",
          "candidate_id": "hd-20261009-211812-efe1740f0c77/candidates/0/2",
          "kind": "ASSUMPTION",
          "text": "A retrospective test is possible by asking whether coach ratings built on seasons up to year T predict player changes under the same coach in year T+1 better than a reputation proxy such as prior big-league coaching tenure.",
          "status": "UNVERIFIED",
          "extractor": "line_grammar/v1"
        },
        {
          "id": "hd-20261009-211812-efe1740f0c77/candidates/0/2/claim/6",
          "candidate_id": "hd-20261009-211812-efe1740f0c77/candidates/0/2",
          "kind": "ASSUMPTION",
          "text": "Clubs may already do this privately, so the edge could be zero; this cannot be verified from public information.",
          "status": "UNVERIFIED",
          "extractor": "line_grammar/v1"
        },
        {
          "id": "hd-20261009-211812-efe1740f0c77/candidates/0/2/claim/7",
          "candidate_id": "hd-20261009-211812-efe1740f0c77/candidates/0/2",
          "kind": "UNKNOWN",
          "text": "public_coach_tenure_dataset_completeness",
          "status": "UNVERIFIED",
          "extractor": "line_grammar/v1"
        },
        {
          "id": "hd-20261009-211812-efe1740f0c77/candidates/0/2/claim/8",
          "candidate_id": "hd-20261009-211812-efe1740f0c77/candidates/0/2",
          "kind": "UNKNOWN",
          "text": "persistence_of_coach_effects_year_over_year",
          "status": "UNVERIFIED",
          "extractor": "line_grammar/v1"
        },
        {
          "id": "hd-20261009-211812-efe1740f0c77/candidates/0/2/claim/9",
          "candidate_id": "hd-20261009-211812-efe1740f0c77/candidates/0/2",
          "kind": "UNKNOWN",
          "text": "cubs_current_coaching_vacancies_2026_offseason",
          "status": "UNVERIFIED",
          "extractor": "line_grammar/v1"
        },
        {
          "id": "hd-20261009-211812-efe1740f0c77/candidates/0/2/claim/10",
          "candidate_id": "hd-20261009-211812-efe1740f0c77/candidates/0/2",
          "kind": "UNKNOWN",
          "text": "whether_rival_clubs_use_coach_attribution_models",
          "status": "UNVERIFIED",
          "extractor": "line_grammar/v1"
        },
        {
          "id": "hd-20261009-211812-efe1740f0c77/candidates/0/2/claim/11",
          "candidate_id": "hd-20261009-211812-efe1740f0c77/candidates/0/2",
          "kind": "IDEA",
          "text": "Problem=pricing players posted from NPB and KBO and signed internationally as free agents; owner=GM, international scouting director and pro scouting director; decision=whether to bid on posted players and how much, during posting windows that usually run November to January; value at stake=potentially large per signing, since these are multi-year major-league contracts, but the number of events per year is small; mechanism=translation models that use public foreign-league stats, including pitch-tracking where it is published, along with age and league-environment adjustments, calibrated on the MLB outcomes of previously posted players; baseline=scouting reports combined with simple ratios of foreign-league stats to MLB stats and agent-driven market comparables; software=a probabilistic translation tool with explicit uncertainty that is updated as each new posting cohort produces MLB results.",
          "status": "UNVERIFIED",
          "extractor": "line_grammar/v1"
        },
        {
          "id": "hd-20261009-211812-efe1740f0c77/candidates/0/2/claim/12",
          "candidate_id": "hd-20261009-211812-efe1740f0c77/candidates/0/2",
          "kind": "ASSUMPTION",
          "text": "Enough historical posted players with MLB outcomes exist to calibrate a model that beats simple ratios; the small number of cases is the main threat.",
          "status": "UNVERIFIED",
          "extractor": "line_grammar/v1"
        },
        {
          "id": "hd-20261009-211812-efe1740f0c77/candidates/0/2/claim/13",
          "candidate_id": "hd-20261009-211812-efe1740f0c77/candidates/0/2",
          "kind": "ASSUMPTION",
          "text": "Public foreign-league data at decision time is detailed enough, and changes in league environment, such as the ball or rules, can be adjusted for.",
          "status": "UNVERIFIED",
          "extractor": "line_grammar/v1"
        },
        {
          "id": "hd-20261009-211812-efe1740f0c77/candidates/0/2/claim/14",
          "candidate_id": "hd-20261009-211812-efe1740f0c77/candidates/0/2",
          "kind": "ASSUMPTION",
          "text": "Market prices for posted players are set by bidding among several clubs, so any edge in accuracy must also overcome the winner's curse.",
          "status": "UNVERIFIED",
          "extractor": "line_grammar/v1"
        },
        {
          "id": "hd-20261009-211812-efe1740f0c77/candidates/0/2/claim/15",
          "candidate_id": "hd-20261009-211812-efe1740f0c77/candidates/0/2",
          "kind": "ASSUMPTION",
          "text": "This differs from the already-explored minor-league call-up translation because the source leagues and market mechanics differ; reviewers should check for overlap.",
          "status": "UNVERIFIED",
          "extractor": "line_grammar/v1"
        },
        {
          "id": "hd-20261009-211812-efe1740f0c77/candidates/0/2/claim/16",
          "candidate_id": "hd-20261009-211812-efe1740f0c77/candidates/0/2",
          "kind": "UNKNOWN",
          "text": "count_of_posted_players_with_mlb_outcomes",
          "status": "UNVERIFIED",
          "extractor": "line_grammar/v1"
        },
        {
          "id": "hd-20261009-211812-efe1740f0c77/candidates/0/2/claim/17",
          "candidate_id": "hd-20261009-211812-efe1740f0c77/candidates/0/2",
          "kind": "UNKNOWN",
          "text": "public_availability_of_npb_kbo_pitch_tracking",
          "status": "UNVERIFIED",
          "extractor": "line_grammar/v1"
        },
        {
          "id": "hd-20261009-211812-efe1740f0c77/candidates/0/2/claim/18",
          "candidate_id": "hd-20261009-211812-efe1740f0c77/candidates/0/2",
          "kind": "UNKNOWN",
          "text": "cubs_international_budget_2027",
          "status": "UNVERIFIED",
          "extractor": "line_grammar/v1"
        },
        {
          "id": "hd-20261009-211812-efe1740f0c77/candidates/0/2/claim/19",
          "candidate_id": "hd-20261009-211812-efe1740f0c77/candidates/0/2",
          "kind": "IDEA",
          "text": "Problem=managing starters around expected rain delays at a home park without a roof; owner=manager, pitching coach and head of game operations; decision=on game days with uncertain weather, whether to start the scheduled starter, use an opener or delay the start, decided in the hours before first pitch; value at stake=hypothesized as modest per event but recurring, through avoided wasted starts and short outings that tax the bullpen; mechanism=combine public precipitation forecasts with historical delay records to estimate the probability of a delay longer than a starter can wait out; baseline=staff judgment plus the umpire crew and league's consultation on weather; software=a delay-risk forecast linked to a rule for choosing the starter.",
          "status": "UNVERIFIED",
          "extractor": "line_grammar/v1"
        },
        {
          "id": "hd-20261009-211812-efe1740f0c77/candidates/0/2/claim/20",
          "candidate_id": "hd-20261009-211812-efe1740f0c77/candidates/0/2",
          "kind": "ASSUMPTION",
          "text": "Historical game-delay times and forecasts as issued at the time can be reconstructed from public sources for a retrospective test.",
          "status": "UNVERIFIED",
          "extractor": "line_grammar/v1"
        },
        {
          "id": "hd-20261009-211812-efe1740f0c77/candidates/0/2/claim/21",
          "candidate_id": "hd-20261009-211812-efe1740f0c77/candidates/0/2",
          "kind": "ASSUMPTION",
          "text": "Decisions about delays and postponements are partly controlled by the league and umpires, which limits how much the club can act on the forecast.",
          "status": "UNVERIFIED",
          "extractor": "line_grammar/v1"
        },
        {
          "id": "hd-20261009-211812-efe1740f0c77/candidates/0/2/claim/22",
          "candidate_id": "hd-20261009-211812-efe1740f0c77/candidates/0/2",
          "kind": "ASSUMPTION",
          "text": "The value may be too small to matter, which challenges the idea itself.",
          "status": "UNVERIFIED",
          "extractor": "line_grammar/v1"
        },
        {
          "id": "hd-20261009-211812-efe1740f0c77/candidates/0/2/claim/23",
          "candidate_id": "hd-20261009-211812-efe1740f0c77/candidates/0/2",
          "kind": "UNKNOWN",
          "text": "wrigley_historical_rain_delay_frequency",
          "status": "UNVERIFIED",
          "extractor": "line_grammar/v1"
        },
        {
          "id": "hd-20261009-211812-efe1740f0c77/candidates/0/2/claim/24",
          "candidate_id": "hd-20261009-211812-efe1740f0c77/candidates/0/2",
          "kind": "UNKNOWN",
          "text": "archived_hourly_forecast_availability",
          "status": "UNVERIFIED",
          "extractor": "line_grammar/v1"
        },
        {
          "id": "hd-20261009-211812-efe1740f0c77/candidates/0/2/claim/25",
          "candidate_id": "hd-20261009-211812-efe1740f0c77/candidates/0/2",
          "kind": "IDEA",
          "text": "Problem=where software is likely unnecessary: routine decisions such as setting the order of everyday lineups, or a dashboard of public leaderboards; owner=manager and analysts; decision=daily; value at stake=likely small, based on the earlier exploration finding a domain gap in lineup optimization; mechanism=none beyond existing tools; baseline=current practice is probably close to optimal; software=recommend not building, and redirect the effort toward coach attribution or the translation of posted foreign-league players.",
          "status": "UNVERIFIED",
          "extractor": "line_grammar/v1"
        },
        {
          "id": "hd-20261009-211812-efe1740f0c77/candidates/0/2/claim/26",
          "candidate_id": "hd-20261009-211812-efe1740f0c77/candidates/0/2",
          "kind": "ASSUMPTION",
          "text": "Clubs are already at or near the frontier on decisions that use public stats and occur daily, so marginal software adds little.",
          "status": "UNVERIFIED",
          "extractor": "line_grammar/v1"
        },
        {
          "id": "hd-20261009-211812-efe1740f0c77/candidates/0/2/claim/27",
          "candidate_id": "hd-20261009-211812-efe1740f0c77/candidates/0/2",
          "kind": "UNKNOWN",
          "text": "magnitude_of_remaining_edge_in_daily_tactical_decisions",
          "status": "UNVERIFIED",
          "extractor": "line_grammar/v1"
        }
      ],
      "evidence_refs": [
        "objective_context"
      ],
      "assumptions": [
        "Public records of coach tenure, including assistant and minor-league roles, are complete and dated accurately enough to link coaches to players.",
        "Coach effects can be separated from organizational infrastructure, playing time, park, injury and selection effects, given that teams acquire players they already expect to improve.",
        "Sample sizes per coach are large enough that intervals are not too wide to change a hiring decision; this is a major challenge, because most coaches touch few players.",
        "A retrospective test is possible by asking whether coach ratings built on seasons up to year T predict player changes under the same coach in year T+1 better than a reputation proxy such as prior big-league coaching tenure.",
        "Clubs may already do this privately, so the edge could be zero; this cannot be verified from public information.",
        "Enough historical posted players with MLB outcomes exist to calibrate a model that beats simple ratios; the small number of cases is the main threat.",
        "Public foreign-league data at decision time is detailed enough, and changes in league environment, such as the ball or rules, can be adjusted for.",
        "Market prices for posted players are set by bidding among several clubs, so any edge in accuracy must also overcome the winner's curse.",
        "This differs from the already-explored minor-league call-up translation because the source leagues and market mechanics differ; reviewers should check for overlap.",
        "Historical game-delay times and forecasts as issued at the time can be reconstructed from public sources for a retrospective test.",
        "Decisions about delays and postponements are partly controlled by the league and umpires, which limits how much the club can act on the forecast.",
        "The value may be too small to matter, which challenges the idea itself.",
        "Clubs are already at or near the frontier on decisions that use public stats and occur daily, so marginal software adds little."
      ],
      "unresolved_issues": [
        "Public records of coach tenure, including assistant and minor-league roles, are complete and dated accurately enough to link coaches to players.",
        "Coach effects can be separated from organizational infrastructure, playing time, park, injury and selection effects, given that teams acquire players they already expect to improve.",
        "Sample sizes per coach are large enough that intervals are not too wide to change a hiring decision; this is a major challenge, because most coaches touch few players.",
        "A retrospective test is possible by asking whether coach ratings built on seasons up to year T predict player changes under the same coach in year T+1 better than a reputation proxy such as prior big-league coaching tenure.",
        "Clubs may already do this privately, so the edge could be zero; this cannot be verified from public information.",
        "Enough historical posted players with MLB outcomes exist to calibrate a model that beats simple ratios; the small number of cases is the main threat.",
        "Public foreign-league data at decision time is detailed enough, and changes in league environment, such as the ball or rules, can be adjusted for.",
        "Market prices for posted players are set by bidding among several clubs, so any edge in accuracy must also overcome the winner's curse.",
        "This differs from the already-explored minor-league call-up translation because the source leagues and market mechanics differ; reviewers should check for overlap.",
        "Historical game-delay times and forecasts as issued at the time can be reconstructed from public sources for a retrospective test.",
        "Decisions about delays and postponements are partly controlled by the league and umpires, which limits how much the club can act on the forecast.",
        "The value may be too small to matter, which challenges the idea itself.",
        "Clubs are already at or near the frontier on decisions that use public stats and occur daily, so marginal software adds little.",
        "Problem=coaching-staff hiring is decided by reputation and interviews rather than evidence of player improvement; owner=President of Baseball Operations, GM and manager; decision=hiring or retaining MLB and upper-minors hitting, pitching and catching coaches each October to December, with this offseason's window open now; value at stake=hypothesized as large and recurring because one coach touches many players' outcomes for several seasons, size unknown; mechanism=build a public coach-tenure ledger from press releases and media guides, then estimate each coach's effect on players who changed organizations, comparing the year before arrival with the year after and against matched players who did not move; baseline=network referrals, reputation from players, and interview impressions; software=a coach-attribution tool that ranks candidates with uncertainty intervals and flags coaches whose apparent effect is just regression to the mean.",
        "public_coach_tenure_dataset_completeness",
        "persistence_of_coach_effects_year_over_year",
        "cubs_current_coaching_vacancies_2026_offseason",
        "whether_rival_clubs_use_coach_attribution_models",
        "Problem=pricing players posted from NPB and KBO and signed internationally as free agents; owner=GM, international scouting director and pro scouting director; decision=whether to bid on posted players and how much, during posting windows that usually run November to January; value at stake=potentially large per signing, since these are multi-year major-league contracts, but the number of events per year is small; mechanism=translation models that use public foreign-league stats, including pitch-tracking where it is published, along with age and league-environment adjustments, calibrated on the MLB outcomes of previously posted players; baseline=scouting reports combined with simple ratios of foreign-league stats to MLB stats and agent-driven market comparables; software=a probabilistic translation tool with explicit uncertainty that is updated as each new posting cohort produces MLB results.",
        "count_of_posted_players_with_mlb_outcomes",
        "public_availability_of_npb_kbo_pitch_tracking",
        "cubs_international_budget_2027",
        "Problem=managing starters around expected rain delays at a home park without a roof; owner=manager, pitching coach and head of game operations; decision=on game days with uncertain weather, whether to start the scheduled starter, use an opener or delay the start, decided in the hours before first pitch; value at stake=hypothesized as modest per event but recurring, through avoided wasted starts and short outings that tax the bullpen; mechanism=combine public precipitation forecasts with historical delay records to estimate the probability of a delay longer than a starter can wait out; baseline=staff judgment plus the umpire crew and league's consultation on weather; software=a delay-risk forecast linked to a rule for choosing the starter.",
        "wrigley_historical_rain_delay_frequency",
        "archived_hourly_forecast_availability",
        "Problem=where software is likely unnecessary: routine decisions such as setting the order of everyday lineups, or a dashboard of public leaderboards; owner=manager and analysts; decision=daily; value at stake=likely small, based on the earlier exploration finding a domain gap in lineup optimization; mechanism=none beyond existing tools; baseline=current practice is probably close to optimal; software=recommend not building, and redirect the effort toward coach attribution or the translation of posted foreign-league players.",
        "magnitude_of_remaining_edge_in_daily_tactical_decisions"
      ],
      "contradictions": [],
      "verified_constraints": [],
      "provenance": {
        "run_id": "hd-20261009-211812-efe1740f0c77",
        "producer_component": "howldream",
        "producer_version": "0.4.4",
        "model_or_provider": "claude-opus-5-5",
        "observation_kind": "EXTERNALLY_OBSERVED",
        "created_at": "2026-10-09T21:24:32.107738+00:00",
        "transformations": [
          "generated"
        ],
        "participation": [
          {
            "operation": "GENERATED",
            "transforming_component": "howldream",
            "origin_component": "howldream",
            "origin_provider": "claude",
            "origin_model": "claude-opus-5-5",
            "subject_count": 1,
            "inference_occurred": true,
            "note": "Dream prompted the provider; the provider authored the text."
          }
        ],
        "request_id": "cubs-r003-p1-divergent",
        "originating_component": "operator",
        "execution": {
          "requested_provider": "command",
          "selected_provider": "command",
          "actual_provider": "claude",
          "adapter": "claude-json",
          "model": "claude-opus-5-5",
          "requested_model": "claude-opus-5-5",
          "deterministic": false,
          "mocked": false,
          "inference_occurred": true,
          "remote": true,
          "remote_observation": "OPERATOR_DECLARED",
          "fallback_reason": null,
          "elapsed_seconds": 39.509880242000236,
          "usage": {
            "input_tokens": 2,
            "cache_creation_input_tokens": 2195,
            "cache_read_input_tokens": 0,
            "output_tokens": 3213,
            "output_tokens_details": {
              "thinking_tokens": 1307
            },
            "server_tool_use": {
              "web_search_requests": 0,
              "web_fetch_requests": 0
            },
            "cache_creation": {
              "ephemeral_1h_input_tokens": 2195,
              "ephemeral_5m_input_tokens": 0
            }
          },
          "cost": 0.08182799999999998,
          "request_id": "09db2d7d-7a91-441d-9278-4f0282cec8c0",
          "raw_output_received": true,
          "parse_status": "VALID",
          "repair_attempted": false,
          "sampling": null
        },
        "source_candidate_refs": [],
        "source_candidates_location": "exploration_envelope.json#/provenance/source_candidates",
        "hard_constraints": [
          "Do not assume the problem or the solution.",
          "Lawfully accessible public, historical, or clearly labeled synthetic data only.",
          "Do not invent private Chicago Cubs information or statistics.",
          "Distinguish fact, assumption, hypothesis, and speculation."
        ],
        "constraint_scope": "UNVERIFIED_GENERATION_GUIDANCE",
        "purpose": "discovery",
        "verification": [
          {
            "claim_id": "hd-20261009-211812-efe1740f0c77/candidates/0/2/claim/1",
            "candidate_id": "hd-20261009-211812-efe1740f0c77/candidates/0/2",
            "status": "UNCERTAIN",
            "classifications": [],
            "source_ids": [],
            "evidence_provenance": [],
            "check_scope": "SUPPLIED_LEDGER",
            "critical": false,
            "verifier": "supplied_ledger_and_arithmetic/v2",
            "scorer_type": "deterministic",
            "note": "No available check establishes this proposition."
          },
          {
            "claim_id": "hd-20261009-211812-efe1740f0c77/candidates/0/2/claim/2",
            "candidate_id": "hd-20261009-211812-efe1740f0c77/candidates/0/2",
            "status": "UNCERTAIN",
            "classifications": [],
            "source_ids": [],
            "evidence_provenance": [],
            "check_scope": "SUPPLIED_LEDGER",
            "critical": false,
            "verifier": "supplied_ledger_and_arithmetic/v2",
            "scorer_type": "deterministic",
            "note": "No available check establishes this proposition."
          },
          {
            "claim_id": "hd-20261009-211812-efe1740f0c77/candidates/0/2/claim/3",
            "candidate_id": "hd-20261009-211812-efe1740f0c77/candidates/0/2",
            "status": "UNCERTAIN",
            "classifications": [],
            "source_ids": [],
            "evidence_provenance": [],
            "check_scope": "SUPPLIED_LEDGER",
            "critical": false,
            "verifier": "supplied_ledger_and_arithmetic/v2",
            "scorer_type": "deterministic",
            "note": "No available check establishes this proposition."
          },
          {
            "claim_id": "hd-20261009-211812-efe1740f0c77/candidates/0/2/claim/4",
            "candidate_id": "hd-20261009-211812-efe1740f0c77/candidates/0/2",
            "status": "UNCERTAIN",
            "classifications": [],
            "source_ids": [],
            "evidence_provenance": [],
            "check_scope": "SUPPLIED_LEDGER",
            "critical": false,
            "verifier": "supplied_ledger_and_arithmetic/v2",
            "scorer_type": "deterministic",
            "note": "No available check establishes this proposition."
          },
          {
            "claim_id": "hd-20261009-211812-efe1740f0c77/candidates/0/2/claim/5",
            "candidate_id": "hd-20261009-211812-efe1740f0c77/candidates/0/2",
            "status": "UNCERTAIN",
            "classifications": [],
            "source_ids": [],
            "evidence_provenance": [],
            "check_scope": "SUPPLIED_LEDGER",
            "critical": false,
            "verifier": "supplied_ledger_and_arithmetic/v2",
            "scorer_type": "deterministic",
            "note": "No available check establishes this proposition."
          },
          {
            "claim_id": "hd-20261009-211812-efe1740f0c77/candidates/0/2/claim/6",
            "candidate_id": "hd-20261009-211812-efe1740f0c77/candidates/0/2",
            "status": "UNCERTAIN",
            "classifications": [],
            "source_ids": [],
            "evidence_provenance": [],
            "check_scope": "SUPPLIED_LEDGER",
            "critical": false,
            "verifier": "supplied_ledger_and_arithmetic/v2",
            "scorer_type": "deterministic",
            "note": "No available check establishes this proposition."
          },
          {
            "claim_id": "hd-20261009-211812-efe1740f0c77/candidates/0/2/claim/7",
            "candidate_id": "hd-20261009-211812-efe1740f0c77/candidates/0/2",
            "status": "UNCERTAIN",
            "classifications": [],
            "source_ids": [],
            "evidence_provenance": [],
            "check_scope": "SUPPLIED_LEDGER",
            "critical": false,
            "verifier": "supplied_ledger_and_arithmetic/v2",
            "scorer_type": "deterministic",
            "note": "Explicit abstention; not counted as a detected failure or a verified fact."
          },
          {
            "claim_id": "hd-20261009-211812-efe1740f0c77/candidates/0/2/claim/8",
            "candidate_id": "hd-20261009-211812-efe1740f0c77/candidates/0/2",
            "status": "UNCERTAIN",
            "classifications": [],
            "source_ids": [],
            "evidence_provenance": [],
            "check_scope": "SUPPLIED_LEDGER",
            "critical": false,
            "verifier": "supplied_ledger_and_arithmetic/v2",
            "scorer_type": "deterministic",
            "note": "Explicit abstention; not counted as a detected failure or a verified fact."
          },
          {
            "claim_id": "hd-20261009-211812-efe1740f0c77/candidates/0/2/claim/9",
            "candidate_id": "hd-20261009-211812-efe1740f0c77/candidates/0/2",
            "status": "UNCERTAIN",
            "classifications": [],
            "source_ids": [],
            "evidence_provenance": [],
            "check_scope": "SUPPLIED_LEDGER",
            "critical": false,
            "verifier": "supplied_ledger_and_arithmetic/v2",
            "scorer_type": "deterministic",
            "note": "Explicit abstention; not counted as a detected failure or a verified fact."
          },
          {
            "claim_id": "hd-20261009-211812-efe1740f0c77/candidates/0/2/claim/10",
            "candidate_id": "hd-20261009-211812-efe1740f0c77/candidates/0/2",
            "status": "UNCERTAIN",
            "classifications": [],
            "source_ids": [],
            "evidence_provenance": [],
            "check_scope": "SUPPLIED_LEDGER",
            "critical": false,
            "verifier": "supplied_ledger_and_arithmetic/v2",
            "scorer_type": "deterministic",
            "note": "Explicit abstention; not counted as a detected failure or a verified fact."
          },
          {
            "claim_id": "hd-20261009-211812-efe1740f0c77/candidates/0/2/claim/11",
            "candidate_id": "hd-20261009-211812-efe1740f0c77/candidates/0/2",
            "status": "UNCERTAIN",
            "classifications": [],
            "source_ids": [],
            "evidence_provenance": [],
            "check_scope": "SUPPLIED_LEDGER",
            "critical": false,
            "verifier": "supplied_ledger_and_arithmetic/v2",
            "scorer_type": "deterministic",
            "note": "No available check establishes this proposition."
          },
          {
            "claim_id": "hd-20261009-211812-efe1740f0c77/candidates/0/2/claim/12",
            "candidate_id": "hd-20261009-211812-efe1740f0c77/candidates/0/2",
            "status": "UNCERTAIN",
            "classifications": [],
            "source_ids": [],
            "evidence_provenance": [],
            "check_scope": "SUPPLIED_LEDGER",
            "critical": false,
            "verifier": "supplied_ledger_and_arithmetic/v2",
            "scorer_type": "deterministic",
            "note": "No available check establishes this proposition."
          },
          {
            "claim_id": "hd-20261009-211812-efe1740f0c77/candidates/0/2/claim/13",
            "candidate_id": "hd-20261009-211812-efe1740f0c77/candidates/0/2",
            "status": "UNCERTAIN",
            "classifications": [],
            "source_ids": [],
            "evidence_provenance": [],
            "check_scope": "SUPPLIED_LEDGER",
            "critical": false,
            "verifier": "supplied_ledger_and_arithmetic/v2",
            "scorer_type": "deterministic",
            "note": "No available check establishes this proposition."
          },
          {
            "claim_id": "hd-20261009-211812-efe1740f0c77/candidates/0/2/claim/14",
            "candidate_id": "hd-20261009-211812-efe1740f0c77/candidates/0/2",
            "status": "UNCERTAIN",
            "classifications": [],
            "source_ids": [],
            "evidence_provenance": [],
            "check_scope": "SUPPLIED_LEDGER",
            "critical": false,
            "verifier": "supplied_ledger_and_arithmetic/v2",
            "scorer_type": "deterministic",
            "note": "No available check establishes this proposition."
          },
          {
            "claim_id": "hd-20261009-211812-efe1740f0c77/candidates/0/2/claim/15",
            "candidate_id": "hd-20261009-211812-efe1740f0c77/candidates/0/2",
            "status": "UNCERTAIN",
            "classifications": [],
            "source_ids": [],
            "evidence_provenance": [],
            "check_scope": "SUPPLIED_LEDGER",
            "critical": false,
            "verifier": "supplied_ledger_and_arithmetic/v2",
            "scorer_type": "deterministic",
            "note": "No available check establishes this proposition."
          },
          {
            "claim_id": "hd-20261009-211812-efe1740f0c77/candidates/0/2/claim/16",
            "candidate_id": "hd-20261009-211812-efe1740f0c77/candidates/0/2",
            "status": "UNCERTAIN",
            "classifications": [],
            "source_ids": [],
            "evidence_provenance": [],
            "check_scope": "SUPPLIED_LEDGER",
            "critical": false,
            "verifier": "supplied_ledger_and_arithmetic/v2",
            "scorer_type": "deterministic",
            "note": "Explicit abstention; not counted as a detected failure or a verified fact."
          },
          {
            "claim_id": "hd-20261009-211812-efe1740f0c77/candidates/0/2/claim/17",
            "candidate_id": "hd-20261009-211812-efe1740f0c77/candidates/0/2",
            "status": "UNCERTAIN",
            "classifications": [],
            "source_ids": [],
            "evidence_provenance": [],
            "check_scope": "SUPPLIED_LEDGER",
            "critical": false,
            "verifier": "supplied_ledger_and_arithmetic/v2",
            "scorer_type": "deterministic",
            "note": "Explicit abstention; not counted as a detected failure or a verified fact."
          },
          {
            "claim_id": "hd-20261009-211812-efe1740f0c77/candidates/0/2/claim/18",
            "candidate_id": "hd-20261009-211812-efe1740f0c77/candidates/0/2",
            "status": "UNCERTAIN",
            "classifications": [],
            "source_ids": [],
            "evidence_provenance": [],
            "check_scope": "SUPPLIED_LEDGER",
            "critical": false,
            "verifier": "supplied_ledger_and_arithmetic/v2",
            "scorer_type": "deterministic",
            "note": "Explicit abstention; not counted as a detected failure or a verified fact."
          },
          {
            "claim_id": "hd-20261009-211812-efe1740f0c77/candidates/0/2/claim/19",
            "candidate_id": "hd-20261009-211812-efe1740f0c77/candidates/0/2",
            "status": "UNCERTAIN",
            "classifications": [],
            "source_ids": [],
            "evidence_provenance": [],
            "check_scope": "SUPPLIED_LEDGER",
            "critical": false,
            "verifier": "supplied_ledger_and_arithmetic/v2",
            "scorer_type": "deterministic",
            "note": "No available check establishes this proposition."
          },
          {
            "claim_id": "hd-20261009-211812-efe1740f0c77/candidates/0/2/claim/20",
            "candidate_id": "hd-20261009-211812-efe1740f0c77/candidates/0/2",
            "status": "UNCERTAIN",
            "classifications": [],
            "source_ids": [],
            "evidence_provenance": [],
            "check_scope": "SUPPLIED_LEDGER",
            "critical": false,
            "verifier": "supplied_ledger_and_arithmetic/v2",
            "scorer_type": "deterministic",
            "note": "No available check establishes this proposition."
          },
          {
            "claim_id": "hd-20261009-211812-efe1740f0c77/candidates/0/2/claim/21",
            "candidate_id": "hd-20261009-211812-efe1740f0c77/candidates/0/2",
            "status": "UNCERTAIN",
            "classifications": [],
            "source_ids": [],
            "evidence_provenance": [],
            "check_scope": "SUPPLIED_LEDGER",
            "critical": false,
            "verifier": "supplied_ledger_and_arithmetic/v2",
            "scorer_type": "deterministic",
            "note": "No available check establishes this proposition."
          },
          {
            "claim_id": "hd-20261009-211812-efe1740f0c77/candidates/0/2/claim/22",
            "candidate_id": "hd-20261009-211812-efe1740f0c77/candidates/0/2",
            "status": "UNCERTAIN",
            "classifications": [],
            "source_ids": [],
            "evidence_provenance": [],
            "check_scope": "SUPPLIED_LEDGER",
            "critical": false,
            "verifier": "supplied_ledger_and_arithmetic/v2",
            "scorer_type": "deterministic",
            "note": "No available check establishes this proposition."
          },
          {
            "claim_id": "hd-20261009-211812-efe1740f0c77/candidates/0/2/claim/23",
            "candidate_id": "hd-20261009-211812-efe1740f0c77/candidates/0/2",
            "status": "UNCERTAIN",
            "classifications": [],
            "source_ids": [],
            "evidence_provenance": [],
            "check_scope": "SUPPLIED_LEDGER",
            "critical": false,
            "verifier": "supplied_ledger_and_arithmetic/v2",
            "scorer_type": "deterministic",
            "note": "Explicit abstention; not counted as a detected failure or a verified fact."
          },
          {
            "claim_id": "hd-20261009-211812-efe1740f0c77/candidates/0/2/claim/24",
            "candidate_id": "hd-20261009-211812-efe1740f0c77/candidates/0/2",
            "status": "UNCERTAIN",
            "classifications": [],
            "source_ids": [],
            "evidence_provenance": [],
            "check_scope": "SUPPLIED_LEDGER",
            "critical": false,
            "verifier": "supplied_ledger_and_arithmetic/v2",
            "scorer_type": "deterministic",
            "note": "Explicit abstention; not counted as a detected failure or a verified fact."
          },
          {
            "claim_id": "hd-20261009-211812-efe1740f0c77/candidates/0/2/claim/25",
            "candidate_id": "hd-20261009-211812-efe1740f0c77/candidates/0/2",
            "status": "UNCERTAIN",
            "classifications": [],
            "source_ids": [],
            "evidence_provenance": [],
            "check_scope": "SUPPLIED_LEDGER",
            "critical": false,
            "verifier": "supplied_ledger_and_arithmetic/v2",
            "scorer_type": "deterministic",
            "note": "No available check establishes this proposition."
          },
          {
            "claim_id": "hd-20261009-211812-efe1740f0c77/candidates/0/2/claim/26",
            "candidate_id": "hd-20261009-211812-efe1740f0c77/candidates/0/2",
            "status": "UNCERTAIN",
            "classifications": [],
            "source_ids": [],
            "evidence_provenance": [],
            "check_scope": "SUPPLIED_LEDGER",
            "critical": false,
            "verifier": "supplied_ledger_and_arithmetic/v2",
            "scorer_type": "deterministic",
            "note": "No available check establishes this proposition."
          },
          {
            "claim_id": "hd-20261009-211812-efe1740f0c77/candidates/0/2/claim/27",
            "candidate_id": "hd-20261009-211812-efe1740f0c77/candidates/0/2",
            "status": "UNCERTAIN",
            "classifications": [],
            "source_ids": [],
            "evidence_provenance": [],
            "check_scope": "SUPPLIED_LEDGER",
            "critical": false,
            "verifier": "supplied_ledger_and_arithmetic/v2",
            "scorer_type": "deterministic",
            "note": "Explicit abstention; not counted as a detected failure or a verified fact."
          }
        ],
        "candidate_index": 2,
        "trial": 0,
        "prompt_hash": "701967656eb754c804aa588be31c6cfc40ca44d8faf56474ffa65f5bc96867b7",
        "output_hash": "a4011c051e891f06466e4319c6b163c79272455ee27933df82d01ce66a0cb216"
      }
    },
    {
      "schema_version": "howl.candidate/v1",
      "candidate_id": "hd-20261009-211812-efe1740f0c77/candidates/0/3",
      "source_run_id": "hd-20261009-211812-efe1740f0c77",
      "parent_request_id": "cubs-r003-p1-divergent",
      "objective": "Where could software create a meaningful baseball advantage for the Chicago Cubs? The current date is early October 2026, in the Cubs' offseason (their 2026 season ended in the Wild Card Series). A prior experiment found that triaging the November minor-league free-agent pool offers little: the low-attention pool holds under one next-season contributor per club per year, and a simple 'played in MLB last year' rule already finds most value. Prefer recurring decisions where the value at stake is large enough to matter, where public information available at decision time could plausibly beat a simple rule, and where a retrospective test on public history is possible. Consider front office, player development, scouting, coaching and business-of-baseball decisions, and name where software is unnecessary or clubs are already ahead. OUTPUT GUIDANCE (format only): Each IDEA names one problem, the decision owner, the concrete recurring decision and its timing, the size of value at stake, the mechanism of advantage, the simple baseline a club already uses, and the software intervention. Follow with ASSUMPTION and UNKNOWN lines. Do not invent statistics or private Cubs information.",
      "text": "IDEA: Problem=spring-training signal underuse; owner=GM and manager; decision=final Opening Day roster spots and early-season role assignments each late March; value=a few marginal roster slots and leverage roles over the first weeks; mechanism=spring Statcast-tracked velocity, spin and exit-velocity changes may carry real signal even though spring outcome stats are noise; baseline=ignore spring stats and rely on prior-season performance plus contract status; intervention=a model that combines spring physical-tracking deltas with prior-season projections, backtested on public spring tracking against regular-season results.\nASSUMPTION: Public spring-training tracking data covers enough parks, players and seasons to support a retrospective test.\nASSUMPTION: Clubs already use internal spring tracking at a much finer grain, so a public-data edge may be small or zero.\nASSUMPTION: Spring velocity changes partly reflect deliberate ramp-up schedules, which could mask any real signal.\nUNKNOWN: spring_tracking_public_coverage_by_season\nUNKNOWN: spring_velocity_delta_predictive_validity\n\nIDEA: Problem=postseason roster construction for short series; owner=manager, GM and analytics staff; decision=choosing the 26-man roster per round in October, including the count of pitchers versus position players and specialist slots such as pinch runner or third catcher; value=high-leverage innings concentrated in very few games; mechanism=simulating series-specific opponent handedness, off days and starter usage may reveal that the marginal 13th pitcher is worth less than a bench bat or runner; baseline=carry the regular-season structure with the top pitchers; intervention=a series simulator that scores roster variants using public schedules, opponent splits and historical postseason usage.\nASSUMPTION: Postseason sample sizes are too small for direct outcome backtesting, so validation would depend on simulator calibration rather than observed wins.\nASSUMPTION: The edge applies only in seasons when the Cubs reach the postseason, which makes this an episodic decision rather than a reliably recurring one.\nASSUMPTION: Contending clubs likely already run this kind of simulation internally.\nUNKNOWN: marginal_postseason_roster_slot_value\nUNKNOWN: historical_postseason_innings_by_roster_slot\n\nIDEA: Problem=international amateur bonus-pool allocation; owner=international scouting director; decision=distributing the annual signing pool across prospects at the January signing period, with verbal agreements made years earlier; value=the full annual pool plus long-tail prospect value; mechanism=public prospect rankings and published bonuses could show whether value per dollar is higher in concentrated top signings or in spread mid-tier signings; baseline=commit to a few top-ranked players early; intervention=a portfolio model trained on public signing-class bonuses and eventual prospect-list or MLB outcomes.\nASSUMPTION: The real constraint is early verbal agreements with trainers, not analysis, so software may not change behavior.\nASSUMPTION: Outcome lag of six or more years leaves few labeled classes, and rules have changed across eras.\nASSUMPTION: Public bonus data is incomplete for lower-bonus signees, which biases any test toward top signings.\nUNKNOWN: public_bonus_coverage_below_top_signees\nUNKNOWN: international_class_outcome_label_availability\n\nIDEA: Problem=coaching-staff hiring evaluation; owner=president of baseball operations and GM; decision=filling hitting, pitching and bench coach vacancies, typically in October and November; value=staff influence on many players at once, though hard to isolate; mechanism=public player-level changes before and after a coach's arrival at prior stops, adjusted for aging and regression, could separate coaches with repeatable effects from those who benefited from roster churn; baseline=reputation, interviews and network referrals; intervention=a coach-attribution model on public staff histories and player performance deltas.\nASSUMPTION: Coach effects may be unidentifiable because coaches move alongside front-office philosophies and roster changes.\nASSUMPTION: Public staff-tenure records are complete enough to link coaches to player cohorts.\nASSUMPTION: This may overlap with already explored attribution families and should be checked for duplication.\nUNKNOWN: coach_effect_identifiability\nUNKNOWN: public_coaching_staff_history_completeness\n\nIDEA: Problem=early-season weather and postponement exposure at Wrigley; owner=business operations together with the league; decision=managing April and May home-date risk, including ticket and promotion plans and pitcher scheduling around likely postponements; value=lost gate revenue, doubleheader workload and staff-planning costs; mechanism=public historical weather and postponement records could quantify risk by date to inform promotion placement and rotation contingency planning; baseline=static calendar planning; intervention=a date-risk calendar and contingency planner.\nASSUMPTION: Schedule and postponement authority sits largely with the league, which limits club leverage.\nASSUMPTION: The business side likely already uses commercial weather services, so software may be unnecessary here.\nUNKNOWN: club_control_over_postponement_decisions\nUNKNOWN: historical_wrigley_postponement_counts\n\nIDEA: Problem=where software is unnecessary; owner=analytics leadership; decision=annual triage of which tooling to build; value=staff time saved; mechanism=explicitly drop areas where clubs are already ahead or rules already dominate, such as concession demand forecasting, dynamic ticket pricing done by vendors, and minor-league free-agent triage; baseline=build tools by request; intervention=a short scoring rubric rating each candidate on value size, public-signal edge and backtestability.\nASSUMPTION: Ticketing and concessions forecasting at MLB clubs is already mature and vendor-supported, so a marginal internal build adds little.\nUNKNOWN: club_existing_tooling_inventory",
      "condition": "dream",
      "trust": "UNVERIFIED",
      "status": "UNRESOLVED",
      "authority": {
        "type": "ADVISORY",
        "executable": false
      },
      "claims": [
        {
          "id": "hd-20261009-211812-efe1740f0c77/candidates/0/3/claim/1",
          "candidate_id": "hd-20261009-211812-efe1740f0c77/candidates/0/3",
          "kind": "IDEA",
          "text": "Problem=spring-training signal underuse; owner=GM and manager; decision=final Opening Day roster spots and early-season role assignments each late March; value=a few marginal roster slots and leverage roles over the first weeks; mechanism=spring Statcast-tracked velocity, spin and exit-velocity changes may carry real signal even though spring outcome stats are noise; baseline=ignore spring stats and rely on prior-season performance plus contract status; intervention=a model that combines spring physical-tracking deltas with prior-season projections, backtested on public spring tracking against regular-season results.",
          "status": "UNVERIFIED",
          "extractor": "line_grammar/v1"
        },
        {
          "id": "hd-20261009-211812-efe1740f0c77/candidates/0/3/claim/2",
          "candidate_id": "hd-20261009-211812-efe1740f0c77/candidates/0/3",
          "kind": "ASSUMPTION",
          "text": "Public spring-training tracking data covers enough parks, players and seasons to support a retrospective test.",
          "status": "UNVERIFIED",
          "extractor": "line_grammar/v1"
        },
        {
          "id": "hd-20261009-211812-efe1740f0c77/candidates/0/3/claim/3",
          "candidate_id": "hd-20261009-211812-efe1740f0c77/candidates/0/3",
          "kind": "ASSUMPTION",
          "text": "Clubs already use internal spring tracking at a much finer grain, so a public-data edge may be small or zero.",
          "status": "UNVERIFIED",
          "extractor": "line_grammar/v1"
        },
        {
          "id": "hd-20261009-211812-efe1740f0c77/candidates/0/3/claim/4",
          "candidate_id": "hd-20261009-211812-efe1740f0c77/candidates/0/3",
          "kind": "ASSUMPTION",
          "text": "Spring velocity changes partly reflect deliberate ramp-up schedules, which could mask any real signal.",
          "status": "UNVERIFIED",
          "extractor": "line_grammar/v1"
        },
        {
          "id": "hd-20261009-211812-efe1740f0c77/candidates/0/3/claim/5",
          "candidate_id": "hd-20261009-211812-efe1740f0c77/candidates/0/3",
          "kind": "UNKNOWN",
          "text": "spring_tracking_public_coverage_by_season",
          "status": "UNVERIFIED",
          "extractor": "line_grammar/v1"
        },
        {
          "id": "hd-20261009-211812-efe1740f0c77/candidates/0/3/claim/6",
          "candidate_id": "hd-20261009-211812-efe1740f0c77/candidates/0/3",
          "kind": "UNKNOWN",
          "text": "spring_velocity_delta_predictive_validity",
          "status": "UNVERIFIED",
          "extractor": "line_grammar/v1"
        },
        {
          "id": "hd-20261009-211812-efe1740f0c77/candidates/0/3/claim/7",
          "candidate_id": "hd-20261009-211812-efe1740f0c77/candidates/0/3",
          "kind": "IDEA",
          "text": "Problem=postseason roster construction for short series; owner=manager, GM and analytics staff; decision=choosing the 26-man roster per round in October, including the count of pitchers versus position players and specialist slots such as pinch runner or third catcher; value=high-leverage innings concentrated in very few games; mechanism=simulating series-specific opponent handedness, off days and starter usage may reveal that the marginal 13th pitcher is worth less than a bench bat or runner; baseline=carry the regular-season structure with the top pitchers; intervention=a series simulator that scores roster variants using public schedules, opponent splits and historical postseason usage.",
          "status": "UNVERIFIED",
          "extractor": "line_grammar/v1"
        },
        {
          "id": "hd-20261009-211812-efe1740f0c77/candidates/0/3/claim/8",
          "candidate_id": "hd-20261009-211812-efe1740f0c77/candidates/0/3",
          "kind": "ASSUMPTION",
          "text": "Postseason sample sizes are too small for direct outcome backtesting, so validation would depend on simulator calibration rather than observed wins.",
          "status": "UNVERIFIED",
          "extractor": "line_grammar/v1"
        },
        {
          "id": "hd-20261009-211812-efe1740f0c77/candidates/0/3/claim/9",
          "candidate_id": "hd-20261009-211812-efe1740f0c77/candidates/0/3",
          "kind": "ASSUMPTION",
          "text": "The edge applies only in seasons when the Cubs reach the postseason, which makes this an episodic decision rather than a reliably recurring one.",
          "status": "UNVERIFIED",
          "extractor": "line_grammar/v1"
        },
        {
          "id": "hd-20261009-211812-efe1740f0c77/candidates/0/3/claim/10",
          "candidate_id": "hd-20261009-211812-efe1740f0c77/candidates/0/3",
          "kind": "ASSUMPTION",
          "text": "Contending clubs likely already run this kind of simulation internally.",
          "status": "UNVERIFIED",
          "extractor": "line_grammar/v1"
        },
        {
          "id": "hd-20261009-211812-efe1740f0c77/candidates/0/3/claim/11",
          "candidate_id": "hd-20261009-211812-efe1740f0c77/candidates/0/3",
          "kind": "UNKNOWN",
          "text": "marginal_postseason_roster_slot_value",
          "status": "UNVERIFIED",
          "extractor": "line_grammar/v1"
        },
        {
          "id": "hd-20261009-211812-efe1740f0c77/candidates/0/3/claim/12",
          "candidate_id": "hd-20261009-211812-efe1740f0c77/candidates/0/3",
          "kind": "UNKNOWN",
          "text": "historical_postseason_innings_by_roster_slot",
          "status": "UNVERIFIED",
          "extractor": "line_grammar/v1"
        },
        {
          "id": "hd-20261009-211812-efe1740f0c77/candidates/0/3/claim/13",
          "candidate_id": "hd-20261009-211812-efe1740f0c77/candidates/0/3",
          "kind": "IDEA",
          "text": "Problem=international amateur bonus-pool allocation; owner=international scouting director; decision=distributing the annual signing pool across prospects at the January signing period, with verbal agreements made years earlier; value=the full annual pool plus long-tail prospect value; mechanism=public prospect rankings and published bonuses could show whether value per dollar is higher in concentrated top signings or in spread mid-tier signings; baseline=commit to a few top-ranked players early; intervention=a portfolio model trained on public signing-class bonuses and eventual prospect-list or MLB outcomes.",
          "status": "UNVERIFIED",
          "extractor": "line_grammar/v1"
        },
        {
          "id": "hd-20261009-211812-efe1740f0c77/candidates/0/3/claim/14",
          "candidate_id": "hd-20261009-211812-efe1740f0c77/candidates/0/3",
          "kind": "ASSUMPTION",
          "text": "The real constraint is early verbal agreements with trainers, not analysis, so software may not change behavior.",
          "status": "UNVERIFIED",
          "extractor": "line_grammar/v1"
        },
        {
          "id": "hd-20261009-211812-efe1740f0c77/candidates/0/3/claim/15",
          "candidate_id": "hd-20261009-211812-efe1740f0c77/candidates/0/3",
          "kind": "ASSUMPTION",
          "text": "Outcome lag of six or more years leaves few labeled classes, and rules have changed across eras.",
          "status": "UNVERIFIED",
          "extractor": "line_grammar/v1"
        },
        {
          "id": "hd-20261009-211812-efe1740f0c77/candidates/0/3/claim/16",
          "candidate_id": "hd-20261009-211812-efe1740f0c77/candidates/0/3",
          "kind": "ASSUMPTION",
          "text": "Public bonus data is incomplete for lower-bonus signees, which biases any test toward top signings.",
          "status": "UNVERIFIED",
          "extractor": "line_grammar/v1"
        },
        {
          "id": "hd-20261009-211812-efe1740f0c77/candidates/0/3/claim/17",
          "candidate_id": "hd-20261009-211812-efe1740f0c77/candidates/0/3",
          "kind": "UNKNOWN",
          "text": "public_bonus_coverage_below_top_signees",
          "status": "UNVERIFIED",
          "extractor": "line_grammar/v1"
        },
        {
          "id": "hd-20261009-211812-efe1740f0c77/candidates/0/3/claim/18",
          "candidate_id": "hd-20261009-211812-efe1740f0c77/candidates/0/3",
          "kind": "UNKNOWN",
          "text": "international_class_outcome_label_availability",
          "status": "UNVERIFIED",
          "extractor": "line_grammar/v1"
        },
        {
          "id": "hd-20261009-211812-efe1740f0c77/candidates/0/3/claim/19",
          "candidate_id": "hd-20261009-211812-efe1740f0c77/candidates/0/3",
          "kind": "IDEA",
          "text": "Problem=coaching-staff hiring evaluation; owner=president of baseball operations and GM; decision=filling hitting, pitching and bench coach vacancies, typically in October and November; value=staff influence on many players at once, though hard to isolate; mechanism=public player-level changes before and after a coach's arrival at prior stops, adjusted for aging and regression, could separate coaches with repeatable effects from those who benefited from roster churn; baseline=reputation, interviews and network referrals; intervention=a coach-attribution model on public staff histories and player performance deltas.",
          "status": "UNVERIFIED",
          "extractor": "line_grammar/v1"
        },
        {
          "id": "hd-20261009-211812-efe1740f0c77/candidates/0/3/claim/20",
          "candidate_id": "hd-20261009-211812-efe1740f0c77/candidates/0/3",
          "kind": "ASSUMPTION",
          "text": "Coach effects may be unidentifiable because coaches move alongside front-office philosophies and roster changes.",
          "status": "UNVERIFIED",
          "extractor": "line_grammar/v1"
        },
        {
          "id": "hd-20261009-211812-efe1740f0c77/candidates/0/3/claim/21",
          "candidate_id": "hd-20261009-211812-efe1740f0c77/candidates/0/3",
          "kind": "ASSUMPTION",
          "text": "Public staff-tenure records are complete enough to link coaches to player cohorts.",
          "status": "UNVERIFIED",
          "extractor": "line_grammar/v1"
        },
        {
          "id": "hd-20261009-211812-efe1740f0c77/candidates/0/3/claim/22",
          "candidate_id": "hd-20261009-211812-efe1740f0c77/candidates/0/3",
          "kind": "ASSUMPTION",
          "text": "This may overlap with already explored attribution families and should be checked for duplication.",
          "status": "UNVERIFIED",
          "extractor": "line_grammar/v1"
        },
        {
          "id": "hd-20261009-211812-efe1740f0c77/candidates/0/3/claim/23",
          "candidate_id": "hd-20261009-211812-efe1740f0c77/candidates/0/3",
          "kind": "UNKNOWN",
          "text": "coach_effect_identifiability",
          "status": "UNVERIFIED",
          "extractor": "line_grammar/v1"
        },
        {
          "id": "hd-20261009-211812-efe1740f0c77/candidates/0/3/claim/24",
          "candidate_id": "hd-20261009-211812-efe1740f0c77/candidates/0/3",
          "kind": "UNKNOWN",
          "text": "public_coaching_staff_history_completeness",
          "status": "UNVERIFIED",
          "extractor": "line_grammar/v1"
        },
        {
          "id": "hd-20261009-211812-efe1740f0c77/candidates/0/3/claim/25",
          "candidate_id": "hd-20261009-211812-efe1740f0c77/candidates/0/3",
          "kind": "IDEA",
          "text": "Problem=early-season weather and postponement exposure at Wrigley; owner=business operations together with the league; decision=managing April and May home-date risk, including ticket and promotion plans and pitcher scheduling around likely postponements; value=lost gate revenue, doubleheader workload and staff-planning costs; mechanism=public historical weather and postponement records could quantify risk by date to inform promotion placement and rotation contingency planning; baseline=static calendar planning; intervention=a date-risk calendar and contingency planner.",
          "status": "UNVERIFIED",
          "extractor": "line_grammar/v1"
        },
        {
          "id": "hd-20261009-211812-efe1740f0c77/candidates/0/3/claim/26",
          "candidate_id": "hd-20261009-211812-efe1740f0c77/candidates/0/3",
          "kind": "ASSUMPTION",
          "text": "Schedule and postponement authority sits largely with the league, which limits club leverage.",
          "status": "UNVERIFIED",
          "extractor": "line_grammar/v1"
        },
        {
          "id": "hd-20261009-211812-efe1740f0c77/candidates/0/3/claim/27",
          "candidate_id": "hd-20261009-211812-efe1740f0c77/candidates/0/3",
          "kind": "ASSUMPTION",
          "text": "The business side likely already uses commercial weather services, so software may be unnecessary here.",
          "status": "UNVERIFIED",
          "extractor": "line_grammar/v1"
        },
        {
          "id": "hd-20261009-211812-efe1740f0c77/candidates/0/3/claim/28",
          "candidate_id": "hd-20261009-211812-efe1740f0c77/candidates/0/3",
          "kind": "UNKNOWN",
          "text": "club_control_over_postponement_decisions",
          "status": "UNVERIFIED",
          "extractor": "line_grammar/v1"
        },
        {
          "id": "hd-20261009-211812-efe1740f0c77/candidates/0/3/claim/29",
          "candidate_id": "hd-20261009-211812-efe1740f0c77/candidates/0/3",
          "kind": "UNKNOWN",
          "text": "historical_wrigley_postponement_counts",
          "status": "UNVERIFIED",
          "extractor": "line_grammar/v1"
        },
        {
          "id": "hd-20261009-211812-efe1740f0c77/candidates/0/3/claim/30",
          "candidate_id": "hd-20261009-211812-efe1740f0c77/candidates/0/3",
          "kind": "IDEA",
          "text": "Problem=where software is unnecessary; owner=analytics leadership; decision=annual triage of which tooling to build; value=staff time saved; mechanism=explicitly drop areas where clubs are already ahead or rules already dominate, such as concession demand forecasting, dynamic ticket pricing done by vendors, and minor-league free-agent triage; baseline=build tools by request; intervention=a short scoring rubric rating each candidate on value size, public-signal edge and backtestability.",
          "status": "UNVERIFIED",
          "extractor": "line_grammar/v1"
        },
        {
          "id": "hd-20261009-211812-efe1740f0c77/candidates/0/3/claim/31",
          "candidate_id": "hd-20261009-211812-efe1740f0c77/candidates/0/3",
          "kind": "ASSUMPTION",
          "text": "Ticketing and concessions forecasting at MLB clubs is already mature and vendor-supported, so a marginal internal build adds little.",
          "status": "UNVERIFIED",
          "extractor": "line_grammar/v1"
        },
        {
          "id": "hd-20261009-211812-efe1740f0c77/candidates/0/3/claim/32",
          "candidate_id": "hd-20261009-211812-efe1740f0c77/candidates/0/3",
          "kind": "UNKNOWN",
          "text": "club_existing_tooling_inventory",
          "status": "UNVERIFIED",
          "extractor": "line_grammar/v1"
        }
      ],
      "evidence_refs": [
        "objective_context"
      ],
      "assumptions": [
        "Public spring-training tracking data covers enough parks, players and seasons to support a retrospective test.",
        "Clubs already use internal spring tracking at a much finer grain, so a public-data edge may be small or zero.",
        "Spring velocity changes partly reflect deliberate ramp-up schedules, which could mask any real signal.",
        "Postseason sample sizes are too small for direct outcome backtesting, so validation would depend on simulator calibration rather than observed wins.",
        "The edge applies only in seasons when the Cubs reach the postseason, which makes this an episodic decision rather than a reliably recurring one.",
        "Contending clubs likely already run this kind of simulation internally.",
        "The real constraint is early verbal agreements with trainers, not analysis, so software may not change behavior.",
        "Outcome lag of six or more years leaves few labeled classes, and rules have changed across eras.",
        "Public bonus data is incomplete for lower-bonus signees, which biases any test toward top signings.",
        "Coach effects may be unidentifiable because coaches move alongside front-office philosophies and roster changes.",
        "Public staff-tenure records are complete enough to link coaches to player cohorts.",
        "This may overlap with already explored attribution families and should be checked for duplication.",
        "Schedule and postponement authority sits largely with the league, which limits club leverage.",
        "The business side likely already uses commercial weather services, so software may be unnecessary here.",
        "Ticketing and concessions forecasting at MLB clubs is already mature and vendor-supported, so a marginal internal build adds little."
      ],
      "unresolved_issues": [
        "Public spring-training tracking data covers enough parks, players and seasons to support a retrospective test.",
        "Clubs already use internal spring tracking at a much finer grain, so a public-data edge may be small or zero.",
        "Spring velocity changes partly reflect deliberate ramp-up schedules, which could mask any real signal.",
        "Postseason sample sizes are too small for direct outcome backtesting, so validation would depend on simulator calibration rather than observed wins.",
        "The edge applies only in seasons when the Cubs reach the postseason, which makes this an episodic decision rather than a reliably recurring one.",
        "Contending clubs likely already run this kind of simulation internally.",
        "The real constraint is early verbal agreements with trainers, not analysis, so software may not change behavior.",
        "Outcome lag of six or more years leaves few labeled classes, and rules have changed across eras.",
        "Public bonus data is incomplete for lower-bonus signees, which biases any test toward top signings.",
        "Coach effects may be unidentifiable because coaches move alongside front-office philosophies and roster changes.",
        "Public staff-tenure records are complete enough to link coaches to player cohorts.",
        "This may overlap with already explored attribution families and should be checked for duplication.",
        "Schedule and postponement authority sits largely with the league, which limits club leverage.",
        "The business side likely already uses commercial weather services, so software may be unnecessary here.",
        "Ticketing and concessions forecasting at MLB clubs is already mature and vendor-supported, so a marginal internal build adds little.",
        "Problem=spring-training signal underuse; owner=GM and manager; decision=final Opening Day roster spots and early-season role assignments each late March; value=a few marginal roster slots and leverage roles over the first weeks; mechanism=spring Statcast-tracked velocity, spin and exit-velocity changes may carry real signal even though spring outcome stats are noise; baseline=ignore spring stats and rely on prior-season performance plus contract status; intervention=a model that combines spring physical-tracking deltas with prior-season projections, backtested on public spring tracking against regular-season results.",
        "spring_tracking_public_coverage_by_season",
        "spring_velocity_delta_predictive_validity",
        "Problem=postseason roster construction for short series; owner=manager, GM and analytics staff; decision=choosing the 26-man roster per round in October, including the count of pitchers versus position players and specialist slots such as pinch runner or third catcher; value=high-leverage innings concentrated in very few games; mechanism=simulating series-specific opponent handedness, off days and starter usage may reveal that the marginal 13th pitcher is worth less than a bench bat or runner; baseline=carry the regular-season structure with the top pitchers; intervention=a series simulator that scores roster variants using public schedules, opponent splits and historical postseason usage.",
        "marginal_postseason_roster_slot_value",
        "historical_postseason_innings_by_roster_slot",
        "Problem=international amateur bonus-pool allocation; owner=international scouting director; decision=distributing the annual signing pool across prospects at the January signing period, with verbal agreements made years earlier; value=the full annual pool plus long-tail prospect value; mechanism=public prospect rankings and published bonuses could show whether value per dollar is higher in concentrated top signings or in spread mid-tier signings; baseline=commit to a few top-ranked players early; intervention=a portfolio model trained on public signing-class bonuses and eventual prospect-list or MLB outcomes.",
        "public_bonus_coverage_below_top_signees",
        "international_class_outcome_label_availability",
        "Problem=coaching-staff hiring evaluation; owner=president of baseball operations and GM; decision=filling hitting, pitching and bench coach vacancies, typically in October and November; value=staff influence on many players at once, though hard to isolate; mechanism=public player-level changes before and after a coach's arrival at prior stops, adjusted for aging and regression, could separate coaches with repeatable effects from those who benefited from roster churn; baseline=reputation, interviews and network referrals; intervention=a coach-attribution model on public staff histories and player performance deltas.",
        "coach_effect_identifiability",
        "public_coaching_staff_history_completeness",
        "Problem=early-season weather and postponement exposure at Wrigley; owner=business operations together with the league; decision=managing April and May home-date risk, including ticket and promotion plans and pitcher scheduling around likely postponements; value=lost gate revenue, doubleheader workload and staff-planning costs; mechanism=public historical weather and postponement records could quantify risk by date to inform promotion placement and rotation contingency planning; baseline=static calendar planning; intervention=a date-risk calendar and contingency planner.",
        "club_control_over_postponement_decisions",
        "historical_wrigley_postponement_counts",
        "Problem=where software is unnecessary; owner=analytics leadership; decision=annual triage of which tooling to build; value=staff time saved; mechanism=explicitly drop areas where clubs are already ahead or rules already dominate, such as concession demand forecasting, dynamic ticket pricing done by vendors, and minor-league free-agent triage; baseline=build tools by request; intervention=a short scoring rubric rating each candidate on value size, public-signal edge and backtestability.",
        "club_existing_tooling_inventory"
      ],
      "contradictions": [],
      "verified_constraints": [],
      "provenance": {
        "run_id": "hd-20261009-211812-efe1740f0c77",
        "producer_component": "howldream",
        "producer_version": "0.4.4",
        "model_or_provider": "claude-opus-5-5",
        "observation_kind": "EXTERNALLY_OBSERVED",
        "created_at": "2026-10-09T21:24:32.108049+00:00",
        "transformations": [
          "generated"
        ],
        "participation": [
          {
            "operation": "GENERATED",
            "transforming_component": "howldream",
            "origin_component": "howldream",
            "origin_provider": "claude",
            "origin_model": "claude-opus-5-5",
            "subject_count": 1,
            "inference_occurred": true,
            "note": "Dream prompted the provider; the provider authored the text."
          }
        ],
        "request_id": "cubs-r003-p1-divergent",
        "originating_component": "operator",
        "execution": {
          "requested_provider": "command",
          "selected_provider": "command",
          "actual_provider": "claude",
          "adapter": "claude-json",
          "model": "claude-opus-5-5",
          "requested_model": "claude-opus-5-5",
          "deterministic": false,
          "mocked": false,
          "inference_occurred": true,
          "remote": true,
          "remote_observation": "OPERATOR_DECLARED",
          "fallback_reason": null,
          "elapsed_seconds": 33.5468960080002,
          "usage": {
            "input_tokens": 2,
            "cache_creation_input_tokens": 2295,
            "cache_read_input_tokens": 0,
            "output_tokens": 2776,
            "output_tokens_details": {
              "thinking_tokens": 741
            },
            "server_tool_use": {
              "web_search_requests": 0,
              "web_fetch_requests": 0
            },
            "cache_creation": {
              "ephemeral_1h_input_tokens": 2295,
              "ephemeral_5m_input_tokens": 0
            }
          },
          "cost": 0.07388800000000001,
          "request_id": "be1feeb9-9307-49ba-bdd4-d967d6a6c4e9",
          "raw_output_received": true,
          "parse_status": "VALID",
          "repair_attempted": false,
          "sampling": null
        },
        "source_candidate_refs": [],
        "source_candidates_location": "exploration_envelope.json#/provenance/source_candidates",
        "hard_constraints": [
          "Do not assume the problem or the solution.",
          "Lawfully accessible public, historical, or clearly labeled synthetic data only.",
          "Do not invent private Chicago Cubs information or statistics.",
          "Distinguish fact, assumption, hypothesis, and speculation."
        ],
        "constraint_scope": "UNVERIFIED_GENERATION_GUIDANCE",
        "purpose": "discovery",
        "verification": [
          {
            "claim_id": "hd-20261009-211812-efe1740f0c77/candidates/0/3/claim/1",
            "candidate_id": "hd-20261009-211812-efe1740f0c77/candidates/0/3",
            "status": "UNCERTAIN",
            "classifications": [],
            "source_ids": [],
            "evidence_provenance": [],
            "check_scope": "SUPPLIED_LEDGER",
            "critical": false,
            "verifier": "supplied_ledger_and_arithmetic/v2",
            "scorer_type": "deterministic",
            "note": "No available check establishes this proposition."
          },
          {
            "claim_id": "hd-20261009-211812-efe1740f0c77/candidates/0/3/claim/2",
            "candidate_id": "hd-20261009-211812-efe1740f0c77/candidates/0/3",
            "status": "UNCERTAIN",
            "classifications": [],
            "source_ids": [],
            "evidence_provenance": [],
            "check_scope": "SUPPLIED_LEDGER",
            "critical": false,
            "verifier": "supplied_ledger_and_arithmetic/v2",
            "scorer_type": "deterministic",
            "note": "No available check establishes this proposition."
          },
          {
            "claim_id": "hd-20261009-211812-efe1740f0c77/candidates/0/3/claim/3",
            "candidate_id": "hd-20261009-211812-efe1740f0c77/candidates/0/3",
            "status": "UNCERTAIN",
            "classifications": [],
            "source_ids": [],
            "evidence_provenance": [],
            "check_scope": "SUPPLIED_LEDGER",
            "critical": false,
            "verifier": "supplied_ledger_and_arithmetic/v2",
            "scorer_type": "deterministic",
            "note": "No available check establishes this proposition."
          },
          {
            "claim_id": "hd-20261009-211812-efe1740f0c77/candidates/0/3/claim/4",
            "candidate_id": "hd-20261009-211812-efe1740f0c77/candidates/0/3",
            "status": "UNCERTAIN",
            "classifications": [],
            "source_ids": [],
            "evidence_provenance": [],
            "check_scope": "SUPPLIED_LEDGER",
            "critical": false,
            "verifier": "supplied_ledger_and_arithmetic/v2",
            "scorer_type": "deterministic",
            "note": "No available check establishes this proposition."
          },
          {
            "claim_id": "hd-20261009-211812-efe1740f0c77/candidates/0/3/claim/5",
            "candidate_id": "hd-20261009-211812-efe1740f0c77/candidates/0/3",
            "status": "UNCERTAIN",
            "classifications": [],
            "source_ids": [],
            "evidence_provenance": [],
            "check_scope": "SUPPLIED_LEDGER",
            "critical": false,
            "verifier": "supplied_ledger_and_arithmetic/v2",
            "scorer_type": "deterministic",
            "note": "Explicit abstention; not counted as a detected failure or a verified fact."
          },
          {
            "claim_id": "hd-20261009-211812-efe1740f0c77/candidates/0/3/claim/6",
            "candidate_id": "hd-20261009-211812-efe1740f0c77/candidates/0/3",
            "status": "UNCERTAIN",
            "classifications": [],
            "source_ids": [],
            "evidence_provenance": [],
            "check_scope": "SUPPLIED_LEDGER",
            "critical": false,
            "verifier": "supplied_ledger_and_arithmetic/v2",
            "scorer_type": "deterministic",
            "note": "Explicit abstention; not counted as a detected failure or a verified fact."
          },
          {
            "claim_id": "hd-20261009-211812-efe1740f0c77/candidates/0/3/claim/7",
            "candidate_id": "hd-20261009-211812-efe1740f0c77/candidates/0/3",
            "status": "UNCERTAIN",
            "classifications": [],
            "source_ids": [],
            "evidence_provenance": [],
            "check_scope": "SUPPLIED_LEDGER",
            "critical": false,
            "verifier": "supplied_ledger_and_arithmetic/v2",
            "scorer_type": "deterministic",
            "note": "No available check establishes this proposition."
          },
          {
            "claim_id": "hd-20261009-211812-efe1740f0c77/candidates/0/3/claim/8",
            "candidate_id": "hd-20261009-211812-efe1740f0c77/candidates/0/3",
            "status": "UNCERTAIN",
            "classifications": [],
            "source_ids": [],
            "evidence_provenance": [],
            "check_scope": "SUPPLIED_LEDGER",
            "critical": false,
            "verifier": "supplied_ledger_and_arithmetic/v2",
            "scorer_type": "deterministic",
            "note": "No available check establishes this proposition."
          },
          {
            "claim_id": "hd-20261009-211812-efe1740f0c77/candidates/0/3/claim/9",
            "candidate_id": "hd-20261009-211812-efe1740f0c77/candidates/0/3",
            "status": "UNCERTAIN",
            "classifications": [],
            "source_ids": [],
            "evidence_provenance": [],
            "check_scope": "SUPPLIED_LEDGER",
            "critical": false,
            "verifier": "supplied_ledger_and_arithmetic/v2",
            "scorer_type": "deterministic",
            "note": "No available check establishes this proposition."
          },
          {
            "claim_id": "hd-20261009-211812-efe1740f0c77/candidates/0/3/claim/10",
            "candidate_id": "hd-20261009-211812-efe1740f0c77/candidates/0/3",
            "status": "UNCERTAIN",
            "classifications": [],
            "source_ids": [],
            "evidence_provenance": [],
            "check_scope": "SUPPLIED_LEDGER",
            "critical": false,
            "verifier": "supplied_ledger_and_arithmetic/v2",
            "scorer_type": "deterministic",
            "note": "No available check establishes this proposition."
          },
          {
            "claim_id": "hd-20261009-211812-efe1740f0c77/candidates/0/3/claim/11",
            "candidate_id": "hd-20261009-211812-efe1740f0c77/candidates/0/3",
            "status": "UNCERTAIN",
            "classifications": [],
            "source_ids": [],
            "evidence_provenance": [],
            "check_scope": "SUPPLIED_LEDGER",
            "critical": false,
            "verifier": "supplied_ledger_and_arithmetic/v2",
            "scorer_type": "deterministic",
            "note": "Explicit abstention; not counted as a detected failure or a verified fact."
          },
          {
            "claim_id": "hd-20261009-211812-efe1740f0c77/candidates/0/3/claim/12",
            "candidate_id": "hd-20261009-211812-efe1740f0c77/candidates/0/3",
            "status": "UNCERTAIN",
            "classifications": [],
            "source_ids": [],
            "evidence_provenance": [],
            "check_scope": "SUPPLIED_LEDGER",
            "critical": false,
            "verifier": "supplied_ledger_and_arithmetic/v2",
            "scorer_type": "deterministic",
            "note": "Explicit abstention; not counted as a detected failure or a verified fact."
          },
          {
            "claim_id": "hd-20261009-211812-efe1740f0c77/candidates/0/3/claim/13",
            "candidate_id": "hd-20261009-211812-efe1740f0c77/candidates/0/3",
            "status": "UNCERTAIN",
            "classifications": [],
            "source_ids": [],
            "evidence_provenance": [],
            "check_scope": "SUPPLIED_LEDGER",
            "critical": false,
            "verifier": "supplied_ledger_and_arithmetic/v2",
            "scorer_type": "deterministic",
            "note": "No available check establishes this proposition."
          },
          {
            "claim_id": "hd-20261009-211812-efe1740f0c77/candidates/0/3/claim/14",
            "candidate_id": "hd-20261009-211812-efe1740f0c77/candidates/0/3",
            "status": "UNCERTAIN",
            "classifications": [],
            "source_ids": [],
            "evidence_provenance": [],
            "check_scope": "SUPPLIED_LEDGER",
            "critical": false,
            "verifier": "supplied_ledger_and_arithmetic/v2",
            "scorer_type": "deterministic",
            "note": "No available check establishes this proposition."
          },
          {
            "claim_id": "hd-20261009-211812-efe1740f0c77/candidates/0/3/claim/15",
            "candidate_id": "hd-20261009-211812-efe1740f0c77/candidates/0/3",
            "status": "UNCERTAIN",
            "classifications": [],
            "source_ids": [],
            "evidence_provenance": [],
            "check_scope": "SUPPLIED_LEDGER",
            "critical": false,
            "verifier": "supplied_ledger_and_arithmetic/v2",
            "scorer_type": "deterministic",
            "note": "No available check establishes this proposition."
          },
          {
            "claim_id": "hd-20261009-211812-efe1740f0c77/candidates/0/3/claim/16",
            "candidate_id": "hd-20261009-211812-efe1740f0c77/candidates/0/3",
            "status": "UNCERTAIN",
            "classifications": [],
            "source_ids": [],
            "evidence_provenance": [],
            "check_scope": "SUPPLIED_LEDGER",
            "critical": false,
            "verifier": "supplied_ledger_and_arithmetic/v2",
            "scorer_type": "deterministic",
            "note": "No available check establishes this proposition."
          },
          {
            "claim_id": "hd-20261009-211812-efe1740f0c77/candidates/0/3/claim/17",
            "candidate_id": "hd-20261009-211812-efe1740f0c77/candidates/0/3",
            "status": "UNCERTAIN",
            "classifications": [],
            "source_ids": [],
            "evidence_provenance": [],
            "check_scope": "SUPPLIED_LEDGER",
            "critical": false,
            "verifier": "supplied_ledger_and_arithmetic/v2",
            "scorer_type": "deterministic",
            "note": "Explicit abstention; not counted as a detected failure or a verified fact."
          },
          {
            "claim_id": "hd-20261009-211812-efe1740f0c77/candidates/0/3/claim/18",
            "candidate_id": "hd-20261009-211812-efe1740f0c77/candidates/0/3",
            "status": "UNCERTAIN",
            "classifications": [],
            "source_ids": [],
            "evidence_provenance": [],
            "check_scope": "SUPPLIED_LEDGER",
            "critical": false,
            "verifier": "supplied_ledger_and_arithmetic/v2",
            "scorer_type": "deterministic",
            "note": "Explicit abstention; not counted as a detected failure or a verified fact."
          },
          {
            "claim_id": "hd-20261009-211812-efe1740f0c77/candidates/0/3/claim/19",
            "candidate_id": "hd-20261009-211812-efe1740f0c77/candidates/0/3",
            "status": "UNCERTAIN",
            "classifications": [],
            "source_ids": [],
            "evidence_provenance": [],
            "check_scope": "SUPPLIED_LEDGER",
            "critical": false,
            "verifier": "supplied_ledger_and_arithmetic/v2",
            "scorer_type": "deterministic",
            "note": "No available check establishes this proposition."
          },
          {
            "claim_id": "hd-20261009-211812-efe1740f0c77/candidates/0/3/claim/20",
            "candidate_id": "hd-20261009-211812-efe1740f0c77/candidates/0/3",
            "status": "UNCERTAIN",
            "classifications": [],
            "source_ids": [],
            "evidence_provenance": [],
            "check_scope": "SUPPLIED_LEDGER",
            "critical": false,
            "verifier": "supplied_ledger_and_arithmetic/v2",
            "scorer_type": "deterministic",
            "note": "No available check establishes this proposition."
          },
          {
            "claim_id": "hd-20261009-211812-efe1740f0c77/candidates/0/3/claim/21",
            "candidate_id": "hd-20261009-211812-efe1740f0c77/candidates/0/3",
            "status": "UNCERTAIN",
            "classifications": [],
            "source_ids": [],
            "evidence_provenance": [],
            "check_scope": "SUPPLIED_LEDGER",
            "critical": false,
            "verifier": "supplied_ledger_and_arithmetic/v2",
            "scorer_type": "deterministic",
            "note": "No available check establishes this proposition."
          },
          {
            "claim_id": "hd-20261009-211812-efe1740f0c77/candidates/0/3/claim/22",
            "candidate_id": "hd-20261009-211812-efe1740f0c77/candidates/0/3",
            "status": "UNCERTAIN",
            "classifications": [],
            "source_ids": [],
            "evidence_provenance": [],
            "check_scope": "SUPPLIED_LEDGER",
            "critical": false,
            "verifier": "supplied_ledger_and_arithmetic/v2",
            "scorer_type": "deterministic",
            "note": "No available check establishes this proposition."
          },
          {
            "claim_id": "hd-20261009-211812-efe1740f0c77/candidates/0/3/claim/23",
            "candidate_id": "hd-20261009-211812-efe1740f0c77/candidates/0/3",
            "status": "UNCERTAIN",
            "classifications": [],
            "source_ids": [],
            "evidence_provenance": [],
            "check_scope": "SUPPLIED_LEDGER",
            "critical": false,
            "verifier": "supplied_ledger_and_arithmetic/v2",
            "scorer_type": "deterministic",
            "note": "Explicit abstention; not counted as a detected failure or a verified fact."
          },
          {
            "claim_id": "hd-20261009-211812-efe1740f0c77/candidates/0/3/claim/24",
            "candidate_id": "hd-20261009-211812-efe1740f0c77/candidates/0/3",
            "status": "UNCERTAIN",
            "classifications": [],
            "source_ids": [],
            "evidence_provenance": [],
            "check_scope": "SUPPLIED_LEDGER",
            "critical": false,
            "verifier": "supplied_ledger_and_arithmetic/v2",
            "scorer_type": "deterministic",
            "note": "Explicit abstention; not counted as a detected failure or a verified fact."
          },
          {
            "claim_id": "hd-20261009-211812-efe1740f0c77/candidates/0/3/claim/25",
            "candidate_id": "hd-20261009-211812-efe1740f0c77/candidates/0/3",
            "status": "UNCERTAIN",
            "classifications": [],
            "source_ids": [],
            "evidence_provenance": [],
            "check_scope": "SUPPLIED_LEDGER",
            "critical": false,
            "verifier": "supplied_ledger_and_arithmetic/v2",
            "scorer_type": "deterministic",
            "note": "No available check establishes this proposition."
          },
          {
            "claim_id": "hd-20261009-211812-efe1740f0c77/candidates/0/3/claim/26",
            "candidate_id": "hd-20261009-211812-efe1740f0c77/candidates/0/3",
            "status": "UNCERTAIN",
            "classifications": [],
            "source_ids": [],
            "evidence_provenance": [],
            "check_scope": "SUPPLIED_LEDGER",
            "critical": false,
            "verifier": "supplied_ledger_and_arithmetic/v2",
            "scorer_type": "deterministic",
            "note": "No available check establishes this proposition."
          },
          {
            "claim_id": "hd-20261009-211812-efe1740f0c77/candidates/0/3/claim/27",
            "candidate_id": "hd-20261009-211812-efe1740f0c77/candidates/0/3",
            "status": "UNCERTAIN",
            "classifications": [],
            "source_ids": [],
            "evidence_provenance": [],
            "check_scope": "SUPPLIED_LEDGER",
            "critical": false,
            "verifier": "supplied_ledger_and_arithmetic/v2",
            "scorer_type": "deterministic",
            "note": "No available check establishes this proposition."
          },
          {
            "claim_id": "hd-20261009-211812-efe1740f0c77/candidates/0/3/claim/28",
            "candidate_id": "hd-20261009-211812-efe1740f0c77/candidates/0/3",
            "status": "UNCERTAIN",
            "classifications": [],
            "source_ids": [],
            "evidence_provenance": [],
            "check_scope": "SUPPLIED_LEDGER",
            "critical": false,
            "verifier": "supplied_ledger_and_arithmetic/v2",
            "scorer_type": "deterministic",
            "note": "Explicit abstention; not counted as a detected failure or a verified fact."
          },
          {
            "claim_id": "hd-20261009-211812-efe1740f0c77/candidates/0/3/claim/29",
            "candidate_id": "hd-20261009-211812-efe1740f0c77/candidates/0/3",
            "status": "UNCERTAIN",
            "classifications": [],
            "source_ids": [],
            "evidence_provenance": [],
            "check_scope": "SUPPLIED_LEDGER",
            "critical": false,
            "verifier": "supplied_ledger_and_arithmetic/v2",
            "scorer_type": "deterministic",
            "note": "Explicit abstention; not counted as a detected failure or a verified fact."
          },
          {
            "claim_id": "hd-20261009-211812-efe1740f0c77/candidates/0/3/claim/30",
            "candidate_id": "hd-20261009-211812-efe1740f0c77/candidates/0/3",
            "status": "UNCERTAIN",
            "classifications": [],
            "source_ids": [],
            "evidence_provenance": [],
            "check_scope": "SUPPLIED_LEDGER",
            "critical": false,
            "verifier": "supplied_ledger_and_arithmetic/v2",
            "scorer_type": "deterministic",
            "note": "No available check establishes this proposition."
          },
          {
            "claim_id": "hd-20261009-211812-efe1740f0c77/candidates/0/3/claim/31",
            "candidate_id": "hd-20261009-211812-efe1740f0c77/candidates/0/3",
            "status": "UNCERTAIN",
            "classifications": [],
            "source_ids": [],
            "evidence_provenance": [],
            "check_scope": "SUPPLIED_LEDGER",
            "critical": false,
            "verifier": "supplied_ledger_and_arithmetic/v2",
            "scorer_type": "deterministic",
            "note": "No available check establishes this proposition."
          },
          {
            "claim_id": "hd-20261009-211812-efe1740f0c77/candidates/0/3/claim/32",
            "candidate_id": "hd-20261009-211812-efe1740f0c77/candidates/0/3",
            "status": "UNCERTAIN",
            "classifications": [],
            "source_ids": [],
            "evidence_provenance": [],
            "check_scope": "SUPPLIED_LEDGER",
            "critical": false,
            "verifier": "supplied_ledger_and_arithmetic/v2",
            "scorer_type": "deterministic",
            "note": "Explicit abstention; not counted as a detected failure or a verified fact."
          }
        ],
        "candidate_index": 3,
        "trial": 0,
        "prompt_hash": "a9a63fee67d9f8f2b4d95d5d36f7f6bce0281f6aeb4fc2b88d5a38c8dc40546f",
        "output_hash": "dbedb25f7450aa362f5e6321626b04a6e00b6e182b033c3af587e3b8a2b3c420"
      }
    },
    {
      "schema_version": "howl.candidate/v1",
      "candidate_id": "hd-20261009-211812-efe1740f0c77/candidates/0/4",
      "source_run_id": "hd-20261009-211812-efe1740f0c77",
      "parent_request_id": "cubs-r003-p1-divergent",
      "objective": "Where could software create a meaningful baseball advantage for the Chicago Cubs? The current date is early October 2026, in the Cubs' offseason (their 2026 season ended in the Wild Card Series). A prior experiment found that triaging the November minor-league free-agent pool offers little: the low-attention pool holds under one next-season contributor per club per year, and a simple 'played in MLB last year' rule already finds most value. Prefer recurring decisions where the value at stake is large enough to matter, where public information available at decision time could plausibly beat a simple rule, and where a retrospective test on public history is possible. Consider front office, player development, scouting, coaching and business-of-baseball decisions, and name where software is unnecessary or clubs are already ahead. OUTPUT GUIDANCE (format only): Each IDEA names one problem, the decision owner, the concrete recurring decision and its timing, the size of value at stake, the mechanism of advantage, the simple baseline a club already uses, and the software intervention. Follow with ASSUMPTION and UNKNOWN lines. Do not invent statistics or private Cubs information.",
      "text": "IDEA: Problem family: estimating the marginal value of coaching and player-development staff hires. This is a decision family not covered by the explored list.\nIDEA: Decision owner: the President of Baseball Operations and GM, with input from the farm director for minor-league staff.\nIDEA: Recurring decision: hiring, retaining or replacing MLB coaches, such as hitting, pitching, catching and bench coaches.\nIDEA: Timing: each October through December, and staff turnover across MLB clusters in the weeks after clubs are eliminated. Early October 2026 is inside this window for the Cubs.\nIDEA: Recurring decision: filling minor-league coordinator and affiliate coach roles each winter. These hires shape many player-seasons at once.\nIDEA: Value at stake (hypothesis): a coach touches every player on the staff or lineup for multiple seasons. A real coach effect would therefore compound across far more player-seasons than any single roster move.\nIDEA: Value at stake (hypothesis): coaching salaries are small compared with player payroll, so a good evaluation could have high leverage per dollar if true coach effects exist.\nIDEA: Simple baseline a club already uses: hire by reputation, playing career, network referrals, interviews, and the outcomes of the coach's prior team.\nIDEA: Mechanism of advantage: public team and staff directories, media transaction reports and Baseball-Reference coaching records can be joined to player-level public metrics. This builds a coach-player linkage panel.\nIDEA: Mechanism of advantage: use movement-based identification. Track the same players under different coaches, and the same coaches with different players. This separates coach effects from player aging and talent.\nIDEA: Mechanism of advantage: the model would estimate within-player changes after a coaching change, compared against matched players whose coaches did not change. It would use public outcome metrics such as chase rate, zone contact, pitch-mix shifts and walk rate.\nIDEA: Software intervention: a coach-candidate dossier generator. For each candidate it would report the before/after trajectories of players they coached, with uncertainty intervals, matched controls and sample-size warnings.\nIDEA: Software intervention: a retrospective test. Freeze data as of each past offseason, rank the coaching hires made that winter, and check whether the rankings predicted the next one to two seasons of player-change metrics better than the prior-team-outcome baseline.\nIDEA: Unconventional extension: treat staff as a scarce market. Flag undervalued coaches whose players improved but whose teams lost, since a team-record baseline would systematically overlook them.\nASSUMPTION: Coach effects on player outcomes are large enough and persistent enough to detect above noise. This is the central challenge, and the result may well be a null.\nASSUMPTION: Public staff assignment data is complete and accurately dated enough to build a linkage panel. Mid-season title changes and shared roles may blur attribution.\nASSUMPTION: Player improvement after a coaching change is not dominated by confounders that public data cannot separate. Examples include regression to the mean, front-office technology, private biomechanics programs, and the same front office hiring both the player and the coach.\nASSUMPTION: Hitting and pitching coaches control enough of player development to deserve credit. Many clubs spread instruction across analysts, coordinators and private trainers, so attribution may be meaningless.\nASSUMPTION: The number of coach moves per year gives enough independent events for a retrospective test. Small N could make any ranking statistically indistinguishable from the reputation baseline.\nASSUMPTION: Clubs that already analyze coaches internally with private data are likely ahead of a public-data model. Software may then add little beyond organizing candidate research.\nASSUMPTION: Interpersonal fit, communication and clubhouse trust may dominate a coach's value and resist public measurement. A quantitative dossier might mislead more than it informs if over-weighted.\nASSUMPTION: Software may be unnecessary if the binding constraint is candidate availability or salary competition rather than evaluation quality.\nASSUMPTION: Minor-league staff effects might be more detectable than MLB effects because the player samples are larger. However, public minor-league tracking data may be too thin or too recent to support this.\nUNKNOWN: magnitude_of_true_mlb_coach_effects\nUNKNOWN: annual_count_of_mlb_hitting_and_pitching_coach_changes\nUNKNOWN: completeness_of_public_coaching_staff_histories\nUNKNOWN: availability_of_public_minor_league_staff_assignments_by_season\nUNKNOWN: cubs_current_coaching_staff_vacancies_october_2026\nUNKNOWN: cubs_existing_internal_coach_evaluation_methods\nUNKNOWN: whether_other_clubs_already_use_coach_effect_models\nUNKNOWN: minimum_sample_needed_to_distinguish_coach_ranking_from_reputation_baseline",
      "condition": "dream",
      "trust": "UNVERIFIED",
      "status": "UNRESOLVED",
      "authority": {
        "type": "ADVISORY",
        "executable": false
      },
      "claims": [
        {
          "id": "hd-20261009-211812-efe1740f0c77/candidates/0/4/claim/1",
          "candidate_id": "hd-20261009-211812-efe1740f0c77/candidates/0/4",
          "kind": "IDEA",
          "text": "Problem family: estimating the marginal value of coaching and player-development staff hires. This is a decision family not covered by the explored list.",
          "status": "UNVERIFIED",
          "extractor": "line_grammar/v1"
        },
        {
          "id": "hd-20261009-211812-efe1740f0c77/candidates/0/4/claim/2",
          "candidate_id": "hd-20261009-211812-efe1740f0c77/candidates/0/4",
          "kind": "IDEA",
          "text": "Decision owner: the President of Baseball Operations and GM, with input from the farm director for minor-league staff.",
          "status": "UNVERIFIED",
          "extractor": "line_grammar/v1"
        },
        {
          "id": "hd-20261009-211812-efe1740f0c77/candidates/0/4/claim/3",
          "candidate_id": "hd-20261009-211812-efe1740f0c77/candidates/0/4",
          "kind": "IDEA",
          "text": "Recurring decision: hiring, retaining or replacing MLB coaches, such as hitting, pitching, catching and bench coaches.",
          "status": "UNVERIFIED",
          "extractor": "line_grammar/v1"
        },
        {
          "id": "hd-20261009-211812-efe1740f0c77/candidates/0/4/claim/4",
          "candidate_id": "hd-20261009-211812-efe1740f0c77/candidates/0/4",
          "kind": "IDEA",
          "text": "Timing: each October through December, and staff turnover across MLB clusters in the weeks after clubs are eliminated. Early October 2026 is inside this window for the Cubs.",
          "status": "UNVERIFIED",
          "extractor": "line_grammar/v1"
        },
        {
          "id": "hd-20261009-211812-efe1740f0c77/candidates/0/4/claim/5",
          "candidate_id": "hd-20261009-211812-efe1740f0c77/candidates/0/4",
          "kind": "IDEA",
          "text": "Recurring decision: filling minor-league coordinator and affiliate coach roles each winter. These hires shape many player-seasons at once.",
          "status": "UNVERIFIED",
          "extractor": "line_grammar/v1"
        },
        {
          "id": "hd-20261009-211812-efe1740f0c77/candidates/0/4/claim/6",
          "candidate_id": "hd-20261009-211812-efe1740f0c77/candidates/0/4",
          "kind": "IDEA",
          "text": "Value at stake (hypothesis): a coach touches every player on the staff or lineup for multiple seasons. A real coach effect would therefore compound across far more player-seasons than any single roster move.",
          "status": "UNVERIFIED",
          "extractor": "line_grammar/v1"
        },
        {
          "id": "hd-20261009-211812-efe1740f0c77/candidates/0/4/claim/7",
          "candidate_id": "hd-20261009-211812-efe1740f0c77/candidates/0/4",
          "kind": "IDEA",
          "text": "Value at stake (hypothesis): coaching salaries are small compared with player payroll, so a good evaluation could have high leverage per dollar if true coach effects exist.",
          "status": "UNVERIFIED",
          "extractor": "line_grammar/v1"
        },
        {
          "id": "hd-20261009-211812-efe1740f0c77/candidates/0/4/claim/8",
          "candidate_id": "hd-20261009-211812-efe1740f0c77/candidates/0/4",
          "kind": "IDEA",
          "text": "Simple baseline a club already uses: hire by reputation, playing career, network referrals, interviews, and the outcomes of the coach's prior team.",
          "status": "UNVERIFIED",
          "extractor": "line_grammar/v1"
        },
        {
          "id": "hd-20261009-211812-efe1740f0c77/candidates/0/4/claim/9",
          "candidate_id": "hd-20261009-211812-efe1740f0c77/candidates/0/4",
          "kind": "IDEA",
          "text": "Mechanism of advantage: public team and staff directories, media transaction reports and Baseball-Reference coaching records can be joined to player-level public metrics. This builds a coach-player linkage panel.",
          "status": "UNVERIFIED",
          "extractor": "line_grammar/v1"
        },
        {
          "id": "hd-20261009-211812-efe1740f0c77/candidates/0/4/claim/10",
          "candidate_id": "hd-20261009-211812-efe1740f0c77/candidates/0/4",
          "kind": "IDEA",
          "text": "Mechanism of advantage: use movement-based identification. Track the same players under different coaches, and the same coaches with different players. This separates coach effects from player aging and talent.",
          "status": "UNVERIFIED",
          "extractor": "line_grammar/v1"
        },
        {
          "id": "hd-20261009-211812-efe1740f0c77/candidates/0/4/claim/11",
          "candidate_id": "hd-20261009-211812-efe1740f0c77/candidates/0/4",
          "kind": "IDEA",
          "text": "Mechanism of advantage: the model would estimate within-player changes after a coaching change, compared against matched players whose coaches did not change. It would use public outcome metrics such as chase rate, zone contact, pitch-mix shifts and walk rate.",
          "status": "UNVERIFIED",
          "extractor": "line_grammar/v1"
        },
        {
          "id": "hd-20261009-211812-efe1740f0c77/candidates/0/4/claim/12",
          "candidate_id": "hd-20261009-211812-efe1740f0c77/candidates/0/4",
          "kind": "IDEA",
          "text": "Software intervention: a coach-candidate dossier generator. For each candidate it would report the before/after trajectories of players they coached, with uncertainty intervals, matched controls and sample-size warnings.",
          "status": "UNVERIFIED",
          "extractor": "line_grammar/v1"
        },
        {
          "id": "hd-20261009-211812-efe1740f0c77/candidates/0/4/claim/13",
          "candidate_id": "hd-20261009-211812-efe1740f0c77/candidates/0/4",
          "kind": "IDEA",
          "text": "Software intervention: a retrospective test. Freeze data as of each past offseason, rank the coaching hires made that winter, and check whether the rankings predicted the next one to two seasons of player-change metrics better than the prior-team-outcome baseline.",
          "status": "UNVERIFIED",
          "extractor": "line_grammar/v1"
        },
        {
          "id": "hd-20261009-211812-efe1740f0c77/candidates/0/4/claim/14",
          "candidate_id": "hd-20261009-211812-efe1740f0c77/candidates/0/4",
          "kind": "IDEA",
          "text": "Unconventional extension: treat staff as a scarce market. Flag undervalued coaches whose players improved but whose teams lost, since a team-record baseline would systematically overlook them.",
          "status": "UNVERIFIED",
          "extractor": "line_grammar/v1"
        },
        {
          "id": "hd-20261009-211812-efe1740f0c77/candidates/0/4/claim/15",
          "candidate_id": "hd-20261009-211812-efe1740f0c77/candidates/0/4",
          "kind": "ASSUMPTION",
          "text": "Coach effects on player outcomes are large enough and persistent enough to detect above noise. This is the central challenge, and the result may well be a null.",
          "status": "UNVERIFIED",
          "extractor": "line_grammar/v1"
        },
        {
          "id": "hd-20261009-211812-efe1740f0c77/candidates/0/4/claim/16",
          "candidate_id": "hd-20261009-211812-efe1740f0c77/candidates/0/4",
          "kind": "ASSUMPTION",
          "text": "Public staff assignment data is complete and accurately dated enough to build a linkage panel. Mid-season title changes and shared roles may blur attribution.",
          "status": "UNVERIFIED",
          "extractor": "line_grammar/v1"
        },
        {
          "id": "hd-20261009-211812-efe1740f0c77/candidates/0/4/claim/17",
          "candidate_id": "hd-20261009-211812-efe1740f0c77/candidates/0/4",
          "kind": "ASSUMPTION",
          "text": "Player improvement after a coaching change is not dominated by confounders that public data cannot separate. Examples include regression to the mean, front-office technology, private biomechanics programs, and the same front office hiring both the player and the coach.",
          "status": "UNVERIFIED",
          "extractor": "line_grammar/v1"
        },
        {
          "id": "hd-20261009-211812-efe1740f0c77/candidates/0/4/claim/18",
          "candidate_id": "hd-20261009-211812-efe1740f0c77/candidates/0/4",
          "kind": "ASSUMPTION",
          "text": "Hitting and pitching coaches control enough of player development to deserve credit. Many clubs spread instruction across analysts, coordinators and private trainers, so attribution may be meaningless.",
          "status": "UNVERIFIED",
          "extractor": "line_grammar/v1"
        },
        {
          "id": "hd-20261009-211812-efe1740f0c77/candidates/0/4/claim/19",
          "candidate_id": "hd-20261009-211812-efe1740f0c77/candidates/0/4",
          "kind": "ASSUMPTION",
          "text": "The number of coach moves per year gives enough independent events for a retrospective test. Small N could make any ranking statistically indistinguishable from the reputation baseline.",
          "status": "UNVERIFIED",
          "extractor": "line_grammar/v1"
        },
        {
          "id": "hd-20261009-211812-efe1740f0c77/candidates/0/4/claim/20",
          "candidate_id": "hd-20261009-211812-efe1740f0c77/candidates/0/4",
          "kind": "ASSUMPTION",
          "text": "Clubs that already analyze coaches internally with private data are likely ahead of a public-data model. Software may then add little beyond organizing candidate research.",
          "status": "UNVERIFIED",
          "extractor": "line_grammar/v1"
        },
        {
          "id": "hd-20261009-211812-efe1740f0c77/candidates/0/4/claim/21",
          "candidate_id": "hd-20261009-211812-efe1740f0c77/candidates/0/4",
          "kind": "ASSUMPTION",
          "text": "Interpersonal fit, communication and clubhouse trust may dominate a coach's value and resist public measurement. A quantitative dossier might mislead more than it informs if over-weighted.",
          "status": "UNVERIFIED",
          "extractor": "line_grammar/v1"
        },
        {
          "id": "hd-20261009-211812-efe1740f0c77/candidates/0/4/claim/22",
          "candidate_id": "hd-20261009-211812-efe1740f0c77/candidates/0/4",
          "kind": "ASSUMPTION",
          "text": "Software may be unnecessary if the binding constraint is candidate availability or salary competition rather than evaluation quality.",
          "status": "UNVERIFIED",
          "extractor": "line_grammar/v1"
        },
        {
          "id": "hd-20261009-211812-efe1740f0c77/candidates/0/4/claim/23",
          "candidate_id": "hd-20261009-211812-efe1740f0c77/candidates/0/4",
          "kind": "ASSUMPTION",
          "text": "Minor-league staff effects might be more detectable than MLB effects because the player samples are larger. However, public minor-league tracking data may be too thin or too recent to support this.",
          "status": "UNVERIFIED",
          "extractor": "line_grammar/v1"
        },
        {
          "id": "hd-20261009-211812-efe1740f0c77/candidates/0/4/claim/24",
          "candidate_id": "hd-20261009-211812-efe1740f0c77/candidates/0/4",
          "kind": "UNKNOWN",
          "text": "magnitude_of_true_mlb_coach_effects",
          "status": "UNVERIFIED",
          "extractor": "line_grammar/v1"
        },
        {
          "id": "hd-20261009-211812-efe1740f0c77/candidates/0/4/claim/25",
          "candidate_id": "hd-20261009-211812-efe1740f0c77/candidates/0/4",
          "kind": "UNKNOWN",
          "text": "annual_count_of_mlb_hitting_and_pitching_coach_changes",
          "status": "UNVERIFIED",
          "extractor": "line_grammar/v1"
        },
        {
          "id": "hd-20261009-211812-efe1740f0c77/candidates/0/4/claim/26",
          "candidate_id": "hd-20261009-211812-efe1740f0c77/candidates/0/4",
          "kind": "UNKNOWN",
          "text": "completeness_of_public_coaching_staff_histories",
          "status": "UNVERIFIED",
          "extractor": "line_grammar/v1"
        },
        {
          "id": "hd-20261009-211812-efe1740f0c77/candidates/0/4/claim/27",
          "candidate_id": "hd-20261009-211812-efe1740f0c77/candidates/0/4",
          "kind": "UNKNOWN",
          "text": "availability_of_public_minor_league_staff_assignments_by_season",
          "status": "UNVERIFIED",
          "extractor": "line_grammar/v1"
        },
        {
          "id": "hd-20261009-211812-efe1740f0c77/candidates/0/4/claim/28",
          "candidate_id": "hd-20261009-211812-efe1740f0c77/candidates/0/4",
          "kind": "UNKNOWN",
          "text": "cubs_current_coaching_staff_vacancies_october_2026",
          "status": "UNVERIFIED",
          "extractor": "line_grammar/v1"
        },
        {
          "id": "hd-20261009-211812-efe1740f0c77/candidates/0/4/claim/29",
          "candidate_id": "hd-20261009-211812-efe1740f0c77/candidates/0/4",
          "kind": "UNKNOWN",
          "text": "cubs_existing_internal_coach_evaluation_methods",
          "status": "UNVERIFIED",
          "extractor": "line_grammar/v1"
        },
        {
          "id": "hd-20261009-211812-efe1740f0c77/candidates/0/4/claim/30",
          "candidate_id": "hd-20261009-211812-efe1740f0c77/candidates/0/4",
          "kind": "UNKNOWN",
          "text": "whether_other_clubs_already_use_coach_effect_models",
          "status": "UNVERIFIED",
          "extractor": "line_grammar/v1"
        },
        {
          "id": "hd-20261009-211812-efe1740f0c77/candidates/0/4/claim/31",
          "candidate_id": "hd-20261009-211812-efe1740f0c77/candidates/0/4",
          "kind": "UNKNOWN",
          "text": "minimum_sample_needed_to_distinguish_coach_ranking_from_reputation_baseline",
          "status": "UNVERIFIED",
          "extractor": "line_grammar/v1"
        }
      ],
      "evidence_refs": [
        "objective_context"
      ],
      "assumptions": [
        "Coach effects on player outcomes are large enough and persistent enough to detect above noise. This is the central challenge, and the result may well be a null.",
        "Public staff assignment data is complete and accurately dated enough to build a linkage panel. Mid-season title changes and shared roles may blur attribution.",
        "Player improvement after a coaching change is not dominated by confounders that public data cannot separate. Examples include regression to the mean, front-office technology, private biomechanics programs, and the same front office hiring both the player and the coach.",
        "Hitting and pitching coaches control enough of player development to deserve credit. Many clubs spread instruction across analysts, coordinators and private trainers, so attribution may be meaningless.",
        "The number of coach moves per year gives enough independent events for a retrospective test. Small N could make any ranking statistically indistinguishable from the reputation baseline.",
        "Clubs that already analyze coaches internally with private data are likely ahead of a public-data model. Software may then add little beyond organizing candidate research.",
        "Interpersonal fit, communication and clubhouse trust may dominate a coach's value and resist public measurement. A quantitative dossier might mislead more than it informs if over-weighted.",
        "Software may be unnecessary if the binding constraint is candidate availability or salary competition rather than evaluation quality.",
        "Minor-league staff effects might be more detectable than MLB effects because the player samples are larger. However, public minor-league tracking data may be too thin or too recent to support this."
      ],
      "unresolved_issues": [
        "Coach effects on player outcomes are large enough and persistent enough to detect above noise. This is the central challenge, and the result may well be a null.",
        "Public staff assignment data is complete and accurately dated enough to build a linkage panel. Mid-season title changes and shared roles may blur attribution.",
        "Player improvement after a coaching change is not dominated by confounders that public data cannot separate. Examples include regression to the mean, front-office technology, private biomechanics programs, and the same front office hiring both the player and the coach.",
        "Hitting and pitching coaches control enough of player development to deserve credit. Many clubs spread instruction across analysts, coordinators and private trainers, so attribution may be meaningless.",
        "The number of coach moves per year gives enough independent events for a retrospective test. Small N could make any ranking statistically indistinguishable from the reputation baseline.",
        "Clubs that already analyze coaches internally with private data are likely ahead of a public-data model. Software may then add little beyond organizing candidate research.",
        "Interpersonal fit, communication and clubhouse trust may dominate a coach's value and resist public measurement. A quantitative dossier might mislead more than it informs if over-weighted.",
        "Software may be unnecessary if the binding constraint is candidate availability or salary competition rather than evaluation quality.",
        "Minor-league staff effects might be more detectable than MLB effects because the player samples are larger. However, public minor-league tracking data may be too thin or too recent to support this.",
        "Problem family: estimating the marginal value of coaching and player-development staff hires. This is a decision family not covered by the explored list.",
        "Decision owner: the President of Baseball Operations and GM, with input from the farm director for minor-league staff.",
        "Recurring decision: hiring, retaining or replacing MLB coaches, such as hitting, pitching, catching and bench coaches.",
        "Timing: each October through December, and staff turnover across MLB clusters in the weeks after clubs are eliminated. Early October 2026 is inside this window for the Cubs.",
        "Recurring decision: filling minor-league coordinator and affiliate coach roles each winter. These hires shape many player-seasons at once.",
        "Value at stake (hypothesis): a coach touches every player on the staff or lineup for multiple seasons. A real coach effect would therefore compound across far more player-seasons than any single roster move.",
        "Value at stake (hypothesis): coaching salaries are small compared with player payroll, so a good evaluation could have high leverage per dollar if true coach effects exist.",
        "Simple baseline a club already uses: hire by reputation, playing career, network referrals, interviews, and the outcomes of the coach's prior team.",
        "Mechanism of advantage: public team and staff directories, media transaction reports and Baseball-Reference coaching records can be joined to player-level public metrics. This builds a coach-player linkage panel.",
        "Mechanism of advantage: use movement-based identification. Track the same players under different coaches, and the same coaches with different players. This separates coach effects from player aging and talent.",
        "Mechanism of advantage: the model would estimate within-player changes after a coaching change, compared against matched players whose coaches did not change. It would use public outcome metrics such as chase rate, zone contact, pitch-mix shifts and walk rate.",
        "Software intervention: a coach-candidate dossier generator. For each candidate it would report the before/after trajectories of players they coached, with uncertainty intervals, matched controls and sample-size warnings.",
        "Software intervention: a retrospective test. Freeze data as of each past offseason, rank the coaching hires made that winter, and check whether the rankings predicted the next one to two seasons of player-change metrics better than the prior-team-outcome baseline.",
        "Unconventional extension: treat staff as a scarce market. Flag undervalued coaches whose players improved but whose teams lost, since a team-record baseline would systematically overlook them.",
        "magnitude_of_true_mlb_coach_effects",
        "annual_count_of_mlb_hitting_and_pitching_coach_changes",
        "completeness_of_public_coaching_staff_histories",
        "availability_of_public_minor_league_staff_assignments_by_season",
        "cubs_current_coaching_staff_vacancies_october_2026",
        "cubs_existing_internal_coach_evaluation_methods",
        "whether_other_clubs_already_use_coach_effect_models",
        "minimum_sample_needed_to_distinguish_coach_ranking_from_reputation_baseline"
      ],
      "contradictions": [],
      "verified_constraints": [],
      "provenance": {
        "run_id": "hd-20261009-211812-efe1740f0c77",
        "producer_component": "howldream",
        "producer_version": "0.4.4",
        "model_or_provider": "claude-opus-5-5",
        "observation_kind": "EXTERNALLY_OBSERVED",
        "created_at": "2026-10-09T21:24:32.108313+00:00",
        "transformations": [
          "generated"
        ],
        "participation": [
          {
            "operation": "GENERATED",
            "transforming_component": "howldream",
            "origin_component": "howldream",
            "origin_provider": "claude",
            "origin_model": "claude-opus-5-5",
            "subject_count": 1,
            "inference_occurred": true,
            "note": "Dream prompted the provider; the provider authored the text."
          }
        ],
        "request_id": "cubs-r003-p1-divergent",
        "originating_component": "operator",
        "execution": {
          "requested_provider": "command",
          "selected_provider": "command",
          "actual_provider": "claude",
          "adapter": "claude-json",
          "model": "claude-opus-5-5",
          "requested_model": "claude-opus-5-5",
          "deterministic": false,
          "mocked": false,
          "inference_occurred": true,
          "remote": true,
          "remote_observation": "OPERATOR_DECLARED",
          "fallback_reason": null,
          "elapsed_seconds": 32.80771886799994,
          "usage": {
            "input_tokens": 2,
            "cache_creation_input_tokens": 2458,
            "cache_read_input_tokens": 0,
            "output_tokens": 2662,
            "output_tokens_details": {
              "thinking_tokens": 980
            },
            "server_tool_use": {
              "web_search_requests": 0,
              "web_fetch_requests": 0
            },
            "cache_creation": {
              "ephemeral_1h_input_tokens": 2458,
              "ephemeral_5m_input_tokens": 0
            }
          },
          "cost": 0.072912,
          "request_id": "cfd470ee-1f31-4e8f-bddf-ac941da58330",
          "raw_output_received": true,
          "parse_status": "VALID",
          "repair_attempted": false,
          "sampling": null
        },
        "source_candidate_refs": [],
        "source_candidates_location": "exploration_envelope.json#/provenance/source_candidates",
        "hard_constraints": [
          "Do not assume the problem or the solution.",
          "Lawfully accessible public, historical, or clearly labeled synthetic data only.",
          "Do not invent private Chicago Cubs information or statistics.",
          "Distinguish fact, assumption, hypothesis, and speculation."
        ],
        "constraint_scope": "UNVERIFIED_GENERATION_GUIDANCE",
        "purpose": "discovery",
        "verification": [
          {
            "claim_id": "hd-20261009-211812-efe1740f0c77/candidates/0/4/claim/1",
            "candidate_id": "hd-20261009-211812-efe1740f0c77/candidates/0/4",
            "status": "UNCERTAIN",
            "classifications": [],
            "source_ids": [],
            "evidence_provenance": [],
            "check_scope": "SUPPLIED_LEDGER",
            "critical": false,
            "verifier": "supplied_ledger_and_arithmetic/v2",
            "scorer_type": "deterministic",
            "note": "No available check establishes this proposition."
          },
          {
            "claim_id": "hd-20261009-211812-efe1740f0c77/candidates/0/4/claim/2",
            "candidate_id": "hd-20261009-211812-efe1740f0c77/candidates/0/4",
            "status": "UNCERTAIN",
            "classifications": [],
            "source_ids": [],
            "evidence_provenance": [],
            "check_scope": "SUPPLIED_LEDGER",
            "critical": false,
            "verifier": "supplied_ledger_and_arithmetic/v2",
            "scorer_type": "deterministic",
            "note": "No available check establishes this proposition."
          },
          {
            "claim_id": "hd-20261009-211812-efe1740f0c77/candidates/0/4/claim/3",
            "candidate_id": "hd-20261009-211812-efe1740f0c77/candidates/0/4",
            "status": "UNCERTAIN",
            "classifications": [],
            "source_ids": [],
            "evidence_provenance": [],
            "check_scope": "SUPPLIED_LEDGER",
            "critical": false,
            "verifier": "supplied_ledger_and_arithmetic/v2",
            "scorer_type": "deterministic",
            "note": "No available check establishes this proposition."
          },
          {
            "claim_id": "hd-20261009-211812-efe1740f0c77/candidates/0/4/claim/4",
            "candidate_id": "hd-20261009-211812-efe1740f0c77/candidates/0/4",
            "status": "UNCERTAIN",
            "classifications": [],
            "source_ids": [],
            "evidence_provenance": [],
            "check_scope": "SUPPLIED_LEDGER",
            "critical": false,
            "verifier": "supplied_ledger_and_arithmetic/v2",
            "scorer_type": "deterministic",
            "note": "No available check establishes this proposition."
          },
          {
            "claim_id": "hd-20261009-211812-efe1740f0c77/candidates/0/4/claim/5",
            "candidate_id": "hd-20261009-211812-efe1740f0c77/candidates/0/4",
            "status": "UNCERTAIN",
            "classifications": [],
            "source_ids": [],
            "evidence_provenance": [],
            "check_scope": "SUPPLIED_LEDGER",
            "critical": false,
            "verifier": "supplied_ledger_and_arithmetic/v2",
            "scorer_type": "deterministic",
            "note": "No available check establishes this proposition."
          },
          {
            "claim_id": "hd-20261009-211812-efe1740f0c77/candidates/0/4/claim/6",
            "candidate_id": "hd-20261009-211812-efe1740f0c77/candidates/0/4",
            "status": "UNCERTAIN",
            "classifications": [],
            "source_ids": [],
            "evidence_provenance": [],
            "check_scope": "SUPPLIED_LEDGER",
            "critical": false,
            "verifier": "supplied_ledger_and_arithmetic/v2",
            "scorer_type": "deterministic",
            "note": "No available check establishes this proposition."
          },
          {
            "claim_id": "hd-20261009-211812-efe1740f0c77/candidates/0/4/claim/7",
            "candidate_id": "hd-20261009-211812-efe1740f0c77/candidates/0/4",
            "status": "UNCERTAIN",
            "classifications": [],
            "source_ids": [],
            "evidence_provenance": [],
            "check_scope": "SUPPLIED_LEDGER",
            "critical": false,
            "verifier": "supplied_ledger_and_arithmetic/v2",
            "scorer_type": "deterministic",
            "note": "No available check establishes this proposition."
          },
          {
            "claim_id": "hd-20261009-211812-efe1740f0c77/candidates/0/4/claim/8",
            "candidate_id": "hd-20261009-211812-efe1740f0c77/candidates/0/4",
            "status": "UNCERTAIN",
            "classifications": [],
            "source_ids": [],
            "evidence_provenance": [],
            "check_scope": "SUPPLIED_LEDGER",
            "critical": false,
            "verifier": "supplied_ledger_and_arithmetic/v2",
            "scorer_type": "deterministic",
            "note": "No available check establishes this proposition."
          },
          {
            "claim_id": "hd-20261009-211812-efe1740f0c77/candidates/0/4/claim/9",
            "candidate_id": "hd-20261009-211812-efe1740f0c77/candidates/0/4",
            "status": "UNCERTAIN",
            "classifications": [],
            "source_ids": [],
            "evidence_provenance": [],
            "check_scope": "SUPPLIED_LEDGER",
            "critical": false,
            "verifier": "supplied_ledger_and_arithmetic/v2",
            "scorer_type": "deterministic",
            "note": "No available check establishes this proposition."
          },
          {
            "claim_id": "hd-20261009-211812-efe1740f0c77/candidates/0/4/claim/10",
            "candidate_id": "hd-20261009-211812-efe1740f0c77/candidates/0/4",
            "status": "UNCERTAIN",
            "classifications": [],
            "source_ids": [],
            "evidence_provenance": [],
            "check_scope": "SUPPLIED_LEDGER",
            "critical": false,
            "verifier": "supplied_ledger_and_arithmetic/v2",
            "scorer_type": "deterministic",
            "note": "No available check establishes this proposition."
          },
          {
            "claim_id": "hd-20261009-211812-efe1740f0c77/candidates/0/4/claim/11",
            "candidate_id": "hd-20261009-211812-efe1740f0c77/candidates/0/4",
            "status": "UNCERTAIN",
            "classifications": [],
            "source_ids": [],
            "evidence_provenance": [],
            "check_scope": "SUPPLIED_LEDGER",
            "critical": false,
            "verifier": "supplied_ledger_and_arithmetic/v2",
            "scorer_type": "deterministic",
            "note": "No available check establishes this proposition."
          },
          {
            "claim_id": "hd-20261009-211812-efe1740f0c77/candidates/0/4/claim/12",
            "candidate_id": "hd-20261009-211812-efe1740f0c77/candidates/0/4",
            "status": "UNCERTAIN",
            "classifications": [],
            "source_ids": [],
            "evidence_provenance": [],
            "check_scope": "SUPPLIED_LEDGER",
            "critical": false,
            "verifier": "supplied_ledger_and_arithmetic/v2",
            "scorer_type": "deterministic",
            "note": "No available check establishes this proposition."
          },
          {
            "claim_id": "hd-20261009-211812-efe1740f0c77/candidates/0/4/claim/13",
            "candidate_id": "hd-20261009-211812-efe1740f0c77/candidates/0/4",
            "status": "UNCERTAIN",
            "classifications": [],
            "source_ids": [],
            "evidence_provenance": [],
            "check_scope": "SUPPLIED_LEDGER",
            "critical": false,
            "verifier": "supplied_ledger_and_arithmetic/v2",
            "scorer_type": "deterministic",
            "note": "No available check establishes this proposition."
          },
          {
            "claim_id": "hd-20261009-211812-efe1740f0c77/candidates/0/4/claim/14",
            "candidate_id": "hd-20261009-211812-efe1740f0c77/candidates/0/4",
            "status": "UNCERTAIN",
            "classifications": [],
            "source_ids": [],
            "evidence_provenance": [],
            "check_scope": "SUPPLIED_LEDGER",
            "critical": false,
            "verifier": "supplied_ledger_and_arithmetic/v2",
            "scorer_type": "deterministic",
            "note": "No available check establishes this proposition."
          },
          {
            "claim_id": "hd-20261009-211812-efe1740f0c77/candidates/0/4/claim/15",
            "candidate_id": "hd-20261009-211812-efe1740f0c77/candidates/0/4",
            "status": "UNCERTAIN",
            "classifications": [],
            "source_ids": [],
            "evidence_provenance": [],
            "check_scope": "SUPPLIED_LEDGER",
            "critical": false,
            "verifier": "supplied_ledger_and_arithmetic/v2",
            "scorer_type": "deterministic",
            "note": "No available check establishes this proposition."
          },
          {
            "claim_id": "hd-20261009-211812-efe1740f0c77/candidates/0/4/claim/16",
            "candidate_id": "hd-20261009-211812-efe1740f0c77/candidates/0/4",
            "status": "UNCERTAIN",
            "classifications": [],
            "source_ids": [],
            "evidence_provenance": [],
            "check_scope": "SUPPLIED_LEDGER",
            "critical": false,
            "verifier": "supplied_ledger_and_arithmetic/v2",
            "scorer_type": "deterministic",
            "note": "No available check establishes this proposition."
          },
          {
            "claim_id": "hd-20261009-211812-efe1740f0c77/candidates/0/4/claim/17",
            "candidate_id": "hd-20261009-211812-efe1740f0c77/candidates/0/4",
            "status": "UNCERTAIN",
            "classifications": [],
            "source_ids": [],
            "evidence_provenance": [],
            "check_scope": "SUPPLIED_LEDGER",
            "critical": false,
            "verifier": "supplied_ledger_and_arithmetic/v2",
            "scorer_type": "deterministic",
            "note": "No available check establishes this proposition."
          },
          {
            "claim_id": "hd-20261009-211812-efe1740f0c77/candidates/0/4/claim/18",
            "candidate_id": "hd-20261009-211812-efe1740f0c77/candidates/0/4",
            "status": "UNCERTAIN",
            "classifications": [],
            "source_ids": [],
            "evidence_provenance": [],
            "check_scope": "SUPPLIED_LEDGER",
            "critical": false,
            "verifier": "supplied_ledger_and_arithmetic/v2",
            "scorer_type": "deterministic",
            "note": "No available check establishes this proposition."
          },
          {
            "claim_id": "hd-20261009-211812-efe1740f0c77/candidates/0/4/claim/19",
            "candidate_id": "hd-20261009-211812-efe1740f0c77/candidates/0/4",
            "status": "UNCERTAIN",
            "classifications": [],
            "source_ids": [],
            "evidence_provenance": [],
            "check_scope": "SUPPLIED_LEDGER",
            "critical": false,
            "verifier": "supplied_ledger_and_arithmetic/v2",
            "scorer_type": "deterministic",
            "note": "No available check establishes this proposition."
          },
          {
            "claim_id": "hd-20261009-211812-efe1740f0c77/candidates/0/4/claim/20",
            "candidate_id": "hd-20261009-211812-efe1740f0c77/candidates/0/4",
            "status": "UNCERTAIN",
            "classifications": [],
            "source_ids": [],
            "evidence_provenance": [],
            "check_scope": "SUPPLIED_LEDGER",
            "critical": false,
            "verifier": "supplied_ledger_and_arithmetic/v2",
            "scorer_type": "deterministic",
            "note": "No available check establishes this proposition."
          },
          {
            "claim_id": "hd-20261009-211812-efe1740f0c77/candidates/0/4/claim/21",
            "candidate_id": "hd-20261009-211812-efe1740f0c77/candidates/0/4",
            "status": "UNCERTAIN",
            "classifications": [],
            "source_ids": [],
            "evidence_provenance": [],
            "check_scope": "SUPPLIED_LEDGER",
            "critical": false,
            "verifier": "supplied_ledger_and_arithmetic/v2",
            "scorer_type": "deterministic",
            "note": "No available check establishes this proposition."
          },
          {
            "claim_id": "hd-20261009-211812-efe1740f0c77/candidates/0/4/claim/22",
            "candidate_id": "hd-20261009-211812-efe1740f0c77/candidates/0/4",
            "status": "UNCERTAIN",
            "classifications": [],
            "source_ids": [],
            "evidence_provenance": [],
            "check_scope": "SUPPLIED_LEDGER",
            "critical": false,
            "verifier": "supplied_ledger_and_arithmetic/v2",
            "scorer_type": "deterministic",
            "note": "No available check establishes this proposition."
          },
          {
            "claim_id": "hd-20261009-211812-efe1740f0c77/candidates/0/4/claim/23",
            "candidate_id": "hd-20261009-211812-efe1740f0c77/candidates/0/4",
            "status": "UNCERTAIN",
            "classifications": [],
            "source_ids": [],
            "evidence_provenance": [],
            "check_scope": "SUPPLIED_LEDGER",
            "critical": false,
            "verifier": "supplied_ledger_and_arithmetic/v2",
            "scorer_type": "deterministic",
            "note": "No available check establishes this proposition."
          },
          {
            "claim_id": "hd-20261009-211812-efe1740f0c77/candidates/0/4/claim/24",
            "candidate_id": "hd-20261009-211812-efe1740f0c77/candidates/0/4",
            "status": "UNCERTAIN",
            "classifications": [],
            "source_ids": [],
            "evidence_provenance": [],
            "check_scope": "SUPPLIED_LEDGER",
            "critical": false,
            "verifier": "supplied_ledger_and_arithmetic/v2",
            "scorer_type": "deterministic",
            "note": "Explicit abstention; not counted as a detected failure or a verified fact."
          },
          {
            "claim_id": "hd-20261009-211812-efe1740f0c77/candidates/0/4/claim/25",
            "candidate_id": "hd-20261009-211812-efe1740f0c77/candidates/0/4",
            "status": "UNCERTAIN",
            "classifications": [],
            "source_ids": [],
            "evidence_provenance": [],
            "check_scope": "SUPPLIED_LEDGER",
            "critical": false,
            "verifier": "supplied_ledger_and_arithmetic/v2",
            "scorer_type": "deterministic",
            "note": "Explicit abstention; not counted as a detected failure or a verified fact."
          },
          {
            "claim_id": "hd-20261009-211812-efe1740f0c77/candidates/0/4/claim/26",
            "candidate_id": "hd-20261009-211812-efe1740f0c77/candidates/0/4",
            "status": "UNCERTAIN",
            "classifications": [],
            "source_ids": [],
            "evidence_provenance": [],
            "check_scope": "SUPPLIED_LEDGER",
            "critical": false,
            "verifier": "supplied_ledger_and_arithmetic/v2",
            "scorer_type": "deterministic",
            "note": "Explicit abstention; not counted as a detected failure or a verified fact."
          },
          {
            "claim_id": "hd-20261009-211812-efe1740f0c77/candidates/0/4/claim/27",
            "candidate_id": "hd-20261009-211812-efe1740f0c77/candidates/0/4",
            "status": "UNCERTAIN",
            "classifications": [],
            "source_ids": [],
            "evidence_provenance": [],
            "check_scope": "SUPPLIED_LEDGER",
            "critical": false,
            "verifier": "supplied_ledger_and_arithmetic/v2",
            "scorer_type": "deterministic",
            "note": "Explicit abstention; not counted as a detected failure or a verified fact."
          },
          {
            "claim_id": "hd-20261009-211812-efe1740f0c77/candidates/0/4/claim/28",
            "candidate_id": "hd-20261009-211812-efe1740f0c77/candidates/0/4",
            "status": "UNCERTAIN",
            "classifications": [],
            "source_ids": [],
            "evidence_provenance": [],
            "check_scope": "SUPPLIED_LEDGER",
            "critical": false,
            "verifier": "supplied_ledger_and_arithmetic/v2",
            "scorer_type": "deterministic",
            "note": "Explicit abstention; not counted as a detected failure or a verified fact."
          },
          {
            "claim_id": "hd-20261009-211812-efe1740f0c77/candidates/0/4/claim/29",
            "candidate_id": "hd-20261009-211812-efe1740f0c77/candidates/0/4",
            "status": "UNCERTAIN",
            "classifications": [],
            "source_ids": [],
            "evidence_provenance": [],
            "check_scope": "SUPPLIED_LEDGER",
            "critical": false,
            "verifier": "supplied_ledger_and_arithmetic/v2",
            "scorer_type": "deterministic",
            "note": "Explicit abstention; not counted as a detected failure or a verified fact."
          },
          {
            "claim_id": "hd-20261009-211812-efe1740f0c77/candidates/0/4/claim/30",
            "candidate_id": "hd-20261009-211812-efe1740f0c77/candidates/0/4",
            "status": "UNCERTAIN",
            "classifications": [],
            "source_ids": [],
            "evidence_provenance": [],
            "check_scope": "SUPPLIED_LEDGER",
            "critical": false,
            "verifier": "supplied_ledger_and_arithmetic/v2",
            "scorer_type": "deterministic",
            "note": "Explicit abstention; not counted as a detected failure or a verified fact."
          },
          {
            "claim_id": "hd-20261009-211812-efe1740f0c77/candidates/0/4/claim/31",
            "candidate_id": "hd-20261009-211812-efe1740f0c77/candidates/0/4",
            "status": "UNCERTAIN",
            "classifications": [],
            "source_ids": [],
            "evidence_provenance": [],
            "check_scope": "SUPPLIED_LEDGER",
            "critical": false,
            "verifier": "supplied_ledger_and_arithmetic/v2",
            "scorer_type": "deterministic",
            "note": "Explicit abstention; not counted as a detected failure or a verified fact."
          }
        ],
        "candidate_index": 4,
        "trial": 0,
        "prompt_hash": "d6e214b1f7b2c6ae8f14c700197e591d6e1ec70dcaf9d06e897c9aa8660f8c71",
        "output_hash": "1b24107e67c420a6bf447196bbee89d5ba9eba5a1944d3e991754930f04e1b09"
      }
    },
    {
      "schema_version": "howl.candidate/v1",
      "candidate_id": "hd-20261009-211812-efe1740f0c77/candidates/0/5",
      "source_run_id": "hd-20261009-211812-efe1740f0c77",
      "parent_request_id": "cubs-r003-p1-divergent",
      "objective": "Where could software create a meaningful baseball advantage for the Chicago Cubs? The current date is early October 2026, in the Cubs' offseason (their 2026 season ended in the Wild Card Series). A prior experiment found that triaging the November minor-league free-agent pool offers little: the low-attention pool holds under one next-season contributor per club per year, and a simple 'played in MLB last year' rule already finds most value. Prefer recurring decisions where the value at stake is large enough to matter, where public information available at decision time could plausibly beat a simple rule, and where a retrospective test on public history is possible. Consider front office, player development, scouting, coaching and business-of-baseball decisions, and name where software is unnecessary or clubs are already ahead. OUTPUT GUIDANCE (format only): Each IDEA names one problem, the decision owner, the concrete recurring decision and its timing, the size of value at stake, the mechanism of advantage, the simple baseline a club already uses, and the software intervention. Follow with ASSUMPTION and UNKNOWN lines. Do not invent statistics or private Cubs information.",
      "text": "IDEA: Problem: building the postseason roster. Owner: GM and manager, with input from the analytics and pitching staff. Decision: who fills the 26 spots for each round, set before each series and reset between rounds, about 1 to 4 times per year when the club qualifies.\nIDEA: Value at stake: in October one marginal win carries far more championship probability and revenue than a regular-season win, so small roster gains may be worth more than their run value suggests.\nIDEA: Mechanism: short series with off-days need fewer starters and favor high-leverage relief depth, platoon bats against a known small set of opposing pitchers, and specialists such as a pinch runner or defensive replacement whose regular-season value was low.\nIDEA: Baseline: carry the top 26 players by regular-season value, then adjust by staff judgment for health and matchups.\nIDEA: Intervention: a series-specific simulator. Inputs are the public opponent rotation and bullpen, the off-day schedule, and public platoon and pitch-type splits. Output is the expected series win probability for each candidate roster compared with the baseline roster.\nIDEA: Retrospective test: rebuild past postseason rosters league-wide from public transaction records and box scores, then score the alternatives a simulator would have recommended against the rosters actually used.\nASSUMPTION: The difference in series win probability between a well-built roster and the baseline is large enough to measure. It may be well under one percentage point and lost in noise.\nASSUMPTION: The 25th and 26th players get enough playing time in a series to matter. Postseason managers may concentrate innings on the top 8 to 10 pitchers regardless of roster choice.\nASSUMPTION: Contending clubs, including the Cubs, already run private versions of this simulation, so a public tool may only match current practice.\nASSUMPTION: Retrospective validation will suffer from very small samples, since each club plays few postseason series per decade. League-wide pooling is needed, and it removes club-specific context such as health.\nUNKNOWN: postseason_marginal_win_value_cubs\nUNKNOWN: cubs_current_postseason_roster_process\nUNKNOWN: public_injury_status_completeness_at_roster_deadline\nIDEA: Problem: setting up the late-season pitching rotation for the playoffs. Owner: manager and pitching coach, with front office input. Decision: in roughly the final 10 to 14 days, whether to keep using top starters to chase seeding or a bye, or to line them up for Game 1 of the Wild Card Series.\nIDEA: Mechanism: weigh the change in odds of securing a bye or home field against the series win probability gained by starting the best pitcher in an elimination game. Feed live public standings and remaining schedules into a seeding simulation.\nIDEA: Baseline: chase the best seed until it is clinched or out of reach, then line up the ace. Alternatively, rest regulars once the club has clinched.\nIDEA: Retrospective test: from public game logs, reconstruct each contender's rotation choices in the final two weeks. Simulate alternative alignments using projected seeding odds as of each date, and compare.\nASSUMPTION: Rotation alignment changes series outcomes enough to matter. Pitcher quality gaps within a playoff rotation may be smaller than the value of a top seed.\nASSUMPTION: Public seeding-odds models are already widely used, so the advantage may lie only in combining seeding odds with rotation choices, not in either piece alone.\nASSUMPTION: Clubs may already handle this through staff judgment, and the decision is often forced by health or by how the race unfolds rather than chosen freely.\nUNKNOWN: magnitude_of_bye_value_under_current_playoff_format\nUNKNOWN: how_often_cubs_face_this_decision_per_decade\nIDEA: Where software is likely unnecessary: legal roster eligibility and deadline rules for the postseason. Checklists and league office review already cover this, and the value is avoiding errors, not gaining an edge.\nASSUMPTION: Both ideas above may fail the objective's \"large enough to matter\" test because the decisions happen rarely. They are offered as a challenge to the preference for high-volume decisions, not as validated opportunities.",
      "condition": "dream",
      "trust": "UNVERIFIED",
      "status": "UNRESOLVED",
      "authority": {
        "type": "ADVISORY",
        "executable": false
      },
      "claims": [
        {
          "id": "hd-20261009-211812-efe1740f0c77/candidates/0/5/claim/1",
          "candidate_id": "hd-20261009-211812-efe1740f0c77/candidates/0/5",
          "kind": "IDEA",
          "text": "Problem: building the postseason roster. Owner: GM and manager, with input from the analytics and pitching staff. Decision: who fills the 26 spots for each round, set before each series and reset between rounds, about 1 to 4 times per year when the club qualifies.",
          "status": "UNVERIFIED",
          "extractor": "line_grammar/v1"
        },
        {
          "id": "hd-20261009-211812-efe1740f0c77/candidates/0/5/claim/2",
          "candidate_id": "hd-20261009-211812-efe1740f0c77/candidates/0/5",
          "kind": "IDEA",
          "text": "Value at stake: in October one marginal win carries far more championship probability and revenue than a regular-season win, so small roster gains may be worth more than their run value suggests.",
          "status": "UNVERIFIED",
          "extractor": "line_grammar/v1"
        },
        {
          "id": "hd-20261009-211812-efe1740f0c77/candidates/0/5/claim/3",
          "candidate_id": "hd-20261009-211812-efe1740f0c77/candidates/0/5",
          "kind": "IDEA",
          "text": "Mechanism: short series with off-days need fewer starters and favor high-leverage relief depth, platoon bats against a known small set of opposing pitchers, and specialists such as a pinch runner or defensive replacement whose regular-season value was low.",
          "status": "UNVERIFIED",
          "extractor": "line_grammar/v1"
        },
        {
          "id": "hd-20261009-211812-efe1740f0c77/candidates/0/5/claim/4",
          "candidate_id": "hd-20261009-211812-efe1740f0c77/candidates/0/5",
          "kind": "IDEA",
          "text": "Baseline: carry the top 26 players by regular-season value, then adjust by staff judgment for health and matchups.",
          "status": "UNVERIFIED",
          "extractor": "line_grammar/v1"
        },
        {
          "id": "hd-20261009-211812-efe1740f0c77/candidates/0/5/claim/5",
          "candidate_id": "hd-20261009-211812-efe1740f0c77/candidates/0/5",
          "kind": "IDEA",
          "text": "Intervention: a series-specific simulator. Inputs are the public opponent rotation and bullpen, the off-day schedule, and public platoon and pitch-type splits. Output is the expected series win probability for each candidate roster compared with the baseline roster.",
          "status": "UNVERIFIED",
          "extractor": "line_grammar/v1"
        },
        {
          "id": "hd-20261009-211812-efe1740f0c77/candidates/0/5/claim/6",
          "candidate_id": "hd-20261009-211812-efe1740f0c77/candidates/0/5",
          "kind": "IDEA",
          "text": "Retrospective test: rebuild past postseason rosters league-wide from public transaction records and box scores, then score the alternatives a simulator would have recommended against the rosters actually used.",
          "status": "UNVERIFIED",
          "extractor": "line_grammar/v1"
        },
        {
          "id": "hd-20261009-211812-efe1740f0c77/candidates/0/5/claim/7",
          "candidate_id": "hd-20261009-211812-efe1740f0c77/candidates/0/5",
          "kind": "ASSUMPTION",
          "text": "The difference in series win probability between a well-built roster and the baseline is large enough to measure. It may be well under one percentage point and lost in noise.",
          "status": "UNVERIFIED",
          "extractor": "line_grammar/v1"
        },
        {
          "id": "hd-20261009-211812-efe1740f0c77/candidates/0/5/claim/8",
          "candidate_id": "hd-20261009-211812-efe1740f0c77/candidates/0/5",
          "kind": "ASSUMPTION",
          "text": "The 25th and 26th players get enough playing time in a series to matter. Postseason managers may concentrate innings on the top 8 to 10 pitchers regardless of roster choice.",
          "status": "UNVERIFIED",
          "extractor": "line_grammar/v1"
        },
        {
          "id": "hd-20261009-211812-efe1740f0c77/candidates/0/5/claim/9",
          "candidate_id": "hd-20261009-211812-efe1740f0c77/candidates/0/5",
          "kind": "ASSUMPTION",
          "text": "Contending clubs, including the Cubs, already run private versions of this simulation, so a public tool may only match current practice.",
          "status": "UNVERIFIED",
          "extractor": "line_grammar/v1"
        },
        {
          "id": "hd-20261009-211812-efe1740f0c77/candidates/0/5/claim/10",
          "candidate_id": "hd-20261009-211812-efe1740f0c77/candidates/0/5",
          "kind": "ASSUMPTION",
          "text": "Retrospective validation will suffer from very small samples, since each club plays few postseason series per decade. League-wide pooling is needed, and it removes club-specific context such as health.",
          "status": "UNVERIFIED",
          "extractor": "line_grammar/v1"
        },
        {
          "id": "hd-20261009-211812-efe1740f0c77/candidates/0/5/claim/11",
          "candidate_id": "hd-20261009-211812-efe1740f0c77/candidates/0/5",
          "kind": "UNKNOWN",
          "text": "postseason_marginal_win_value_cubs",
          "status": "UNVERIFIED",
          "extractor": "line_grammar/v1"
        },
        {
          "id": "hd-20261009-211812-efe1740f0c77/candidates/0/5/claim/12",
          "candidate_id": "hd-20261009-211812-efe1740f0c77/candidates/0/5",
          "kind": "UNKNOWN",
          "text": "cubs_current_postseason_roster_process",
          "status": "UNVERIFIED",
          "extractor": "line_grammar/v1"
        },
        {
          "id": "hd-20261009-211812-efe1740f0c77/candidates/0/5/claim/13",
          "candidate_id": "hd-20261009-211812-efe1740f0c77/candidates/0/5",
          "kind": "UNKNOWN",
          "text": "public_injury_status_completeness_at_roster_deadline",
          "status": "UNVERIFIED",
          "extractor": "line_grammar/v1"
        },
        {
          "id": "hd-20261009-211812-efe1740f0c77/candidates/0/5/claim/14",
          "candidate_id": "hd-20261009-211812-efe1740f0c77/candidates/0/5",
          "kind": "IDEA",
          "text": "Problem: setting up the late-season pitching rotation for the playoffs. Owner: manager and pitching coach, with front office input. Decision: in roughly the final 10 to 14 days, whether to keep using top starters to chase seeding or a bye, or to line them up for Game 1 of the Wild Card Series.",
          "status": "UNVERIFIED",
          "extractor": "line_grammar/v1"
        },
        {
          "id": "hd-20261009-211812-efe1740f0c77/candidates/0/5/claim/15",
          "candidate_id": "hd-20261009-211812-efe1740f0c77/candidates/0/5",
          "kind": "IDEA",
          "text": "Mechanism: weigh the change in odds of securing a bye or home field against the series win probability gained by starting the best pitcher in an elimination game. Feed live public standings and remaining schedules into a seeding simulation.",
          "status": "UNVERIFIED",
          "extractor": "line_grammar/v1"
        },
        {
          "id": "hd-20261009-211812-efe1740f0c77/candidates/0/5/claim/16",
          "candidate_id": "hd-20261009-211812-efe1740f0c77/candidates/0/5",
          "kind": "IDEA",
          "text": "Baseline: chase the best seed until it is clinched or out of reach, then line up the ace. Alternatively, rest regulars once the club has clinched.",
          "status": "UNVERIFIED",
          "extractor": "line_grammar/v1"
        },
        {
          "id": "hd-20261009-211812-efe1740f0c77/candidates/0/5/claim/17",
          "candidate_id": "hd-20261009-211812-efe1740f0c77/candidates/0/5",
          "kind": "IDEA",
          "text": "Retrospective test: from public game logs, reconstruct each contender's rotation choices in the final two weeks. Simulate alternative alignments using projected seeding odds as of each date, and compare.",
          "status": "UNVERIFIED",
          "extractor": "line_grammar/v1"
        },
        {
          "id": "hd-20261009-211812-efe1740f0c77/candidates/0/5/claim/18",
          "candidate_id": "hd-20261009-211812-efe1740f0c77/candidates/0/5",
          "kind": "ASSUMPTION",
          "text": "Rotation alignment changes series outcomes enough to matter. Pitcher quality gaps within a playoff rotation may be smaller than the value of a top seed.",
          "status": "UNVERIFIED",
          "extractor": "line_grammar/v1"
        },
        {
          "id": "hd-20261009-211812-efe1740f0c77/candidates/0/5/claim/19",
          "candidate_id": "hd-20261009-211812-efe1740f0c77/candidates/0/5",
          "kind": "ASSUMPTION",
          "text": "Public seeding-odds models are already widely used, so the advantage may lie only in combining seeding odds with rotation choices, not in either piece alone.",
          "status": "UNVERIFIED",
          "extractor": "line_grammar/v1"
        },
        {
          "id": "hd-20261009-211812-efe1740f0c77/candidates/0/5/claim/20",
          "candidate_id": "hd-20261009-211812-efe1740f0c77/candidates/0/5",
          "kind": "ASSUMPTION",
          "text": "Clubs may already handle this through staff judgment, and the decision is often forced by health or by how the race unfolds rather than chosen freely.",
          "status": "UNVERIFIED",
          "extractor": "line_grammar/v1"
        },
        {
          "id": "hd-20261009-211812-efe1740f0c77/candidates/0/5/claim/21",
          "candidate_id": "hd-20261009-211812-efe1740f0c77/candidates/0/5",
          "kind": "UNKNOWN",
          "text": "magnitude_of_bye_value_under_current_playoff_format",
          "status": "UNVERIFIED",
          "extractor": "line_grammar/v1"
        },
        {
          "id": "hd-20261009-211812-efe1740f0c77/candidates/0/5/claim/22",
          "candidate_id": "hd-20261009-211812-efe1740f0c77/candidates/0/5",
          "kind": "UNKNOWN",
          "text": "how_often_cubs_face_this_decision_per_decade",
          "status": "UNVERIFIED",
          "extractor": "line_grammar/v1"
        },
        {
          "id": "hd-20261009-211812-efe1740f0c77/candidates/0/5/claim/23",
          "candidate_id": "hd-20261009-211812-efe1740f0c77/candidates/0/5",
          "kind": "IDEA",
          "text": "Where software is likely unnecessary: legal roster eligibility and deadline rules for the postseason. Checklists and league office review already cover this, and the value is avoiding errors, not gaining an edge.",
          "status": "UNVERIFIED",
          "extractor": "line_grammar/v1"
        },
        {
          "id": "hd-20261009-211812-efe1740f0c77/candidates/0/5/claim/24",
          "candidate_id": "hd-20261009-211812-efe1740f0c77/candidates/0/5",
          "kind": "ASSUMPTION",
          "text": "Both ideas above may fail the objective's \"large enough to matter\" test because the decisions happen rarely. They are offered as a challenge to the preference for high-volume decisions, not as validated opportunities.",
          "status": "UNVERIFIED",
          "extractor": "line_grammar/v1"
        }
      ],
      "evidence_refs": [
        "objective_context"
      ],
      "assumptions": [
        "The difference in series win probability between a well-built roster and the baseline is large enough to measure. It may be well under one percentage point and lost in noise.",
        "The 25th and 26th players get enough playing time in a series to matter. Postseason managers may concentrate innings on the top 8 to 10 pitchers regardless of roster choice.",
        "Contending clubs, including the Cubs, already run private versions of this simulation, so a public tool may only match current practice.",
        "Retrospective validation will suffer from very small samples, since each club plays few postseason series per decade. League-wide pooling is needed, and it removes club-specific context such as health.",
        "Rotation alignment changes series outcomes enough to matter. Pitcher quality gaps within a playoff rotation may be smaller than the value of a top seed.",
        "Public seeding-odds models are already widely used, so the advantage may lie only in combining seeding odds with rotation choices, not in either piece alone.",
        "Clubs may already handle this through staff judgment, and the decision is often forced by health or by how the race unfolds rather than chosen freely.",
        "Both ideas above may fail the objective's \"large enough to matter\" test because the decisions happen rarely. They are offered as a challenge to the preference for high-volume decisions, not as validated opportunities."
      ],
      "unresolved_issues": [
        "The difference in series win probability between a well-built roster and the baseline is large enough to measure. It may be well under one percentage point and lost in noise.",
        "The 25th and 26th players get enough playing time in a series to matter. Postseason managers may concentrate innings on the top 8 to 10 pitchers regardless of roster choice.",
        "Contending clubs, including the Cubs, already run private versions of this simulation, so a public tool may only match current practice.",
        "Retrospective validation will suffer from very small samples, since each club plays few postseason series per decade. League-wide pooling is needed, and it removes club-specific context such as health.",
        "Rotation alignment changes series outcomes enough to matter. Pitcher quality gaps within a playoff rotation may be smaller than the value of a top seed.",
        "Public seeding-odds models are already widely used, so the advantage may lie only in combining seeding odds with rotation choices, not in either piece alone.",
        "Clubs may already handle this through staff judgment, and the decision is often forced by health or by how the race unfolds rather than chosen freely.",
        "Both ideas above may fail the objective's \"large enough to matter\" test because the decisions happen rarely. They are offered as a challenge to the preference for high-volume decisions, not as validated opportunities.",
        "Problem: building the postseason roster. Owner: GM and manager, with input from the analytics and pitching staff. Decision: who fills the 26 spots for each round, set before each series and reset between rounds, about 1 to 4 times per year when the club qualifies.",
        "Value at stake: in October one marginal win carries far more championship probability and revenue than a regular-season win, so small roster gains may be worth more than their run value suggests.",
        "Mechanism: short series with off-days need fewer starters and favor high-leverage relief depth, platoon bats against a known small set of opposing pitchers, and specialists such as a pinch runner or defensive replacement whose regular-season value was low.",
        "Baseline: carry the top 26 players by regular-season value, then adjust by staff judgment for health and matchups.",
        "Intervention: a series-specific simulator. Inputs are the public opponent rotation and bullpen, the off-day schedule, and public platoon and pitch-type splits. Output is the expected series win probability for each candidate roster compared with the baseline roster.",
        "Retrospective test: rebuild past postseason rosters league-wide from public transaction records and box scores, then score the alternatives a simulator would have recommended against the rosters actually used.",
        "postseason_marginal_win_value_cubs",
        "cubs_current_postseason_roster_process",
        "public_injury_status_completeness_at_roster_deadline",
        "Problem: setting up the late-season pitching rotation for the playoffs. Owner: manager and pitching coach, with front office input. Decision: in roughly the final 10 to 14 days, whether to keep using top starters to chase seeding or a bye, or to line them up for Game 1 of the Wild Card Series.",
        "Mechanism: weigh the change in odds of securing a bye or home field against the series win probability gained by starting the best pitcher in an elimination game. Feed live public standings and remaining schedules into a seeding simulation.",
        "Baseline: chase the best seed until it is clinched or out of reach, then line up the ace. Alternatively, rest regulars once the club has clinched.",
        "Retrospective test: from public game logs, reconstruct each contender's rotation choices in the final two weeks. Simulate alternative alignments using projected seeding odds as of each date, and compare.",
        "magnitude_of_bye_value_under_current_playoff_format",
        "how_often_cubs_face_this_decision_per_decade",
        "Where software is likely unnecessary: legal roster eligibility and deadline rules for the postseason. Checklists and league office review already cover this, and the value is avoiding errors, not gaining an edge."
      ],
      "contradictions": [],
      "verified_constraints": [],
      "provenance": {
        "run_id": "hd-20261009-211812-efe1740f0c77",
        "producer_component": "howldream",
        "producer_version": "0.4.4",
        "model_or_provider": "claude-opus-5-5",
        "observation_kind": "EXTERNALLY_OBSERVED",
        "created_at": "2026-10-09T21:24:32.108594+00:00",
        "transformations": [
          "generated"
        ],
        "participation": [
          {
            "operation": "GENERATED",
            "transforming_component": "howldream",
            "origin_component": "howldream",
            "origin_provider": "claude",
            "origin_model": "claude-opus-5-5",
            "subject_count": 1,
            "inference_occurred": true,
            "note": "Dream prompted the provider; the provider authored the text."
          }
        ],
        "request_id": "cubs-r003-p1-divergent",
        "originating_component": "operator",
        "execution": {
          "requested_provider": "command",
          "selected_provider": "command",
          "actual_provider": "claude",
          "adapter": "claude-json",
          "model": "claude-opus-5-5",
          "requested_model": "claude-opus-5-5",
          "deterministic": false,
          "mocked": false,
          "inference_occurred": true,
          "remote": true,
          "remote_observation": "OPERATOR_DECLARED",
          "fallback_reason": null,
          "elapsed_seconds": 30.256485371000053,
          "usage": {
            "input_tokens": 2,
            "cache_creation_input_tokens": 2809,
            "cache_read_input_tokens": 0,
            "output_tokens": 2366,
            "output_tokens_details": {
              "thinking_tokens": 945
            },
            "server_tool_use": {
              "web_search_requests": 0,
              "web_fetch_requests": 0
            },
            "cache_creation": {
              "ephemeral_1h_input_tokens": 2809,
              "ephemeral_5m_input_tokens": 0
            }
          },
          "cost": 0.0698,
          "request_id": "8faca56e-f2f4-4f08-834c-1fa47aec1c16",
          "raw_output_received": true,
          "parse_status": "VALID",
          "repair_attempted": false,
          "sampling": null
        },
        "source_candidate_refs": [],
        "source_candidates_location": "exploration_envelope.json#/provenance/source_candidates",
        "hard_constraints": [
          "Do not assume the problem or the solution.",
          "Lawfully accessible public, historical, or clearly labeled synthetic data only.",
          "Do not invent private Chicago Cubs information or statistics.",
          "Distinguish fact, assumption, hypothesis, and speculation."
        ],
        "constraint_scope": "UNVERIFIED_GENERATION_GUIDANCE",
        "purpose": "discovery",
        "verification": [
          {
            "claim_id": "hd-20261009-211812-efe1740f0c77/candidates/0/5/claim/1",
            "candidate_id": "hd-20261009-211812-efe1740f0c77/candidates/0/5",
            "status": "UNCERTAIN",
            "classifications": [],
            "source_ids": [],
            "evidence_provenance": [],
            "check_scope": "SUPPLIED_LEDGER",
            "critical": false,
            "verifier": "supplied_ledger_and_arithmetic/v2",
            "scorer_type": "deterministic",
            "note": "No available check establishes this proposition."
          },
          {
            "claim_id": "hd-20261009-211812-efe1740f0c77/candidates/0/5/claim/2",
            "candidate_id": "hd-20261009-211812-efe1740f0c77/candidates/0/5",
            "status": "UNCERTAIN",
            "classifications": [],
            "source_ids": [],
            "evidence_provenance": [],
            "check_scope": "SUPPLIED_LEDGER",
            "critical": false,
            "verifier": "supplied_ledger_and_arithmetic/v2",
            "scorer_type": "deterministic",
            "note": "No available check establishes this proposition."
          },
          {
            "claim_id": "hd-20261009-211812-efe1740f0c77/candidates/0/5/claim/3",
            "candidate_id": "hd-20261009-211812-efe1740f0c77/candidates/0/5",
            "status": "UNCERTAIN",
            "classifications": [],
            "source_ids": [],
            "evidence_provenance": [],
            "check_scope": "SUPPLIED_LEDGER",
            "critical": false,
            "verifier": "supplied_ledger_and_arithmetic/v2",
            "scorer_type": "deterministic",
            "note": "No available check establishes this proposition."
          },
          {
            "claim_id": "hd-20261009-211812-efe1740f0c77/candidates/0/5/claim/4",
            "candidate_id": "hd-20261009-211812-efe1740f0c77/candidates/0/5",
            "status": "UNCERTAIN",
            "classifications": [],
            "source_ids": [],
            "evidence_provenance": [],
            "check_scope": "SUPPLIED_LEDGER",
            "critical": false,
            "verifier": "supplied_ledger_and_arithmetic/v2",
            "scorer_type": "deterministic",
            "note": "No available check establishes this proposition."
          },
          {
            "claim_id": "hd-20261009-211812-efe1740f0c77/candidates/0/5/claim/5",
            "candidate_id": "hd-20261009-211812-efe1740f0c77/candidates/0/5",
            "status": "UNCERTAIN",
            "classifications": [],
            "source_ids": [],
            "evidence_provenance": [],
            "check_scope": "SUPPLIED_LEDGER",
            "critical": false,
            "verifier": "supplied_ledger_and_arithmetic/v2",
            "scorer_type": "deterministic",
            "note": "No available check establishes this proposition."
          },
          {
            "claim_id": "hd-20261009-211812-efe1740f0c77/candidates/0/5/claim/6",
            "candidate_id": "hd-20261009-211812-efe1740f0c77/candidates/0/5",
            "status": "UNCERTAIN",
            "classifications": [],
            "source_ids": [],
            "evidence_provenance": [],
            "check_scope": "SUPPLIED_LEDGER",
            "critical": false,
            "verifier": "supplied_ledger_and_arithmetic/v2",
            "scorer_type": "deterministic",
            "note": "No available check establishes this proposition."
          },
          {
            "claim_id": "hd-20261009-211812-efe1740f0c77/candidates/0/5/claim/7",
            "candidate_id": "hd-20261009-211812-efe1740f0c77/candidates/0/5",
            "status": "UNCERTAIN",
            "classifications": [],
            "source_ids": [],
            "evidence_provenance": [],
            "check_scope": "SUPPLIED_LEDGER",
            "critical": false,
            "verifier": "supplied_ledger_and_arithmetic/v2",
            "scorer_type": "deterministic",
            "note": "No available check establishes this proposition."
          },
          {
            "claim_id": "hd-20261009-211812-efe1740f0c77/candidates/0/5/claim/8",
            "candidate_id": "hd-20261009-211812-efe1740f0c77/candidates/0/5",
            "status": "UNCERTAIN",
            "classifications": [],
            "source_ids": [],
            "evidence_provenance": [],
            "check_scope": "SUPPLIED_LEDGER",
            "critical": false,
            "verifier": "supplied_ledger_and_arithmetic/v2",
            "scorer_type": "deterministic",
            "note": "No available check establishes this proposition."
          },
          {
            "claim_id": "hd-20261009-211812-efe1740f0c77/candidates/0/5/claim/9",
            "candidate_id": "hd-20261009-211812-efe1740f0c77/candidates/0/5",
            "status": "UNCERTAIN",
            "classifications": [],
            "source_ids": [],
            "evidence_provenance": [],
            "check_scope": "SUPPLIED_LEDGER",
            "critical": false,
            "verifier": "supplied_ledger_and_arithmetic/v2",
            "scorer_type": "deterministic",
            "note": "No available check establishes this proposition."
          },
          {
            "claim_id": "hd-20261009-211812-efe1740f0c77/candidates/0/5/claim/10",
            "candidate_id": "hd-20261009-211812-efe1740f0c77/candidates/0/5",
            "status": "UNCERTAIN",
            "classifications": [],
            "source_ids": [],
            "evidence_provenance": [],
            "check_scope": "SUPPLIED_LEDGER",
            "critical": false,
            "verifier": "supplied_ledger_and_arithmetic/v2",
            "scorer_type": "deterministic",
            "note": "No available check establishes this proposition."
          },
          {
            "claim_id": "hd-20261009-211812-efe1740f0c77/candidates/0/5/claim/11",
            "candidate_id": "hd-20261009-211812-efe1740f0c77/candidates/0/5",
            "status": "UNCERTAIN",
            "classifications": [],
            "source_ids": [],
            "evidence_provenance": [],
            "check_scope": "SUPPLIED_LEDGER",
            "critical": false,
            "verifier": "supplied_ledger_and_arithmetic/v2",
            "scorer_type": "deterministic",
            "note": "Explicit abstention; not counted as a detected failure or a verified fact."
          },
          {
            "claim_id": "hd-20261009-211812-efe1740f0c77/candidates/0/5/claim/12",
            "candidate_id": "hd-20261009-211812-efe1740f0c77/candidates/0/5",
            "status": "UNCERTAIN",
            "classifications": [],
            "source_ids": [],
            "evidence_provenance": [],
            "check_scope": "SUPPLIED_LEDGER",
            "critical": false,
            "verifier": "supplied_ledger_and_arithmetic/v2",
            "scorer_type": "deterministic",
            "note": "Explicit abstention; not counted as a detected failure or a verified fact."
          },
          {
            "claim_id": "hd-20261009-211812-efe1740f0c77/candidates/0/5/claim/13",
            "candidate_id": "hd-20261009-211812-efe1740f0c77/candidates/0/5",
            "status": "UNCERTAIN",
            "classifications": [],
            "source_ids": [],
            "evidence_provenance": [],
            "check_scope": "SUPPLIED_LEDGER",
            "critical": false,
            "verifier": "supplied_ledger_and_arithmetic/v2",
            "scorer_type": "deterministic",
            "note": "Explicit abstention; not counted as a detected failure or a verified fact."
          },
          {
            "claim_id": "hd-20261009-211812-efe1740f0c77/candidates/0/5/claim/14",
            "candidate_id": "hd-20261009-211812-efe1740f0c77/candidates/0/5",
            "status": "UNCERTAIN",
            "classifications": [],
            "source_ids": [],
            "evidence_provenance": [],
            "check_scope": "SUPPLIED_LEDGER",
            "critical": false,
            "verifier": "supplied_ledger_and_arithmetic/v2",
            "scorer_type": "deterministic",
            "note": "No available check establishes this proposition."
          },
          {
            "claim_id": "hd-20261009-211812-efe1740f0c77/candidates/0/5/claim/15",
            "candidate_id": "hd-20261009-211812-efe1740f0c77/candidates/0/5",
            "status": "UNCERTAIN",
            "classifications": [],
            "source_ids": [],
            "evidence_provenance": [],
            "check_scope": "SUPPLIED_LEDGER",
            "critical": false,
            "verifier": "supplied_ledger_and_arithmetic/v2",
            "scorer_type": "deterministic",
            "note": "No available check establishes this proposition."
          },
          {
            "claim_id": "hd-20261009-211812-efe1740f0c77/candidates/0/5/claim/16",
            "candidate_id": "hd-20261009-211812-efe1740f0c77/candidates/0/5",
            "status": "UNCERTAIN",
            "classifications": [],
            "source_ids": [],
            "evidence_provenance": [],
            "check_scope": "SUPPLIED_LEDGER",
            "critical": false,
            "verifier": "supplied_ledger_and_arithmetic/v2",
            "scorer_type": "deterministic",
            "note": "No available check establishes this proposition."
          },
          {
            "claim_id": "hd-20261009-211812-efe1740f0c77/candidates/0/5/claim/17",
            "candidate_id": "hd-20261009-211812-efe1740f0c77/candidates/0/5",
            "status": "UNCERTAIN",
            "classifications": [],
            "source_ids": [],
            "evidence_provenance": [],
            "check_scope": "SUPPLIED_LEDGER",
            "critical": false,
            "verifier": "supplied_ledger_and_arithmetic/v2",
            "scorer_type": "deterministic",
            "note": "No available check establishes this proposition."
          },
          {
            "claim_id": "hd-20261009-211812-efe1740f0c77/candidates/0/5/claim/18",
            "candidate_id": "hd-20261009-211812-efe1740f0c77/candidates/0/5",
            "status": "UNCERTAIN",
            "classifications": [],
            "source_ids": [],
            "evidence_provenance": [],
            "check_scope": "SUPPLIED_LEDGER",
            "critical": false,
            "verifier": "supplied_ledger_and_arithmetic/v2",
            "scorer_type": "deterministic",
            "note": "No available check establishes this proposition."
          },
          {
            "claim_id": "hd-20261009-211812-efe1740f0c77/candidates/0/5/claim/19",
            "candidate_id": "hd-20261009-211812-efe1740f0c77/candidates/0/5",
            "status": "UNCERTAIN",
            "classifications": [],
            "source_ids": [],
            "evidence_provenance": [],
            "check_scope": "SUPPLIED_LEDGER",
            "critical": false,
            "verifier": "supplied_ledger_and_arithmetic/v2",
            "scorer_type": "deterministic",
            "note": "No available check establishes this proposition."
          },
          {
            "claim_id": "hd-20261009-211812-efe1740f0c77/candidates/0/5/claim/20",
            "candidate_id": "hd-20261009-211812-efe1740f0c77/candidates/0/5",
            "status": "UNCERTAIN",
            "classifications": [],
            "source_ids": [],
            "evidence_provenance": [],
            "check_scope": "SUPPLIED_LEDGER",
            "critical": false,
            "verifier": "supplied_ledger_and_arithmetic/v2",
            "scorer_type": "deterministic",
            "note": "No available check establishes this proposition."
          },
          {
            "claim_id": "hd-20261009-211812-efe1740f0c77/candidates/0/5/claim/21",
            "candidate_id": "hd-20261009-211812-efe1740f0c77/candidates/0/5",
            "status": "UNCERTAIN",
            "classifications": [],
            "source_ids": [],
            "evidence_provenance": [],
            "check_scope": "SUPPLIED_LEDGER",
            "critical": false,
            "verifier": "supplied_ledger_and_arithmetic/v2",
            "scorer_type": "deterministic",
            "note": "Explicit abstention; not counted as a detected failure or a verified fact."
          },
          {
            "claim_id": "hd-20261009-211812-efe1740f0c77/candidates/0/5/claim/22",
            "candidate_id": "hd-20261009-211812-efe1740f0c77/candidates/0/5",
            "status": "UNCERTAIN",
            "classifications": [],
            "source_ids": [],
            "evidence_provenance": [],
            "check_scope": "SUPPLIED_LEDGER",
            "critical": false,
            "verifier": "supplied_ledger_and_arithmetic/v2",
            "scorer_type": "deterministic",
            "note": "Explicit abstention; not counted as a detected failure or a verified fact."
          },
          {
            "claim_id": "hd-20261009-211812-efe1740f0c77/candidates/0/5/claim/23",
            "candidate_id": "hd-20261009-211812-efe1740f0c77/candidates/0/5",
            "status": "UNCERTAIN",
            "classifications": [],
            "source_ids": [],
            "evidence_provenance": [],
            "check_scope": "SUPPLIED_LEDGER",
            "critical": false,
            "verifier": "supplied_ledger_and_arithmetic/v2",
            "scorer_type": "deterministic",
            "note": "No available check establishes this proposition."
          },
          {
            "claim_id": "hd-20261009-211812-efe1740f0c77/candidates/0/5/claim/24",
            "candidate_id": "hd-20261009-211812-efe1740f0c77/candidates/0/5",
            "status": "UNCERTAIN",
            "classifications": [],
            "source_ids": [],
            "evidence_provenance": [],
            "check_scope": "SUPPLIED_LEDGER",
            "critical": false,
            "verifier": "supplied_ledger_and_arithmetic/v2",
            "scorer_type": "deterministic",
            "note": "No available check establishes this proposition."
          }
        ],
        "candidate_index": 5,
        "trial": 0,
        "prompt_hash": "28d7f1939599e96493b943f2c0d20db401377a8f3cb42338642d69b9845fc0a5",
        "output_hash": "d3932a1a2a4726ca4fcb6cfc6d900112a484a1c85d2dd221fc8ffd77084b782a"
      }
    }
  ],
  "claims": [
    {
      "id": "hd-20261009-211812-efe1740f0c77/baseline/0/0/claim/1",
      "candidate_id": "hd-20261009-211812-efe1740f0c77/baseline/0/0",
      "kind": "IDEA",
      "text": "Arbitration and non-tender triage. Owner: GM and baseball-ops analysts. Decision: tender, non-tender or trade each arbitration-eligible player before the late-November or early-December non-tender deadline, every offseason. Value at stake: each arbitration salary, plus the roster spot and replacement cost. Mechanism: compare the projected arbitration salary (driven by the arbitration process's emphasis on traditional stats) with projected next-season surplus value, and flag players whose run value is mispriced relative to their counting stats. Baseline: a public projection system plus a public arbitration salary estimate, with a gut call on borderline cases. Software: a ledger that ranks every arbitration-eligible player on the roster by projected surplus over a replacement acquirable at similar cost. Retrospective test: public arbitration salaries and public next-season performance.",
      "status": "UNVERIFIED",
      "extractor": "line_grammar/v1"
    },
    {
      "id": "hd-20261009-211812-efe1740f0c77/baseline/0/0/claim/2",
      "candidate_id": "hd-20261009-211812-efe1740f0c77/baseline/0/0",
      "kind": "ASSUMPTION",
      "text": "Arbitration outcomes reward counting stats more than run value, so a systematic gap between salary and value exists and persists.",
      "status": "UNVERIFIED",
      "extractor": "line_grammar/v1"
    },
    {
      "id": "hd-20261009-211812-efe1740f0c77/baseline/0/0/claim/3",
      "candidate_id": "hd-20261009-211812-efe1740f0c77/baseline/0/0",
      "kind": "ASSUMPTION",
      "text": "Non-tender decisions involve enough marginal cases each year for better ranking to change outcomes.",
      "status": "UNVERIFIED",
      "extractor": "line_grammar/v1"
    },
    {
      "id": "hd-20261009-211812-efe1740f0c77/baseline/0/0/claim/4",
      "candidate_id": "hd-20261009-211812-efe1740f0c77/baseline/0/0",
      "kind": "UNKNOWN",
      "text": "cubs_2027_arbitration_eligible_list",
      "status": "UNVERIFIED",
      "extractor": "line_grammar/v1"
    },
    {
      "id": "hd-20261009-211812-efe1740f0c77/baseline/0/0/claim/5",
      "candidate_id": "hd-20261009-211812-efe1740f0c77/baseline/0/0",
      "kind": "UNKNOWN",
      "text": "public_arbitration_salary_estimate_accuracy_history",
      "status": "UNVERIFIED",
      "extractor": "line_grammar/v1"
    },
    {
      "id": "hd-20261009-211812-efe1740f0c77/baseline/0/0/claim/6",
      "candidate_id": "hd-20261009-211812-efe1740f0c77/baseline/0/0",
      "kind": "IDEA",
      "text": "Club-option and qualifying-offer decisions. Owner: GM and president of baseball operations. Decision: exercise or decline club and mutual options shortly after the World Series, and extend or withhold qualifying offers by the early-November deadline. Value at stake: option salaries, qualifying-offer salary exposure, and draft-pick compensation. Mechanism: estimate the probability that a qualifying offer is accepted and the player's free-agent market value from public contract history and the player's profile (age, injury record, agent). Baseline: accept the option if projected value exceeds its cost, and assume most qualifying offers are declined. Software: an acceptance-probability model and an option valuation calculator that includes the value of the compensation pick. Retrospective test: public qualifying-offer acceptance history and public contract data.",
      "status": "UNVERIFIED",
      "extractor": "line_grammar/v1"
    },
    {
      "id": "hd-20261009-211812-efe1740f0c77/baseline/0/0/claim/7",
      "candidate_id": "hd-20261009-211812-efe1740f0c77/baseline/0/0",
      "kind": "ASSUMPTION",
      "text": "Qualifying-offer acceptance is predictable from public features beyond what the simple \"most decline\" rule already captures.",
      "status": "UNVERIFIED",
      "extractor": "line_grammar/v1"
    },
    {
      "id": "hd-20261009-211812-efe1740f0c77/baseline/0/0/claim/8",
      "candidate_id": "hd-20261009-211812-efe1740f0c77/baseline/0/0",
      "kind": "ASSUMPTION",
      "text": "The number of option and qualifying-offer cases per year is enough to make this recurring rather than occasional.",
      "status": "UNVERIFIED",
      "extractor": "line_grammar/v1"
    },
    {
      "id": "hd-20261009-211812-efe1740f0c77/baseline/0/0/claim/9",
      "candidate_id": "hd-20261009-211812-efe1740f0c77/baseline/0/0",
      "kind": "UNKNOWN",
      "text": "qualifying_offer_amount_2026",
      "status": "UNVERIFIED",
      "extractor": "line_grammar/v1"
    },
    {
      "id": "hd-20261009-211812-efe1740f0c77/baseline/0/0/claim/10",
      "candidate_id": "hd-20261009-211812-efe1740f0c77/baseline/0/0",
      "kind": "UNKNOWN",
      "text": "cubs_pending_option_decisions_2026",
      "status": "UNVERIFIED",
      "extractor": "line_grammar/v1"
    },
    {
      "id": "hd-20261009-211812-efe1740f0c77/baseline/0/0/claim/11",
      "candidate_id": "hd-20261009-211812-efe1740f0c77/baseline/0/0",
      "kind": "IDEA",
      "text": "Free-agent contract pricing and winner's-curse correction. Owner: GM, president of baseball operations and ownership. Decision: bid levels and contract structures (years, opt-outs, deferrals) during the November-to-February signing window. Value at stake: the largest discretionary payroll commitments of each offseason. Mechanism: the club that wins an auction tends to overpay, so the club adjusts its bids for that, models aging curves with uncertainty bands, and prices opt-outs as options that benefit the player. Baseline: a public projection system, a dollars-per-WAR rule and crowdsourced contract estimates. Software: a contract valuation tool that discounts deferrals, prices opt-outs and estimates rival demand. Retrospective test: public contracts against realized public WAR.",
      "status": "UNVERIFIED",
      "extractor": "line_grammar/v1"
    },
    {
      "id": "hd-20261009-211812-efe1740f0c77/baseline/0/0/claim/12",
      "candidate_id": "hd-20261009-211812-efe1740f0c77/baseline/0/0",
      "kind": "ASSUMPTION",
      "text": "The dollars-per-WAR baseline mis-states the value of opt-outs and deferrals by enough to matter.",
      "status": "UNVERIFIED",
      "extractor": "line_grammar/v1"
    },
    {
      "id": "hd-20261009-211812-efe1740f0c77/baseline/0/0/claim/13",
      "candidate_id": "hd-20261009-211812-efe1740f0c77/baseline/0/0",
      "kind": "ASSUMPTION",
      "text": "Clubs are already sophisticated here, so the advantage may be small. This may be an area where clubs are already ahead of public tools.",
      "status": "UNVERIFIED",
      "extractor": "line_grammar/v1"
    },
    {
      "id": "hd-20261009-211812-efe1740f0c77/baseline/0/0/claim/14",
      "candidate_id": "hd-20261009-211812-efe1740f0c77/baseline/0/0",
      "kind": "UNKNOWN",
      "text": "cubs_2027_payroll_budget",
      "status": "UNVERIFIED",
      "extractor": "line_grammar/v1"
    },
    {
      "id": "hd-20261009-211812-efe1740f0c77/baseline/0/0/claim/15",
      "candidate_id": "hd-20261009-211812-efe1740f0c77/baseline/0/0",
      "kind": "UNKNOWN",
      "text": "public_dollars_per_war_estimate_stability",
      "status": "UNVERIFIED",
      "extractor": "line_grammar/v1"
    },
    {
      "id": "hd-20261009-211812-efe1740f0c77/baseline/0/0/claim/16",
      "candidate_id": "hd-20261009-211812-efe1740f0c77/baseline/0/0",
      "kind": "IDEA",
      "text": "Pre-arbitration extension timing. Owner: GM and ownership. Decision: when to offer early extensions to young players, typically in spring training or the offseason, every year. Value at stake: future arbitration and free-agent years bought at a discount. Mechanism: offer when public performance noise has inflated the player's risk discount but underlying skill indicators are stable. Baseline: extend after a strong breakout season, or extend top-ranked prospects. Software: an extension-timing model that compares the player's leverage curve with a skill-stability estimate. Retrospective test: public extension terms against counterfactual arbitration paths.",
      "status": "UNVERIFIED",
      "extractor": "line_grammar/v1"
    },
    {
      "id": "hd-20261009-211812-efe1740f0c77/baseline/0/0/claim/17",
      "candidate_id": "hd-20261009-211812-efe1740f0c77/baseline/0/0",
      "kind": "ASSUMPTION",
      "text": "Public underlying metrics stabilize earlier than surface results, so the timing edge is real.",
      "status": "UNVERIFIED",
      "extractor": "line_grammar/v1"
    },
    {
      "id": "hd-20261009-211812-efe1740f0c77/baseline/0/0/claim/18",
      "candidate_id": "hd-20261009-211812-efe1740f0c77/baseline/0/0",
      "kind": "ASSUMPTION",
      "text": "The player's and agent's willingness to accept is not mainly driven by information outside the model.",
      "status": "UNVERIFIED",
      "extractor": "line_grammar/v1"
    },
    {
      "id": "hd-20261009-211812-efe1740f0c77/baseline/0/0/claim/19",
      "candidate_id": "hd-20261009-211812-efe1740f0c77/baseline/0/0",
      "kind": "UNKNOWN",
      "text": "cubs_pre_arbitration_core_list",
      "status": "UNVERIFIED",
      "extractor": "line_grammar/v1"
    },
    {
      "id": "hd-20261009-211812-efe1740f0c77/baseline/0/0/claim/20",
      "candidate_id": "hd-20261009-211812-efe1740f0c77/baseline/0/0",
      "kind": "IDEA",
      "text": "Prospect valuation in trades. Owner: GM and pro-scouting director. Decision: which prospects to trade and which to acquire, at the July deadline and in offseason trades, every year. Value at stake: future controllable surplus that moves in each trade. Mechanism: calibrate public prospect rankings and stat lines against later outcomes to find which ranking tiers and profiles the market systematically overvalues or undervalues. Baseline: trade partners and media price prospects by public top-100 lists and organizational rank. Software: a model that converts ranking history into an outcome probability, applied to trade candidates. Retrospective test: archived public rankings against realized MLB careers.",
      "status": "UNVERIFIED",
      "extractor": "line_grammar/v1"
    },
    {
      "id": "hd-20261009-211812-efe1740f0c77/baseline/0/0/claim/21",
      "candidate_id": "hd-20261009-211812-efe1740f0c77/baseline/0/0",
      "kind": "ASSUMPTION",
      "text": "Other clubs price prospects off consensus rankings enough for a calibration gap to exist.",
      "status": "UNVERIFIED",
      "extractor": "line_grammar/v1"
    },
    {
      "id": "hd-20261009-211812-efe1740f0c77/baseline/0/0/claim/22",
      "candidate_id": "hd-20261009-211812-efe1740f0c77/baseline/0/0",
      "kind": "ASSUMPTION",
      "text": "Internal club data makes this edge smaller than public data suggests. Clubs may already be ahead here.",
      "status": "UNVERIFIED",
      "extractor": "line_grammar/v1"
    },
    {
      "id": "hd-20261009-211812-efe1740f0c77/baseline/0/0/claim/23",
      "candidate_id": "hd-20261009-211812-efe1740f0c77/baseline/0/0",
      "kind": "UNKNOWN",
      "text": "archived_public_prospect_ranking_availability_and_terms",
      "status": "UNVERIFIED",
      "extractor": "line_grammar/v1"
    },
    {
      "id": "hd-20261009-211812-efe1740f0c77/baseline/0/0/claim/24",
      "candidate_id": "hd-20261009-211812-efe1740f0c77/baseline/0/0",
      "kind": "IDEA",
      "text": "Draft bonus-pool allocation. Owner: amateur scouting director and GM. Decision: whom to take at each slot and how to distribute the bonus pool across under-slot and over-slot signings, in the July draft, every year. Value at stake: the full annual draft pool and the early-round surplus it buys. Mechanism: model signability and the expected value per bonus dollar by player type (college or high school, hitter or pitcher) using public draft history. Baseline: take the best player available on the club's board at slot. Software: a pool-allocation optimizer constrained by public slot values and signing rules. Retrospective test: public draft, bonus and outcome records.",
      "status": "UNVERIFIED",
      "extractor": "line_grammar/v1"
    },
    {
      "id": "hd-20261009-211812-efe1740f0c77/baseline/0/0/claim/25",
      "candidate_id": "hd-20261009-211812-efe1740f0c77/baseline/0/0",
      "kind": "ASSUMPTION",
      "text": "The value per bonus dollar differs reliably by player type, and the market has not already arbitraged that difference away.",
      "status": "UNVERIFIED",
      "extractor": "line_grammar/v1"
    },
    {
      "id": "hd-20261009-211812-efe1740f0c77/baseline/0/0/claim/26",
      "candidate_id": "hd-20261009-211812-efe1740f0c77/baseline/0/0",
      "kind": "ASSUMPTION",
      "text": "Clubs already model this extensively, so the marginal edge from public data may be small. Clubs may already be ahead here.",
      "status": "UNVERIFIED",
      "extractor": "line_grammar/v1"
    },
    {
      "id": "hd-20261009-211812-efe1740f0c77/baseline/0/0/claim/27",
      "candidate_id": "hd-20261009-211812-efe1740f0c77/baseline/0/0",
      "kind": "UNKNOWN",
      "text": "cubs_2027_draft_position_and_pool",
      "status": "UNVERIFIED",
      "extractor": "line_grammar/v1"
    },
    {
      "id": "hd-20261009-211812-efe1740f0c77/baseline/0/0/claim/28",
      "candidate_id": "hd-20261009-211812-efe1740f0c77/baseline/0/0",
      "kind": "IDEA",
      "text": "Catcher valuation shift under automated ball-strike challenges. Owner: GM and pro-scouting director. Decision: trading for, signing and assigning roster time to catchers each offseason. Value at stake: the share of catcher value that came from pitch framing, which may shrink if challenges reverse framed calls. Mechanism: the market may keep paying for framing value that has partly disappeared, while undervaluing blocking, throwing and offense. Baseline: public catcher defensive leaderboards that include framing runs. Software: a model that re-weights catcher value by expected challenge reversal rates. Retrospective test: limited, using whichever public seasons and leagues used the challenge system.",
      "status": "UNVERIFIED",
      "extractor": "line_grammar/v1"
    },
    {
      "id": "hd-20261009-211812-efe1740f0c77/baseline/0/0/claim/29",
      "candidate_id": "hd-20261009-211812-efe1740f0c77/baseline/0/0",
      "kind": "ASSUMPTION",
      "text": "MLB's 2026 rules include a ball-strike challenge system that reduces framing value. This must be verified.",
      "status": "UNVERIFIED",
      "extractor": "line_grammar/v1"
    },
    {
      "id": "hd-20261009-211812-efe1740f0c77/baseline/0/0/claim/30",
      "candidate_id": "hd-20261009-211812-efe1740f0c77/baseline/0/0",
      "kind": "ASSUMPTION",
      "text": "This is distinct from the already-explored challenge-strategy family because it concerns roster valuation, not in-game challenges.",
      "status": "UNVERIFIED",
      "extractor": "line_grammar/v1"
    },
    {
      "id": "hd-20261009-211812-efe1740f0c77/baseline/0/0/claim/31",
      "candidate_id": "hd-20261009-211812-efe1740f0c77/baseline/0/0",
      "kind": "UNKNOWN",
      "text": "mlb_2026_abs_rule_details",
      "status": "UNVERIFIED",
      "extractor": "line_grammar/v1"
    },
    {
      "id": "hd-20261009-211812-efe1740f0c77/baseline/0/0/claim/32",
      "candidate_id": "hd-20261009-211812-efe1740f0c77/baseline/0/0",
      "kind": "UNKNOWN",
      "text": "public_framing_value_under_challenge_system",
      "status": "UNVERIFIED",
      "extractor": "line_grammar/v1"
    },
    {
      "id": "hd-20261009-211812-efe1740f0c77/baseline/0/0/claim/33",
      "candidate_id": "hd-20261009-211812-efe1740f0c77/baseline/0/0",
      "kind": "IDEA",
      "text": "Trade-deadline buy, sell or hold decision. Owner: president of baseball operations and ownership. Decision: the club's deadline posture and how much to spend, in July, every year. Value at stake: prospect capital and the revenue value of playoff odds. Mechanism: estimate how much each added win changes playoff and series-advance probability given the division standings, and compare that with the prospect cost. Baseline: buy if the club is in contention, using public playoff odds. Software: a model of the marginal value of a win, joined to a prospect-cost estimate. Retrospective test: public standings, odds archives and trade records.",
      "status": "UNVERIFIED",
      "extractor": "line_grammar/v1"
    },
    {
      "id": "hd-20261009-211812-efe1740f0c77/baseline/0/0/claim/34",
      "candidate_id": "hd-20261009-211812-efe1740f0c77/baseline/0/0",
      "kind": "ASSUMPTION",
      "text": "Clubs already use playoff-odds tools, so the edge may come mainly from the prospect-cost side rather than from the odds.",
      "status": "UNVERIFIED",
      "extractor": "line_grammar/v1"
    },
    {
      "id": "hd-20261009-211812-efe1740f0c77/baseline/0/0/claim/35",
      "candidate_id": "hd-20261009-211812-efe1740f0c77/baseline/0/0",
      "kind": "UNKNOWN",
      "text": "playoff_revenue_value_per_round_public_estimate",
      "status": "UNVERIFIED",
      "extractor": "line_grammar/v1"
    },
    {
      "id": "hd-20261009-211812-efe1740f0c77/baseline/0/0/claim/36",
      "candidate_id": "hd-20261009-211812-efe1740f0c77/baseline/0/0",
      "kind": "IDEA",
      "text": "In-season waiver and DFA claims. Owner: GM and pro-scouting staff. Decision: whether to claim players within the waiver window during the season. Value at stake: likely low, similar to the minor-league free-agent finding. Mechanism: none clearly beats a prior-MLB-time rule. Baseline: claim players with recent MLB time who fit a roster need. Verdict: software is probably unnecessary here.",
      "status": "UNVERIFIED",
      "extractor": "line_grammar/v1"
    },
    {
      "id": "hd-20261009-211812-efe1740f0c77/baseline/0/0/claim/37",
      "candidate_id": "hd-20261009-211812-efe1740f0c77/baseline/0/0",
      "kind": "ASSUMPTION",
      "text": "The ceiling on waiver claims resembles the low ceiling found in the earlier minor-league free-agent test. This needs verification.",
      "status": "UNVERIFIED",
      "extractor": "line_grammar/v1"
    },
    {
      "id": "hd-20261009-211812-efe1740f0c77/baseline/0/0/claim/38",
      "candidate_id": "hd-20261009-211812-efe1740f0c77/baseline/0/0",
      "kind": "IDEA",
      "text": "Ticket pricing and demand forecasting. Owner: business operations. Decision: per-game prices for home games, set all season. Value at stake: ticket revenue. Verdict: clubs and outside vendors are likely already ahead, so a baseball-ops software edge is unlikely.",
      "status": "UNVERIFIED",
      "extractor": "line_grammar/v1"
    },
    {
      "id": "hd-20261009-211812-efe1740f0c77/baseline/0/0/claim/39",
      "candidate_id": "hd-20261009-211812-efe1740f0c77/baseline/0/0",
      "kind": "ASSUMPTION",
      "text": "Dynamic pricing at the Cubs is already handled by mature systems. This is unverified.",
      "status": "UNVERIFIED",
      "extractor": "line_grammar/v1"
    },
    {
      "id": "hd-20261009-211812-efe1740f0c77/baseline/0/0/claim/40",
      "candidate_id": "hd-20261009-211812-efe1740f0c77/baseline/0/0",
      "kind": "UNKNOWN",
      "text": "cubs_ticket_pricing_system",
      "status": "UNVERIFIED",
      "extractor": "line_grammar/v1"
    },
    {
      "id": "hd-20261009-211812-efe1740f0c77/baseline/0/0/claim/41",
      "candidate_id": "hd-20261009-211812-efe1740f0c77/baseline/0/0",
      "kind": "IDEA",
      "text": "International amateur signings. Owner: international scouting director. Decision: agreements in principle with players years before their signing dates, each January signing period. Value at stake: the international bonus pool. Mechanism: weak, because public information on these players at decision time is sparse. Verdict: public-data software is likely unhelpful, and a retrospective test is hard.",
      "status": "UNVERIFIED",
      "extractor": "line_grammar/v1"
    },
    {
      "id": "hd-20261009-211812-efe1740f0c77/baseline/0/0/claim/42",
      "candidate_id": "hd-20261009-211812-efe1740f0c77/baseline/0/0",
      "kind": "ASSUMPTION",
      "text": "Public data on international amateurs before signing is too thin to beat scouting.",
      "status": "UNVERIFIED",
      "extractor": "line_grammar/v1"
    },
    {
      "id": "hd-20261009-211812-efe1740f0c77/baseline/0/0/claim/43",
      "candidate_id": "hd-20261009-211812-efe1740f0c77/baseline/0/0",
      "kind": "UNKNOWN",
      "text": "public_international_amateur_data_availability",
      "status": "UNVERIFIED",
      "extractor": "line_grammar/v1"
    },
    {
      "id": "hd-20261009-211812-efe1740f0c77/baseline/0/1/claim/1",
      "candidate_id": "hd-20261009-211812-efe1740f0c77/baseline/0/1",
      "kind": "IDEA",
      "text": "Arbitration filing-number estimation. Owner: front office baseball operations and legal or arbitration staff. Decision: whether to file or exchange salary figures, and at what number, for each arbitration-eligible player. Timing: once a year at the January exchange deadline, with settlement talks before hearings. Value at stake: the gap between the filed number and the eventual salary, repeated across several players a year and carried into later arbitration years. Mechanism: model how hearing panels have weighed public criteria such as platform-year counting stats, service class and comparable-player salaries, then choose a number that is likely to win or to anchor settlement well. Baseline: published public arbitration projections plus comparables picked by hand. Software: a comparable-retrieval and outcome model trained on public historical filings, settlements and hearing results, tested retrospectively against past exchanges.",
      "status": "UNVERIFIED",
      "extractor": "line_grammar/v1"
    },
    {
      "id": "hd-20261009-211812-efe1740f0c77/baseline/0/1/claim/2",
      "candidate_id": "hd-20261009-211812-efe1740f0c77/baseline/0/1",
      "kind": "ASSUMPTION",
      "text": "Enough historical filed figures and hearing outcomes are public to train and test a model better than existing public projections.",
      "status": "UNVERIFIED",
      "extractor": "line_grammar/v1"
    },
    {
      "id": "hd-20261009-211812-efe1740f0c77/baseline/0/1/claim/3",
      "candidate_id": "hd-20261009-211812-efe1740f0c77/baseline/0/1",
      "kind": "ASSUMPTION",
      "text": "Panels weigh traditional counting stats more than modern metrics, so the reasoning differs from player-value modeling.",
      "status": "UNVERIFIED",
      "extractor": "line_grammar/v1"
    },
    {
      "id": "hd-20261009-211812-efe1740f0c77/baseline/0/1/claim/4",
      "candidate_id": "hd-20261009-211812-efe1740f0c77/baseline/0/1",
      "kind": "ASSUMPTION",
      "text": "Clubs are probably already sophisticated here, so the edge may be small, and the improvement must be measured against public projections rather than against no model.",
      "status": "UNVERIFIED",
      "extractor": "line_grammar/v1"
    },
    {
      "id": "hd-20261009-211812-efe1740f0c77/baseline/0/1/claim/5",
      "candidate_id": "hd-20261009-211812-efe1740f0c77/baseline/0/1",
      "kind": "UNKNOWN",
      "text": "count_of_public_arbitration_hearing_outcomes_by_year",
      "status": "UNVERIFIED",
      "extractor": "line_grammar/v1"
    },
    {
      "id": "hd-20261009-211812-efe1740f0c77/baseline/0/1/claim/6",
      "candidate_id": "hd-20261009-211812-efe1740f0c77/baseline/0/1",
      "kind": "UNKNOWN",
      "text": "cubs_arbitration_eligible_players_2027",
      "status": "UNVERIFIED",
      "extractor": "line_grammar/v1"
    },
    {
      "id": "hd-20261009-211812-efe1740f0c77/baseline/0/1/claim/7",
      "candidate_id": "hd-20261009-211812-efe1740f0c77/baseline/0/1",
      "kind": "IDEA",
      "text": "Tender and non-tender decisions. Owner: general manager and president of baseball operations. Decision: tender or non-tender each arbitration-eligible player. Timing: the November non-tender deadline. Value at stake: one projected arbitration salary per marginal player against the replacement cost of similar players on the open market afterward. Mechanism: compare the projected arbitration cost with the market price of comparable non-tendered players, using public signing data from past offseasons. Baseline: a rule of tendering unless projected salary clearly exceeds expected value. Software: a model that pairs projected arbitration salary with the historical post-non-tender market for similar profiles.",
      "status": "UNVERIFIED",
      "extractor": "line_grammar/v1"
    },
    {
      "id": "hd-20261009-211812-efe1740f0c77/baseline/0/1/claim/8",
      "candidate_id": "hd-20261009-211812-efe1740f0c77/baseline/0/1",
      "kind": "ASSUMPTION",
      "text": "Public signing terms for non-tendered players are complete enough to estimate the replacement market.",
      "status": "UNVERIFIED",
      "extractor": "line_grammar/v1"
    },
    {
      "id": "hd-20261009-211812-efe1740f0c77/baseline/0/1/claim/9",
      "candidate_id": "hd-20261009-211812-efe1740f0c77/baseline/0/1",
      "kind": "ASSUMPTION",
      "text": "The decision is coupled to 40-man roster space, which overlaps an explored family and must be separated in any test.",
      "status": "UNVERIFIED",
      "extractor": "line_grammar/v1"
    },
    {
      "id": "hd-20261009-211812-efe1740f0c77/baseline/0/1/claim/10",
      "candidate_id": "hd-20261009-211812-efe1740f0c77/baseline/0/1",
      "kind": "UNKNOWN",
      "text": "historical_nontender_resigning_price_distribution",
      "status": "UNVERIFIED",
      "extractor": "line_grammar/v1"
    },
    {
      "id": "hd-20261009-211812-efe1740f0c77/baseline/0/1/claim/11",
      "candidate_id": "hd-20261009-211812-efe1740f0c77/baseline/0/1",
      "kind": "IDEA",
      "text": "Qualifying offer extend-or-decline and signing QO-tagged free agents. Owner: front office leadership and ownership for the budget. Decision: whether to extend a qualifying offer to the club's own free agents, and whether a QO-tagged free agent is worth the draft-pick and bonus-pool forfeit. Timing: in the days after the World Series, and then throughout the free-agent period. Value at stake: one-year salary at the QO amount, plus draft compensation picks and their slot bonus values. Mechanism: estimate acceptance probability from public QO history, and price the forfeited picks using historical draft-slot outcomes. Baseline: offer QOs only to clearly top free agents, and treat forfeited picks as a flat cost. Software: an acceptance-probability model plus a pick-value curve, tested on public QO decisions since the system began.",
      "status": "UNVERIFIED",
      "extractor": "line_grammar/v1"
    },
    {
      "id": "hd-20261009-211812-efe1740f0c77/baseline/0/1/claim/12",
      "candidate_id": "hd-20261009-211812-efe1740f0c77/baseline/0/1",
      "kind": "ASSUMPTION",
      "text": "QO rules and compensation tiers may change in the next collective bargaining agreement, which could invalidate historical training data.",
      "status": "UNVERIFIED",
      "extractor": "line_grammar/v1"
    },
    {
      "id": "hd-20261009-211812-efe1740f0c77/baseline/0/1/claim/13",
      "candidate_id": "hd-20261009-211812-efe1740f0c77/baseline/0/1",
      "kind": "ASSUMPTION",
      "text": "The pick-value curve can be estimated from public draft and career outcome data without private grades.",
      "status": "UNVERIFIED",
      "extractor": "line_grammar/v1"
    },
    {
      "id": "hd-20261009-211812-efe1740f0c77/baseline/0/1/claim/14",
      "candidate_id": "hd-20261009-211812-efe1740f0c77/baseline/0/1",
      "kind": "UNKNOWN",
      "text": "cubs_2026_free_agents_qo_eligible",
      "status": "UNVERIFIED",
      "extractor": "line_grammar/v1"
    },
    {
      "id": "hd-20261009-211812-efe1740f0c77/baseline/0/1/claim/15",
      "candidate_id": "hd-20261009-211812-efe1740f0c77/baseline/0/1",
      "kind": "UNKNOWN",
      "text": "next_cba_qo_rules",
      "status": "UNVERIFIED",
      "extractor": "line_grammar/v1"
    },
    {
      "id": "hd-20261009-211812-efe1740f0c77/baseline/0/1/claim/16",
      "candidate_id": "hd-20261009-211812-efe1740f0c77/baseline/0/1",
      "kind": "IDEA",
      "text": "Labor-agreement scenario planning. Owner: ownership, business operations and baseball operations jointly. Decision: offseason commitment timing, such as signing multi-year deals before or after any labor resolution and structuring contract years around possible changes to the luxury tax or revenue rules. Timing: this offseason, and at each future agreement expiration. Value at stake: multi-year payroll commitments, plus taxes or penalties under rules that could change. Mechanism: run contract structures against several plausible rule scenarios, using public reporting on bargaining positions. Baseline: wait and see, with a qualitative judgment by leadership. Software: a scenario engine that recomputes the luxury-tax payroll calculation, compensation rules and service-time effects under different rule sets.",
      "status": "UNVERIFIED",
      "extractor": "line_grammar/v1"
    },
    {
      "id": "hd-20261009-211812-efe1740f0c77/baseline/0/1/claim/17",
      "candidate_id": "hd-20261009-211812-efe1740f0c77/baseline/0/1",
      "kind": "ASSUMPTION",
      "text": "The current collective bargaining agreement expires around this offseason, which needs verification.",
      "status": "UNVERIFIED",
      "extractor": "line_grammar/v1"
    },
    {
      "id": "hd-20261009-211812-efe1740f0c77/baseline/0/1/claim/18",
      "candidate_id": "hd-20261009-211812-efe1740f0c77/baseline/0/1",
      "kind": "ASSUMPTION",
      "text": "This decision is rare rather than recurring, so a retrospective test is weak (past expirations offer few samples).",
      "status": "UNVERIFIED",
      "extractor": "line_grammar/v1"
    },
    {
      "id": "hd-20261009-211812-efe1740f0c77/baseline/0/1/claim/19",
      "candidate_id": "hd-20261009-211812-efe1740f0c77/baseline/0/1",
      "kind": "UNKNOWN",
      "text": "cba_expiration_date_verified",
      "status": "UNVERIFIED",
      "extractor": "line_grammar/v1"
    },
    {
      "id": "hd-20261009-211812-efe1740f0c77/baseline/0/1/claim/20",
      "candidate_id": "hd-20261009-211812-efe1740f0c77/baseline/0/1",
      "kind": "UNKNOWN",
      "text": "cubs_luxury_tax_payroll_2027",
      "status": "UNVERIFIED",
      "extractor": "line_grammar/v1"
    },
    {
      "id": "hd-20261009-211812-efe1740f0c77/baseline/0/1/claim/21",
      "candidate_id": "hd-20261009-211812-efe1740f0c77/baseline/0/1",
      "kind": "IDEA",
      "text": "Club option and player opt-out forecasting. Owner: front office. Decision: exercise or decline the club's own options, and anticipate opt-out exercises by players on the roster or on target lists. Timing: shortly after the World Series each year. Value at stake: the option salary against the market replacement price, often seven figures. Mechanism: compare the option price with the estimated open-market price for the same projected performance, using public contract and projection data. Baseline: exercise the option if the player was productive last season. Software: a market-price estimator for one-year deals, tested against public option decisions and the contracts players later signed.",
      "status": "UNVERIFIED",
      "extractor": "line_grammar/v1"
    },
    {
      "id": "hd-20261009-211812-efe1740f0c77/baseline/0/1/claim/22",
      "candidate_id": "hd-20261009-211812-efe1740f0c77/baseline/0/1",
      "kind": "ASSUMPTION",
      "text": "Most option decisions are already obvious, so the model matters only at the margin and could be unnecessary.",
      "status": "UNVERIFIED",
      "extractor": "line_grammar/v1"
    },
    {
      "id": "hd-20261009-211812-efe1740f0c77/baseline/0/1/claim/23",
      "candidate_id": "hd-20261009-211812-efe1740f0c77/baseline/0/1",
      "kind": "UNKNOWN",
      "text": "cubs_club_options_2027",
      "status": "UNVERIFIED",
      "extractor": "line_grammar/v1"
    },
    {
      "id": "hd-20261009-211812-efe1740f0c77/baseline/0/1/claim/24",
      "candidate_id": "hd-20261009-211812-efe1740f0c77/baseline/0/1",
      "kind": "IDEA",
      "text": "Trade-deadline buy, sell or hold valuation. Owner: president of baseball operations and general manager. Decision: whether to add, subtract or stand pat, and how much prospect value to spend. Timing: each July before the deadline. Value at stake: the change in playoff probability per added win, times postseason revenue and the value of playing in October, against the surplus value of the prospects traded. Mechanism: the value of a marginal win is nonlinear in the standings, and public playoff-odds simulations can show where a deadline win is unusually valuable or nearly worthless. Baseline: use a public playoff-odds percentage, with buy or sell judged by feel. Software: a model that turns public odds simulations into a marginal-win value curve, combined with a public-data model of prospect surplus value, tested on historical deadline moves against season outcomes.",
      "status": "UNVERIFIED",
      "extractor": "line_grammar/v1"
    },
    {
      "id": "hd-20261009-211812-efe1740f0c77/baseline/0/1/claim/25",
      "candidate_id": "hd-20261009-211812-efe1740f0c77/baseline/0/1",
      "kind": "ASSUMPTION",
      "text": "Postseason revenue per series can be estimated from public sources, since actual Cubs revenue is private.",
      "status": "UNVERIFIED",
      "extractor": "line_grammar/v1"
    },
    {
      "id": "hd-20261009-211812-efe1740f0c77/baseline/0/1/claim/26",
      "candidate_id": "hd-20261009-211812-efe1740f0c77/baseline/0/1",
      "kind": "ASSUMPTION",
      "text": "The retrospective test is confounded because counterfactual seasons are unobservable, so only the decision rule can be evaluated against simulated outcomes.",
      "status": "UNVERIFIED",
      "extractor": "line_grammar/v1"
    },
    {
      "id": "hd-20261009-211812-efe1740f0c77/baseline/0/1/claim/27",
      "candidate_id": "hd-20261009-211812-efe1740f0c77/baseline/0/1",
      "kind": "UNKNOWN",
      "text": "postseason_revenue_per_round_public_estimate",
      "status": "UNVERIFIED",
      "extractor": "line_grammar/v1"
    },
    {
      "id": "hd-20261009-211812-efe1740f0c77/baseline/0/1/claim/28",
      "candidate_id": "hd-20261009-211812-efe1740f0c77/baseline/0/1",
      "kind": "IDEA",
      "text": "Draft bonus-pool allocation and signability. Owner: the scouting director and amateur scouting department. Decision: how to distribute bonus-pool dollars across picks, including under-slot deals early in exchange for over-slot deals later. Timing: each July draft and signing deadline. Value at stake: the expected surplus value of draftees, with penalties for exceeding the pool. Mechanism: public data on slot values, signed bonuses and later outcomes show whether money moved to later rounds produced more value than spending it at the top picks. Baseline: take the best player available near slot and take conventional senior signs to save money. Software: an allocation optimizer that uses public bonus and outcome history, tested on past drafts.",
      "status": "UNVERIFIED",
      "extractor": "line_grammar/v1"
    },
    {
      "id": "hd-20261009-211812-efe1740f0c77/baseline/0/1/claim/29",
      "candidate_id": "hd-20261009-211812-efe1740f0c77/baseline/0/1",
      "kind": "ASSUMPTION",
      "text": "Public bonus data are complete enough, and the outcome horizon is long enough, for a test (draftees take years to mature).",
      "status": "UNVERIFIED",
      "extractor": "line_grammar/v1"
    },
    {
      "id": "hd-20261009-211812-efe1740f0c77/baseline/0/1/claim/30",
      "candidate_id": "hd-20261009-211812-efe1740f0c77/baseline/0/1",
      "kind": "ASSUMPTION",
      "text": "Clubs are already sophisticated at pool management, so the edge may be small.",
      "status": "UNVERIFIED",
      "extractor": "line_grammar/v1"
    },
    {
      "id": "hd-20261009-211812-efe1740f0c77/baseline/0/1/claim/31",
      "candidate_id": "hd-20261009-211812-efe1740f0c77/baseline/0/1",
      "kind": "UNKNOWN",
      "text": "public_bonus_data_completeness_by_year",
      "status": "UNVERIFIED",
      "extractor": "line_grammar/v1"
    },
    {
      "id": "hd-20261009-211812-efe1740f0c77/baseline/0/1/claim/32",
      "candidate_id": "hd-20261009-211812-efe1740f0c77/baseline/0/1",
      "kind": "IDEA",
      "text": "Pre-arbitration extension timing and pricing. Owner: front office and ownership. Decision: which young controllable players to offer early extensions, and at what guarantee. Timing: often in spring training, and occasionally in other windows. Value at stake: tens of millions in arbitration and free-agent years bought out at a discount, against the risk of injury or decline. Mechanism: use public history of early extensions and the players' later outcomes to estimate when the risk-adjusted price favors the club. Baseline: match public comparable extensions. Software: a model linking service time, performance trajectory and comparable deals to fair-value ranges, tested on public extensions and later career outcomes.",
      "status": "UNVERIFIED",
      "extractor": "line_grammar/v1"
    },
    {
      "id": "hd-20261009-211812-efe1740f0c77/baseline/0/1/claim/33",
      "candidate_id": "hd-20261009-211812-efe1740f0c77/baseline/0/1",
      "kind": "ASSUMPTION",
      "text": "The sample of public extensions with matured outcomes is large enough for a test.",
      "status": "UNVERIFIED",
      "extractor": "line_grammar/v1"
    },
    {
      "id": "hd-20261009-211812-efe1740f0c77/baseline/0/1/claim/34",
      "candidate_id": "hd-20261009-211812-efe1740f0c77/baseline/0/1",
      "kind": "UNKNOWN",
      "text": "cubs_extension_candidates_2027",
      "status": "UNVERIFIED",
      "extractor": "line_grammar/v1"
    },
    {
      "id": "hd-20261009-211812-efe1740f0c77/baseline/0/1/claim/35",
      "candidate_id": "hd-20261009-211812-efe1740f0c77/baseline/0/1",
      "kind": "IDEA",
      "text": "Areas where software is likely unnecessary, or where clubs are likely already ahead. These include dynamic ticket pricing (vendor platforms already exist), in-game bullpen leverage and pinch-hit decisions (clubs have in-house models), free-agent aging curves (well studied publicly and privately), and international amateur signings (deals are typically agreed years ahead, before public information is useful).",
      "status": "UNVERIFIED",
      "extractor": "line_grammar/v1"
    },
    {
      "id": "hd-20261009-211812-efe1740f0c77/baseline/0/1/claim/36",
      "candidate_id": "hd-20261009-211812-efe1740f0c77/baseline/0/1",
      "kind": "ASSUMPTION",
      "text": "Vendor pricing tools and in-house in-game models are already widespread across clubs.",
      "status": "UNVERIFIED",
      "extractor": "line_grammar/v1"
    },
    {
      "id": "hd-20261009-211812-efe1740f0c77/baseline/0/1/claim/37",
      "candidate_id": "hd-20261009-211812-efe1740f0c77/baseline/0/1",
      "kind": "ASSUMPTION",
      "text": "International agreements made years in advance leave little room for decision-time software.",
      "status": "UNVERIFIED",
      "extractor": "line_grammar/v1"
    },
    {
      "id": "hd-20261009-211812-efe1740f0c77/baseline/0/1/claim/38",
      "candidate_id": "hd-20261009-211812-efe1740f0c77/baseline/0/1",
      "kind": "UNKNOWN",
      "text": "cubs_existing_internal_tooling",
      "status": "UNVERIFIED",
      "extractor": "line_grammar/v1"
    },
    {
      "id": "hd-20261009-211812-efe1740f0c77/baseline/0/2/claim/1",
      "candidate_id": "hd-20261009-211812-efe1740f0c77/baseline/0/2",
      "kind": "IDEA",
      "text": "Arbitration salary forecasting and file-or-settle strategy. Owner: front office baseball operations and legal or payroll staff. Decision: each winter, before the arbitration filing deadline, set exchange figures and decide which cases to settle or take to hearing (file-and-trial posture). Value at stake: multi-year payroll effects, because arbitration salaries compound across a player's arb years. Mechanism: comparable-player retrieval from public arbitration outcomes, using conventional arb criteria (playing time, counting stats, awards) instead of modern metrics, could estimate both the hearing win probability and the midpoint. Baseline: the agent-style comparables used by club arbitration staff, plus public projection sites. Software: a model trained on historical public filing figures and hearing results that outputs a recommended filing figure and a settle-or-hearing probability.",
      "status": "UNVERIFIED",
      "extractor": "line_grammar/v1"
    },
    {
      "id": "hd-20261009-211812-efe1740f0c77/baseline/0/2/claim/2",
      "candidate_id": "hd-20261009-211812-efe1740f0c77/baseline/0/2",
      "kind": "ASSUMPTION",
      "text": "Public historical filing figures and hearing outcomes are complete enough to train and backtest on.",
      "status": "UNVERIFIED",
      "extractor": "line_grammar/v1"
    },
    {
      "id": "hd-20261009-211812-efe1740f0c77/baseline/0/2/claim/3",
      "candidate_id": "hd-20261009-211812-efe1740f0c77/baseline/0/2",
      "kind": "ASSUMPTION",
      "text": "Arbitration panels' reliance on traditional stats is stable enough over time that past outcomes predict future ones.",
      "status": "UNVERIFIED",
      "extractor": "line_grammar/v1"
    },
    {
      "id": "hd-20261009-211812-efe1740f0c77/baseline/0/2/claim/4",
      "candidate_id": "hd-20261009-211812-efe1740f0c77/baseline/0/2",
      "kind": "ASSUMPTION",
      "text": "Most clubs already run comparable systems, so any edge may be at the margin of the settle-or-hearing decision rather than in salary prediction.",
      "status": "UNVERIFIED",
      "extractor": "line_grammar/v1"
    },
    {
      "id": "hd-20261009-211812-efe1740f0c77/baseline/0/2/claim/5",
      "candidate_id": "hd-20261009-211812-efe1740f0c77/baseline/0/2",
      "kind": "UNKNOWN",
      "text": "cubs_arbitration_eligible_players_2027",
      "status": "UNVERIFIED",
      "extractor": "line_grammar/v1"
    },
    {
      "id": "hd-20261009-211812-efe1740f0c77/baseline/0/2/claim/6",
      "candidate_id": "hd-20261009-211812-efe1740f0c77/baseline/0/2",
      "kind": "UNKNOWN",
      "text": "cubs_file_and_trial_policy",
      "status": "UNVERIFIED",
      "extractor": "line_grammar/v1"
    },
    {
      "id": "hd-20261009-211812-efe1740f0c77/baseline/0/2/claim/7",
      "candidate_id": "hd-20261009-211812-efe1740f0c77/baseline/0/2",
      "kind": "UNKNOWN",
      "text": "public_hearing_outcome_dataset_coverage",
      "status": "UNVERIFIED",
      "extractor": "line_grammar/v1"
    },
    {
      "id": "hd-20261009-211812-efe1740f0c77/baseline/0/2/claim/8",
      "candidate_id": "hd-20261009-211812-efe1740f0c77/baseline/0/2",
      "kind": "IDEA",
      "text": "Non-tender and tender decision support. Owner: front office. Decision: at the annual non-tender deadline (late November or early December), choose which arbitration-eligible and pre-arb players to tender. Value at stake: roster spots and projected arbitration salaries, weighed against replacement cost on the open market. Mechanism: compare each player's projected arb salary with the projected market price of an equivalent replacement, using public projections and post-deadline signing prices from past years. Baseline: front-office judgment, plus a simple rule such as \"tender if projected WAR × market $/WAR exceeds projected arb salary.\" Software: a backtest of past non-tender classes showing whether non-tendered players were later signed cheaply and performed, which calibrates the replacement-cost curve.",
      "status": "UNVERIFIED",
      "extractor": "line_grammar/v1"
    },
    {
      "id": "hd-20261009-211812-efe1740f0c77/baseline/0/2/claim/9",
      "candidate_id": "hd-20261009-211812-efe1740f0c77/baseline/0/2",
      "kind": "ASSUMPTION",
      "text": "Non-tendered players' later contracts and performance are publicly recoverable for a retrospective test.",
      "status": "UNVERIFIED",
      "extractor": "line_grammar/v1"
    },
    {
      "id": "hd-20261009-211812-efe1740f0c77/baseline/0/2/claim/10",
      "candidate_id": "hd-20261009-211812-efe1740f0c77/baseline/0/2",
      "kind": "ASSUMPTION",
      "text": "The simple $/WAR rule may already capture most of the value, mirroring the R001 finding; this should be tested before building anything elaborate.",
      "status": "UNVERIFIED",
      "extractor": "line_grammar/v1"
    },
    {
      "id": "hd-20261009-211812-efe1740f0c77/baseline/0/2/claim/11",
      "candidate_id": "hd-20261009-211812-efe1740f0c77/baseline/0/2",
      "kind": "UNKNOWN",
      "text": "market_dollars_per_war_2026_offseason",
      "status": "UNVERIFIED",
      "extractor": "line_grammar/v1"
    },
    {
      "id": "hd-20261009-211812-efe1740f0c77/baseline/0/2/claim/12",
      "candidate_id": "hd-20261009-211812-efe1740f0c77/baseline/0/2",
      "kind": "UNKNOWN",
      "text": "historical_nontender_class_outcomes",
      "status": "UNVERIFIED",
      "extractor": "line_grammar/v1"
    },
    {
      "id": "hd-20261009-211812-efe1740f0c77/baseline/0/2/claim/13",
      "candidate_id": "hd-20261009-211812-efe1740f0c77/baseline/0/2",
      "kind": "IDEA",
      "text": "Qualifying offer extend-or-decline and compensation-pick valuation. Owner: front office and ownership. Decision: in the days after the World Series, decide whether to extend the qualifying offer to eligible pending free agents, and value the draft compensation forgone when signing other clubs' QO-tagged free agents. Value at stake: a one-year salary at the QO amount, set against compensation-pick value and bonus pool consequences. Mechanism: model acceptance probability from public historical QO acceptances by player age, platform-year performance, and market conditions, and value compensation picks using public draft-slot outcome histories. Baseline: extend the QO to any player expected to beat it on the open market. Software: an acceptance-probability model plus a draft-pick value curve, backtested on public QO history since the system began.",
      "status": "UNVERIFIED",
      "extractor": "line_grammar/v1"
    },
    {
      "id": "hd-20261009-211812-efe1740f0c77/baseline/0/2/claim/14",
      "candidate_id": "hd-20261009-211812-efe1740f0c77/baseline/0/2",
      "kind": "ASSUMPTION",
      "text": "The number of historical QO decisions is small, so model confidence may be low.",
      "status": "UNVERIFIED",
      "extractor": "line_grammar/v1"
    },
    {
      "id": "hd-20261009-211812-efe1740f0c77/baseline/0/2/claim/15",
      "candidate_id": "hd-20261009-211812-efe1740f0c77/baseline/0/2",
      "kind": "ASSUMPTION",
      "text": "Compensation rules depend on revenue-sharing and luxury-tax status, which must be verified for the Cubs for each season.",
      "status": "UNVERIFIED",
      "extractor": "line_grammar/v1"
    },
    {
      "id": "hd-20261009-211812-efe1740f0c77/baseline/0/2/claim/16",
      "candidate_id": "hd-20261009-211812-efe1740f0c77/baseline/0/2",
      "kind": "UNKNOWN",
      "text": "cubs_qo_eligible_players_2026",
      "status": "UNVERIFIED",
      "extractor": "line_grammar/v1"
    },
    {
      "id": "hd-20261009-211812-efe1740f0c77/baseline/0/2/claim/17",
      "candidate_id": "hd-20261009-211812-efe1740f0c77/baseline/0/2",
      "kind": "UNKNOWN",
      "text": "qualifying_offer_amount_2026",
      "status": "UNVERIFIED",
      "extractor": "line_grammar/v1"
    },
    {
      "id": "hd-20261009-211812-efe1740f0c77/baseline/0/2/claim/18",
      "candidate_id": "hd-20261009-211812-efe1740f0c77/baseline/0/2",
      "kind": "UNKNOWN",
      "text": "cubs_cbt_status_2026",
      "status": "UNVERIFIED",
      "extractor": "line_grammar/v1"
    },
    {
      "id": "hd-20261009-211812-efe1740f0c77/baseline/0/2/claim/19",
      "candidate_id": "hd-20261009-211812-efe1740f0c77/baseline/0/2",
      "kind": "IDEA",
      "text": "Pre-arbitration extension timing. Owner: front office. Decision: recurring each spring and offseason, decide when to offer team-friendly extensions to young players, and at what guarantee. Value at stake: potentially large surplus over a contract's term, but with concentrated injury and performance risk. Mechanism: estimate the expected surplus of extending now versus waiting a year, using public extension terms and subsequent player outcomes. Baseline: extending when a player shows early success, priced off recent comparable extensions. Software: a comparable-extension database with an outcome-weighted surplus estimate and an option-value comparison of waiting.",
      "status": "UNVERIFIED",
      "extractor": "line_grammar/v1"
    },
    {
      "id": "hd-20261009-211812-efe1740f0c77/baseline/0/2/claim/20",
      "candidate_id": "hd-20261009-211812-efe1740f0c77/baseline/0/2",
      "kind": "ASSUMPTION",
      "text": "Public reporting of extension terms, including options and escalators, is accurate and complete enough to value them.",
      "status": "UNVERIFIED",
      "extractor": "line_grammar/v1"
    },
    {
      "id": "hd-20261009-211812-efe1740f0c77/baseline/0/2/claim/21",
      "candidate_id": "hd-20261009-211812-efe1740f0c77/baseline/0/2",
      "kind": "ASSUMPTION",
      "text": "Player willingness to accept an extension is not observable, so the model can only inform the offer side.",
      "status": "UNVERIFIED",
      "extractor": "line_grammar/v1"
    },
    {
      "id": "hd-20261009-211812-efe1740f0c77/baseline/0/2/claim/22",
      "candidate_id": "hd-20261009-211812-efe1740f0c77/baseline/0/2",
      "kind": "UNKNOWN",
      "text": "cubs_pre_arb_core_players_2027",
      "status": "UNVERIFIED",
      "extractor": "line_grammar/v1"
    },
    {
      "id": "hd-20261009-211812-efe1740f0c77/baseline/0/2/claim/23",
      "candidate_id": "hd-20261009-211812-efe1740f0c77/baseline/0/2",
      "kind": "UNKNOWN",
      "text": "public_extension_terms_dataset_completeness",
      "status": "UNVERIFIED",
      "extractor": "line_grammar/v1"
    },
    {
      "id": "hd-20261009-211812-efe1740f0c77/baseline/0/2/claim/24",
      "candidate_id": "hd-20261009-211812-efe1740f0c77/baseline/0/2",
      "kind": "IDEA",
      "text": "Trade-deadline buy, sell, or hold timing. Owner: front office and ownership. Decision: each June to July, decide whether to acquire or move players, and how aggressively. Value at stake: playoff probability changes, playoff revenue, and prospect capital spent. Mechanism: estimate the marginal playoff-odds gain per added win as a function of standings position, using public playoff-odds histories, and compare it with the public prospect-value cost of acquisitions. Baseline: public playoff odds plus a \"buy if contending\" rule. Software: a marginal-value calculator that is retrospectively testable against past deadline deals and actual postseason qualification.",
      "status": "UNVERIFIED",
      "extractor": "line_grammar/v1"
    },
    {
      "id": "hd-20261009-211812-efe1740f0c77/baseline/0/2/claim/25",
      "candidate_id": "hd-20261009-211812-efe1740f0c77/baseline/0/2",
      "kind": "ASSUMPTION",
      "text": "Public playoff-odds models are calibrated well enough to serve as inputs.",
      "status": "UNVERIFIED",
      "extractor": "line_grammar/v1"
    },
    {
      "id": "hd-20261009-211812-efe1740f0c77/baseline/0/2/claim/26",
      "candidate_id": "hd-20261009-211812-efe1740f0c77/baseline/0/2",
      "kind": "ASSUMPTION",
      "text": "Most clubs already run playoff-odds-based deadline models, so the edge may be small.",
      "status": "UNVERIFIED",
      "extractor": "line_grammar/v1"
    },
    {
      "id": "hd-20261009-211812-efe1740f0c77/baseline/0/2/claim/27",
      "candidate_id": "hd-20261009-211812-efe1740f0c77/baseline/0/2",
      "kind": "UNKNOWN",
      "text": "cubs_ownership_payroll_constraints",
      "status": "UNVERIFIED",
      "extractor": "line_grammar/v1"
    },
    {
      "id": "hd-20261009-211812-efe1740f0c77/baseline/0/2/claim/28",
      "candidate_id": "hd-20261009-211812-efe1740f0c77/baseline/0/2",
      "kind": "UNKNOWN",
      "text": "playoff_revenue_per_round_public_estimate",
      "status": "UNVERIFIED",
      "extractor": "line_grammar/v1"
    },
    {
      "id": "hd-20261009-211812-efe1740f0c77/baseline/0/2/claim/29",
      "candidate_id": "hd-20261009-211812-efe1740f0c77/baseline/0/2",
      "kind": "IDEA",
      "text": "Amateur draft bonus pool allocation (over-slot and under-slot strategy). Owner: amateur scouting director and front office. Decision: each July draft, choose picks and negotiate bonuses within the assigned bonus pool. Value at stake: long-term prospect value from many picks, constrained by the pool and penalties. Mechanism: public draft histories with bonuses and later MLB outcomes could estimate the value of shifting dollars from early picks to later over-slot signings. Baseline: picking the best available player at roughly slot value, guided by consensus public draft rankings. Software: a bonus-allocation optimizer using historical outcome curves by player type (college or prep, pitcher or hitter) and bonus.",
      "status": "UNVERIFIED",
      "extractor": "line_grammar/v1"
    },
    {
      "id": "hd-20261009-211812-efe1740f0c77/baseline/0/2/claim/30",
      "candidate_id": "hd-20261009-211812-efe1740f0c77/baseline/0/2",
      "kind": "ASSUMPTION",
      "text": "Public bonus and outcome data cover enough years since the bonus-pool system began to estimate outcome curves.",
      "status": "UNVERIFIED",
      "extractor": "line_grammar/v1"
    },
    {
      "id": "hd-20261009-211812-efe1740f0c77/baseline/0/2/claim/31",
      "candidate_id": "hd-20261009-211812-efe1740f0c77/baseline/0/2",
      "kind": "ASSUMPTION",
      "text": "Outcome labels need many years to mature, which limits backtests on recent drafts.",
      "status": "UNVERIFIED",
      "extractor": "line_grammar/v1"
    },
    {
      "id": "hd-20261009-211812-efe1740f0c77/baseline/0/2/claim/32",
      "candidate_id": "hd-20261009-211812-efe1740f0c77/baseline/0/2",
      "kind": "UNKNOWN",
      "text": "cubs_2027_draft_position",
      "status": "UNVERIFIED",
      "extractor": "line_grammar/v1"
    },
    {
      "id": "hd-20261009-211812-efe1740f0c77/baseline/0/2/claim/33",
      "candidate_id": "hd-20261009-211812-efe1740f0c77/baseline/0/2",
      "kind": "UNKNOWN",
      "text": "cubs_2027_bonus_pool",
      "status": "UNVERIFIED",
      "extractor": "line_grammar/v1"
    },
    {
      "id": "hd-20261009-211812-efe1740f0c77/baseline/0/2/claim/34",
      "candidate_id": "hd-20261009-211812-efe1740f0c77/baseline/0/2",
      "kind": "IDEA",
      "text": "International amateur bonus pool allocation. Owner: international scouting director. Decision: each signing period (opening in mid-January under current rules), allocate the pool across signings and trades of pool space. Value at stake: long-horizon prospect value. Mechanism: public signing records and later outcomes could estimate whether spreading the pool beats concentrating it on top prospects. Baseline: commitments to top-ranked prospects agreed years in advance. Software: a historical outcome analysis by bonus tier.",
      "status": "UNVERIFIED",
      "extractor": "line_grammar/v1"
    },
    {
      "id": "hd-20261009-211812-efe1740f0c77/baseline/0/2/claim/35",
      "candidate_id": "hd-20261009-211812-efe1740f0c77/baseline/0/2",
      "kind": "ASSUMPTION",
      "text": "Commitments are effectively made years ahead, so software would affect only the residual allocation.",
      "status": "UNVERIFIED",
      "extractor": "line_grammar/v1"
    },
    {
      "id": "hd-20261009-211812-efe1740f0c77/baseline/0/2/claim/36",
      "candidate_id": "hd-20261009-211812-efe1740f0c77/baseline/0/2",
      "kind": "ASSUMPTION",
      "text": "Very long outcome lags, together with any international draft changes under the next CBA, may make backtests obsolete.",
      "status": "UNVERIFIED",
      "extractor": "line_grammar/v1"
    },
    {
      "id": "hd-20261009-211812-efe1740f0c77/baseline/0/2/claim/37",
      "candidate_id": "hd-20261009-211812-efe1740f0c77/baseline/0/2",
      "kind": "UNKNOWN",
      "text": "cba_status_international_draft",
      "status": "UNVERIFIED",
      "extractor": "line_grammar/v1"
    },
    {
      "id": "hd-20261009-211812-efe1740f0c77/baseline/0/2/claim/38",
      "candidate_id": "hd-20261009-211812-efe1740f0c77/baseline/0/2",
      "kind": "UNKNOWN",
      "text": "cubs_international_pool_2027",
      "status": "UNVERIFIED",
      "extractor": "line_grammar/v1"
    },
    {
      "id": "hd-20261009-211812-efe1740f0c77/baseline/0/2/claim/39",
      "candidate_id": "hd-20261009-211812-efe1740f0c77/baseline/0/2",
      "kind": "IDEA",
      "text": "Dynamic ticket pricing and secondary-market monitoring. Owner: business operations and ticketing. Decision: daily price adjustments in the months before each home game. Value at stake: ticket revenue across a full home schedule, which matters to the business but is not a baseball-performance advantage. Mechanism: forecast demand from opponent, weather, day of week, promotions, and secondary-market prices. Baseline: vendor dynamic-pricing tools, which most clubs already use. Software: a demand model tested on public secondary-market price histories.",
      "status": "UNVERIFIED",
      "extractor": "line_grammar/v1"
    },
    {
      "id": "hd-20261009-211812-efe1740f0c77/baseline/0/2/claim/40",
      "candidate_id": "hd-20261009-211812-efe1740f0c77/baseline/0/2",
      "kind": "ASSUMPTION",
      "text": "Clubs are likely already ahead here through commercial vendors, so marginal value is uncertain.",
      "status": "UNVERIFIED",
      "extractor": "line_grammar/v1"
    },
    {
      "id": "hd-20261009-211812-efe1740f0c77/baseline/0/2/claim/41",
      "candidate_id": "hd-20261009-211812-efe1740f0c77/baseline/0/2",
      "kind": "ASSUMPTION",
      "text": "Public secondary-market data alone may not be enough without private primary-sales data.",
      "status": "UNVERIFIED",
      "extractor": "line_grammar/v1"
    },
    {
      "id": "hd-20261009-211812-efe1740f0c77/baseline/0/2/claim/42",
      "candidate_id": "hd-20261009-211812-efe1740f0c77/baseline/0/2",
      "kind": "UNKNOWN",
      "text": "cubs_ticketing_vendor_and_pricing_method",
      "status": "UNVERIFIED",
      "extractor": "line_grammar/v1"
    },
    {
      "id": "hd-20261009-211812-efe1740f0c77/baseline/0/2/claim/43",
      "candidate_id": "hd-20261009-211812-efe1740f0c77/baseline/0/2",
      "kind": "IDEA",
      "text": "Waiver-claim and DFA monitoring. Owner: front office. Decision: continuous during the season and offseason, decide whether to claim or trade for designated-for-assignment players. Value at stake: small per player, but recurring and cheap. Mechanism: rank DFA'd players by public projections relative to the Cubs' roster depth. Baseline: manual scouting review of the transaction wire. Software: an automated alert scoring each DFA'd player against current roster needs.",
      "status": "UNVERIFIED",
      "extractor": "line_grammar/v1"
    },
    {
      "id": "hd-20261009-211812-efe1740f0c77/baseline/0/2/claim/44",
      "candidate_id": "hd-20261009-211812-efe1740f0c77/baseline/0/2",
      "kind": "ASSUMPTION",
      "text": "This likely resembles the R001 low-ceiling result, with a \"played in MLB\" rule capturing most of the value, so it should be deprioritized unless a backtest shows otherwise.",
      "status": "UNVERIFIED",
      "extractor": "line_grammar/v1"
    },
    {
      "id": "hd-20261009-211812-efe1740f0c77/baseline/0/2/claim/45",
      "candidate_id": "hd-20261009-211812-efe1740f0c77/baseline/0/2",
      "kind": "UNKNOWN",
      "text": "historical_dfa_claim_outcomes",
      "status": "UNVERIFIED",
      "extractor": "line_grammar/v1"
    },
    {
      "id": "hd-20261009-211812-efe1740f0c77/baseline/0/2/claim/46",
      "candidate_id": "hd-20261009-211812-efe1740f0c77/baseline/0/2",
      "kind": "IDEA",
      "text": "Areas where software is likely unnecessary or clubs are already ahead: lineup batting order (small value), times-through-the-order starter pulls, and in-game platoon pinch-hitting (heavily modeled league-wide).",
      "status": "UNVERIFIED",
      "extractor": "line_grammar/v1"
    },
    {
      "id": "hd-20261009-211812-efe1740f0c77/baseline/0/2/claim/47",
      "candidate_id": "hd-20261009-211812-efe1740f0c77/baseline/0/2",
      "kind": "ASSUMPTION",
      "text": "The value of batting-order optimization is small relative to other decisions, but this needs verification against public literature.",
      "status": "UNVERIFIED",
      "extractor": "line_grammar/v1"
    },
    {
      "id": "hd-20261009-211812-efe1740f0c77/baseline/0/2/claim/48",
      "candidate_id": "hd-20261009-211812-efe1740f0c77/baseline/0/2",
      "kind": "ASSUMPTION",
      "text": "Most clubs, likely including the Cubs, already have internal tools for these decisions.",
      "status": "UNVERIFIED",
      "extractor": "line_grammar/v1"
    },
    {
      "id": "hd-20261009-211812-efe1740f0c77/baseline/0/2/claim/49",
      "candidate_id": "hd-20261009-211812-efe1740f0c77/baseline/0/2",
      "kind": "UNKNOWN",
      "text": "supplied_evidence (none was provided, so no FACT or CITE lines are given)",
      "status": "UNVERIFIED",
      "extractor": "line_grammar/v1"
    },
    {
      "id": "hd-20261009-211812-efe1740f0c77/candidates/0/0/claim/1",
      "candidate_id": "hd-20261009-211812-efe1740f0c77/candidates/0/0",
      "kind": "IDEA",
      "text": "Problem=pre-arbitration extension timing; owner=GM and baseball operations contract staff; decision=whether, when, and at what price to offer long-term extensions to players with under three years of service, recurring each spring and offseason; value at stake=multi-year salary commitments plus surplus value if the player outperforms the deal; mechanism=model a player's arbitration salary path and free-agent value under uncertainty using public performance, service time and past extension terms, then price the option value of waiting one more season; baseline=negotiate from recent comparable extensions and agent anchors; intervention=a retrospective simulator that replays past public extensions against \"wait one year\" counterfactuals.",
      "status": "UNVERIFIED",
      "extractor": "line_grammar/v1"
    },
    {
      "id": "hd-20261009-211812-efe1740f0c77/candidates/0/0/claim/2",
      "candidate_id": "hd-20261009-211812-efe1740f0c77/candidates/0/0",
      "kind": "ASSUMPTION",
      "text": "Public extension terms such as guarantees, option years and buyouts are reported completely and accurately enough to reconstruct contract value.",
      "status": "UNVERIFIED",
      "extractor": "line_grammar/v1"
    },
    {
      "id": "hd-20261009-211812-efe1740f0c77/candidates/0/0/claim/3",
      "candidate_id": "hd-20261009-211812-efe1740f0c77/candidates/0/0",
      "kind": "ASSUMPTION",
      "text": "The edge comes from timing and price, but the player's willingness to sign may dominate any club-side model.",
      "status": "UNVERIFIED",
      "extractor": "line_grammar/v1"
    },
    {
      "id": "hd-20261009-211812-efe1740f0c77/candidates/0/0/claim/4",
      "candidate_id": "hd-20261009-211812-efe1740f0c77/candidates/0/0",
      "kind": "ASSUMPTION",
      "text": "Clubs likely already run contract surplus models, so the marginal edge may be small.",
      "status": "UNVERIFIED",
      "extractor": "line_grammar/v1"
    },
    {
      "id": "hd-20261009-211812-efe1740f0c77/candidates/0/0/claim/5",
      "candidate_id": "hd-20261009-211812-efe1740f0c77/candidates/0/0",
      "kind": "UNKNOWN",
      "text": "public_extension_dataset_completeness",
      "status": "UNVERIFIED",
      "extractor": "line_grammar/v1"
    },
    {
      "id": "hd-20261009-211812-efe1740f0c77/candidates/0/0/claim/6",
      "candidate_id": "hd-20261009-211812-efe1740f0c77/candidates/0/0",
      "kind": "UNKNOWN",
      "text": "post_2026_cba_service_time_rules",
      "status": "UNVERIFIED",
      "extractor": "line_grammar/v1"
    },
    {
      "id": "hd-20261009-211812-efe1740f0c77/candidates/0/0/claim/7",
      "candidate_id": "hd-20261009-211812-efe1740f0c77/candidates/0/0",
      "kind": "IDEA",
      "text": "Problem=salary arbitration filing and hearing strategy; owner=baseball operations and legal or contract staff; decision=the filing number and whether to go \"file-and-trial\" or settle, made each January; value at stake=individual awards across the arbitration-eligible roster, plus effects on later raises because arbitration salaries compound; mechanism=predict the panel outcome from the public history of hearings, filing midpoints and the platform statistics panels historically reward, and quantify the expected value of settling versus a hearing; baseline=midpoint settlement using comparables chosen by staff; intervention=a hearing-outcome predictor tested on public hearing records.",
      "status": "UNVERIFIED",
      "extractor": "line_grammar/v1"
    },
    {
      "id": "hd-20261009-211812-efe1740f0c77/candidates/0/0/claim/8",
      "candidate_id": "hd-20261009-211812-efe1740f0c77/candidates/0/0",
      "kind": "ASSUMPTION",
      "text": "Public hearing outcomes, filing figures and settlements are recorded consistently across years.",
      "status": "UNVERIFIED",
      "extractor": "line_grammar/v1"
    },
    {
      "id": "hd-20261009-211812-efe1740f0c77/candidates/0/0/claim/9",
      "candidate_id": "hd-20261009-211812-efe1740f0c77/candidates/0/0",
      "kind": "ASSUMPTION",
      "text": "The number of hearings per year may be too small for a reliable model, which caps the edge.",
      "status": "UNVERIFIED",
      "extractor": "line_grammar/v1"
    },
    {
      "id": "hd-20261009-211812-efe1740f0c77/candidates/0/0/claim/10",
      "candidate_id": "hd-20261009-211812-efe1740f0c77/candidates/0/0",
      "kind": "ASSUMPTION",
      "text": "Specialized arbitration staff and outside firms likely already hold this knowledge, so clubs may be ahead.",
      "status": "UNVERIFIED",
      "extractor": "line_grammar/v1"
    },
    {
      "id": "hd-20261009-211812-efe1740f0c77/candidates/0/0/claim/11",
      "candidate_id": "hd-20261009-211812-efe1740f0c77/candidates/0/0",
      "kind": "UNKNOWN",
      "text": "annual_hearing_count_sample_size",
      "status": "UNVERIFIED",
      "extractor": "line_grammar/v1"
    },
    {
      "id": "hd-20261009-211812-efe1740f0c77/candidates/0/0/claim/12",
      "candidate_id": "hd-20261009-211812-efe1740f0c77/candidates/0/0",
      "kind": "UNKNOWN",
      "text": "post_2026_cba_arbitration_rules",
      "status": "UNVERIFIED",
      "extractor": "line_grammar/v1"
    },
    {
      "id": "hd-20261009-211812-efe1740f0c77/candidates/0/0/claim/13",
      "candidate_id": "hd-20261009-211812-efe1740f0c77/candidates/0/0",
      "kind": "IDEA",
      "text": "Problem=non-tender and tender decisions; owner=GM; decision=tender or non-tender arbitration-eligible players at the late-November or early-December deadline; value at stake=projected arbitration salary versus the cost of replacing the player on the open market; mechanism=pair projected arbitration salaries with a forecast of comparable non-tendered and free-agent replacements available that winter at known prices; baseline=tender if projected WAR per dollar beats a club threshold; intervention=a replacement-market forecaster backtested on which past non-tendered players signed, at what price and with what next-season output.",
      "status": "UNVERIFIED",
      "extractor": "line_grammar/v1"
    },
    {
      "id": "hd-20261009-211812-efe1740f0c77/candidates/0/0/claim/14",
      "candidate_id": "hd-20261009-211812-efe1740f0c77/candidates/0/0",
      "kind": "ASSUMPTION",
      "text": "The non-tender market is predictable enough in size and quality from public information available in late November.",
      "status": "UNVERIFIED",
      "extractor": "line_grammar/v1"
    },
    {
      "id": "hd-20261009-211812-efe1740f0c77/candidates/0/0/claim/15",
      "candidate_id": "hd-20261009-211812-efe1740f0c77/candidates/0/0",
      "kind": "ASSUMPTION",
      "text": "This overlaps the roster-rules family, so it must show a distinct valuation edge to count as new.",
      "status": "UNVERIFIED",
      "extractor": "line_grammar/v1"
    },
    {
      "id": "hd-20261009-211812-efe1740f0c77/candidates/0/0/claim/16",
      "candidate_id": "hd-20261009-211812-efe1740f0c77/candidates/0/0",
      "kind": "UNKNOWN",
      "text": "historical_nontender_signing_outcomes_dataset",
      "status": "UNVERIFIED",
      "extractor": "line_grammar/v1"
    },
    {
      "id": "hd-20261009-211812-efe1740f0c77/candidates/0/0/claim/17",
      "candidate_id": "hd-20261009-211812-efe1740f0c77/candidates/0/0",
      "kind": "IDEA",
      "text": "Problem=amateur draft bonus pool allocation; owner=amateur scouting director; decision=draft order and bonus allocation across the first ten rounds, made each July; value at stake=pool dollars, the risk of exceeding the pool, and value from later rounds; mechanism=model signability and likely bonus relative to slot from public signals such as college eligibility year, prior draft status and public commitments, so the club can spend under slot early and redirect money to later high-ceiling picks; baseline=board ranking plus area scout signability notes; intervention=a signability and bonus predictor backtested on public draft bonus data.",
      "status": "UNVERIFIED",
      "extractor": "line_grammar/v1"
    },
    {
      "id": "hd-20261009-211812-efe1740f0c77/candidates/0/0/claim/18",
      "candidate_id": "hd-20261009-211812-efe1740f0c77/candidates/0/0",
      "kind": "ASSUMPTION",
      "text": "Public slot values and signed bonuses are available historically, but true asking prices are private, which limits the training labels.",
      "status": "UNVERIFIED",
      "extractor": "line_grammar/v1"
    },
    {
      "id": "hd-20261009-211812-efe1740f0c77/candidates/0/0/claim/19",
      "candidate_id": "hd-20261009-211812-efe1740f0c77/candidates/0/0",
      "kind": "ASSUMPTION",
      "text": "Career value from the draft takes years to observe, so a retrospective test may only validate bonus prediction, not talent selection.",
      "status": "UNVERIFIED",
      "extractor": "line_grammar/v1"
    },
    {
      "id": "hd-20261009-211812-efe1740f0c77/candidates/0/0/claim/20",
      "candidate_id": "hd-20261009-211812-efe1740f0c77/candidates/0/0",
      "kind": "ASSUMPTION",
      "text": "Most clubs already use pool-manipulation strategies, so the remaining edge may be thin.",
      "status": "UNVERIFIED",
      "extractor": "line_grammar/v1"
    },
    {
      "id": "hd-20261009-211812-efe1740f0c77/candidates/0/0/claim/21",
      "candidate_id": "hd-20261009-211812-efe1740f0c77/candidates/0/0",
      "kind": "UNKNOWN",
      "text": "post_2026_cba_draft_and_pool_rules",
      "status": "UNVERIFIED",
      "extractor": "line_grammar/v1"
    },
    {
      "id": "hd-20261009-211812-efe1740f0c77/candidates/0/0/claim/22",
      "candidate_id": "hd-20261009-211812-efe1740f0c77/candidates/0/0",
      "kind": "UNKNOWN",
      "text": "public_signability_signal_quality",
      "status": "UNVERIFIED",
      "extractor": "line_grammar/v1"
    },
    {
      "id": "hd-20261009-211812-efe1740f0c77/candidates/0/0/claim/23",
      "candidate_id": "hd-20261009-211812-efe1740f0c77/candidates/0/0",
      "kind": "IDEA",
      "text": "Problem=college hitter evaluation across uneven competition; owner=amateur scouting director; decision=pre-draft board ranking each spring; value at stake=early-round picks with high expected surplus; mechanism=adjust public college statistics for opponent strength, park and conference, then test which adjustments best predicted later professional outcomes for past draft classes; baseline=raw college statistics plus scout grades; intervention=a strength-of-schedule adjustment layer with retrospective validation against minor-league outcomes.",
      "status": "UNVERIFIED",
      "extractor": "line_grammar/v1"
    },
    {
      "id": "hd-20261009-211812-efe1740f0c77/candidates/0/0/claim/24",
      "candidate_id": "hd-20261009-211812-efe1740f0c77/candidates/0/0",
      "kind": "ASSUMPTION",
      "text": "Public box-score-level college data covers enough games and opponents to estimate strength of schedule.",
      "status": "UNVERIFIED",
      "extractor": "line_grammar/v1"
    },
    {
      "id": "hd-20261009-211812-efe1740f0c77/candidates/0/0/claim/25",
      "candidate_id": "hd-20261009-211812-efe1740f0c77/candidates/0/0",
      "kind": "ASSUMPTION",
      "text": "Clubs with private college tracking data are likely already ahead, so this may matter only for low-coverage conferences.",
      "status": "UNVERIFIED",
      "extractor": "line_grammar/v1"
    },
    {
      "id": "hd-20261009-211812-efe1740f0c77/candidates/0/0/claim/26",
      "candidate_id": "hd-20261009-211812-efe1740f0c77/candidates/0/0",
      "kind": "UNKNOWN",
      "text": "public_college_data_coverage_by_conference",
      "status": "UNVERIFIED",
      "extractor": "line_grammar/v1"
    },
    {
      "id": "hd-20261009-211812-efe1740f0c77/candidates/0/0/claim/27",
      "candidate_id": "hd-20261009-211812-efe1740f0c77/candidates/0/0",
      "kind": "IDEA",
      "text": "Problem=waiver claim and designated-for-assignment pickup decisions; owner=pro scouting and GM; decision=whether to claim or trade for players designated for assignment, happening throughout the year in a recurring stream; value at stake=low acquisition cost per player but high frequency, with occasional breakout players; mechanism=rank DFA players at the time of designation using only public data available then, such as underlying contact quality, velocity trends and option status, and target players whose skills are undervalued by their surface results; baseline=claim if the player fits a 40-man need and has recent MLB time; intervention=a dated-snapshot ranker backtested on public transaction logs.",
      "status": "UNVERIFIED",
      "extractor": "line_grammar/v1"
    },
    {
      "id": "hd-20261009-211812-efe1740f0c77/candidates/0/0/claim/28",
      "candidate_id": "hd-20261009-211812-efe1740f0c77/candidates/0/0",
      "kind": "ASSUMPTION",
      "text": "Like the minor-league free agent result, a \"recent MLB time\" rule may already capture most value, which would make this low-ceiling.",
      "status": "UNVERIFIED",
      "extractor": "line_grammar/v1"
    },
    {
      "id": "hd-20261009-211812-efe1740f0c77/candidates/0/0/claim/29",
      "candidate_id": "hd-20261009-211812-efe1740f0c77/candidates/0/0",
      "kind": "ASSUMPTION",
      "text": "Waiver priority and other clubs' claims limit the club's access to the top-ranked players.",
      "status": "UNVERIFIED",
      "extractor": "line_grammar/v1"
    },
    {
      "id": "hd-20261009-211812-efe1740f0c77/candidates/0/0/claim/30",
      "candidate_id": "hd-20261009-211812-efe1740f0c77/candidates/0/0",
      "kind": "UNKNOWN",
      "text": "historical_dfa_outcome_base_rate",
      "status": "UNVERIFIED",
      "extractor": "line_grammar/v1"
    },
    {
      "id": "hd-20261009-211812-efe1740f0c77/candidates/0/0/claim/31",
      "candidate_id": "hd-20261009-211812-efe1740f0c77/candidates/0/0",
      "kind": "IDEA",
      "text": "Problem=the trade-deadline buy, sell or hold posture; owner=president of baseball operations; decision=posture and the price of rentals in late July; value at stake=prospect capital spent versus a change in playoff probability; mechanism=translate marginal WAR into change in playoff and series-win probability under the current playoff format, using public projection systems, and price acquisitions per point of playoff odds; baseline=a judgment of standings position plus playoff-odds websites; intervention=a marginal playoff-value calculator backtested on public deadline trades.",
      "status": "UNVERIFIED",
      "extractor": "line_grammar/v1"
    },
    {
      "id": "hd-20261009-211812-efe1740f0c77/candidates/0/0/claim/32",
      "candidate_id": "hd-20261009-211812-efe1740f0c77/candidates/0/0",
      "kind": "ASSUMPTION",
      "text": "Public playoff-odds models are close enough to private ones that the edge lies in pricing discipline rather than better forecasts.",
      "status": "UNVERIFIED",
      "extractor": "line_grammar/v1"
    },
    {
      "id": "hd-20261009-211812-efe1740f0c77/candidates/0/0/claim/33",
      "candidate_id": "hd-20261009-211812-efe1740f0c77/candidates/0/0",
      "kind": "ASSUMPTION",
      "text": "Prospect value at trade time is hard to label retrospectively without hindsight bias.",
      "status": "UNVERIFIED",
      "extractor": "line_grammar/v1"
    },
    {
      "id": "hd-20261009-211812-efe1740f0c77/candidates/0/0/claim/34",
      "candidate_id": "hd-20261009-211812-efe1740f0c77/candidates/0/0",
      "kind": "UNKNOWN",
      "text": "public_prospect_value_at_trade_time_dataset",
      "status": "UNVERIFIED",
      "extractor": "line_grammar/v1"
    },
    {
      "id": "hd-20261009-211812-efe1740f0c77/candidates/0/0/claim/35",
      "candidate_id": "hd-20261009-211812-efe1740f0c77/candidates/0/0",
      "kind": "IDEA",
      "text": "Problem=day-game-heavy home scheduling effects on player performance; owner=manager and performance staff; decision=rest days and lineup choices around day games after night games, made weekly in season; value at stake=small per game but recurring across the season; mechanism=estimate from public game logs whether performance drops in day-after-night games and whether rest timing reduces the drop; baseline=veteran rest by feel and fixed rest rotations; intervention=a rest-scheduling recommender tested on public game-level history.",
      "status": "UNVERIFIED",
      "extractor": "line_grammar/v1"
    },
    {
      "id": "hd-20261009-211812-efe1740f0c77/candidates/0/0/claim/36",
      "candidate_id": "hd-20261009-211812-efe1740f0c77/candidates/0/0",
      "kind": "ASSUMPTION",
      "text": "This may overlap the travel and rest planning family and must be framed specifically around day-night sequencing to be distinct.",
      "status": "UNVERIFIED",
      "extractor": "line_grammar/v1"
    },
    {
      "id": "hd-20261009-211812-efe1740f0c77/candidates/0/0/claim/37",
      "candidate_id": "hd-20261009-211812-efe1740f0c77/candidates/0/0",
      "kind": "ASSUMPTION",
      "text": "The effect may be too small or too noisy to detect in public data.",
      "status": "UNVERIFIED",
      "extractor": "line_grammar/v1"
    },
    {
      "id": "hd-20261009-211812-efe1740f0c77/candidates/0/0/claim/38",
      "candidate_id": "hd-20261009-211812-efe1740f0c77/candidates/0/0",
      "kind": "UNKNOWN",
      "text": "day_after_night_performance_effect_size",
      "status": "UNVERIFIED",
      "extractor": "line_grammar/v1"
    },
    {
      "id": "hd-20261009-211812-efe1740f0c77/candidates/0/0/claim/39",
      "candidate_id": "hd-20261009-211812-efe1740f0c77/candidates/0/0",
      "kind": "IDEA",
      "text": "Problem=places where software is likely unnecessary or clubs and vendors are already ahead; owner=business operations; decision=dynamic ticket pricing, concessions demand forecasting and lineup batting order; value at stake=real for ticketing, small for batting order; mechanism=none clearly available to a new public-data tool, since ticketing vendors already run dynamic pricing and batting-order gains are known to be small; baseline=existing vendor platforms and conventional lineup heuristics; intervention=deprioritize these.",
      "status": "UNVERIFIED",
      "extractor": "line_grammar/v1"
    },
    {
      "id": "hd-20261009-211812-efe1740f0c77/candidates/0/0/claim/40",
      "candidate_id": "hd-20261009-211812-efe1740f0c77/candidates/0/0",
      "kind": "ASSUMPTION",
      "text": "Dynamic ticket pricing vendors already capture most of the available revenue edge for MLB clubs.",
      "status": "UNVERIFIED",
      "extractor": "line_grammar/v1"
    },
    {
      "id": "hd-20261009-211812-efe1740f0c77/candidates/0/0/claim/41",
      "candidate_id": "hd-20261009-211812-efe1740f0c77/candidates/0/0",
      "kind": "ASSUMPTION",
      "text": "Lineup-order optimization yields a marginal gain that is unlikely to justify new software.",
      "status": "UNVERIFIED",
      "extractor": "line_grammar/v1"
    },
    {
      "id": "hd-20261009-211812-efe1740f0c77/candidates/0/0/claim/42",
      "candidate_id": "hd-20261009-211812-efe1740f0c77/candidates/0/0",
      "kind": "UNKNOWN",
      "text": "club_specific_ticketing_vendor_capabilities",
      "status": "UNVERIFIED",
      "extractor": "line_grammar/v1"
    },
    {
      "id": "hd-20261009-211812-efe1740f0c77/candidates/0/0/claim/43",
      "candidate_id": "hd-20261009-211812-efe1740f0c77/candidates/0/0",
      "kind": "IDEA",
      "text": "Problem=a rules-transition scenario engine; owner=president of baseball operations; decision=contract structures, arbitration and draft strategy across an expected collective bargaining transition, at a one-time but high-stakes moment this offseason; value at stake=multiple contract and roster decisions made under rule uncertainty; mechanism=simulate outcomes under several plausible rule scenarios so commitments made now are robust to rule changes; baseline=wait for the new agreement or rely on legal staff judgment; intervention=a scenario model that reprices extensions, qualifying offers and pool strategy under each rule set.",
      "status": "UNVERIFIED",
      "extractor": "line_grammar/v1"
    },
    {
      "id": "hd-20261009-211812-efe1740f0c77/candidates/0/0/claim/44",
      "candidate_id": "hd-20261009-211812-efe1740f0c77/candidates/0/0",
      "kind": "ASSUMPTION",
      "text": "The current collective bargaining agreement expires around this offseason; this is unverified and must be confirmed.",
      "status": "UNVERIFIED",
      "extractor": "line_grammar/v1"
    },
    {
      "id": "hd-20261009-211812-efe1740f0c77/candidates/0/0/claim/45",
      "candidate_id": "hd-20261009-211812-efe1740f0c77/candidates/0/0",
      "kind": "ASSUMPTION",
      "text": "A retrospective test is only partly possible, by replaying past agreement transitions, which may be too few to validate.",
      "status": "UNVERIFIED",
      "extractor": "line_grammar/v1"
    },
    {
      "id": "hd-20261009-211812-efe1740f0c77/candidates/0/0/claim/46",
      "candidate_id": "hd-20261009-211812-efe1740f0c77/candidates/0/0",
      "kind": "CONFLICT",
      "text": "none_identified_no_evidence_supplied",
      "status": "UNVERIFIED",
      "extractor": "line_grammar/v1"
    },
    {
      "id": "hd-20261009-211812-efe1740f0c77/candidates/0/0/claim/47",
      "candidate_id": "hd-20261009-211812-efe1740f0c77/candidates/0/0",
      "kind": "UNKNOWN",
      "text": "cba_expiration_date_verification",
      "status": "UNVERIFIED",
      "extractor": "line_grammar/v1"
    },
    {
      "id": "hd-20261009-211812-efe1740f0c77/candidates/0/0/claim/48",
      "candidate_id": "hd-20261009-211812-efe1740f0c77/candidates/0/0",
      "kind": "UNKNOWN",
      "text": "cubs_private_models_and_practices",
      "status": "UNVERIFIED",
      "extractor": "line_grammar/v1"
    },
    {
      "id": "hd-20261009-211812-efe1740f0c77/candidates/0/1/claim/1",
      "candidate_id": "hd-20261009-211812-efe1740f0c77/candidates/0/1",
      "kind": "IDEA",
      "text": "Qualifying offer decisions; owner: GM/president of baseball operations; decision: whether to extend a qualifying offer to each eligible departing free agent, made yearly in the days after the World Series; value at stake: a one-year salary at the QO amount if accepted versus a compensation draft pick if declined; mechanism: estimate acceptance probability and market AAV from public signals at decision time (age, recent WAR, injury history, agent, market depth at the position) instead of a binary rule; baseline: offer when expected market AAV clearly exceeds the QO amount; software: a calibrated acceptance and market-value model backtested on public QO outcomes since the system began.",
      "status": "UNVERIFIED",
      "extractor": "line_grammar/v1"
    },
    {
      "id": "hd-20261009-211812-efe1740f0c77/candidates/0/1/claim/2",
      "candidate_id": "hd-20261009-211812-efe1740f0c77/candidates/0/1",
      "kind": "ASSUMPTION",
      "text": "The QO decision may overlap previously explored arbitration or free-agent commitment families, so its novelty needs checking before investment.",
      "status": "UNVERIFIED",
      "extractor": "line_grammar/v1"
    },
    {
      "id": "hd-20261009-211812-efe1740f0c77/candidates/0/1/claim/3",
      "candidate_id": "hd-20261009-211812-efe1740f0c77/candidates/0/1",
      "kind": "ASSUMPTION",
      "text": "Public QO history has few cases per year, so a model may not separate from an experienced executive's judgment.",
      "status": "UNVERIFIED",
      "extractor": "line_grammar/v1"
    },
    {
      "id": "hd-20261009-211812-efe1740f0c77/candidates/0/1/claim/4",
      "candidate_id": "hd-20261009-211812-efe1740f0c77/candidates/0/1",
      "kind": "ASSUMPTION",
      "text": "The value of the compensation pick depends on the club's revenue-sharing and tax status under the CBA, which must be verified rather than assumed.",
      "status": "UNVERIFIED",
      "extractor": "line_grammar/v1"
    },
    {
      "id": "hd-20261009-211812-efe1740f0c77/candidates/0/1/claim/5",
      "candidate_id": "hd-20261009-211812-efe1740f0c77/candidates/0/1",
      "kind": "UNKNOWN",
      "text": "cubs_qo_eligible_players_2026",
      "status": "UNVERIFIED",
      "extractor": "line_grammar/v1"
    },
    {
      "id": "hd-20261009-211812-efe1740f0c77/candidates/0/1/claim/6",
      "candidate_id": "hd-20261009-211812-efe1740f0c77/candidates/0/1",
      "kind": "UNKNOWN",
      "text": "current_qo_amount_2026",
      "status": "UNVERIFIED",
      "extractor": "line_grammar/v1"
    },
    {
      "id": "hd-20261009-211812-efe1740f0c77/candidates/0/1/claim/7",
      "candidate_id": "hd-20261009-211812-efe1740f0c77/candidates/0/1",
      "kind": "UNKNOWN",
      "text": "historical_qo_acceptance_count_by_year",
      "status": "UNVERIFIED",
      "extractor": "line_grammar/v1"
    },
    {
      "id": "hd-20261009-211812-efe1740f0c77/candidates/0/1/claim/8",
      "candidate_id": "hd-20261009-211812-efe1740f0c77/candidates/0/1",
      "kind": "IDEA",
      "text": "Postseason series roster construction; owner: baseball operations plus manager; decision: choosing the 26-man roster for each playoff round, made in the days before each series; value at stake: elimination games where a single roster slot such as a pinch runner, an extra reliever, or a platoon bat can swing leverage; mechanism: simulate the series using the opponent's projected starters, bullpen depth, and handedness mix to value marginal slots; baseline: carry the regular-season active roster with minor swaps based on health and intuition; software: a series-specific roster optimizer, backtested by replaying public postseason rosters against their alternatives.",
      "status": "UNVERIFIED",
      "extractor": "line_grammar/v1"
    },
    {
      "id": "hd-20261009-211812-efe1740f0c77/candidates/0/1/claim/9",
      "candidate_id": "hd-20261009-211812-efe1740f0c77/candidates/0/1",
      "kind": "ASSUMPTION",
      "text": "The decision only recurs when the club qualifies, so annual expected value is discounted by playoff probability.",
      "status": "UNVERIFIED",
      "extractor": "line_grammar/v1"
    },
    {
      "id": "hd-20261009-211812-efe1740f0c77/candidates/0/1/claim/10",
      "candidate_id": "hd-20261009-211812-efe1740f0c77/candidates/0/1",
      "kind": "ASSUMPTION",
      "text": "Counterfactual roster value cannot be observed directly, so the retrospective test relies on simulation that may embed the same biases it is meant to test.",
      "status": "UNVERIFIED",
      "extractor": "line_grammar/v1"
    },
    {
      "id": "hd-20261009-211812-efe1740f0c77/candidates/0/1/claim/11",
      "candidate_id": "hd-20261009-211812-efe1740f0c77/candidates/0/1",
      "kind": "ASSUMPTION",
      "text": "Contending clubs likely already run such simulations internally, which would make the edge small.",
      "status": "UNVERIFIED",
      "extractor": "line_grammar/v1"
    },
    {
      "id": "hd-20261009-211812-efe1740f0c77/candidates/0/1/claim/12",
      "candidate_id": "hd-20261009-211812-efe1740f0c77/candidates/0/1",
      "kind": "UNKNOWN",
      "text": "public_postseason_roster_archive_completeness",
      "status": "UNVERIFIED",
      "extractor": "line_grammar/v1"
    },
    {
      "id": "hd-20261009-211812-efe1740f0c77/candidates/0/1/claim/13",
      "candidate_id": "hd-20261009-211812-efe1740f0c77/candidates/0/1",
      "kind": "UNKNOWN",
      "text": "measured_win_probability_value_of_marginal_postseason_slot",
      "status": "UNVERIFIED",
      "extractor": "line_grammar/v1"
    },
    {
      "id": "hd-20261009-211812-efe1740f0c77/candidates/0/1/claim/14",
      "candidate_id": "hd-20261009-211812-efe1740f0c77/candidates/0/1",
      "kind": "IDEA",
      "text": "Coaching hire evaluation; owner: president of baseball operations and manager; decision: hiring or retaining major-league and upper-minors hitting, pitching, and assistant coaches, made mainly in October and November; value at stake: staff who may influence many players at once across multiple seasons; mechanism: estimate a coach-associated change in player outcomes (for example plate discipline or pitch-mix shifts) from public data across all clubs when coaches move between organizations; baseline: reputation, referrals, and interviews; software: a coach-movement panel built from public staff announcements linked to player-level Statcast changes, with controls for aging and regression.",
      "status": "UNVERIFIED",
      "extractor": "line_grammar/v1"
    },
    {
      "id": "hd-20261009-211812-efe1740f0c77/candidates/0/1/claim/15",
      "candidate_id": "hd-20261009-211812-efe1740f0c77/candidates/0/1",
      "kind": "ASSUMPTION",
      "text": "Coach effects may be confounded by roster turnover, front-office philosophy, and regression to the mean, making them unidentifiable from public data.",
      "status": "UNVERIFIED",
      "extractor": "line_grammar/v1"
    },
    {
      "id": "hd-20261009-211812-efe1740f0c77/candidates/0/1/claim/16",
      "candidate_id": "hd-20261009-211812-efe1740f0c77/candidates/0/1",
      "kind": "ASSUMPTION",
      "text": "Public staff records may be incomplete or inconsistently dated, especially for assistant and minor-league roles.",
      "status": "UNVERIFIED",
      "extractor": "line_grammar/v1"
    },
    {
      "id": "hd-20261009-211812-efe1740f0c77/candidates/0/1/claim/17",
      "candidate_id": "hd-20261009-211812-efe1740f0c77/candidates/0/1",
      "kind": "ASSUMPTION",
      "text": "This is unconventional precisely because it may not work, and a null result would itself be useful for avoiding overpaying for perceived coaching reputations.",
      "status": "UNVERIFIED",
      "extractor": "line_grammar/v1"
    },
    {
      "id": "hd-20261009-211812-efe1740f0c77/candidates/0/1/claim/18",
      "candidate_id": "hd-20261009-211812-efe1740f0c77/candidates/0/1",
      "kind": "UNKNOWN",
      "text": "public_coaching_staff_history_dataset",
      "status": "UNVERIFIED",
      "extractor": "line_grammar/v1"
    },
    {
      "id": "hd-20261009-211812-efe1740f0c77/candidates/0/1/claim/19",
      "candidate_id": "hd-20261009-211812-efe1740f0c77/candidates/0/1",
      "kind": "UNKNOWN",
      "text": "detectable_coach_effect_size",
      "status": "UNVERIFIED",
      "extractor": "line_grammar/v1"
    },
    {
      "id": "hd-20261009-211812-efe1740f0c77/candidates/0/1/claim/20",
      "candidate_id": "hd-20261009-211812-efe1740f0c77/candidates/0/1",
      "kind": "IDEA",
      "text": "Stolen-base attempt policy under pitch-clock and disengagement limits; owner: manager and first-base and third-base coaches; decision: green-light or hold calls by runner, pitcher, catcher, count, and disengagement state, made every game; value at stake: run expectancy from many attempts over a season; mechanism: combine public sprint speed, catcher pop time, pitcher pickoff and disengagement history, and count to estimate break-even success probability in each situation; baseline: give fast runners a standing green light and hold everyone else; software: a situational attempt chart, backtested on public play-by-play and Statcast baserunning data since the 2023 rule changes.",
      "status": "UNVERIFIED",
      "extractor": "line_grammar/v1"
    },
    {
      "id": "hd-20261009-211812-efe1740f0c77/candidates/0/1/claim/21",
      "candidate_id": "hd-20261009-211812-efe1740f0c77/candidates/0/1",
      "kind": "ASSUMPTION",
      "text": "The per-attempt run value is small, so a season-level gain may be a fraction of a win.",
      "status": "UNVERIFIED",
      "extractor": "line_grammar/v1"
    },
    {
      "id": "hd-20261009-211812-efe1740f0c77/candidates/0/1/claim/22",
      "candidate_id": "hd-20261009-211812-efe1740f0c77/candidates/0/1",
      "kind": "ASSUMPTION",
      "text": "Leading clubs likely already exploit this, which would leave limited edge.",
      "status": "UNVERIFIED",
      "extractor": "line_grammar/v1"
    },
    {
      "id": "hd-20261009-211812-efe1740f0c77/candidates/0/1/claim/23",
      "candidate_id": "hd-20261009-211812-efe1740f0c77/candidates/0/1",
      "kind": "ASSUMPTION",
      "text": "Pitcher time-to-plate data may not be fully public, which would weaken the model.",
      "status": "UNVERIFIED",
      "extractor": "line_grammar/v1"
    },
    {
      "id": "hd-20261009-211812-efe1740f0c77/candidates/0/1/claim/24",
      "candidate_id": "hd-20261009-211812-efe1740f0c77/candidates/0/1",
      "kind": "UNKNOWN",
      "text": "public_pitcher_time_to_plate_availability",
      "status": "UNVERIFIED",
      "extractor": "line_grammar/v1"
    },
    {
      "id": "hd-20261009-211812-efe1740f0c77/candidates/0/1/claim/25",
      "candidate_id": "hd-20261009-211812-efe1740f0c77/candidates/0/1",
      "kind": "UNKNOWN",
      "text": "league_sb_breakeven_by_disengagement_state",
      "status": "UNVERIFIED",
      "extractor": "line_grammar/v1"
    },
    {
      "id": "hd-20261009-211812-efe1740f0c77/candidates/0/1/claim/26",
      "candidate_id": "hd-20261009-211812-efe1740f0c77/candidates/0/1",
      "kind": "IDEA",
      "text": "Rotation sequencing around off-days; owner: manager and pitching coach; decision: whether to keep a strict rotation order, skip a starter, or insert a sixth starter around scheduled off-days, made weekly during the season; value at stake: allocation of starts among starters of different quality, plus fatigue costs; mechanism: model the quality gained by giving the best starters more starts against public evidence of rest-day effects on velocity and results; baseline: a fixed five-man order, with skips only for injury; software: a schedule-aware start allocator, backtested on public game logs and Statcast velocity by days of rest.",
      "status": "UNVERIFIED",
      "extractor": "line_grammar/v1"
    },
    {
      "id": "hd-20261009-211812-efe1740f0c77/candidates/0/1/claim/27",
      "candidate_id": "hd-20261009-211812-efe1740f0c77/candidates/0/1",
      "kind": "ASSUMPTION",
      "text": "This may overlap the explored travel and rest planning family, which would need deduplication.",
      "status": "UNVERIFIED",
      "extractor": "line_grammar/v1"
    },
    {
      "id": "hd-20261009-211812-efe1740f0c77/candidates/0/1/claim/28",
      "candidate_id": "hd-20261009-211812-efe1740f0c77/candidates/0/1",
      "kind": "ASSUMPTION",
      "text": "The effects of rest days are confounded by selection, since teams rest pitchers who already show fatigue.",
      "status": "UNVERIFIED",
      "extractor": "line_grammar/v1"
    },
    {
      "id": "hd-20261009-211812-efe1740f0c77/candidates/0/1/claim/29",
      "candidate_id": "hd-20261009-211812-efe1740f0c77/candidates/0/1",
      "kind": "UNKNOWN",
      "text": "public_rest_day_velocity_effect_estimate",
      "status": "UNVERIFIED",
      "extractor": "line_grammar/v1"
    },
    {
      "id": "hd-20261009-211812-efe1740f0c77/candidates/0/1/claim/30",
      "candidate_id": "hd-20261009-211812-efe1740f0c77/candidates/0/1",
      "kind": "IDEA",
      "text": "Pinch-hitting and defensive substitution timing; owner: manager; decision: when to use a bench bat or defensive replacement in late innings, made daily; value at stake: win probability added in high-leverage situations; mechanism: compare the leverage-weighted value of using a bench player now against keeping him for a likely later spot; baseline: platoon-advantage substitutions plus routine late-inning defensive swaps; software: an in-game bench-usage model, backtested on public play-by-play by replaying substitution decisions.",
      "status": "UNVERIFIED",
      "extractor": "line_grammar/v1"
    },
    {
      "id": "hd-20261009-211812-efe1740f0c77/candidates/0/1/claim/31",
      "candidate_id": "hd-20261009-211812-efe1740f0c77/candidates/0/1",
      "kind": "ASSUMPTION",
      "text": "The value is probably small and clubs likely already have such tools, so this may be a case where software adds little.",
      "status": "UNVERIFIED",
      "extractor": "line_grammar/v1"
    },
    {
      "id": "hd-20261009-211812-efe1740f0c77/candidates/0/1/claim/32",
      "candidate_id": "hd-20261009-211812-efe1740f0c77/candidates/0/1",
      "kind": "IDEA",
      "text": "Lineup batting-order optimization; this is likely a domain where software is unnecessary, because public research suggests the gap between a sensible order and an optimal one is small.",
      "status": "UNVERIFIED",
      "extractor": "line_grammar/v1"
    },
    {
      "id": "hd-20261009-211812-efe1740f0c77/candidates/0/1/claim/33",
      "candidate_id": "hd-20261009-211812-efe1740f0c77/candidates/0/1",
      "kind": "IDEA",
      "text": "Spring training statistics; this is likely a domain where software is unnecessary, because samples are small and opponent quality varies, so the simple baseline of largely ignoring spring results is hard to beat.",
      "status": "UNVERIFIED",
      "extractor": "line_grammar/v1"
    },
    {
      "id": "hd-20261009-211812-efe1740f0c77/candidates/0/1/claim/34",
      "candidate_id": "hd-20261009-211812-efe1740f0c77/candidates/0/1",
      "kind": "ASSUMPTION",
      "text": "Catcher framing value is likely to shrink under the ABS challenge system, so framing-based catcher decisions should be checked against the explored ABS family.",
      "status": "UNVERIFIED",
      "extractor": "line_grammar/v1"
    },
    {
      "id": "hd-20261009-211812-efe1740f0c77/candidates/0/1/claim/35",
      "candidate_id": "hd-20261009-211812-efe1740f0c77/candidates/0/1",
      "kind": "UNKNOWN",
      "text": "cubs_internal_tools_in_any_family",
      "status": "UNVERIFIED",
      "extractor": "line_grammar/v1"
    },
    {
      "id": "hd-20261009-211812-efe1740f0c77/candidates/0/1/claim/36",
      "candidate_id": "hd-20261009-211812-efe1740f0c77/candidates/0/1",
      "kind": "UNKNOWN",
      "text": "supplied_evidence_for_any_claim",
      "status": "UNVERIFIED",
      "extractor": "line_grammar/v1"
    },
    {
      "id": "hd-20261009-211812-efe1740f0c77/candidates/0/2/claim/1",
      "candidate_id": "hd-20261009-211812-efe1740f0c77/candidates/0/2",
      "kind": "IDEA",
      "text": "Problem=coaching-staff hiring is decided by reputation and interviews rather than evidence of player improvement; owner=President of Baseball Operations, GM and manager; decision=hiring or retaining MLB and upper-minors hitting, pitching and catching coaches each October to December, with this offseason's window open now; value at stake=hypothesized as large and recurring because one coach touches many players' outcomes for several seasons, size unknown; mechanism=build a public coach-tenure ledger from press releases and media guides, then estimate each coach's effect on players who changed organizations, comparing the year before arrival with the year after and against matched players who did not move; baseline=network referrals, reputation from players, and interview impressions; software=a coach-attribution tool that ranks candidates with uncertainty intervals and flags coaches whose apparent effect is just regression to the mean.",
      "status": "UNVERIFIED",
      "extractor": "line_grammar/v1"
    },
    {
      "id": "hd-20261009-211812-efe1740f0c77/candidates/0/2/claim/2",
      "candidate_id": "hd-20261009-211812-efe1740f0c77/candidates/0/2",
      "kind": "ASSUMPTION",
      "text": "Public records of coach tenure, including assistant and minor-league roles, are complete and dated accurately enough to link coaches to players.",
      "status": "UNVERIFIED",
      "extractor": "line_grammar/v1"
    },
    {
      "id": "hd-20261009-211812-efe1740f0c77/candidates/0/2/claim/3",
      "candidate_id": "hd-20261009-211812-efe1740f0c77/candidates/0/2",
      "kind": "ASSUMPTION",
      "text": "Coach effects can be separated from organizational infrastructure, playing time, park, injury and selection effects, given that teams acquire players they already expect to improve.",
      "status": "UNVERIFIED",
      "extractor": "line_grammar/v1"
    },
    {
      "id": "hd-20261009-211812-efe1740f0c77/candidates/0/2/claim/4",
      "candidate_id": "hd-20261009-211812-efe1740f0c77/candidates/0/2",
      "kind": "ASSUMPTION",
      "text": "Sample sizes per coach are large enough that intervals are not too wide to change a hiring decision; this is a major challenge, because most coaches touch few players.",
      "status": "UNVERIFIED",
      "extractor": "line_grammar/v1"
    },
    {
      "id": "hd-20261009-211812-efe1740f0c77/candidates/0/2/claim/5",
      "candidate_id": "hd-20261009-211812-efe1740f0c77/candidates/0/2",
      "kind": "ASSUMPTION",
      "text": "A retrospective test is possible by asking whether coach ratings built on seasons up to year T predict player changes under the same coach in year T+1 better than a reputation proxy such as prior big-league coaching tenure.",
      "status": "UNVERIFIED",
      "extractor": "line_grammar/v1"
    },
    {
      "id": "hd-20261009-211812-efe1740f0c77/candidates/0/2/claim/6",
      "candidate_id": "hd-20261009-211812-efe1740f0c77/candidates/0/2",
      "kind": "ASSUMPTION",
      "text": "Clubs may already do this privately, so the edge could be zero; this cannot be verified from public information.",
      "status": "UNVERIFIED",
      "extractor": "line_grammar/v1"
    },
    {
      "id": "hd-20261009-211812-efe1740f0c77/candidates/0/2/claim/7",
      "candidate_id": "hd-20261009-211812-efe1740f0c77/candidates/0/2",
      "kind": "UNKNOWN",
      "text": "public_coach_tenure_dataset_completeness",
      "status": "UNVERIFIED",
      "extractor": "line_grammar/v1"
    },
    {
      "id": "hd-20261009-211812-efe1740f0c77/candidates/0/2/claim/8",
      "candidate_id": "hd-20261009-211812-efe1740f0c77/candidates/0/2",
      "kind": "UNKNOWN",
      "text": "persistence_of_coach_effects_year_over_year",
      "status": "UNVERIFIED",
      "extractor": "line_grammar/v1"
    },
    {
      "id": "hd-20261009-211812-efe1740f0c77/candidates/0/2/claim/9",
      "candidate_id": "hd-20261009-211812-efe1740f0c77/candidates/0/2",
      "kind": "UNKNOWN",
      "text": "cubs_current_coaching_vacancies_2026_offseason",
      "status": "UNVERIFIED",
      "extractor": "line_grammar/v1"
    },
    {
      "id": "hd-20261009-211812-efe1740f0c77/candidates/0/2/claim/10",
      "candidate_id": "hd-20261009-211812-efe1740f0c77/candidates/0/2",
      "kind": "UNKNOWN",
      "text": "whether_rival_clubs_use_coach_attribution_models",
      "status": "UNVERIFIED",
      "extractor": "line_grammar/v1"
    },
    {
      "id": "hd-20261009-211812-efe1740f0c77/candidates/0/2/claim/11",
      "candidate_id": "hd-20261009-211812-efe1740f0c77/candidates/0/2",
      "kind": "IDEA",
      "text": "Problem=pricing players posted from NPB and KBO and signed internationally as free agents; owner=GM, international scouting director and pro scouting director; decision=whether to bid on posted players and how much, during posting windows that usually run November to January; value at stake=potentially large per signing, since these are multi-year major-league contracts, but the number of events per year is small; mechanism=translation models that use public foreign-league stats, including pitch-tracking where it is published, along with age and league-environment adjustments, calibrated on the MLB outcomes of previously posted players; baseline=scouting reports combined with simple ratios of foreign-league stats to MLB stats and agent-driven market comparables; software=a probabilistic translation tool with explicit uncertainty that is updated as each new posting cohort produces MLB results.",
      "status": "UNVERIFIED",
      "extractor": "line_grammar/v1"
    },
    {
      "id": "hd-20261009-211812-efe1740f0c77/candidates/0/2/claim/12",
      "candidate_id": "hd-20261009-211812-efe1740f0c77/candidates/0/2",
      "kind": "ASSUMPTION",
      "text": "Enough historical posted players with MLB outcomes exist to calibrate a model that beats simple ratios; the small number of cases is the main threat.",
      "status": "UNVERIFIED",
      "extractor": "line_grammar/v1"
    },
    {
      "id": "hd-20261009-211812-efe1740f0c77/candidates/0/2/claim/13",
      "candidate_id": "hd-20261009-211812-efe1740f0c77/candidates/0/2",
      "kind": "ASSUMPTION",
      "text": "Public foreign-league data at decision time is detailed enough, and changes in league environment, such as the ball or rules, can be adjusted for.",
      "status": "UNVERIFIED",
      "extractor": "line_grammar/v1"
    },
    {
      "id": "hd-20261009-211812-efe1740f0c77/candidates/0/2/claim/14",
      "candidate_id": "hd-20261009-211812-efe1740f0c77/candidates/0/2",
      "kind": "ASSUMPTION",
      "text": "Market prices for posted players are set by bidding among several clubs, so any edge in accuracy must also overcome the winner's curse.",
      "status": "UNVERIFIED",
      "extractor": "line_grammar/v1"
    },
    {
      "id": "hd-20261009-211812-efe1740f0c77/candidates/0/2/claim/15",
      "candidate_id": "hd-20261009-211812-efe1740f0c77/candidates/0/2",
      "kind": "ASSUMPTION",
      "text": "This differs from the already-explored minor-league call-up translation because the source leagues and market mechanics differ; reviewers should check for overlap.",
      "status": "UNVERIFIED",
      "extractor": "line_grammar/v1"
    },
    {
      "id": "hd-20261009-211812-efe1740f0c77/candidates/0/2/claim/16",
      "candidate_id": "hd-20261009-211812-efe1740f0c77/candidates/0/2",
      "kind": "UNKNOWN",
      "text": "count_of_posted_players_with_mlb_outcomes",
      "status": "UNVERIFIED",
      "extractor": "line_grammar/v1"
    },
    {
      "id": "hd-20261009-211812-efe1740f0c77/candidates/0/2/claim/17",
      "candidate_id": "hd-20261009-211812-efe1740f0c77/candidates/0/2",
      "kind": "UNKNOWN",
      "text": "public_availability_of_npb_kbo_pitch_tracking",
      "status": "UNVERIFIED",
      "extractor": "line_grammar/v1"
    },
    {
      "id": "hd-20261009-211812-efe1740f0c77/candidates/0/2/claim/18",
      "candidate_id": "hd-20261009-211812-efe1740f0c77/candidates/0/2",
      "kind": "UNKNOWN",
      "text": "cubs_international_budget_2027",
      "status": "UNVERIFIED",
      "extractor": "line_grammar/v1"
    },
    {
      "id": "hd-20261009-211812-efe1740f0c77/candidates/0/2/claim/19",
      "candidate_id": "hd-20261009-211812-efe1740f0c77/candidates/0/2",
      "kind": "IDEA",
      "text": "Problem=managing starters around expected rain delays at a home park without a roof; owner=manager, pitching coach and head of game operations; decision=on game days with uncertain weather, whether to start the scheduled starter, use an opener or delay the start, decided in the hours before first pitch; value at stake=hypothesized as modest per event but recurring, through avoided wasted starts and short outings that tax the bullpen; mechanism=combine public precipitation forecasts with historical delay records to estimate the probability of a delay longer than a starter can wait out; baseline=staff judgment plus the umpire crew and league's consultation on weather; software=a delay-risk forecast linked to a rule for choosing the starter.",
      "status": "UNVERIFIED",
      "extractor": "line_grammar/v1"
    },
    {
      "id": "hd-20261009-211812-efe1740f0c77/candidates/0/2/claim/20",
      "candidate_id": "hd-20261009-211812-efe1740f0c77/candidates/0/2",
      "kind": "ASSUMPTION",
      "text": "Historical game-delay times and forecasts as issued at the time can be reconstructed from public sources for a retrospective test.",
      "status": "UNVERIFIED",
      "extractor": "line_grammar/v1"
    },
    {
      "id": "hd-20261009-211812-efe1740f0c77/candidates/0/2/claim/21",
      "candidate_id": "hd-20261009-211812-efe1740f0c77/candidates/0/2",
      "kind": "ASSUMPTION",
      "text": "Decisions about delays and postponements are partly controlled by the league and umpires, which limits how much the club can act on the forecast.",
      "status": "UNVERIFIED",
      "extractor": "line_grammar/v1"
    },
    {
      "id": "hd-20261009-211812-efe1740f0c77/candidates/0/2/claim/22",
      "candidate_id": "hd-20261009-211812-efe1740f0c77/candidates/0/2",
      "kind": "ASSUMPTION",
      "text": "The value may be too small to matter, which challenges the idea itself.",
      "status": "UNVERIFIED",
      "extractor": "line_grammar/v1"
    },
    {
      "id": "hd-20261009-211812-efe1740f0c77/candidates/0/2/claim/23",
      "candidate_id": "hd-20261009-211812-efe1740f0c77/candidates/0/2",
      "kind": "UNKNOWN",
      "text": "wrigley_historical_rain_delay_frequency",
      "status": "UNVERIFIED",
      "extractor": "line_grammar/v1"
    },
    {
      "id": "hd-20261009-211812-efe1740f0c77/candidates/0/2/claim/24",
      "candidate_id": "hd-20261009-211812-efe1740f0c77/candidates/0/2",
      "kind": "UNKNOWN",
      "text": "archived_hourly_forecast_availability",
      "status": "UNVERIFIED",
      "extractor": "line_grammar/v1"
    },
    {
      "id": "hd-20261009-211812-efe1740f0c77/candidates/0/2/claim/25",
      "candidate_id": "hd-20261009-211812-efe1740f0c77/candidates/0/2",
      "kind": "IDEA",
      "text": "Problem=where software is likely unnecessary: routine decisions such as setting the order of everyday lineups, or a dashboard of public leaderboards; owner=manager and analysts; decision=daily; value at stake=likely small, based on the earlier exploration finding a domain gap in lineup optimization; mechanism=none beyond existing tools; baseline=current practice is probably close to optimal; software=recommend not building, and redirect the effort toward coach attribution or the translation of posted foreign-league players.",
      "status": "UNVERIFIED",
      "extractor": "line_grammar/v1"
    },
    {
      "id": "hd-20261009-211812-efe1740f0c77/candidates/0/2/claim/26",
      "candidate_id": "hd-20261009-211812-efe1740f0c77/candidates/0/2",
      "kind": "ASSUMPTION",
      "text": "Clubs are already at or near the frontier on decisions that use public stats and occur daily, so marginal software adds little.",
      "status": "UNVERIFIED",
      "extractor": "line_grammar/v1"
    },
    {
      "id": "hd-20261009-211812-efe1740f0c77/candidates/0/2/claim/27",
      "candidate_id": "hd-20261009-211812-efe1740f0c77/candidates/0/2",
      "kind": "UNKNOWN",
      "text": "magnitude_of_remaining_edge_in_daily_tactical_decisions",
      "status": "UNVERIFIED",
      "extractor": "line_grammar/v1"
    },
    {
      "id": "hd-20261009-211812-efe1740f0c77/candidates/0/3/claim/1",
      "candidate_id": "hd-20261009-211812-efe1740f0c77/candidates/0/3",
      "kind": "IDEA",
      "text": "Problem=spring-training signal underuse; owner=GM and manager; decision=final Opening Day roster spots and early-season role assignments each late March; value=a few marginal roster slots and leverage roles over the first weeks; mechanism=spring Statcast-tracked velocity, spin and exit-velocity changes may carry real signal even though spring outcome stats are noise; baseline=ignore spring stats and rely on prior-season performance plus contract status; intervention=a model that combines spring physical-tracking deltas with prior-season projections, backtested on public spring tracking against regular-season results.",
      "status": "UNVERIFIED",
      "extractor": "line_grammar/v1"
    },
    {
      "id": "hd-20261009-211812-efe1740f0c77/candidates/0/3/claim/2",
      "candidate_id": "hd-20261009-211812-efe1740f0c77/candidates/0/3",
      "kind": "ASSUMPTION",
      "text": "Public spring-training tracking data covers enough parks, players and seasons to support a retrospective test.",
      "status": "UNVERIFIED",
      "extractor": "line_grammar/v1"
    },
    {
      "id": "hd-20261009-211812-efe1740f0c77/candidates/0/3/claim/3",
      "candidate_id": "hd-20261009-211812-efe1740f0c77/candidates/0/3",
      "kind": "ASSUMPTION",
      "text": "Clubs already use internal spring tracking at a much finer grain, so a public-data edge may be small or zero.",
      "status": "UNVERIFIED",
      "extractor": "line_grammar/v1"
    },
    {
      "id": "hd-20261009-211812-efe1740f0c77/candidates/0/3/claim/4",
      "candidate_id": "hd-20261009-211812-efe1740f0c77/candidates/0/3",
      "kind": "ASSUMPTION",
      "text": "Spring velocity changes partly reflect deliberate ramp-up schedules, which could mask any real signal.",
      "status": "UNVERIFIED",
      "extractor": "line_grammar/v1"
    },
    {
      "id": "hd-20261009-211812-efe1740f0c77/candidates/0/3/claim/5",
      "candidate_id": "hd-20261009-211812-efe1740f0c77/candidates/0/3",
      "kind": "UNKNOWN",
      "text": "spring_tracking_public_coverage_by_season",
      "status": "UNVERIFIED",
      "extractor": "line_grammar/v1"
    },
    {
      "id": "hd-20261009-211812-efe1740f0c77/candidates/0/3/claim/6",
      "candidate_id": "hd-20261009-211812-efe1740f0c77/candidates/0/3",
      "kind": "UNKNOWN",
      "text": "spring_velocity_delta_predictive_validity",
      "status": "UNVERIFIED",
      "extractor": "line_grammar/v1"
    },
    {
      "id": "hd-20261009-211812-efe1740f0c77/candidates/0/3/claim/7",
      "candidate_id": "hd-20261009-211812-efe1740f0c77/candidates/0/3",
      "kind": "IDEA",
      "text": "Problem=postseason roster construction for short series; owner=manager, GM and analytics staff; decision=choosing the 26-man roster per round in October, including the count of pitchers versus position players and specialist slots such as pinch runner or third catcher; value=high-leverage innings concentrated in very few games; mechanism=simulating series-specific opponent handedness, off days and starter usage may reveal that the marginal 13th pitcher is worth less than a bench bat or runner; baseline=carry the regular-season structure with the top pitchers; intervention=a series simulator that scores roster variants using public schedules, opponent splits and historical postseason usage.",
      "status": "UNVERIFIED",
      "extractor": "line_grammar/v1"
    },
    {
      "id": "hd-20261009-211812-efe1740f0c77/candidates/0/3/claim/8",
      "candidate_id": "hd-20261009-211812-efe1740f0c77/candidates/0/3",
      "kind": "ASSUMPTION",
      "text": "Postseason sample sizes are too small for direct outcome backtesting, so validation would depend on simulator calibration rather than observed wins.",
      "status": "UNVERIFIED",
      "extractor": "line_grammar/v1"
    },
    {
      "id": "hd-20261009-211812-efe1740f0c77/candidates/0/3/claim/9",
      "candidate_id": "hd-20261009-211812-efe1740f0c77/candidates/0/3",
      "kind": "ASSUMPTION",
      "text": "The edge applies only in seasons when the Cubs reach the postseason, which makes this an episodic decision rather than a reliably recurring one.",
      "status": "UNVERIFIED",
      "extractor": "line_grammar/v1"
    },
    {
      "id": "hd-20261009-211812-efe1740f0c77/candidates/0/3/claim/10",
      "candidate_id": "hd-20261009-211812-efe1740f0c77/candidates/0/3",
      "kind": "ASSUMPTION",
      "text": "Contending clubs likely already run this kind of simulation internally.",
      "status": "UNVERIFIED",
      "extractor": "line_grammar/v1"
    },
    {
      "id": "hd-20261009-211812-efe1740f0c77/candidates/0/3/claim/11",
      "candidate_id": "hd-20261009-211812-efe1740f0c77/candidates/0/3",
      "kind": "UNKNOWN",
      "text": "marginal_postseason_roster_slot_value",
      "status": "UNVERIFIED",
      "extractor": "line_grammar/v1"
    },
    {
      "id": "hd-20261009-211812-efe1740f0c77/candidates/0/3/claim/12",
      "candidate_id": "hd-20261009-211812-efe1740f0c77/candidates/0/3",
      "kind": "UNKNOWN",
      "text": "historical_postseason_innings_by_roster_slot",
      "status": "UNVERIFIED",
      "extractor": "line_grammar/v1"
    },
    {
      "id": "hd-20261009-211812-efe1740f0c77/candidates/0/3/claim/13",
      "candidate_id": "hd-20261009-211812-efe1740f0c77/candidates/0/3",
      "kind": "IDEA",
      "text": "Problem=international amateur bonus-pool allocation; owner=international scouting director; decision=distributing the annual signing pool across prospects at the January signing period, with verbal agreements made years earlier; value=the full annual pool plus long-tail prospect value; mechanism=public prospect rankings and published bonuses could show whether value per dollar is higher in concentrated top signings or in spread mid-tier signings; baseline=commit to a few top-ranked players early; intervention=a portfolio model trained on public signing-class bonuses and eventual prospect-list or MLB outcomes.",
      "status": "UNVERIFIED",
      "extractor": "line_grammar/v1"
    },
    {
      "id": "hd-20261009-211812-efe1740f0c77/candidates/0/3/claim/14",
      "candidate_id": "hd-20261009-211812-efe1740f0c77/candidates/0/3",
      "kind": "ASSUMPTION",
      "text": "The real constraint is early verbal agreements with trainers, not analysis, so software may not change behavior.",
      "status": "UNVERIFIED",
      "extractor": "line_grammar/v1"
    },
    {
      "id": "hd-20261009-211812-efe1740f0c77/candidates/0/3/claim/15",
      "candidate_id": "hd-20261009-211812-efe1740f0c77/candidates/0/3",
      "kind": "ASSUMPTION",
      "text": "Outcome lag of six or more years leaves few labeled classes, and rules have changed across eras.",
      "status": "UNVERIFIED",
      "extractor": "line_grammar/v1"
    },
    {
      "id": "hd-20261009-211812-efe1740f0c77/candidates/0/3/claim/16",
      "candidate_id": "hd-20261009-211812-efe1740f0c77/candidates/0/3",
      "kind": "ASSUMPTION",
      "text": "Public bonus data is incomplete for lower-bonus signees, which biases any test toward top signings.",
      "status": "UNVERIFIED",
      "extractor": "line_grammar/v1"
    },
    {
      "id": "hd-20261009-211812-efe1740f0c77/candidates/0/3/claim/17",
      "candidate_id": "hd-20261009-211812-efe1740f0c77/candidates/0/3",
      "kind": "UNKNOWN",
      "text": "public_bonus_coverage_below_top_signees",
      "status": "UNVERIFIED",
      "extractor": "line_grammar/v1"
    },
    {
      "id": "hd-20261009-211812-efe1740f0c77/candidates/0/3/claim/18",
      "candidate_id": "hd-20261009-211812-efe1740f0c77/candidates/0/3",
      "kind": "UNKNOWN",
      "text": "international_class_outcome_label_availability",
      "status": "UNVERIFIED",
      "extractor": "line_grammar/v1"
    },
    {
      "id": "hd-20261009-211812-efe1740f0c77/candidates/0/3/claim/19",
      "candidate_id": "hd-20261009-211812-efe1740f0c77/candidates/0/3",
      "kind": "IDEA",
      "text": "Problem=coaching-staff hiring evaluation; owner=president of baseball operations and GM; decision=filling hitting, pitching and bench coach vacancies, typically in October and November; value=staff influence on many players at once, though hard to isolate; mechanism=public player-level changes before and after a coach's arrival at prior stops, adjusted for aging and regression, could separate coaches with repeatable effects from those who benefited from roster churn; baseline=reputation, interviews and network referrals; intervention=a coach-attribution model on public staff histories and player performance deltas.",
      "status": "UNVERIFIED",
      "extractor": "line_grammar/v1"
    },
    {
      "id": "hd-20261009-211812-efe1740f0c77/candidates/0/3/claim/20",
      "candidate_id": "hd-20261009-211812-efe1740f0c77/candidates/0/3",
      "kind": "ASSUMPTION",
      "text": "Coach effects may be unidentifiable because coaches move alongside front-office philosophies and roster changes.",
      "status": "UNVERIFIED",
      "extractor": "line_grammar/v1"
    },
    {
      "id": "hd-20261009-211812-efe1740f0c77/candidates/0/3/claim/21",
      "candidate_id": "hd-20261009-211812-efe1740f0c77/candidates/0/3",
      "kind": "ASSUMPTION",
      "text": "Public staff-tenure records are complete enough to link coaches to player cohorts.",
      "status": "UNVERIFIED",
      "extractor": "line_grammar/v1"
    },
    {
      "id": "hd-20261009-211812-efe1740f0c77/candidates/0/3/claim/22",
      "candidate_id": "hd-20261009-211812-efe1740f0c77/candidates/0/3",
      "kind": "ASSUMPTION",
      "text": "This may overlap with already explored attribution families and should be checked for duplication.",
      "status": "UNVERIFIED",
      "extractor": "line_grammar/v1"
    },
    {
      "id": "hd-20261009-211812-efe1740f0c77/candidates/0/3/claim/23",
      "candidate_id": "hd-20261009-211812-efe1740f0c77/candidates/0/3",
      "kind": "UNKNOWN",
      "text": "coach_effect_identifiability",
      "status": "UNVERIFIED",
      "extractor": "line_grammar/v1"
    },
    {
      "id": "hd-20261009-211812-efe1740f0c77/candidates/0/3/claim/24",
      "candidate_id": "hd-20261009-211812-efe1740f0c77/candidates/0/3",
      "kind": "UNKNOWN",
      "text": "public_coaching_staff_history_completeness",
      "status": "UNVERIFIED",
      "extractor": "line_grammar/v1"
    },
    {
      "id": "hd-20261009-211812-efe1740f0c77/candidates/0/3/claim/25",
      "candidate_id": "hd-20261009-211812-efe1740f0c77/candidates/0/3",
      "kind": "IDEA",
      "text": "Problem=early-season weather and postponement exposure at Wrigley; owner=business operations together with the league; decision=managing April and May home-date risk, including ticket and promotion plans and pitcher scheduling around likely postponements; value=lost gate revenue, doubleheader workload and staff-planning costs; mechanism=public historical weather and postponement records could quantify risk by date to inform promotion placement and rotation contingency planning; baseline=static calendar planning; intervention=a date-risk calendar and contingency planner.",
      "status": "UNVERIFIED",
      "extractor": "line_grammar/v1"
    },
    {
      "id": "hd-20261009-211812-efe1740f0c77/candidates/0/3/claim/26",
      "candidate_id": "hd-20261009-211812-efe1740f0c77/candidates/0/3",
      "kind": "ASSUMPTION",
      "text": "Schedule and postponement authority sits largely with the league, which limits club leverage.",
      "status": "UNVERIFIED",
      "extractor": "line_grammar/v1"
    },
    {
      "id": "hd-20261009-211812-efe1740f0c77/candidates/0/3/claim/27",
      "candidate_id": "hd-20261009-211812-efe1740f0c77/candidates/0/3",
      "kind": "ASSUMPTION",
      "text": "The business side likely already uses commercial weather services, so software may be unnecessary here.",
      "status": "UNVERIFIED",
      "extractor": "line_grammar/v1"
    },
    {
      "id": "hd-20261009-211812-efe1740f0c77/candidates/0/3/claim/28",
      "candidate_id": "hd-20261009-211812-efe1740f0c77/candidates/0/3",
      "kind": "UNKNOWN",
      "text": "club_control_over_postponement_decisions",
      "status": "UNVERIFIED",
      "extractor": "line_grammar/v1"
    },
    {
      "id": "hd-20261009-211812-efe1740f0c77/candidates/0/3/claim/29",
      "candidate_id": "hd-20261009-211812-efe1740f0c77/candidates/0/3",
      "kind": "UNKNOWN",
      "text": "historical_wrigley_postponement_counts",
      "status": "UNVERIFIED",
      "extractor": "line_grammar/v1"
    },
    {
      "id": "hd-20261009-211812-efe1740f0c77/candidates/0/3/claim/30",
      "candidate_id": "hd-20261009-211812-efe1740f0c77/candidates/0/3",
      "kind": "IDEA",
      "text": "Problem=where software is unnecessary; owner=analytics leadership; decision=annual triage of which tooling to build; value=staff time saved; mechanism=explicitly drop areas where clubs are already ahead or rules already dominate, such as concession demand forecasting, dynamic ticket pricing done by vendors, and minor-league free-agent triage; baseline=build tools by request; intervention=a short scoring rubric rating each candidate on value size, public-signal edge and backtestability.",
      "status": "UNVERIFIED",
      "extractor": "line_grammar/v1"
    },
    {
      "id": "hd-20261009-211812-efe1740f0c77/candidates/0/3/claim/31",
      "candidate_id": "hd-20261009-211812-efe1740f0c77/candidates/0/3",
      "kind": "ASSUMPTION",
      "text": "Ticketing and concessions forecasting at MLB clubs is already mature and vendor-supported, so a marginal internal build adds little.",
      "status": "UNVERIFIED",
      "extractor": "line_grammar/v1"
    },
    {
      "id": "hd-20261009-211812-efe1740f0c77/candidates/0/3/claim/32",
      "candidate_id": "hd-20261009-211812-efe1740f0c77/candidates/0/3",
      "kind": "UNKNOWN",
      "text": "club_existing_tooling_inventory",
      "status": "UNVERIFIED",
      "extractor": "line_grammar/v1"
    },
    {
      "id": "hd-20261009-211812-efe1740f0c77/candidates/0/4/claim/1",
      "candidate_id": "hd-20261009-211812-efe1740f0c77/candidates/0/4",
      "kind": "IDEA",
      "text": "Problem family: estimating the marginal value of coaching and player-development staff hires. This is a decision family not covered by the explored list.",
      "status": "UNVERIFIED",
      "extractor": "line_grammar/v1"
    },
    {
      "id": "hd-20261009-211812-efe1740f0c77/candidates/0/4/claim/2",
      "candidate_id": "hd-20261009-211812-efe1740f0c77/candidates/0/4",
      "kind": "IDEA",
      "text": "Decision owner: the President of Baseball Operations and GM, with input from the farm director for minor-league staff.",
      "status": "UNVERIFIED",
      "extractor": "line_grammar/v1"
    },
    {
      "id": "hd-20261009-211812-efe1740f0c77/candidates/0/4/claim/3",
      "candidate_id": "hd-20261009-211812-efe1740f0c77/candidates/0/4",
      "kind": "IDEA",
      "text": "Recurring decision: hiring, retaining or replacing MLB coaches, such as hitting, pitching, catching and bench coaches.",
      "status": "UNVERIFIED",
      "extractor": "line_grammar/v1"
    },
    {
      "id": "hd-20261009-211812-efe1740f0c77/candidates/0/4/claim/4",
      "candidate_id": "hd-20261009-211812-efe1740f0c77/candidates/0/4",
      "kind": "IDEA",
      "text": "Timing: each October through December, and staff turnover across MLB clusters in the weeks after clubs are eliminated. Early October 2026 is inside this window for the Cubs.",
      "status": "UNVERIFIED",
      "extractor": "line_grammar/v1"
    },
    {
      "id": "hd-20261009-211812-efe1740f0c77/candidates/0/4/claim/5",
      "candidate_id": "hd-20261009-211812-efe1740f0c77/candidates/0/4",
      "kind": "IDEA",
      "text": "Recurring decision: filling minor-league coordinator and affiliate coach roles each winter. These hires shape many player-seasons at once.",
      "status": "UNVERIFIED",
      "extractor": "line_grammar/v1"
    },
    {
      "id": "hd-20261009-211812-efe1740f0c77/candidates/0/4/claim/6",
      "candidate_id": "hd-20261009-211812-efe1740f0c77/candidates/0/4",
      "kind": "IDEA",
      "text": "Value at stake (hypothesis): a coach touches every player on the staff or lineup for multiple seasons. A real coach effect would therefore compound across far more player-seasons than any single roster move.",
      "status": "UNVERIFIED",
      "extractor": "line_grammar/v1"
    },
    {
      "id": "hd-20261009-211812-efe1740f0c77/candidates/0/4/claim/7",
      "candidate_id": "hd-20261009-211812-efe1740f0c77/candidates/0/4",
      "kind": "IDEA",
      "text": "Value at stake (hypothesis): coaching salaries are small compared with player payroll, so a good evaluation could have high leverage per dollar if true coach effects exist.",
      "status": "UNVERIFIED",
      "extractor": "line_grammar/v1"
    },
    {
      "id": "hd-20261009-211812-efe1740f0c77/candidates/0/4/claim/8",
      "candidate_id": "hd-20261009-211812-efe1740f0c77/candidates/0/4",
      "kind": "IDEA",
      "text": "Simple baseline a club already uses: hire by reputation, playing career, network referrals, interviews, and the outcomes of the coach's prior team.",
      "status": "UNVERIFIED",
      "extractor": "line_grammar/v1"
    },
    {
      "id": "hd-20261009-211812-efe1740f0c77/candidates/0/4/claim/9",
      "candidate_id": "hd-20261009-211812-efe1740f0c77/candidates/0/4",
      "kind": "IDEA",
      "text": "Mechanism of advantage: public team and staff directories, media transaction reports and Baseball-Reference coaching records can be joined to player-level public metrics. This builds a coach-player linkage panel.",
      "status": "UNVERIFIED",
      "extractor": "line_grammar/v1"
    },
    {
      "id": "hd-20261009-211812-efe1740f0c77/candidates/0/4/claim/10",
      "candidate_id": "hd-20261009-211812-efe1740f0c77/candidates/0/4",
      "kind": "IDEA",
      "text": "Mechanism of advantage: use movement-based identification. Track the same players under different coaches, and the same coaches with different players. This separates coach effects from player aging and talent.",
      "status": "UNVERIFIED",
      "extractor": "line_grammar/v1"
    },
    {
      "id": "hd-20261009-211812-efe1740f0c77/candidates/0/4/claim/11",
      "candidate_id": "hd-20261009-211812-efe1740f0c77/candidates/0/4",
      "kind": "IDEA",
      "text": "Mechanism of advantage: the model would estimate within-player changes after a coaching change, compared against matched players whose coaches did not change. It would use public outcome metrics such as chase rate, zone contact, pitch-mix shifts and walk rate.",
      "status": "UNVERIFIED",
      "extractor": "line_grammar/v1"
    },
    {
      "id": "hd-20261009-211812-efe1740f0c77/candidates/0/4/claim/12",
      "candidate_id": "hd-20261009-211812-efe1740f0c77/candidates/0/4",
      "kind": "IDEA",
      "text": "Software intervention: a coach-candidate dossier generator. For each candidate it would report the before/after trajectories of players they coached, with uncertainty intervals, matched controls and sample-size warnings.",
      "status": "UNVERIFIED",
      "extractor": "line_grammar/v1"
    },
    {
      "id": "hd-20261009-211812-efe1740f0c77/candidates/0/4/claim/13",
      "candidate_id": "hd-20261009-211812-efe1740f0c77/candidates/0/4",
      "kind": "IDEA",
      "text": "Software intervention: a retrospective test. Freeze data as of each past offseason, rank the coaching hires made that winter, and check whether the rankings predicted the next one to two seasons of player-change metrics better than the prior-team-outcome baseline.",
      "status": "UNVERIFIED",
      "extractor": "line_grammar/v1"
    },
    {
      "id": "hd-20261009-211812-efe1740f0c77/candidates/0/4/claim/14",
      "candidate_id": "hd-20261009-211812-efe1740f0c77/candidates/0/4",
      "kind": "IDEA",
      "text": "Unconventional extension: treat staff as a scarce market. Flag undervalued coaches whose players improved but whose teams lost, since a team-record baseline would systematically overlook them.",
      "status": "UNVERIFIED",
      "extractor": "line_grammar/v1"
    },
    {
      "id": "hd-20261009-211812-efe1740f0c77/candidates/0/4/claim/15",
      "candidate_id": "hd-20261009-211812-efe1740f0c77/candidates/0/4",
      "kind": "ASSUMPTION",
      "text": "Coach effects on player outcomes are large enough and persistent enough to detect above noise. This is the central challenge, and the result may well be a null.",
      "status": "UNVERIFIED",
      "extractor": "line_grammar/v1"
    },
    {
      "id": "hd-20261009-211812-efe1740f0c77/candidates/0/4/claim/16",
      "candidate_id": "hd-20261009-211812-efe1740f0c77/candidates/0/4",
      "kind": "ASSUMPTION",
      "text": "Public staff assignment data is complete and accurately dated enough to build a linkage panel. Mid-season title changes and shared roles may blur attribution.",
      "status": "UNVERIFIED",
      "extractor": "line_grammar/v1"
    },
    {
      "id": "hd-20261009-211812-efe1740f0c77/candidates/0/4/claim/17",
      "candidate_id": "hd-20261009-211812-efe1740f0c77/candidates/0/4",
      "kind": "ASSUMPTION",
      "text": "Player improvement after a coaching change is not dominated by confounders that public data cannot separate. Examples include regression to the mean, front-office technology, private biomechanics programs, and the same front office hiring both the player and the coach.",
      "status": "UNVERIFIED",
      "extractor": "line_grammar/v1"
    },
    {
      "id": "hd-20261009-211812-efe1740f0c77/candidates/0/4/claim/18",
      "candidate_id": "hd-20261009-211812-efe1740f0c77/candidates/0/4",
      "kind": "ASSUMPTION",
      "text": "Hitting and pitching coaches control enough of player development to deserve credit. Many clubs spread instruction across analysts, coordinators and private trainers, so attribution may be meaningless.",
      "status": "UNVERIFIED",
      "extractor": "line_grammar/v1"
    },
    {
      "id": "hd-20261009-211812-efe1740f0c77/candidates/0/4/claim/19",
      "candidate_id": "hd-20261009-211812-efe1740f0c77/candidates/0/4",
      "kind": "ASSUMPTION",
      "text": "The number of coach moves per year gives enough independent events for a retrospective test. Small N could make any ranking statistically indistinguishable from the reputation baseline.",
      "status": "UNVERIFIED",
      "extractor": "line_grammar/v1"
    },
    {
      "id": "hd-20261009-211812-efe1740f0c77/candidates/0/4/claim/20",
      "candidate_id": "hd-20261009-211812-efe1740f0c77/candidates/0/4",
      "kind": "ASSUMPTION",
      "text": "Clubs that already analyze coaches internally with private data are likely ahead of a public-data model. Software may then add little beyond organizing candidate research.",
      "status": "UNVERIFIED",
      "extractor": "line_grammar/v1"
    },
    {
      "id": "hd-20261009-211812-efe1740f0c77/candidates/0/4/claim/21",
      "candidate_id": "hd-20261009-211812-efe1740f0c77/candidates/0/4",
      "kind": "ASSUMPTION",
      "text": "Interpersonal fit, communication and clubhouse trust may dominate a coach's value and resist public measurement. A quantitative dossier might mislead more than it informs if over-weighted.",
      "status": "UNVERIFIED",
      "extractor": "line_grammar/v1"
    },
    {
      "id": "hd-20261009-211812-efe1740f0c77/candidates/0/4/claim/22",
      "candidate_id": "hd-20261009-211812-efe1740f0c77/candidates/0/4",
      "kind": "ASSUMPTION",
      "text": "Software may be unnecessary if the binding constraint is candidate availability or salary competition rather than evaluation quality.",
      "status": "UNVERIFIED",
      "extractor": "line_grammar/v1"
    },
    {
      "id": "hd-20261009-211812-efe1740f0c77/candidates/0/4/claim/23",
      "candidate_id": "hd-20261009-211812-efe1740f0c77/candidates/0/4",
      "kind": "ASSUMPTION",
      "text": "Minor-league staff effects might be more detectable than MLB effects because the player samples are larger. However, public minor-league tracking data may be too thin or too recent to support this.",
      "status": "UNVERIFIED",
      "extractor": "line_grammar/v1"
    },
    {
      "id": "hd-20261009-211812-efe1740f0c77/candidates/0/4/claim/24",
      "candidate_id": "hd-20261009-211812-efe1740f0c77/candidates/0/4",
      "kind": "UNKNOWN",
      "text": "magnitude_of_true_mlb_coach_effects",
      "status": "UNVERIFIED",
      "extractor": "line_grammar/v1"
    },
    {
      "id": "hd-20261009-211812-efe1740f0c77/candidates/0/4/claim/25",
      "candidate_id": "hd-20261009-211812-efe1740f0c77/candidates/0/4",
      "kind": "UNKNOWN",
      "text": "annual_count_of_mlb_hitting_and_pitching_coach_changes",
      "status": "UNVERIFIED",
      "extractor": "line_grammar/v1"
    },
    {
      "id": "hd-20261009-211812-efe1740f0c77/candidates/0/4/claim/26",
      "candidate_id": "hd-20261009-211812-efe1740f0c77/candidates/0/4",
      "kind": "UNKNOWN",
      "text": "completeness_of_public_coaching_staff_histories",
      "status": "UNVERIFIED",
      "extractor": "line_grammar/v1"
    },
    {
      "id": "hd-20261009-211812-efe1740f0c77/candidates/0/4/claim/27",
      "candidate_id": "hd-20261009-211812-efe1740f0c77/candidates/0/4",
      "kind": "UNKNOWN",
      "text": "availability_of_public_minor_league_staff_assignments_by_season",
      "status": "UNVERIFIED",
      "extractor": "line_grammar/v1"
    },
    {
      "id": "hd-20261009-211812-efe1740f0c77/candidates/0/4/claim/28",
      "candidate_id": "hd-20261009-211812-efe1740f0c77/candidates/0/4",
      "kind": "UNKNOWN",
      "text": "cubs_current_coaching_staff_vacancies_october_2026",
      "status": "UNVERIFIED",
      "extractor": "line_grammar/v1"
    },
    {
      "id": "hd-20261009-211812-efe1740f0c77/candidates/0/4/claim/29",
      "candidate_id": "hd-20261009-211812-efe1740f0c77/candidates/0/4",
      "kind": "UNKNOWN",
      "text": "cubs_existing_internal_coach_evaluation_methods",
      "status": "UNVERIFIED",
      "extractor": "line_grammar/v1"
    },
    {
      "id": "hd-20261009-211812-efe1740f0c77/candidates/0/4/claim/30",
      "candidate_id": "hd-20261009-211812-efe1740f0c77/candidates/0/4",
      "kind": "UNKNOWN",
      "text": "whether_other_clubs_already_use_coach_effect_models",
      "status": "UNVERIFIED",
      "extractor": "line_grammar/v1"
    },
    {
      "id": "hd-20261009-211812-efe1740f0c77/candidates/0/4/claim/31",
      "candidate_id": "hd-20261009-211812-efe1740f0c77/candidates/0/4",
      "kind": "UNKNOWN",
      "text": "minimum_sample_needed_to_distinguish_coach_ranking_from_reputation_baseline",
      "status": "UNVERIFIED",
      "extractor": "line_grammar/v1"
    },
    {
      "id": "hd-20261009-211812-efe1740f0c77/candidates/0/5/claim/1",
      "candidate_id": "hd-20261009-211812-efe1740f0c77/candidates/0/5",
      "kind": "IDEA",
      "text": "Problem: building the postseason roster. Owner: GM and manager, with input from the analytics and pitching staff. Decision: who fills the 26 spots for each round, set before each series and reset between rounds, about 1 to 4 times per year when the club qualifies.",
      "status": "UNVERIFIED",
      "extractor": "line_grammar/v1"
    },
    {
      "id": "hd-20261009-211812-efe1740f0c77/candidates/0/5/claim/2",
      "candidate_id": "hd-20261009-211812-efe1740f0c77/candidates/0/5",
      "kind": "IDEA",
      "text": "Value at stake: in October one marginal win carries far more championship probability and revenue than a regular-season win, so small roster gains may be worth more than their run value suggests.",
      "status": "UNVERIFIED",
      "extractor": "line_grammar/v1"
    },
    {
      "id": "hd-20261009-211812-efe1740f0c77/candidates/0/5/claim/3",
      "candidate_id": "hd-20261009-211812-efe1740f0c77/candidates/0/5",
      "kind": "IDEA",
      "text": "Mechanism: short series with off-days need fewer starters and favor high-leverage relief depth, platoon bats against a known small set of opposing pitchers, and specialists such as a pinch runner or defensive replacement whose regular-season value was low.",
      "status": "UNVERIFIED",
      "extractor": "line_grammar/v1"
    },
    {
      "id": "hd-20261009-211812-efe1740f0c77/candidates/0/5/claim/4",
      "candidate_id": "hd-20261009-211812-efe1740f0c77/candidates/0/5",
      "kind": "IDEA",
      "text": "Baseline: carry the top 26 players by regular-season value, then adjust by staff judgment for health and matchups.",
      "status": "UNVERIFIED",
      "extractor": "line_grammar/v1"
    },
    {
      "id": "hd-20261009-211812-efe1740f0c77/candidates/0/5/claim/5",
      "candidate_id": "hd-20261009-211812-efe1740f0c77/candidates/0/5",
      "kind": "IDEA",
      "text": "Intervention: a series-specific simulator. Inputs are the public opponent rotation and bullpen, the off-day schedule, and public platoon and pitch-type splits. Output is the expected series win probability for each candidate roster compared with the baseline roster.",
      "status": "UNVERIFIED",
      "extractor": "line_grammar/v1"
    },
    {
      "id": "hd-20261009-211812-efe1740f0c77/candidates/0/5/claim/6",
      "candidate_id": "hd-20261009-211812-efe1740f0c77/candidates/0/5",
      "kind": "IDEA",
      "text": "Retrospective test: rebuild past postseason rosters league-wide from public transaction records and box scores, then score the alternatives a simulator would have recommended against the rosters actually used.",
      "status": "UNVERIFIED",
      "extractor": "line_grammar/v1"
    },
    {
      "id": "hd-20261009-211812-efe1740f0c77/candidates/0/5/claim/7",
      "candidate_id": "hd-20261009-211812-efe1740f0c77/candidates/0/5",
      "kind": "ASSUMPTION",
      "text": "The difference in series win probability between a well-built roster and the baseline is large enough to measure. It may be well under one percentage point and lost in noise.",
      "status": "UNVERIFIED",
      "extractor": "line_grammar/v1"
    },
    {
      "id": "hd-20261009-211812-efe1740f0c77/candidates/0/5/claim/8",
      "candidate_id": "hd-20261009-211812-efe1740f0c77/candidates/0/5",
      "kind": "ASSUMPTION",
      "text": "The 25th and 26th players get enough playing time in a series to matter. Postseason managers may concentrate innings on the top 8 to 10 pitchers regardless of roster choice.",
      "status": "UNVERIFIED",
      "extractor": "line_grammar/v1"
    },
    {
      "id": "hd-20261009-211812-efe1740f0c77/candidates/0/5/claim/9",
      "candidate_id": "hd-20261009-211812-efe1740f0c77/candidates/0/5",
      "kind": "ASSUMPTION",
      "text": "Contending clubs, including the Cubs, already run private versions of this simulation, so a public tool may only match current practice.",
      "status": "UNVERIFIED",
      "extractor": "line_grammar/v1"
    },
    {
      "id": "hd-20261009-211812-efe1740f0c77/candidates/0/5/claim/10",
      "candidate_id": "hd-20261009-211812-efe1740f0c77/candidates/0/5",
      "kind": "ASSUMPTION",
      "text": "Retrospective validation will suffer from very small samples, since each club plays few postseason series per decade. League-wide pooling is needed, and it removes club-specific context such as health.",
      "status": "UNVERIFIED",
      "extractor": "line_grammar/v1"
    },
    {
      "id": "hd-20261009-211812-efe1740f0c77/candidates/0/5/claim/11",
      "candidate_id": "hd-20261009-211812-efe1740f0c77/candidates/0/5",
      "kind": "UNKNOWN",
      "text": "postseason_marginal_win_value_cubs",
      "status": "UNVERIFIED",
      "extractor": "line_grammar/v1"
    },
    {
      "id": "hd-20261009-211812-efe1740f0c77/candidates/0/5/claim/12",
      "candidate_id": "hd-20261009-211812-efe1740f0c77/candidates/0/5",
      "kind": "UNKNOWN",
      "text": "cubs_current_postseason_roster_process",
      "status": "UNVERIFIED",
      "extractor": "line_grammar/v1"
    },
    {
      "id": "hd-20261009-211812-efe1740f0c77/candidates/0/5/claim/13",
      "candidate_id": "hd-20261009-211812-efe1740f0c77/candidates/0/5",
      "kind": "UNKNOWN",
      "text": "public_injury_status_completeness_at_roster_deadline",
      "status": "UNVERIFIED",
      "extractor": "line_grammar/v1"
    },
    {
      "id": "hd-20261009-211812-efe1740f0c77/candidates/0/5/claim/14",
      "candidate_id": "hd-20261009-211812-efe1740f0c77/candidates/0/5",
      "kind": "IDEA",
      "text": "Problem: setting up the late-season pitching rotation for the playoffs. Owner: manager and pitching coach, with front office input. Decision: in roughly the final 10 to 14 days, whether to keep using top starters to chase seeding or a bye, or to line them up for Game 1 of the Wild Card Series.",
      "status": "UNVERIFIED",
      "extractor": "line_grammar/v1"
    },
    {
      "id": "hd-20261009-211812-efe1740f0c77/candidates/0/5/claim/15",
      "candidate_id": "hd-20261009-211812-efe1740f0c77/candidates/0/5",
      "kind": "IDEA",
      "text": "Mechanism: weigh the change in odds of securing a bye or home field against the series win probability gained by starting the best pitcher in an elimination game. Feed live public standings and remaining schedules into a seeding simulation.",
      "status": "UNVERIFIED",
      "extractor": "line_grammar/v1"
    },
    {
      "id": "hd-20261009-211812-efe1740f0c77/candidates/0/5/claim/16",
      "candidate_id": "hd-20261009-211812-efe1740f0c77/candidates/0/5",
      "kind": "IDEA",
      "text": "Baseline: chase the best seed until it is clinched or out of reach, then line up the ace. Alternatively, rest regulars once the club has clinched.",
      "status": "UNVERIFIED",
      "extractor": "line_grammar/v1"
    },
    {
      "id": "hd-20261009-211812-efe1740f0c77/candidates/0/5/claim/17",
      "candidate_id": "hd-20261009-211812-efe1740f0c77/candidates/0/5",
      "kind": "IDEA",
      "text": "Retrospective test: from public game logs, reconstruct each contender's rotation choices in the final two weeks. Simulate alternative alignments using projected seeding odds as of each date, and compare.",
      "status": "UNVERIFIED",
      "extractor": "line_grammar/v1"
    },
    {
      "id": "hd-20261009-211812-efe1740f0c77/candidates/0/5/claim/18",
      "candidate_id": "hd-20261009-211812-efe1740f0c77/candidates/0/5",
      "kind": "ASSUMPTION",
      "text": "Rotation alignment changes series outcomes enough to matter. Pitcher quality gaps within a playoff rotation may be smaller than the value of a top seed.",
      "status": "UNVERIFIED",
      "extractor": "line_grammar/v1"
    },
    {
      "id": "hd-20261009-211812-efe1740f0c77/candidates/0/5/claim/19",
      "candidate_id": "hd-20261009-211812-efe1740f0c77/candidates/0/5",
      "kind": "ASSUMPTION",
      "text": "Public seeding-odds models are already widely used, so the advantage may lie only in combining seeding odds with rotation choices, not in either piece alone.",
      "status": "UNVERIFIED",
      "extractor": "line_grammar/v1"
    },
    {
      "id": "hd-20261009-211812-efe1740f0c77/candidates/0/5/claim/20",
      "candidate_id": "hd-20261009-211812-efe1740f0c77/candidates/0/5",
      "kind": "ASSUMPTION",
      "text": "Clubs may already handle this through staff judgment, and the decision is often forced by health or by how the race unfolds rather than chosen freely.",
      "status": "UNVERIFIED",
      "extractor": "line_grammar/v1"
    },
    {
      "id": "hd-20261009-211812-efe1740f0c77/candidates/0/5/claim/21",
      "candidate_id": "hd-20261009-211812-efe1740f0c77/candidates/0/5",
      "kind": "UNKNOWN",
      "text": "magnitude_of_bye_value_under_current_playoff_format",
      "status": "UNVERIFIED",
      "extractor": "line_grammar/v1"
    },
    {
      "id": "hd-20261009-211812-efe1740f0c77/candidates/0/5/claim/22",
      "candidate_id": "hd-20261009-211812-efe1740f0c77/candidates/0/5",
      "kind": "UNKNOWN",
      "text": "how_often_cubs_face_this_decision_per_decade",
      "status": "UNVERIFIED",
      "extractor": "line_grammar/v1"
    },
    {
      "id": "hd-20261009-211812-efe1740f0c77/candidates/0/5/claim/23",
      "candidate_id": "hd-20261009-211812-efe1740f0c77/candidates/0/5",
      "kind": "IDEA",
      "text": "Where software is likely unnecessary: legal roster eligibility and deadline rules for the postseason. Checklists and league office review already cover this, and the value is avoiding errors, not gaining an edge.",
      "status": "UNVERIFIED",
      "extractor": "line_grammar/v1"
    },
    {
      "id": "hd-20261009-211812-efe1740f0c77/candidates/0/5/claim/24",
      "candidate_id": "hd-20261009-211812-efe1740f0c77/candidates/0/5",
      "kind": "ASSUMPTION",
      "text": "Both ideas above may fail the objective's \"large enough to matter\" test because the decisions happen rarely. They are offered as a challenge to the preference for high-volume decisions, not as validated opportunities.",
      "status": "UNVERIFIED",
      "extractor": "line_grammar/v1"
    }
  ],
  "evidence": [
    {
      "id": "objective_context",
      "text": "Where could software create a meaningful baseball advantage for the Chicago Cubs? The current date is early October 2026, in the Cubs' offseason (their 2026 season ended in the Wild Card Series). A prior experiment found that triaging the November minor-league free-agent pool offers little: the low-attention pool holds under one next-season contributor per club per year, and a simple 'played in MLB last year' rule already finds most value. Prefer recurring decisions where the value at stake is large enough to matter, where public information available at decision time could plausibly beat a simple rule, and where a retrospective test on public history is possible. Consider front office, player development, scouting, coaching and business-of-baseball decisions, and name where software is unnecessary or clubs are already ahead. OUTPUT GUIDANCE (format only): Each IDEA names one problem, the decision owner, the concrete recurring decision and its timing, the size of value at stake, the mechanism of advantage, the simple baseline a club already uses, and the software intervention. Follow with ASSUMPTION and UNKNOWN lines. Do not invent statistics or private Cubs information.",
      "facts": {},
      "provenance": {
        "source_type": "UNCLASSIFIED",
        "produced_by": "unknown",
        "source_ref": "",
        "independent_of_implementation": false,
        "represents_observed_reality": false
      }
    }
  ],
  "unresolved_assumptions": [
    "Public extension terms such as guarantees, option years and buyouts are reported completely and accurately enough to reconstruct contract value.",
    "The edge comes from timing and price, but the player's willingness to sign may dominate any club-side model.",
    "Clubs likely already run contract surplus models, so the marginal edge may be small.",
    "Public hearing outcomes, filing figures and settlements are recorded consistently across years.",
    "The number of hearings per year may be too small for a reliable model, which caps the edge.",
    "Specialized arbitration staff and outside firms likely already hold this knowledge, so clubs may be ahead.",
    "The non-tender market is predictable enough in size and quality from public information available in late November.",
    "This overlaps the roster-rules family, so it must show a distinct valuation edge to count as new.",
    "Public slot values and signed bonuses are available historically, but true asking prices are private, which limits the training labels.",
    "Career value from the draft takes years to observe, so a retrospective test may only validate bonus prediction, not talent selection.",
    "Most clubs already use pool-manipulation strategies, so the remaining edge may be thin.",
    "Public box-score-level college data covers enough games and opponents to estimate strength of schedule.",
    "Clubs with private college tracking data are likely already ahead, so this may matter only for low-coverage conferences.",
    "Like the minor-league free agent result, a \"recent MLB time\" rule may already capture most value, which would make this low-ceiling.",
    "Waiver priority and other clubs' claims limit the club's access to the top-ranked players.",
    "Public playoff-odds models are close enough to private ones that the edge lies in pricing discipline rather than better forecasts.",
    "Prospect value at trade time is hard to label retrospectively without hindsight bias.",
    "This may overlap the travel and rest planning family and must be framed specifically around day-night sequencing to be distinct.",
    "The effect may be too small or too noisy to detect in public data.",
    "Dynamic ticket pricing vendors already capture most of the available revenue edge for MLB clubs.",
    "Lineup-order optimization yields a marginal gain that is unlikely to justify new software.",
    "The current collective bargaining agreement expires around this offseason; this is unverified and must be confirmed.",
    "A retrospective test is only partly possible, by replaying past agreement transitions, which may be too few to validate.",
    "The QO decision may overlap previously explored arbitration or free-agent commitment families, so its novelty needs checking before investment.",
    "Public QO history has few cases per year, so a model may not separate from an experienced executive's judgment.",
    "The value of the compensation pick depends on the club's revenue-sharing and tax status under the CBA, which must be verified rather than assumed.",
    "The decision only recurs when the club qualifies, so annual expected value is discounted by playoff probability.",
    "Counterfactual roster value cannot be observed directly, so the retrospective test relies on simulation that may embed the same biases it is meant to test.",
    "Contending clubs likely already run such simulations internally, which would make the edge small.",
    "Coach effects may be confounded by roster turnover, front-office philosophy, and regression to the mean, making them unidentifiable from public data.",
    "Public staff records may be incomplete or inconsistently dated, especially for assistant and minor-league roles.",
    "This is unconventional precisely because it may not work, and a null result would itself be useful for avoiding overpaying for perceived coaching reputations.",
    "The per-attempt run value is small, so a season-level gain may be a fraction of a win.",
    "Leading clubs likely already exploit this, which would leave limited edge.",
    "Pitcher time-to-plate data may not be fully public, which would weaken the model.",
    "This may overlap the explored travel and rest planning family, which would need deduplication.",
    "The effects of rest days are confounded by selection, since teams rest pitchers who already show fatigue.",
    "The value is probably small and clubs likely already have such tools, so this may be a case where software adds little.",
    "Catcher framing value is likely to shrink under the ABS challenge system, so framing-based catcher decisions should be checked against the explored ABS family.",
    "Public records of coach tenure, including assistant and minor-league roles, are complete and dated accurately enough to link coaches to players.",
    "Coach effects can be separated from organizational infrastructure, playing time, park, injury and selection effects, given that teams acquire players they already expect to improve.",
    "Sample sizes per coach are large enough that intervals are not too wide to change a hiring decision; this is a major challenge, because most coaches touch few players.",
    "A retrospective test is possible by asking whether coach ratings built on seasons up to year T predict player changes under the same coach in year T+1 better than a reputation proxy such as prior big-league coaching tenure.",
    "Clubs may already do this privately, so the edge could be zero; this cannot be verified from public information.",
    "Enough historical posted players with MLB outcomes exist to calibrate a model that beats simple ratios; the small number of cases is the main threat.",
    "Public foreign-league data at decision time is detailed enough, and changes in league environment, such as the ball or rules, can be adjusted for.",
    "Market prices for posted players are set by bidding among several clubs, so any edge in accuracy must also overcome the winner's curse.",
    "This differs from the already-explored minor-league call-up translation because the source leagues and market mechanics differ; reviewers should check for overlap.",
    "Historical game-delay times and forecasts as issued at the time can be reconstructed from public sources for a retrospective test.",
    "Decisions about delays and postponements are partly controlled by the league and umpires, which limits how much the club can act on the forecast.",
    "The value may be too small to matter, which challenges the idea itself.",
    "Clubs are already at or near the frontier on decisions that use public stats and occur daily, so marginal software adds little.",
    "Public spring-training tracking data covers enough parks, players and seasons to support a retrospective test.",
    "Clubs already use internal spring tracking at a much finer grain, so a public-data edge may be small or zero.",
    "Spring velocity changes partly reflect deliberate ramp-up schedules, which could mask any real signal.",
    "Postseason sample sizes are too small for direct outcome backtesting, so validation would depend on simulator calibration rather than observed wins.",
    "The edge applies only in seasons when the Cubs reach the postseason, which makes this an episodic decision rather than a reliably recurring one.",
    "Contending clubs likely already run this kind of simulation internally.",
    "The real constraint is early verbal agreements with trainers, not analysis, so software may not change behavior.",
    "Outcome lag of six or more years leaves few labeled classes, and rules have changed across eras.",
    "Public bonus data is incomplete for lower-bonus signees, which biases any test toward top signings.",
    "Coach effects may be unidentifiable because coaches move alongside front-office philosophies and roster changes.",
    "Public staff-tenure records are complete enough to link coaches to player cohorts.",
    "This may overlap with already explored attribution families and should be checked for duplication.",
    "Schedule and postponement authority sits largely with the league, which limits club leverage.",
    "The business side likely already uses commercial weather services, so software may be unnecessary here.",
    "Ticketing and concessions forecasting at MLB clubs is already mature and vendor-supported, so a marginal internal build adds little.",
    "Coach effects on player outcomes are large enough and persistent enough to detect above noise. This is the central challenge, and the result may well be a null.",
    "Public staff assignment data is complete and accurately dated enough to build a linkage panel. Mid-season title changes and shared roles may blur attribution.",
    "Player improvement after a coaching change is not dominated by confounders that public data cannot separate. Examples include regression to the mean, front-office technology, private biomechanics programs, and the same front office hiring both the player and the coach.",
    "Hitting and pitching coaches control enough of player development to deserve credit. Many clubs spread instruction across analysts, coordinators and private trainers, so attribution may be meaningless.",
    "The number of coach moves per year gives enough independent events for a retrospective test. Small N could make any ranking statistically indistinguishable from the reputation baseline.",
    "Clubs that already analyze coaches internally with private data are likely ahead of a public-data model. Software may then add little beyond organizing candidate research.",
    "Interpersonal fit, communication and clubhouse trust may dominate a coach's value and resist public measurement. A quantitative dossier might mislead more than it informs if over-weighted.",
    "Software may be unnecessary if the binding constraint is candidate availability or salary competition rather than evaluation quality.",
    "Minor-league staff effects might be more detectable than MLB effects because the player samples are larger. However, public minor-league tracking data may be too thin or too recent to support this.",
    "The difference in series win probability between a well-built roster and the baseline is large enough to measure. It may be well under one percentage point and lost in noise.",
    "The 25th and 26th players get enough playing time in a series to matter. Postseason managers may concentrate innings on the top 8 to 10 pitchers regardless of roster choice.",
    "Contending clubs, including the Cubs, already run private versions of this simulation, so a public tool may only match current practice.",
    "Retrospective validation will suffer from very small samples, since each club plays few postseason series per decade. League-wide pooling is needed, and it removes club-specific context such as health.",
    "Rotation alignment changes series outcomes enough to matter. Pitcher quality gaps within a playoff rotation may be smaller than the value of a top seed.",
    "Public seeding-odds models are already widely used, so the advantage may lie only in combining seeding odds with rotation choices, not in either piece alone.",
    "Clubs may already handle this through staff judgment, and the decision is often forced by health or by how the race unfolds rather than chosen freely.",
    "Both ideas above may fail the objective's \"large enough to matter\" test because the decisions happen rarely. They are offered as a challenge to the preference for high-volume decisions, not as validated opportunities."
  ],
  "contradictions": [],
  "scores": [
    {
      "candidate_id": "hd-20261009-211812-efe1740f0c77/candidates/0/0",
      "duplicate_of": null,
      "cluster_id": "hd-20261009-211812-efe1740f0c77/candidates/0/0",
      "novelty": {
        "value": 0.6267880364109233,
        "scorer_type": "heuristic"
      },
      "relevance": {
        "value": true,
        "scorer_type": "heuristic",
        "method": "objective_content_token_overlap"
      },
      "failure_count": 0,
      "blocking_failure_count": 0,
      "claim_status_counts": {
        "SUPPORTED": 0,
        "ECHO": 0,
        "CONTRADICTED": 0,
        "UNCERTAIN": 48,
        "UNSUPPORTED": 0
      },
      "citation_error_count": 0,
      "unresolved_count": 48,
      "measurement_version": 2,
      "supported_count": 0,
      "false_premise_rejection_count": 0,
      "measurement_type": "deterministic",
      "decision": "INVESTIGATE",
      "decision_type": "heuristic",
      "reason": "Proposal merits investigation only; feasibility and assumptions remain unverified."
    },
    {
      "candidate_id": "hd-20261009-211812-efe1740f0c77/candidates/0/1",
      "duplicate_of": null,
      "cluster_id": "hd-20261009-211812-efe1740f0c77/candidates/0/1",
      "novelty": {
        "value": 0.736842105263158,
        "scorer_type": "heuristic"
      },
      "relevance": {
        "value": true,
        "scorer_type": "heuristic",
        "method": "objective_content_token_overlap"
      },
      "failure_count": 0,
      "blocking_failure_count": 0,
      "claim_status_counts": {
        "SUPPORTED": 0,
        "ECHO": 0,
        "CONTRADICTED": 0,
        "UNCERTAIN": 36,
        "UNSUPPORTED": 0
      },
      "citation_error_count": 0,
      "unresolved_count": 36,
      "measurement_version": 2,
      "supported_count": 0,
      "false_premise_rejection_count": 0,
      "measurement_type": "deterministic",
      "decision": "INVESTIGATE",
      "decision_type": "heuristic",
      "reason": "Proposal merits investigation only; feasibility and assumptions remain unverified."
    },
    {
      "candidate_id": "hd-20261009-211812-efe1740f0c77/candidates/0/2",
      "duplicate_of": null,
      "cluster_id": "hd-20261009-211812-efe1740f0c77/candidates/0/2",
      "novelty": {
        "value": 0.7626193724420192,
        "scorer_type": "heuristic"
      },
      "relevance": {
        "value": true,
        "scorer_type": "heuristic",
        "method": "objective_content_token_overlap"
      },
      "failure_count": 0,
      "blocking_failure_count": 0,
      "claim_status_counts": {
        "SUPPORTED": 0,
        "ECHO": 0,
        "CONTRADICTED": 0,
        "UNCERTAIN": 27,
        "UNSUPPORTED": 0
      },
      "citation_error_count": 0,
      "unresolved_count": 27,
      "measurement_version": 2,
      "supported_count": 0,
      "false_premise_rejection_count": 0,
      "measurement_type": "deterministic",
      "decision": "INVESTIGATE",
      "decision_type": "heuristic",
      "reason": "Proposal merits investigation only; feasibility and assumptions remain unverified."
    },
    {
      "candidate_id": "hd-20261009-211812-efe1740f0c77/candidates/0/3",
      "duplicate_of": null,
      "cluster_id": "hd-20261009-211812-efe1740f0c77/candidates/0/3",
      "novelty": {
        "value": 0.7463479415670651,
        "scorer_type": "heuristic"
      },
      "relevance": {
        "value": true,
        "scorer_type": "heuristic",
        "method": "objective_content_token_overlap"
      },
      "failure_count": 0,
      "blocking_failure_count": 0,
      "claim_status_counts": {
        "SUPPORTED": 0,
        "ECHO": 0,
        "CONTRADICTED": 0,
        "UNCERTAIN": 32,
        "UNSUPPORTED": 0
      },
      "citation_error_count": 0,
      "unresolved_count": 32,
      "measurement_version": 2,
      "supported_count": 0,
      "false_premise_rejection_count": 0,
      "measurement_type": "deterministic",
      "decision": "INVESTIGATE",
      "decision_type": "heuristic",
      "reason": "Proposal merits investigation only; feasibility and assumptions remain unverified."
    },
    {
      "candidate_id": "hd-20261009-211812-efe1740f0c77/candidates/0/4",
      "duplicate_of": null,
      "cluster_id": "hd-20261009-211812-efe1740f0c77/candidates/0/4",
      "novelty": {
        "value": 0.7960339943342776,
        "scorer_type": "heuristic"
      },
      "relevance": {
        "value": true,
        "scorer_type": "heuristic",
        "method": "objective_content_token_overlap"
      },
      "failure_count": 0,
      "blocking_failure_count": 0,
      "claim_status_counts": {
        "SUPPORTED": 0,
        "ECHO": 0,
        "CONTRADICTED": 0,
        "UNCERTAIN": 31,
        "UNSUPPORTED": 0
      },
      "citation_error_count": 0,
      "unresolved_count": 31,
      "measurement_version": 2,
      "supported_count": 0,
      "false_premise_rejection_count": 0,
      "measurement_type": "deterministic",
      "decision": "INVESTIGATE",
      "decision_type": "heuristic",
      "reason": "Proposal merits investigation only; feasibility and assumptions remain unverified."
    },
    {
      "candidate_id": "hd-20261009-211812-efe1740f0c77/candidates/0/5",
      "duplicate_of": null,
      "cluster_id": "hd-20261009-211812-efe1740f0c77/candidates/0/5",
      "novelty": {
        "value": 0.7923186344238976,
        "scorer_type": "heuristic"
      },
      "relevance": {
        "value": true,
        "scorer_type": "heuristic",
        "method": "objective_content_token_overlap"
      },
      "failure_count": 0,
      "blocking_failure_count": 0,
      "claim_status_counts": {
        "SUPPORTED": 0,
        "ECHO": 0,
        "CONTRADICTED": 0,
        "UNCERTAIN": 24,
        "UNSUPPORTED": 0
      },
      "citation_error_count": 0,
      "unresolved_count": 24,
      "measurement_version": 2,
      "supported_count": 0,
      "false_premise_rejection_count": 0,
      "measurement_type": "deterministic",
      "decision": "INVESTIGATE",
      "decision_type": "heuristic",
      "reason": "Proposal merits investigation only; feasibility and assumptions remain unverified."
    }
  ],
  "verification_status": "REQUIRES_DOWNSTREAM_REVIEW",
  "recommended_disposition": "DEFER",
  "provenance": {
    "run_id": "hd-20261009-211812-efe1740f0c77",
    "producer_component": "howldream",
    "producer_version": "0.4.4",
    "model_or_provider": null,
    "observation_kind": "EXTERNALLY_OBSERVED",
    "created_at": "2026-10-09T21:24:32.108695+00:00",
    "transformations": [
      "explored"
    ],
    "request_id": "cubs-r003-p1-divergent",
    "request_provenance": {
      "run_id": null,
      "producer_component": null,
      "producer_version": null,
      "model_or_provider": null,
      "observation_kind": null,
      "created_at": "2026-10-09T21:18:12.145502+00:00",
      "transformations": []
    },
    "source_candidates": [],
    "discovery_analysis": {
      "metrics": {
        "context_echo_ratio": 0.2830188679245283,
        "evidence_echo_ratio": 0.2641509433962264,
        "novel_concept_ratio": 0.7924528301886793,
        "repeated_family_ratio": 0.4339622641509434,
        "idea_count": 53,
        "cluster_count": 30,
        "warnings": [],
        "method": "concept_tokens_and_leading_phrases/v3; Jaccard cluster threshold 0.5 or first-8-content-word phrase link; echo coverage 0.6 or first-16-word phrase link",
        "measurement_type": "ADVISORY_HEURISTIC",
        "limitations": "Not semantic equivalence, calibrated novelty, entailment or usefulness"
      },
      "artifact": "discovery.json"
    },
    "purpose": "discovery",
    "constraints": [
      "Do not assume the problem or the solution.",
      "Lawfully accessible public, historical, or clearly labeled synthetic data only.",
      "Do not invent private Chicago Cubs information or statistics.",
      "Distinguish fact, assumption, hypothesis, and speculation."
    ],
    "diversity_memory": true,
    "risk_class": "EXPLORATORY",
    "parent_run_id": null,
    "originating_component": "operator"
  },
  "descent_dag": {
    "nodes": {
      "obj-cubs-r003-p1-divergent": {
        "node_id": "obj-cubs-r003-p1-divergent",
        "node_type": "OBJECTIVE",
        "label": "Objective: Where could software create a meaningful baseball advantage for the Chicago Cubs",
        "details": {
          "objective": "Where could software create a meaningful baseball advantage for the Chicago Cubs? The current date is early October 2026, in the Cubs' offseason (their 2026 season ended in the Wild Card Series). A prior experiment found that triaging the November minor-league free-agent pool offers little: the low-attention pool holds under one next-season contributor per club per year, and a simple 'played in MLB last year' rule already finds most value. Prefer recurring decisions where the value at stake is large enough to matter, where public information available at decision time could plausibly beat a simple rule, and where a retrospective test on public history is possible. Consider front office, player development, scouting, coaching and business-of-baseball decisions, and name where software is unnecessary or clubs are already ahead. OUTPUT GUIDANCE (format only): Each IDEA names one problem, the decision owner, the concrete recurring decision and its timing, the size of value at stake, the mechanism of advantage, the simple baseline a club already uses, and the software intervention. Follow with ASSUMPTION and UNKNOWN lines. Do not invent statistics or private Cubs information.",
          "originating_component": "operator"
        },
        "created_at": "2026-10-09T21:24:32.106648+00:00"
      },
      "hd-20261009-211812-efe1740f0c77/baseline": {
        "node_id": "hd-20261009-211812-efe1740f0c77/baseline",
        "node_type": "BASELINE",
        "label": "Baseline Generation",
        "details": {
          "count": 3
        },
        "created_at": "2026-10-09T21:24:32.106683+00:00"
      },
      "hd-20261009-211812-efe1740f0c77/dream": {
        "node_id": "hd-20261009-211812-efe1740f0c77/dream",
        "node_type": "DREAM_RUN",
        "label": "DREAM Run hd-20261009-211812-efe1740f0c77",
        "details": {
          "mode": "dream",
          "run_id": "hd-20261009-211812-efe1740f0c77"
        },
        "created_at": "2026-10-09T21:24:32.106735+00:00"
      },
      "hd-20261009-211812-efe1740f0c77/candidates/0/0": {
        "node_id": "hd-20261009-211812-efe1740f0c77/candidates/0/0",
        "node_type": "CANDIDATE",
        "label": "Candidate 0: IDEA: Problem=pre-arbitration extension timing; owner=GM and",
        "details": {
          "text_hash": "ad5190e40727b83f287bf3d71b7f778f334bc4104316d257973ffdc7537c2016",
          "trial": 0,
          "index": 0
        },
        "created_at": "2026-10-09T21:24:32.106775+00:00"
      },
      "hd-20261009-211812-efe1740f0c77/candidates/0/0/challenge": {
        "node_id": "hd-20261009-211812-efe1740f0c77/candidates/0/0/challenge",
        "node_type": "NIGHTMARE_CHALLENGE",
        "label": "Nightmare Challenge for Candidate 0",
        "details": {
          "perturbations": []
        },
        "created_at": "2026-10-09T21:24:32.106802+00:00"
      },
      "hd-20261009-211812-efe1740f0c77/candidates/0/0/wake": {
        "node_id": "hd-20261009-211812-efe1740f0c77/candidates/0/0/wake",
        "node_type": "WAKE_VERIFICATION",
        "label": "Wake Verification for Candidate 0",
        "details": {
          "trust": "UNVERIFIED"
        },
        "created_at": "2026-10-09T21:24:32.106827+00:00"
      },
      "hd-20261009-211812-efe1740f0c77/candidates/0/1": {
        "node_id": "hd-20261009-211812-efe1740f0c77/candidates/0/1",
        "node_type": "CANDIDATE",
        "label": "Candidate 1: IDEA: Qualifying offer decisions; owner: GM/president of bas",
        "details": {
          "text_hash": "8b2e84e118a2d0e562ffeca33eb7db0f42198d4c348521d463f4d16f2ab4c8d8",
          "trial": 0,
          "index": 1
        },
        "created_at": "2026-10-09T21:24:32.107239+00:00"
      },
      "hd-20261009-211812-efe1740f0c77/candidates/0/1/challenge": {
        "node_id": "hd-20261009-211812-efe1740f0c77/candidates/0/1/challenge",
        "node_type": "NIGHTMARE_CHALLENGE",
        "label": "Nightmare Challenge for Candidate 1",
        "details": {
          "perturbations": []
        },
        "created_at": "2026-10-09T21:24:32.107270+00:00"
      },
      "hd-20261009-211812-efe1740f0c77/candidates/0/1/wake": {
        "node_id": "hd-20261009-211812-efe1740f0c77/candidates/0/1/wake",
        "node_type": "WAKE_VERIFICATION",
        "label": "Wake Verification for Candidate 1",
        "details": {
          "trust": "UNVERIFIED"
        },
        "created_at": "2026-10-09T21:24:32.107298+00:00"
      },
      "hd-20261009-211812-efe1740f0c77/candidates/0/2": {
        "node_id": "hd-20261009-211812-efe1740f0c77/candidates/0/2",
        "node_type": "CANDIDATE",
        "label": "Candidate 2: IDEA: Problem=coaching-staff hiring is decided by reputation",
        "details": {
          "text_hash": "a4011c051e891f06466e4319c6b163c79272455ee27933df82d01ce66a0cb216",
          "trial": 0,
          "index": 2
        },
        "created_at": "2026-10-09T21:24:32.107539+00:00"
      },
      "hd-20261009-211812-efe1740f0c77/candidates/0/2/challenge": {
        "node_id": "hd-20261009-211812-efe1740f0c77/candidates/0/2/challenge",
        "node_type": "NIGHTMARE_CHALLENGE",
        "label": "Nightmare Challenge for Candidate 2",
        "details": {
          "perturbations": []
        },
        "created_at": "2026-10-09T21:24:32.107561+00:00"
      },
      "hd-20261009-211812-efe1740f0c77/candidates/0/2/wake": {
        "node_id": "hd-20261009-211812-efe1740f0c77/candidates/0/2/wake",
        "node_type": "WAKE_VERIFICATION",
        "label": "Wake Verification for Candidate 2",
        "details": {
          "trust": "UNVERIFIED"
        },
        "created_at": "2026-10-09T21:24:32.107581+00:00"
      },
      "hd-20261009-211812-efe1740f0c77/candidates/0/3": {
        "node_id": "hd-20261009-211812-efe1740f0c77/candidates/0/3",
        "node_type": "CANDIDATE",
        "label": "Candidate 3: IDEA: Problem=spring-training signal underuse; owner=GM and ",
        "details": {
          "text_hash": "dbedb25f7450aa362f5e6321626b04a6e00b6e182b033c3af587e3b8a2b3c420",
          "trial": 0,
          "index": 3
        },
        "created_at": "2026-10-09T21:24:32.107791+00:00"
      },
      "hd-20261009-211812-efe1740f0c77/candidates/0/3/challenge": {
        "node_id": "hd-20261009-211812-efe1740f0c77/candidates/0/3/challenge",
        "node_type": "NIGHTMARE_CHALLENGE",
        "label": "Nightmare Challenge for Candidate 3",
        "details": {
          "perturbations": []
        },
        "created_at": "2026-10-09T21:24:32.107816+00:00"
      },
      "hd-20261009-211812-efe1740f0c77/candidates/0/3/wake": {
        "node_id": "hd-20261009-211812-efe1740f0c77/candidates/0/3/wake",
        "node_type": "WAKE_VERIFICATION",
        "label": "Wake Verification for Candidate 3",
        "details": {
          "trust": "UNVERIFIED"
        },
        "created_at": "2026-10-09T21:24:32.107851+00:00"
      },
      "hd-20261009-211812-efe1740f0c77/candidates/0/4": {
        "node_id": "hd-20261009-211812-efe1740f0c77/candidates/0/4",
        "node_type": "CANDIDATE",
        "label": "Candidate 4: IDEA: Problem family: estimating the marginal value of coach",
        "details": {
          "text_hash": "1b24107e67c420a6bf447196bbee89d5ba9eba5a1944d3e991754930f04e1b09",
          "trial": 0,
          "index": 4
        },
        "created_at": "2026-10-09T21:24:32.108092+00:00"
      },
      "hd-20261009-211812-efe1740f0c77/candidates/0/4/challenge": {
        "node_id": "hd-20261009-211812-efe1740f0c77/candidates/0/4/challenge",
        "node_type": "NIGHTMARE_CHALLENGE",
        "label": "Nightmare Challenge for Candidate 4",
        "details": {
          "perturbations": []
        },
        "created_at": "2026-10-09T21:24:32.108117+00:00"
      },
      "hd-20261009-211812-efe1740f0c77/candidates/0/4/wake": {
        "node_id": "hd-20261009-211812-efe1740f0c77/candidates/0/4/wake",
        "node_type": "WAKE_VERIFICATION",
        "label": "Wake Verification for Candidate 4",
        "details": {
          "trust": "UNVERIFIED"
        },
        "created_at": "2026-10-09T21:24:32.108147+00:00"
      },
      "hd-20261009-211812-efe1740f0c77/candidates/0/5": {
        "node_id": "hd-20261009-211812-efe1740f0c77/candidates/0/5",
        "node_type": "CANDIDATE",
        "label": "Candidate 5: IDEA: Problem: building the postseason roster. Owner: GM and",
        "details": {
          "text_hash": "d3932a1a2a4726ca4fcb6cfc6d900112a484a1c85d2dd221fc8ffd77084b782a",
          "trial": 0,
          "index": 5
        },
        "created_at": "2026-10-09T21:24:32.108363+00:00"
      },
      "hd-20261009-211812-efe1740f0c77/candidates/0/5/challenge": {
        "node_id": "hd-20261009-211812-efe1740f0c77/candidates/0/5/challenge",
        "node_type": "NIGHTMARE_CHALLENGE",
        "label": "Nightmare Challenge for Candidate 5",
        "details": {
          "perturbations": []
        },
        "created_at": "2026-10-09T21:24:32.108388+00:00"
      },
      "hd-20261009-211812-efe1740f0c77/candidates/0/5/wake": {
        "node_id": "hd-20261009-211812-efe1740f0c77/candidates/0/5/wake",
        "node_type": "WAKE_VERIFICATION",
        "label": "Wake Verification for Candidate 5",
        "details": {
          "trust": "UNVERIFIED"
        },
        "created_at": "2026-10-09T21:24:32.108431+00:00"
      }
    },
    "edges": [
      {
        "source": "obj-cubs-r003-p1-divergent",
        "target": "hd-20261009-211812-efe1740f0c77/baseline",
        "relation": "baseline_for"
      },
      {
        "source": "obj-cubs-r003-p1-divergent",
        "target": "hd-20261009-211812-efe1740f0c77/dream",
        "relation": "explored_by"
      },
      {
        "source": "hd-20261009-211812-efe1740f0c77/dream",
        "target": "hd-20261009-211812-efe1740f0c77/candidates/0/0",
        "relation": "generated"
      },
      {
        "source": "hd-20261009-211812-efe1740f0c77/candidates/0/0",
        "target": "hd-20261009-211812-efe1740f0c77/candidates/0/0/challenge",
        "relation": "challenged_by"
      },
      {
        "source": "hd-20261009-211812-efe1740f0c77/candidates/0/0/challenge",
        "target": "hd-20261009-211812-efe1740f0c77/candidates/0/0/wake",
        "relation": "verified_at"
      },
      {
        "source": "hd-20261009-211812-efe1740f0c77/dream",
        "target": "hd-20261009-211812-efe1740f0c77/candidates/0/1",
        "relation": "generated"
      },
      {
        "source": "hd-20261009-211812-efe1740f0c77/candidates/0/1",
        "target": "hd-20261009-211812-efe1740f0c77/candidates/0/1/challenge",
        "relation": "challenged_by"
      },
      {
        "source": "hd-20261009-211812-efe1740f0c77/candidates/0/1/challenge",
        "target": "hd-20261009-211812-efe1740f0c77/candidates/0/1/wake",
        "relation": "verified_at"
      },
      {
        "source": "hd-20261009-211812-efe1740f0c77/dream",
        "target": "hd-20261009-211812-efe1740f0c77/candidates/0/2",
        "relation": "generated"
      },
      {
        "source": "hd-20261009-211812-efe1740f0c77/candidates/0/2",
        "target": "hd-20261009-211812-efe1740f0c77/candidates/0/2/challenge",
        "relation": "challenged_by"
      },
      {
        "source": "hd-20261009-211812-efe1740f0c77/candidates/0/2/challenge",
        "target": "hd-20261009-211812-efe1740f0c77/candidates/0/2/wake",
        "relation": "verified_at"
      },
      {
        "source": "hd-20261009-211812-efe1740f0c77/dream",
        "target": "hd-20261009-211812-efe1740f0c77/candidates/0/3",
        "relation": "generated"
      },
      {
        "source": "hd-20261009-211812-efe1740f0c77/candidates/0/3",
        "target": "hd-20261009-211812-efe1740f0c77/candidates/0/3/challenge",
        "relation": "challenged_by"
      },
      {
        "source": "hd-20261009-211812-efe1740f0c77/candidates/0/3/challenge",
        "target": "hd-20261009-211812-efe1740f0c77/candidates/0/3/wake",
        "relation": "verified_at"
      },
      {
        "source": "hd-20261009-211812-efe1740f0c77/dream",
        "target": "hd-20261009-211812-efe1740f0c77/candidates/0/4",
        "relation": "generated"
      },
      {
        "source": "hd-20261009-211812-efe1740f0c77/candidates/0/4",
        "target": "hd-20261009-211812-efe1740f0c77/candidates/0/4/challenge",
        "relation": "challenged_by"
      },
      {
        "source": "hd-20261009-211812-efe1740f0c77/candidates/0/4/challenge",
        "target": "hd-20261009-211812-efe1740f0c77/candidates/0/4/wake",
        "relation": "verified_at"
      },
      {
        "source": "hd-20261009-211812-efe1740f0c77/dream",
        "target": "hd-20261009-211812-efe1740f0c77/candidates/0/5",
        "relation": "generated"
      },
      {
        "source": "hd-20261009-211812-efe1740f0c77/candidates/0/5",
        "target": "hd-20261009-211812-efe1740f0c77/candidates/0/5/challenge",
        "relation": "challenged_by"
      },
      {
        "source": "hd-20261009-211812-efe1740f0c77/candidates/0/5/challenge",
        "target": "hd-20261009-211812-efe1740f0c77/candidates/0/5/wake",
        "relation": "verified_at"
      }
    ],
    "max_depth": 20,
    "max_branching_factor": 50
  }
}
