{
  "schema_version": "howl.exploration_result/v1",
  "exploration_id": "hd-20261009-212457-b02b8f798c1e",
  "parent_request_id": "cubs-r003-p2-critique",
  "objective": "Critique these six candidate software opportunities for the Chicago Cubs (coaching-hire evaluation, non-tender decisions, qualifying offers, NPB/KBO posting bids, postseason roster construction, arbitration filing). For EACH: (1) does the decision recur and how large is the value at stake per year for one club; (2) is the decision-relevant data lawfully public and available at decision time (no hindsight); (3) how many historical decisions exist for a retrospective test against the club's simple baseline, and is the outcome observable; (4) actionability; (5) what sophisticated clubs and public sources already do; (6) what would make it LOOK useful while giving little or no advantage, including small samples and confounding. Note that each candidate's attached assumptions are pooled from a larger batch; judge each on its own IDEA text. Then do a BLIND-SPOT analysis across the set. Use ASSUMPTION lines for challenges, UNKNOWN for missing evidence, and IDEA only for a sharpened replacement.",
  "originating_component": "operator",
  "authority": {
    "type": "ADVISORY",
    "executable": false
  },
  "candidates": [
    {
      "schema_version": "howl.candidate/v1",
      "candidate_id": "hd-20261009-212457-b02b8f798c1e/candidates/0/0",
      "source_run_id": "hd-20261009-212457-b02b8f798c1e",
      "parent_request_id": "cubs-r003-p2-critique",
      "objective": "Critique these six candidate software opportunities for the Chicago Cubs (coaching-hire evaluation, non-tender decisions, qualifying offers, NPB/KBO posting bids, postseason roster construction, arbitration filing). For EACH: (1) does the decision recur and how large is the value at stake per year for one club; (2) is the decision-relevant data lawfully public and available at decision time (no hindsight); (3) how many historical decisions exist for a retrospective test against the club's simple baseline, and is the outcome observable; (4) actionability; (5) what sophisticated clubs and public sources already do; (6) what would make it LOOK useful while giving little or no advantage, including small samples and confounding. Note that each candidate's attached assumptions are pooled from a larger batch; judge each on its own IDEA text. Then do a BLIND-SPOT analysis across the set. Use ASSUMPTION lines for challenges, UNKNOWN for missing evidence, and IDEA only for a sharpened replacement.",
      "text": "UNKNOWN: supplied_facts_for_any_claim (the evidence list holds only the objective text, with no data, counts, dollar values or Cubs records)\nCITE: objective_context\nASSUMPTION: Every critique below is judgment from general baseball-operations structure. None is verified, and no figure is quoted because none was supplied.\nASSUMPTION: The attached assumptions are pooled across many ideas, and many (rain delays, stolen bases, draft pools, ticketing) are irrelevant to these six. Only those matching each IDEA text are used.\n\nASSUMPTION: [1 Coaching hire] The decision recurs only a few times a year, and each hire is a single, unrepeatable choice. The value at stake is unquantified, and the ledger's sign is unknown.\nASSUMPTION: [1] Public staff data is not point-in-time clean. Titles, assistant and minor-league roles and start dates in press releases and media guides are incomplete and revised after the fact.\nASSUMPTION: [1] Few players move organizations alongside a given coach. Movers are selected (acquired because the club expects improvement) and coach credit is shared among several staff. Playing time, health and the player's own regression to the mean are further confounders.\nASSUMPTION: [1] A retrospective test is possible if ratings built through year T predict player change under the same coach in T+1 better than a tenure-and-reputation proxy. The number of coaches with enough movers may be too small for intervals narrow enough to change a hire.\nASSUMPTION: [1] Outcome observability is weak because the counterfactual is missing. Clubs with private tracking and biomechanics data probably evaluate coaches better than any public panel can.\nASSUMPTION: [1] It would look useful by ranking coaches whose past-year gains are mostly regression to the mean. The ranking would look reasonable with no persistence, so year-over-year persistence is the key falsification test.\n\nASSUMPTION: [2 Non-tender] This recurs annually with a hard early-December deadline (unverified; the CBA may change it). The value at stake is each eligible player's projected arbitration salary minus replacement cost, which is real but unquantified.\nASSUMPTION: [2] Salary projections are public-ish and available at decision time. The replacement market (who will be non-tendered league-wide, and at what price) is not known when the Cubs decide, so the forecaster must predict other clubs' choices.\nASSUMPTION: [2] A backtest has many player-years, but price and next-season output are observed only for players who signed. Players who retired, went abroad or signed minor-league deals create survivorship bias.\nASSUMPTION: [2] The baseline (tender if WAR per dollar beats a threshold) is the same quantity the forecaster uses, so gains may be only a threshold re-tune. The prior finding that a simple rule captures most of the value in the low-attention pool suggests a ceiling here too.\nASSUMPTION: [2] It would look useful from post-hoc selection of bargain non-tendered players, where single-season WAR noise is large and winners are remembered. Sophisticated clubs already carry internal projection and arbitration models.\n\nASSUMPTION: [3 Qualifying offer] The decision is annual but applies only to the Cubs' own pending free agents who meet eligibility rules. The Cubs' eligible list is unknown, so expected value may be near zero in many years.\nASSUMPTION: [3] The QO amount, acceptances and signings are public, but the number of cases per year is small. The accepted and declined classes are lopsided, so calibration is weak and one executive's judgment may match it.\nASSUMPTION: [3] The idea's baseline (\"offer when market AAV clearly exceeds the QO\") already needs a market AAV estimate. The model replaces that estimate, so the claimed edge reduces to forecast accuracy on a handful of players.\nASSUMPTION: [3] The compensation-pick value depends on CBA terms that may change at expiration (unverified). Counterfactual value cannot be observed, and acceptance is driven by player preference, health and agent strategy that public signals miss.\nASSUMPTION: [3] It would look useful through rare, memorable accepted-QO cases and high accuracy on obvious calls such as a star who is declined.\n\nASSUMPTION: [4 NPB/KBO posting] This is a handful of events per year across the league, and the Cubs only matter when they pursue a given player. Per-signing value is plausibly large but unquantified.\nASSUMPTION: [4] The posting window is largely public. Ownership of NPB pitch-tracking and detailed batted-ball data is limited, and what is public may lag decision time.\nASSUMPTION: [4] Previously posted players with MLB outcomes are few, so the translation model has high variance and heterogeneous eras and league environments. Outcomes are observable but censored, because players who were not signed leave no MLB data.\nASSUMPTION: [4] The winner's curse means a more accurate public model still does not give an edge unless the Cubs bid below the consensus. Clubs with international scouting, video and private data are likely ahead, and the idea overlaps minor-league translation work.\nASSUMPTION: [4] It would look useful by fitting the few posted stars in hindsight, with overfit coefficients and nothing out of sample.\n\nASSUMPTION: [5 Postseason roster] The decision recurs only in years the Cubs qualify, one to four times a year by the candidate's own text. Expected annual value is discounted by qualification probability (unknown).\nASSUMPTION: [5] Rosters, opposing starters and platoon splits are public at the decision time. Injury status at the roster deadline may be incompletely public.\nASSUMPTION: [5] Pooled league-wide postseason rosters give a modest number of series, but each series outcome is dominated by noise. A series-win-probability difference from the 25th and 26th roster spots may be too small to detect with any realistic sample.\nASSUMPTION: [5] Alternatives are not observed, so the backtest is a simulation scored by its own model and can embed the biases it tests. Clubs likely already run internal series simulators.\nASSUMPTION: [5] It would look useful by retrofitting a few memorable pinch-runner or reliever moments in a winning run, which is outcome bias.\n\nASSUMPTION: [6 Arbitration filing] This recurs every January across the arbitration-eligible roster, and awards compound into later raises, so it is among the more regular decisions. The value is capped by the gap between the two filed numbers, since the panel picks one.\nASSUMPTION: [6] Filed numbers, results and the comparable-player rules are largely public. The exact arguments and the panel's reasoning are not, and hearings are rare because most cases settle. Settlements are not hearing outcomes, so the training labels come from a selected subset.\nASSUMPTION: [6] The count of historical hearings may be too small and shifts with CBA rule changes (expiration date and new rules unverified). Whether to settle or go to hearing is a strategic choice also tied to club policy and player relations, not just EV.\nASSUMPTION: [6] The baseline (midpoint settlement) is a hearing-free outcome, so the EV comparison needs an assumed hearing probability and a model of player willingness. Specialized staff and outside counsel probably already hold this knowledge.\nASSUMPTION: [6] It would look useful through a predictor tuned to hearing outcomes in which the filing midpoint alone already predicts the winner, and through ignoring that club-won and player-won cases are selected by who chose to go to hearing.\n\nASSUMPTION: [Blind spot] Dollar and win value at stake is unquantified for all six. Rank the candidates by value times decision count times the maximum plausible edge before building anything.\nASSUMPTION: [Blind spot] Sample size is the shared weakness (QO, posting, postseason, hearings, coach movers). Pooling league-wide raises n but strips Cubs-specific context, and no tool can beat a simple baseline with only a few dozen noisy labels.\nASSUMPTION: [Blind spot] Many of these decisions are driven by counterparties (agents, player preference, rival bidders, the league). A club-side prediction model does not control the outcome, and the rules may change at the CBA expiration (unverified).\nASSUMPTION: [Blind spot] Dated snapshots are a precondition. Any backtest must freeze the data as of the decision day (projections, injury status, staff titles), or hindsight leaks into every candidate.\nASSUMPTION: [Blind spot] Testing many candidates and many specifications without a pre-registered baseline comparison produces false positives. Any claimed edge needs out-of-sample results against the simple rule.\nASSUMPTION: [Blind spot] Non-tender, QO, arbitration and posting all draw on one payroll and 40-man budget, so evaluating them separately misses interactions. Private Cubs practice is unknown, and public-data parity with sophisticated clubs is plausible for every candidate.\nUNKNOWN: cubs_private_models_and_practices\nUNKNOWN: cubs_qo_eligible_players_2026\nUNKNOWN: annual_hearing_count_sample_size\nUNKNOWN: count_of_posted_players_with_mlb_outcomes\nUNKNOWN: detectable_coach_effect_size\nUNKNOWN: post_2026_cba_arbitration_rules\nUNKNOWN: measured_win_probability_value_of_marginal_postseason_slot\n\nIDEA: Build a single pre-registered, dated-snapshot backtest harness for the offseason decisions (non-tender, QO, arbitration, posting). It would freeze public inputs as of each decision date, score each simple club baseline against a candidate model out of sample, and report n and interval width, so any candidate whose interval includes zero edge is dropped before software is built.\nIDEA: Replace the coaching-ledger build with a persistence-first test: check on public data whether apparent coach effects in year T repeat in T+1 for coaches who moved clubs. Proceed to a hiring tool only if they persist beyond regression to the mean, and treat a null result as the useful output.\nIDEA: Sharpen arbitration to settle-versus-hearing selection: estimate, from public filed-number gaps and past outcomes, the filing-gap threshold above which hearings favor the club. State the result as a decision table with explicit uncertainty rather than a point predictor.",
      "condition": "dream",
      "trust": "UNVERIFIED",
      "status": "UNRESOLVED",
      "authority": {
        "type": "ADVISORY",
        "executable": false
      },
      "claims": [
        {
          "id": "hd-20261009-212457-b02b8f798c1e/candidates/0/0/claim/1",
          "candidate_id": "hd-20261009-212457-b02b8f798c1e/candidates/0/0",
          "kind": "UNKNOWN",
          "text": "supplied_facts_for_any_claim (the evidence list holds only the objective text, with no data, counts, dollar values or Cubs records)",
          "status": "UNVERIFIED",
          "extractor": "line_grammar/v1"
        },
        {
          "id": "hd-20261009-212457-b02b8f798c1e/candidates/0/0/claim/2",
          "candidate_id": "hd-20261009-212457-b02b8f798c1e/candidates/0/0",
          "kind": "CITE",
          "text": "objective_context",
          "status": "UNVERIFIED",
          "extractor": "line_grammar/v1"
        },
        {
          "id": "hd-20261009-212457-b02b8f798c1e/candidates/0/0/claim/3",
          "candidate_id": "hd-20261009-212457-b02b8f798c1e/candidates/0/0",
          "kind": "ASSUMPTION",
          "text": "Every critique below is judgment from general baseball-operations structure. None is verified, and no figure is quoted because none was supplied.",
          "status": "UNVERIFIED",
          "extractor": "line_grammar/v1"
        },
        {
          "id": "hd-20261009-212457-b02b8f798c1e/candidates/0/0/claim/4",
          "candidate_id": "hd-20261009-212457-b02b8f798c1e/candidates/0/0",
          "kind": "ASSUMPTION",
          "text": "The attached assumptions are pooled across many ideas, and many (rain delays, stolen bases, draft pools, ticketing) are irrelevant to these six. Only those matching each IDEA text are used.",
          "status": "UNVERIFIED",
          "extractor": "line_grammar/v1"
        },
        {
          "id": "hd-20261009-212457-b02b8f798c1e/candidates/0/0/claim/5",
          "candidate_id": "hd-20261009-212457-b02b8f798c1e/candidates/0/0",
          "kind": "ASSUMPTION",
          "text": "[1 Coaching hire] The decision recurs only a few times a year, and each hire is a single, unrepeatable choice. The value at stake is unquantified, and the ledger's sign is unknown.",
          "status": "UNVERIFIED",
          "extractor": "line_grammar/v1"
        },
        {
          "id": "hd-20261009-212457-b02b8f798c1e/candidates/0/0/claim/6",
          "candidate_id": "hd-20261009-212457-b02b8f798c1e/candidates/0/0",
          "kind": "ASSUMPTION",
          "text": "[1] Public staff data is not point-in-time clean. Titles, assistant and minor-league roles and start dates in press releases and media guides are incomplete and revised after the fact.",
          "status": "UNVERIFIED",
          "extractor": "line_grammar/v1"
        },
        {
          "id": "hd-20261009-212457-b02b8f798c1e/candidates/0/0/claim/7",
          "candidate_id": "hd-20261009-212457-b02b8f798c1e/candidates/0/0",
          "kind": "ASSUMPTION",
          "text": "[1] Few players move organizations alongside a given coach. Movers are selected (acquired because the club expects improvement) and coach credit is shared among several staff. Playing time, health and the player's own regression to the mean are further confounders.",
          "status": "UNVERIFIED",
          "extractor": "line_grammar/v1"
        },
        {
          "id": "hd-20261009-212457-b02b8f798c1e/candidates/0/0/claim/8",
          "candidate_id": "hd-20261009-212457-b02b8f798c1e/candidates/0/0",
          "kind": "ASSUMPTION",
          "text": "[1] A retrospective test is possible if ratings built through year T predict player change under the same coach in T+1 better than a tenure-and-reputation proxy. The number of coaches with enough movers may be too small for intervals narrow enough to change a hire.",
          "status": "UNVERIFIED",
          "extractor": "line_grammar/v1"
        },
        {
          "id": "hd-20261009-212457-b02b8f798c1e/candidates/0/0/claim/9",
          "candidate_id": "hd-20261009-212457-b02b8f798c1e/candidates/0/0",
          "kind": "ASSUMPTION",
          "text": "[1] Outcome observability is weak because the counterfactual is missing. Clubs with private tracking and biomechanics data probably evaluate coaches better than any public panel can.",
          "status": "UNVERIFIED",
          "extractor": "line_grammar/v1"
        },
        {
          "id": "hd-20261009-212457-b02b8f798c1e/candidates/0/0/claim/10",
          "candidate_id": "hd-20261009-212457-b02b8f798c1e/candidates/0/0",
          "kind": "ASSUMPTION",
          "text": "[1] It would look useful by ranking coaches whose past-year gains are mostly regression to the mean. The ranking would look reasonable with no persistence, so year-over-year persistence is the key falsification test.",
          "status": "UNVERIFIED",
          "extractor": "line_grammar/v1"
        },
        {
          "id": "hd-20261009-212457-b02b8f798c1e/candidates/0/0/claim/11",
          "candidate_id": "hd-20261009-212457-b02b8f798c1e/candidates/0/0",
          "kind": "ASSUMPTION",
          "text": "[2 Non-tender] This recurs annually with a hard early-December deadline (unverified; the CBA may change it). The value at stake is each eligible player's projected arbitration salary minus replacement cost, which is real but unquantified.",
          "status": "UNVERIFIED",
          "extractor": "line_grammar/v1"
        },
        {
          "id": "hd-20261009-212457-b02b8f798c1e/candidates/0/0/claim/12",
          "candidate_id": "hd-20261009-212457-b02b8f798c1e/candidates/0/0",
          "kind": "ASSUMPTION",
          "text": "[2] Salary projections are public-ish and available at decision time. The replacement market (who will be non-tendered league-wide, and at what price) is not known when the Cubs decide, so the forecaster must predict other clubs' choices.",
          "status": "UNVERIFIED",
          "extractor": "line_grammar/v1"
        },
        {
          "id": "hd-20261009-212457-b02b8f798c1e/candidates/0/0/claim/13",
          "candidate_id": "hd-20261009-212457-b02b8f798c1e/candidates/0/0",
          "kind": "ASSUMPTION",
          "text": "[2] A backtest has many player-years, but price and next-season output are observed only for players who signed. Players who retired, went abroad or signed minor-league deals create survivorship bias.",
          "status": "UNVERIFIED",
          "extractor": "line_grammar/v1"
        },
        {
          "id": "hd-20261009-212457-b02b8f798c1e/candidates/0/0/claim/14",
          "candidate_id": "hd-20261009-212457-b02b8f798c1e/candidates/0/0",
          "kind": "ASSUMPTION",
          "text": "[2] The baseline (tender if WAR per dollar beats a threshold) is the same quantity the forecaster uses, so gains may be only a threshold re-tune. The prior finding that a simple rule captures most of the value in the low-attention pool suggests a ceiling here too.",
          "status": "UNVERIFIED",
          "extractor": "line_grammar/v1"
        },
        {
          "id": "hd-20261009-212457-b02b8f798c1e/candidates/0/0/claim/15",
          "candidate_id": "hd-20261009-212457-b02b8f798c1e/candidates/0/0",
          "kind": "ASSUMPTION",
          "text": "[2] It would look useful from post-hoc selection of bargain non-tendered players, where single-season WAR noise is large and winners are remembered. Sophisticated clubs already carry internal projection and arbitration models.",
          "status": "UNVERIFIED",
          "extractor": "line_grammar/v1"
        },
        {
          "id": "hd-20261009-212457-b02b8f798c1e/candidates/0/0/claim/16",
          "candidate_id": "hd-20261009-212457-b02b8f798c1e/candidates/0/0",
          "kind": "ASSUMPTION",
          "text": "[3 Qualifying offer] The decision is annual but applies only to the Cubs' own pending free agents who meet eligibility rules. The Cubs' eligible list is unknown, so expected value may be near zero in many years.",
          "status": "UNVERIFIED",
          "extractor": "line_grammar/v1"
        },
        {
          "id": "hd-20261009-212457-b02b8f798c1e/candidates/0/0/claim/17",
          "candidate_id": "hd-20261009-212457-b02b8f798c1e/candidates/0/0",
          "kind": "ASSUMPTION",
          "text": "[3] The QO amount, acceptances and signings are public, but the number of cases per year is small. The accepted and declined classes are lopsided, so calibration is weak and one executive's judgment may match it.",
          "status": "UNVERIFIED",
          "extractor": "line_grammar/v1"
        },
        {
          "id": "hd-20261009-212457-b02b8f798c1e/candidates/0/0/claim/18",
          "candidate_id": "hd-20261009-212457-b02b8f798c1e/candidates/0/0",
          "kind": "ASSUMPTION",
          "text": "[3] The idea's baseline (\"offer when market AAV clearly exceeds the QO\") already needs a market AAV estimate. The model replaces that estimate, so the claimed edge reduces to forecast accuracy on a handful of players.",
          "status": "UNVERIFIED",
          "extractor": "line_grammar/v1"
        },
        {
          "id": "hd-20261009-212457-b02b8f798c1e/candidates/0/0/claim/19",
          "candidate_id": "hd-20261009-212457-b02b8f798c1e/candidates/0/0",
          "kind": "ASSUMPTION",
          "text": "[3] The compensation-pick value depends on CBA terms that may change at expiration (unverified). Counterfactual value cannot be observed, and acceptance is driven by player preference, health and agent strategy that public signals miss.",
          "status": "UNVERIFIED",
          "extractor": "line_grammar/v1"
        },
        {
          "id": "hd-20261009-212457-b02b8f798c1e/candidates/0/0/claim/20",
          "candidate_id": "hd-20261009-212457-b02b8f798c1e/candidates/0/0",
          "kind": "ASSUMPTION",
          "text": "[3] It would look useful through rare, memorable accepted-QO cases and high accuracy on obvious calls such as a star who is declined.",
          "status": "UNVERIFIED",
          "extractor": "line_grammar/v1"
        },
        {
          "id": "hd-20261009-212457-b02b8f798c1e/candidates/0/0/claim/21",
          "candidate_id": "hd-20261009-212457-b02b8f798c1e/candidates/0/0",
          "kind": "ASSUMPTION",
          "text": "[4 NPB/KBO posting] This is a handful of events per year across the league, and the Cubs only matter when they pursue a given player. Per-signing value is plausibly large but unquantified.",
          "status": "UNVERIFIED",
          "extractor": "line_grammar/v1"
        },
        {
          "id": "hd-20261009-212457-b02b8f798c1e/candidates/0/0/claim/22",
          "candidate_id": "hd-20261009-212457-b02b8f798c1e/candidates/0/0",
          "kind": "ASSUMPTION",
          "text": "[4] The posting window is largely public. Ownership of NPB pitch-tracking and detailed batted-ball data is limited, and what is public may lag decision time.",
          "status": "UNVERIFIED",
          "extractor": "line_grammar/v1"
        },
        {
          "id": "hd-20261009-212457-b02b8f798c1e/candidates/0/0/claim/23",
          "candidate_id": "hd-20261009-212457-b02b8f798c1e/candidates/0/0",
          "kind": "ASSUMPTION",
          "text": "[4] Previously posted players with MLB outcomes are few, so the translation model has high variance and heterogeneous eras and league environments. Outcomes are observable but censored, because players who were not signed leave no MLB data.",
          "status": "UNVERIFIED",
          "extractor": "line_grammar/v1"
        },
        {
          "id": "hd-20261009-212457-b02b8f798c1e/candidates/0/0/claim/24",
          "candidate_id": "hd-20261009-212457-b02b8f798c1e/candidates/0/0",
          "kind": "ASSUMPTION",
          "text": "[4] The winner's curse means a more accurate public model still does not give an edge unless the Cubs bid below the consensus. Clubs with international scouting, video and private data are likely ahead, and the idea overlaps minor-league translation work.",
          "status": "UNVERIFIED",
          "extractor": "line_grammar/v1"
        },
        {
          "id": "hd-20261009-212457-b02b8f798c1e/candidates/0/0/claim/25",
          "candidate_id": "hd-20261009-212457-b02b8f798c1e/candidates/0/0",
          "kind": "ASSUMPTION",
          "text": "[4] It would look useful by fitting the few posted stars in hindsight, with overfit coefficients and nothing out of sample.",
          "status": "UNVERIFIED",
          "extractor": "line_grammar/v1"
        },
        {
          "id": "hd-20261009-212457-b02b8f798c1e/candidates/0/0/claim/26",
          "candidate_id": "hd-20261009-212457-b02b8f798c1e/candidates/0/0",
          "kind": "ASSUMPTION",
          "text": "[5 Postseason roster] The decision recurs only in years the Cubs qualify, one to four times a year by the candidate's own text. Expected annual value is discounted by qualification probability (unknown).",
          "status": "UNVERIFIED",
          "extractor": "line_grammar/v1"
        },
        {
          "id": "hd-20261009-212457-b02b8f798c1e/candidates/0/0/claim/27",
          "candidate_id": "hd-20261009-212457-b02b8f798c1e/candidates/0/0",
          "kind": "ASSUMPTION",
          "text": "[5] Rosters, opposing starters and platoon splits are public at the decision time. Injury status at the roster deadline may be incompletely public.",
          "status": "UNVERIFIED",
          "extractor": "line_grammar/v1"
        },
        {
          "id": "hd-20261009-212457-b02b8f798c1e/candidates/0/0/claim/28",
          "candidate_id": "hd-20261009-212457-b02b8f798c1e/candidates/0/0",
          "kind": "ASSUMPTION",
          "text": "[5] Pooled league-wide postseason rosters give a modest number of series, but each series outcome is dominated by noise. A series-win-probability difference from the 25th and 26th roster spots may be too small to detect with any realistic sample.",
          "status": "UNVERIFIED",
          "extractor": "line_grammar/v1"
        },
        {
          "id": "hd-20261009-212457-b02b8f798c1e/candidates/0/0/claim/29",
          "candidate_id": "hd-20261009-212457-b02b8f798c1e/candidates/0/0",
          "kind": "ASSUMPTION",
          "text": "[5] Alternatives are not observed, so the backtest is a simulation scored by its own model and can embed the biases it tests. Clubs likely already run internal series simulators.",
          "status": "UNVERIFIED",
          "extractor": "line_grammar/v1"
        },
        {
          "id": "hd-20261009-212457-b02b8f798c1e/candidates/0/0/claim/30",
          "candidate_id": "hd-20261009-212457-b02b8f798c1e/candidates/0/0",
          "kind": "ASSUMPTION",
          "text": "[5] It would look useful by retrofitting a few memorable pinch-runner or reliever moments in a winning run, which is outcome bias.",
          "status": "UNVERIFIED",
          "extractor": "line_grammar/v1"
        },
        {
          "id": "hd-20261009-212457-b02b8f798c1e/candidates/0/0/claim/31",
          "candidate_id": "hd-20261009-212457-b02b8f798c1e/candidates/0/0",
          "kind": "ASSUMPTION",
          "text": "[6 Arbitration filing] This recurs every January across the arbitration-eligible roster, and awards compound into later raises, so it is among the more regular decisions. The value is capped by the gap between the two filed numbers, since the panel picks one.",
          "status": "UNVERIFIED",
          "extractor": "line_grammar/v1"
        },
        {
          "id": "hd-20261009-212457-b02b8f798c1e/candidates/0/0/claim/32",
          "candidate_id": "hd-20261009-212457-b02b8f798c1e/candidates/0/0",
          "kind": "ASSUMPTION",
          "text": "[6] Filed numbers, results and the comparable-player rules are largely public. The exact arguments and the panel's reasoning are not, and hearings are rare because most cases settle. Settlements are not hearing outcomes, so the training labels come from a selected subset.",
          "status": "UNVERIFIED",
          "extractor": "line_grammar/v1"
        },
        {
          "id": "hd-20261009-212457-b02b8f798c1e/candidates/0/0/claim/33",
          "candidate_id": "hd-20261009-212457-b02b8f798c1e/candidates/0/0",
          "kind": "ASSUMPTION",
          "text": "[6] The count of historical hearings may be too small and shifts with CBA rule changes (expiration date and new rules unverified). Whether to settle or go to hearing is a strategic choice also tied to club policy and player relations, not just EV.",
          "status": "UNVERIFIED",
          "extractor": "line_grammar/v1"
        },
        {
          "id": "hd-20261009-212457-b02b8f798c1e/candidates/0/0/claim/34",
          "candidate_id": "hd-20261009-212457-b02b8f798c1e/candidates/0/0",
          "kind": "ASSUMPTION",
          "text": "[6] The baseline (midpoint settlement) is a hearing-free outcome, so the EV comparison needs an assumed hearing probability and a model of player willingness. Specialized staff and outside counsel probably already hold this knowledge.",
          "status": "UNVERIFIED",
          "extractor": "line_grammar/v1"
        },
        {
          "id": "hd-20261009-212457-b02b8f798c1e/candidates/0/0/claim/35",
          "candidate_id": "hd-20261009-212457-b02b8f798c1e/candidates/0/0",
          "kind": "ASSUMPTION",
          "text": "[6] It would look useful through a predictor tuned to hearing outcomes in which the filing midpoint alone already predicts the winner, and through ignoring that club-won and player-won cases are selected by who chose to go to hearing.",
          "status": "UNVERIFIED",
          "extractor": "line_grammar/v1"
        },
        {
          "id": "hd-20261009-212457-b02b8f798c1e/candidates/0/0/claim/36",
          "candidate_id": "hd-20261009-212457-b02b8f798c1e/candidates/0/0",
          "kind": "ASSUMPTION",
          "text": "[Blind spot] Dollar and win value at stake is unquantified for all six. Rank the candidates by value times decision count times the maximum plausible edge before building anything.",
          "status": "UNVERIFIED",
          "extractor": "line_grammar/v1"
        },
        {
          "id": "hd-20261009-212457-b02b8f798c1e/candidates/0/0/claim/37",
          "candidate_id": "hd-20261009-212457-b02b8f798c1e/candidates/0/0",
          "kind": "ASSUMPTION",
          "text": "[Blind spot] Sample size is the shared weakness (QO, posting, postseason, hearings, coach movers). Pooling league-wide raises n but strips Cubs-specific context, and no tool can beat a simple baseline with only a few dozen noisy labels.",
          "status": "UNVERIFIED",
          "extractor": "line_grammar/v1"
        },
        {
          "id": "hd-20261009-212457-b02b8f798c1e/candidates/0/0/claim/38",
          "candidate_id": "hd-20261009-212457-b02b8f798c1e/candidates/0/0",
          "kind": "ASSUMPTION",
          "text": "[Blind spot] Many of these decisions are driven by counterparties (agents, player preference, rival bidders, the league). A club-side prediction model does not control the outcome, and the rules may change at the CBA expiration (unverified).",
          "status": "UNVERIFIED",
          "extractor": "line_grammar/v1"
        },
        {
          "id": "hd-20261009-212457-b02b8f798c1e/candidates/0/0/claim/39",
          "candidate_id": "hd-20261009-212457-b02b8f798c1e/candidates/0/0",
          "kind": "ASSUMPTION",
          "text": "[Blind spot] Dated snapshots are a precondition. Any backtest must freeze the data as of the decision day (projections, injury status, staff titles), or hindsight leaks into every candidate.",
          "status": "UNVERIFIED",
          "extractor": "line_grammar/v1"
        },
        {
          "id": "hd-20261009-212457-b02b8f798c1e/candidates/0/0/claim/40",
          "candidate_id": "hd-20261009-212457-b02b8f798c1e/candidates/0/0",
          "kind": "ASSUMPTION",
          "text": "[Blind spot] Testing many candidates and many specifications without a pre-registered baseline comparison produces false positives. Any claimed edge needs out-of-sample results against the simple rule.",
          "status": "UNVERIFIED",
          "extractor": "line_grammar/v1"
        },
        {
          "id": "hd-20261009-212457-b02b8f798c1e/candidates/0/0/claim/41",
          "candidate_id": "hd-20261009-212457-b02b8f798c1e/candidates/0/0",
          "kind": "ASSUMPTION",
          "text": "[Blind spot] Non-tender, QO, arbitration and posting all draw on one payroll and 40-man budget, so evaluating them separately misses interactions. Private Cubs practice is unknown, and public-data parity with sophisticated clubs is plausible for every candidate.",
          "status": "UNVERIFIED",
          "extractor": "line_grammar/v1"
        },
        {
          "id": "hd-20261009-212457-b02b8f798c1e/candidates/0/0/claim/42",
          "candidate_id": "hd-20261009-212457-b02b8f798c1e/candidates/0/0",
          "kind": "UNKNOWN",
          "text": "cubs_private_models_and_practices",
          "status": "UNVERIFIED",
          "extractor": "line_grammar/v1"
        },
        {
          "id": "hd-20261009-212457-b02b8f798c1e/candidates/0/0/claim/43",
          "candidate_id": "hd-20261009-212457-b02b8f798c1e/candidates/0/0",
          "kind": "UNKNOWN",
          "text": "cubs_qo_eligible_players_2026",
          "status": "UNVERIFIED",
          "extractor": "line_grammar/v1"
        },
        {
          "id": "hd-20261009-212457-b02b8f798c1e/candidates/0/0/claim/44",
          "candidate_id": "hd-20261009-212457-b02b8f798c1e/candidates/0/0",
          "kind": "UNKNOWN",
          "text": "annual_hearing_count_sample_size",
          "status": "UNVERIFIED",
          "extractor": "line_grammar/v1"
        },
        {
          "id": "hd-20261009-212457-b02b8f798c1e/candidates/0/0/claim/45",
          "candidate_id": "hd-20261009-212457-b02b8f798c1e/candidates/0/0",
          "kind": "UNKNOWN",
          "text": "count_of_posted_players_with_mlb_outcomes",
          "status": "UNVERIFIED",
          "extractor": "line_grammar/v1"
        },
        {
          "id": "hd-20261009-212457-b02b8f798c1e/candidates/0/0/claim/46",
          "candidate_id": "hd-20261009-212457-b02b8f798c1e/candidates/0/0",
          "kind": "UNKNOWN",
          "text": "detectable_coach_effect_size",
          "status": "UNVERIFIED",
          "extractor": "line_grammar/v1"
        },
        {
          "id": "hd-20261009-212457-b02b8f798c1e/candidates/0/0/claim/47",
          "candidate_id": "hd-20261009-212457-b02b8f798c1e/candidates/0/0",
          "kind": "UNKNOWN",
          "text": "post_2026_cba_arbitration_rules",
          "status": "UNVERIFIED",
          "extractor": "line_grammar/v1"
        },
        {
          "id": "hd-20261009-212457-b02b8f798c1e/candidates/0/0/claim/48",
          "candidate_id": "hd-20261009-212457-b02b8f798c1e/candidates/0/0",
          "kind": "UNKNOWN",
          "text": "measured_win_probability_value_of_marginal_postseason_slot",
          "status": "UNVERIFIED",
          "extractor": "line_grammar/v1"
        },
        {
          "id": "hd-20261009-212457-b02b8f798c1e/candidates/0/0/claim/49",
          "candidate_id": "hd-20261009-212457-b02b8f798c1e/candidates/0/0",
          "kind": "IDEA",
          "text": "Build a single pre-registered, dated-snapshot backtest harness for the offseason decisions (non-tender, QO, arbitration, posting). It would freeze public inputs as of each decision date, score each simple club baseline against a candidate model out of sample, and report n and interval width, so any candidate whose interval includes zero edge is dropped before software is built.",
          "status": "UNVERIFIED",
          "extractor": "line_grammar/v1"
        },
        {
          "id": "hd-20261009-212457-b02b8f798c1e/candidates/0/0/claim/50",
          "candidate_id": "hd-20261009-212457-b02b8f798c1e/candidates/0/0",
          "kind": "IDEA",
          "text": "Replace the coaching-ledger build with a persistence-first test: check on public data whether apparent coach effects in year T repeat in T+1 for coaches who moved clubs. Proceed to a hiring tool only if they persist beyond regression to the mean, and treat a null result as the useful output.",
          "status": "UNVERIFIED",
          "extractor": "line_grammar/v1"
        },
        {
          "id": "hd-20261009-212457-b02b8f798c1e/candidates/0/0/claim/51",
          "candidate_id": "hd-20261009-212457-b02b8f798c1e/candidates/0/0",
          "kind": "IDEA",
          "text": "Sharpen arbitration to settle-versus-hearing selection: estimate, from public filed-number gaps and past outcomes, the filing-gap threshold above which hearings favor the club. State the result as a decision table with explicit uncertainty rather than a point predictor.",
          "status": "UNVERIFIED",
          "extractor": "line_grammar/v1"
        }
      ],
      "evidence_refs": [
        "objective_context"
      ],
      "assumptions": [
        "Every critique below is judgment from general baseball-operations structure. None is verified, and no figure is quoted because none was supplied.",
        "The attached assumptions are pooled across many ideas, and many (rain delays, stolen bases, draft pools, ticketing) are irrelevant to these six. Only those matching each IDEA text are used.",
        "[1 Coaching hire] The decision recurs only a few times a year, and each hire is a single, unrepeatable choice. The value at stake is unquantified, and the ledger's sign is unknown.",
        "[1] Public staff data is not point-in-time clean. Titles, assistant and minor-league roles and start dates in press releases and media guides are incomplete and revised after the fact.",
        "[1] Few players move organizations alongside a given coach. Movers are selected (acquired because the club expects improvement) and coach credit is shared among several staff. Playing time, health and the player's own regression to the mean are further confounders.",
        "[1] A retrospective test is possible if ratings built through year T predict player change under the same coach in T+1 better than a tenure-and-reputation proxy. The number of coaches with enough movers may be too small for intervals narrow enough to change a hire.",
        "[1] Outcome observability is weak because the counterfactual is missing. Clubs with private tracking and biomechanics data probably evaluate coaches better than any public panel can.",
        "[1] It would look useful by ranking coaches whose past-year gains are mostly regression to the mean. The ranking would look reasonable with no persistence, so year-over-year persistence is the key falsification test.",
        "[2 Non-tender] This recurs annually with a hard early-December deadline (unverified; the CBA may change it). The value at stake is each eligible player's projected arbitration salary minus replacement cost, which is real but unquantified.",
        "[2] Salary projections are public-ish and available at decision time. The replacement market (who will be non-tendered league-wide, and at what price) is not known when the Cubs decide, so the forecaster must predict other clubs' choices.",
        "[2] A backtest has many player-years, but price and next-season output are observed only for players who signed. Players who retired, went abroad or signed minor-league deals create survivorship bias.",
        "[2] The baseline (tender if WAR per dollar beats a threshold) is the same quantity the forecaster uses, so gains may be only a threshold re-tune. The prior finding that a simple rule captures most of the value in the low-attention pool suggests a ceiling here too.",
        "[2] It would look useful from post-hoc selection of bargain non-tendered players, where single-season WAR noise is large and winners are remembered. Sophisticated clubs already carry internal projection and arbitration models.",
        "[3 Qualifying offer] The decision is annual but applies only to the Cubs' own pending free agents who meet eligibility rules. The Cubs' eligible list is unknown, so expected value may be near zero in many years.",
        "[3] The QO amount, acceptances and signings are public, but the number of cases per year is small. The accepted and declined classes are lopsided, so calibration is weak and one executive's judgment may match it.",
        "[3] The idea's baseline (\"offer when market AAV clearly exceeds the QO\") already needs a market AAV estimate. The model replaces that estimate, so the claimed edge reduces to forecast accuracy on a handful of players.",
        "[3] The compensation-pick value depends on CBA terms that may change at expiration (unverified). Counterfactual value cannot be observed, and acceptance is driven by player preference, health and agent strategy that public signals miss.",
        "[3] It would look useful through rare, memorable accepted-QO cases and high accuracy on obvious calls such as a star who is declined.",
        "[4 NPB/KBO posting] This is a handful of events per year across the league, and the Cubs only matter when they pursue a given player. Per-signing value is plausibly large but unquantified.",
        "[4] The posting window is largely public. Ownership of NPB pitch-tracking and detailed batted-ball data is limited, and what is public may lag decision time.",
        "[4] Previously posted players with MLB outcomes are few, so the translation model has high variance and heterogeneous eras and league environments. Outcomes are observable but censored, because players who were not signed leave no MLB data.",
        "[4] The winner's curse means a more accurate public model still does not give an edge unless the Cubs bid below the consensus. Clubs with international scouting, video and private data are likely ahead, and the idea overlaps minor-league translation work.",
        "[4] It would look useful by fitting the few posted stars in hindsight, with overfit coefficients and nothing out of sample.",
        "[5 Postseason roster] The decision recurs only in years the Cubs qualify, one to four times a year by the candidate's own text. Expected annual value is discounted by qualification probability (unknown).",
        "[5] Rosters, opposing starters and platoon splits are public at the decision time. Injury status at the roster deadline may be incompletely public.",
        "[5] Pooled league-wide postseason rosters give a modest number of series, but each series outcome is dominated by noise. A series-win-probability difference from the 25th and 26th roster spots may be too small to detect with any realistic sample.",
        "[5] Alternatives are not observed, so the backtest is a simulation scored by its own model and can embed the biases it tests. Clubs likely already run internal series simulators.",
        "[5] It would look useful by retrofitting a few memorable pinch-runner or reliever moments in a winning run, which is outcome bias.",
        "[6 Arbitration filing] This recurs every January across the arbitration-eligible roster, and awards compound into later raises, so it is among the more regular decisions. The value is capped by the gap between the two filed numbers, since the panel picks one.",
        "[6] Filed numbers, results and the comparable-player rules are largely public. The exact arguments and the panel's reasoning are not, and hearings are rare because most cases settle. Settlements are not hearing outcomes, so the training labels come from a selected subset.",
        "[6] The count of historical hearings may be too small and shifts with CBA rule changes (expiration date and new rules unverified). Whether to settle or go to hearing is a strategic choice also tied to club policy and player relations, not just EV.",
        "[6] The baseline (midpoint settlement) is a hearing-free outcome, so the EV comparison needs an assumed hearing probability and a model of player willingness. Specialized staff and outside counsel probably already hold this knowledge.",
        "[6] It would look useful through a predictor tuned to hearing outcomes in which the filing midpoint alone already predicts the winner, and through ignoring that club-won and player-won cases are selected by who chose to go to hearing.",
        "[Blind spot] Dollar and win value at stake is unquantified for all six. Rank the candidates by value times decision count times the maximum plausible edge before building anything.",
        "[Blind spot] Sample size is the shared weakness (QO, posting, postseason, hearings, coach movers). Pooling league-wide raises n but strips Cubs-specific context, and no tool can beat a simple baseline with only a few dozen noisy labels.",
        "[Blind spot] Many of these decisions are driven by counterparties (agents, player preference, rival bidders, the league). A club-side prediction model does not control the outcome, and the rules may change at the CBA expiration (unverified).",
        "[Blind spot] Dated snapshots are a precondition. Any backtest must freeze the data as of the decision day (projections, injury status, staff titles), or hindsight leaks into every candidate.",
        "[Blind spot] Testing many candidates and many specifications without a pre-registered baseline comparison produces false positives. Any claimed edge needs out-of-sample results against the simple rule.",
        "[Blind spot] Non-tender, QO, arbitration and posting all draw on one payroll and 40-man budget, so evaluating them separately misses interactions. Private Cubs practice is unknown, and public-data parity with sophisticated clubs is plausible for every candidate."
      ],
      "unresolved_issues": [
        "Every critique below is judgment from general baseball-operations structure. None is verified, and no figure is quoted because none was supplied.",
        "The attached assumptions are pooled across many ideas, and many (rain delays, stolen bases, draft pools, ticketing) are irrelevant to these six. Only those matching each IDEA text are used.",
        "[1 Coaching hire] The decision recurs only a few times a year, and each hire is a single, unrepeatable choice. The value at stake is unquantified, and the ledger's sign is unknown.",
        "[1] Public staff data is not point-in-time clean. Titles, assistant and minor-league roles and start dates in press releases and media guides are incomplete and revised after the fact.",
        "[1] Few players move organizations alongside a given coach. Movers are selected (acquired because the club expects improvement) and coach credit is shared among several staff. Playing time, health and the player's own regression to the mean are further confounders.",
        "[1] A retrospective test is possible if ratings built through year T predict player change under the same coach in T+1 better than a tenure-and-reputation proxy. The number of coaches with enough movers may be too small for intervals narrow enough to change a hire.",
        "[1] Outcome observability is weak because the counterfactual is missing. Clubs with private tracking and biomechanics data probably evaluate coaches better than any public panel can.",
        "[1] It would look useful by ranking coaches whose past-year gains are mostly regression to the mean. The ranking would look reasonable with no persistence, so year-over-year persistence is the key falsification test.",
        "[2 Non-tender] This recurs annually with a hard early-December deadline (unverified; the CBA may change it). The value at stake is each eligible player's projected arbitration salary minus replacement cost, which is real but unquantified.",
        "[2] Salary projections are public-ish and available at decision time. The replacement market (who will be non-tendered league-wide, and at what price) is not known when the Cubs decide, so the forecaster must predict other clubs' choices.",
        "[2] A backtest has many player-years, but price and next-season output are observed only for players who signed. Players who retired, went abroad or signed minor-league deals create survivorship bias.",
        "[2] The baseline (tender if WAR per dollar beats a threshold) is the same quantity the forecaster uses, so gains may be only a threshold re-tune. The prior finding that a simple rule captures most of the value in the low-attention pool suggests a ceiling here too.",
        "[2] It would look useful from post-hoc selection of bargain non-tendered players, where single-season WAR noise is large and winners are remembered. Sophisticated clubs already carry internal projection and arbitration models.",
        "[3 Qualifying offer] The decision is annual but applies only to the Cubs' own pending free agents who meet eligibility rules. The Cubs' eligible list is unknown, so expected value may be near zero in many years.",
        "[3] The QO amount, acceptances and signings are public, but the number of cases per year is small. The accepted and declined classes are lopsided, so calibration is weak and one executive's judgment may match it.",
        "[3] The idea's baseline (\"offer when market AAV clearly exceeds the QO\") already needs a market AAV estimate. The model replaces that estimate, so the claimed edge reduces to forecast accuracy on a handful of players.",
        "[3] The compensation-pick value depends on CBA terms that may change at expiration (unverified). Counterfactual value cannot be observed, and acceptance is driven by player preference, health and agent strategy that public signals miss.",
        "[3] It would look useful through rare, memorable accepted-QO cases and high accuracy on obvious calls such as a star who is declined.",
        "[4 NPB/KBO posting] This is a handful of events per year across the league, and the Cubs only matter when they pursue a given player. Per-signing value is plausibly large but unquantified.",
        "[4] The posting window is largely public. Ownership of NPB pitch-tracking and detailed batted-ball data is limited, and what is public may lag decision time.",
        "[4] Previously posted players with MLB outcomes are few, so the translation model has high variance and heterogeneous eras and league environments. Outcomes are observable but censored, because players who were not signed leave no MLB data.",
        "[4] The winner's curse means a more accurate public model still does not give an edge unless the Cubs bid below the consensus. Clubs with international scouting, video and private data are likely ahead, and the idea overlaps minor-league translation work.",
        "[4] It would look useful by fitting the few posted stars in hindsight, with overfit coefficients and nothing out of sample.",
        "[5 Postseason roster] The decision recurs only in years the Cubs qualify, one to four times a year by the candidate's own text. Expected annual value is discounted by qualification probability (unknown).",
        "[5] Rosters, opposing starters and platoon splits are public at the decision time. Injury status at the roster deadline may be incompletely public.",
        "[5] Pooled league-wide postseason rosters give a modest number of series, but each series outcome is dominated by noise. A series-win-probability difference from the 25th and 26th roster spots may be too small to detect with any realistic sample.",
        "[5] Alternatives are not observed, so the backtest is a simulation scored by its own model and can embed the biases it tests. Clubs likely already run internal series simulators.",
        "[5] It would look useful by retrofitting a few memorable pinch-runner or reliever moments in a winning run, which is outcome bias.",
        "[6 Arbitration filing] This recurs every January across the arbitration-eligible roster, and awards compound into later raises, so it is among the more regular decisions. The value is capped by the gap between the two filed numbers, since the panel picks one.",
        "[6] Filed numbers, results and the comparable-player rules are largely public. The exact arguments and the panel's reasoning are not, and hearings are rare because most cases settle. Settlements are not hearing outcomes, so the training labels come from a selected subset.",
        "[6] The count of historical hearings may be too small and shifts with CBA rule changes (expiration date and new rules unverified). Whether to settle or go to hearing is a strategic choice also tied to club policy and player relations, not just EV.",
        "[6] The baseline (midpoint settlement) is a hearing-free outcome, so the EV comparison needs an assumed hearing probability and a model of player willingness. Specialized staff and outside counsel probably already hold this knowledge.",
        "[6] It would look useful through a predictor tuned to hearing outcomes in which the filing midpoint alone already predicts the winner, and through ignoring that club-won and player-won cases are selected by who chose to go to hearing.",
        "[Blind spot] Dollar and win value at stake is unquantified for all six. Rank the candidates by value times decision count times the maximum plausible edge before building anything.",
        "[Blind spot] Sample size is the shared weakness (QO, posting, postseason, hearings, coach movers). Pooling league-wide raises n but strips Cubs-specific context, and no tool can beat a simple baseline with only a few dozen noisy labels.",
        "[Blind spot] Many of these decisions are driven by counterparties (agents, player preference, rival bidders, the league). A club-side prediction model does not control the outcome, and the rules may change at the CBA expiration (unverified).",
        "[Blind spot] Dated snapshots are a precondition. Any backtest must freeze the data as of the decision day (projections, injury status, staff titles), or hindsight leaks into every candidate.",
        "[Blind spot] Testing many candidates and many specifications without a pre-registered baseline comparison produces false positives. Any claimed edge needs out-of-sample results against the simple rule.",
        "[Blind spot] Non-tender, QO, arbitration and posting all draw on one payroll and 40-man budget, so evaluating them separately misses interactions. Private Cubs practice is unknown, and public-data parity with sophisticated clubs is plausible for every candidate.",
        "supplied_facts_for_any_claim (the evidence list holds only the objective text, with no data, counts, dollar values or Cubs records)",
        "cubs_private_models_and_practices",
        "cubs_qo_eligible_players_2026",
        "annual_hearing_count_sample_size",
        "count_of_posted_players_with_mlb_outcomes",
        "detectable_coach_effect_size",
        "post_2026_cba_arbitration_rules",
        "measured_win_probability_value_of_marginal_postseason_slot",
        "Build a single pre-registered, dated-snapshot backtest harness for the offseason decisions (non-tender, QO, arbitration, posting). It would freeze public inputs as of each decision date, score each simple club baseline against a candidate model out of sample, and report n and interval width, so any candidate whose interval includes zero edge is dropped before software is built.",
        "Replace the coaching-ledger build with a persistence-first test: check on public data whether apparent coach effects in year T repeat in T+1 for coaches who moved clubs. Proceed to a hiring tool only if they persist beyond regression to the mean, and treat a null result as the useful output.",
        "Sharpen arbitration to settle-versus-hearing selection: estimate, from public filed-number gaps and past outcomes, the filing-gap threshold above which hearings favor the club. State the result as a decision table with explicit uncertainty rather than a point predictor."
      ],
      "contradictions": [],
      "verified_constraints": [],
      "provenance": {
        "run_id": "hd-20261009-212457-b02b8f798c1e",
        "producer_component": "howldream",
        "producer_version": "0.4.4",
        "model_or_provider": "claude-sonnet-5-5",
        "observation_kind": "EXTERNALLY_OBSERVED",
        "created_at": "2026-10-09T21:28:17.614387+00:00",
        "transformations": [
          "generated"
        ],
        "participation": [
          {
            "operation": "GENERATED",
            "transforming_component": "howldream",
            "origin_component": "howldream",
            "origin_provider": "claude",
            "origin_model": "claude-sonnet-5-5",
            "subject_count": 1,
            "inference_occurred": true,
            "note": "Dream prompted the provider; the provider authored the text."
          }
        ],
        "request_id": "cubs-r003-p2-critique",
        "originating_component": "operator",
        "execution": {
          "requested_provider": "command",
          "selected_provider": "command",
          "actual_provider": "claude",
          "adapter": "claude-json",
          "model": "claude-sonnet-5-5",
          "requested_model": "claude-sonnet-5-5",
          "deterministic": false,
          "mocked": false,
          "inference_occurred": true,
          "remote": true,
          "remote_observation": "OPERATOR_DECLARED",
          "fallback_reason": null,
          "elapsed_seconds": 37.566587206999884,
          "usage": {
            "input_tokens": 2,
            "cache_creation_input_tokens": 24709,
            "cache_read_input_tokens": 0,
            "output_tokens": 4340,
            "output_tokens_details": {
              "thinking_tokens": 803
            },
            "server_tool_use": {
              "web_search_requests": 0,
              "web_fetch_requests": 0
            },
            "cache_creation": {
              "ephemeral_1h_input_tokens": 24709,
              "ephemeral_5m_input_tokens": 0
            }
          },
          "cost": 0.14223999999999998,
          "request_id": "e4011572-fe38-44d9-b2ea-5a5ea46ea3d1",
          "raw_output_received": true,
          "parse_status": "VALID",
          "repair_attempted": false,
          "sampling": null
        },
        "source_candidate_refs": [
          {
            "candidate_id": "hd-20261009-211812-efe1740f0c77/candidates/0/0/idea/2",
            "source_run_id": "hd-20261009-211812-efe1740f0c77",
            "sha256": "6829ee86945bfb0c50197b5906a63a331cf1cfb67fad517a947a57901e90b298"
          },
          {
            "candidate_id": "hd-20261009-211812-efe1740f0c77/candidates/0/0/idea/3",
            "source_run_id": "hd-20261009-211812-efe1740f0c77",
            "sha256": "1f7b950053564326d6c6fc42860bd8aa93edbcd018297abcb7925949ce1a2807"
          },
          {
            "candidate_id": "hd-20261009-211812-efe1740f0c77/candidates/0/1/idea/1",
            "source_run_id": "hd-20261009-211812-efe1740f0c77",
            "sha256": "5121444f21b1ebfbe3d5f6b49ef11adcfac5bd2f948eb382686ff83bc0006430"
          },
          {
            "candidate_id": "hd-20261009-211812-efe1740f0c77/candidates/0/1/idea/3",
            "source_run_id": "hd-20261009-211812-efe1740f0c77",
            "sha256": "ecc907f458550650cf737ac3d7882c8f180a93b47d011a1c46ff8e2e7617f381"
          },
          {
            "candidate_id": "hd-20261009-211812-efe1740f0c77/candidates/0/2/idea/2",
            "source_run_id": "hd-20261009-211812-efe1740f0c77",
            "sha256": "0d402eb73e57d9ca3d90616bf967f22317f796dcd6a3c05f567e0203bbb307a3"
          },
          {
            "candidate_id": "hd-20261009-211812-efe1740f0c77/candidates/0/5/idea/1",
            "source_run_id": "hd-20261009-211812-efe1740f0c77",
            "sha256": "7a0717d5447d5a41e23600b5ab01d6f99494721533fb60904697e51003d111df"
          }
        ],
        "source_candidates_location": "exploration_envelope.json#/provenance/source_candidates",
        "hard_constraints": [
          "Public or clearly labeled synthetic data only.",
          "Do not invent statistics or private Cubs information.",
          "Prefer falsifiable criticism."
        ],
        "constraint_scope": "UNVERIFIED_GENERATION_GUIDANCE",
        "purpose": "verification",
        "verification": [
          {
            "claim_id": "hd-20261009-212457-b02b8f798c1e/candidates/0/0/claim/1",
            "candidate_id": "hd-20261009-212457-b02b8f798c1e/candidates/0/0",
            "status": "UNCERTAIN",
            "classifications": [],
            "source_ids": [],
            "evidence_provenance": [],
            "check_scope": "SUPPLIED_LEDGER",
            "critical": false,
            "verifier": "supplied_ledger_and_arithmetic/v2",
            "scorer_type": "deterministic",
            "note": "Explicit abstention; not counted as a detected failure or a verified fact."
          },
          {
            "claim_id": "hd-20261009-212457-b02b8f798c1e/candidates/0/0/claim/2",
            "candidate_id": "hd-20261009-212457-b02b8f798c1e/candidates/0/0",
            "status": "SUPPORTED",
            "classifications": [],
            "source_ids": [
              "objective_context"
            ],
            "evidence_provenance": [
              {
                "source_id": "objective_context",
                "source_type": "UNCLASSIFIED",
                "produced_by": "unknown",
                "source_ref": "",
                "independent_of_implementation": false,
                "represents_observed_reality": false
              }
            ],
            "check_scope": "CITATION_PRESENCE",
            "critical": false,
            "verifier": "supplied_ledger_and_arithmetic/v2",
            "scorer_type": "deterministic",
            "note": "Source ID presence only; existence on the internet and entailment are not checked."
          },
          {
            "claim_id": "hd-20261009-212457-b02b8f798c1e/candidates/0/0/claim/3",
            "candidate_id": "hd-20261009-212457-b02b8f798c1e/candidates/0/0",
            "status": "UNCERTAIN",
            "classifications": [],
            "source_ids": [],
            "evidence_provenance": [],
            "check_scope": "SUPPLIED_LEDGER",
            "critical": false,
            "verifier": "supplied_ledger_and_arithmetic/v2",
            "scorer_type": "deterministic",
            "note": "No available check establishes this proposition."
          },
          {
            "claim_id": "hd-20261009-212457-b02b8f798c1e/candidates/0/0/claim/4",
            "candidate_id": "hd-20261009-212457-b02b8f798c1e/candidates/0/0",
            "status": "UNCERTAIN",
            "classifications": [],
            "source_ids": [],
            "evidence_provenance": [],
            "check_scope": "SUPPLIED_LEDGER",
            "critical": false,
            "verifier": "supplied_ledger_and_arithmetic/v2",
            "scorer_type": "deterministic",
            "note": "No available check establishes this proposition."
          },
          {
            "claim_id": "hd-20261009-212457-b02b8f798c1e/candidates/0/0/claim/5",
            "candidate_id": "hd-20261009-212457-b02b8f798c1e/candidates/0/0",
            "status": "UNCERTAIN",
            "classifications": [],
            "source_ids": [],
            "evidence_provenance": [],
            "check_scope": "SUPPLIED_LEDGER",
            "critical": false,
            "verifier": "supplied_ledger_and_arithmetic/v2",
            "scorer_type": "deterministic",
            "note": "No available check establishes this proposition."
          },
          {
            "claim_id": "hd-20261009-212457-b02b8f798c1e/candidates/0/0/claim/6",
            "candidate_id": "hd-20261009-212457-b02b8f798c1e/candidates/0/0",
            "status": "UNCERTAIN",
            "classifications": [],
            "source_ids": [],
            "evidence_provenance": [],
            "check_scope": "SUPPLIED_LEDGER",
            "critical": false,
            "verifier": "supplied_ledger_and_arithmetic/v2",
            "scorer_type": "deterministic",
            "note": "No available check establishes this proposition."
          },
          {
            "claim_id": "hd-20261009-212457-b02b8f798c1e/candidates/0/0/claim/7",
            "candidate_id": "hd-20261009-212457-b02b8f798c1e/candidates/0/0",
            "status": "UNCERTAIN",
            "classifications": [],
            "source_ids": [],
            "evidence_provenance": [],
            "check_scope": "SUPPLIED_LEDGER",
            "critical": false,
            "verifier": "supplied_ledger_and_arithmetic/v2",
            "scorer_type": "deterministic",
            "note": "No available check establishes this proposition."
          },
          {
            "claim_id": "hd-20261009-212457-b02b8f798c1e/candidates/0/0/claim/8",
            "candidate_id": "hd-20261009-212457-b02b8f798c1e/candidates/0/0",
            "status": "UNCERTAIN",
            "classifications": [],
            "source_ids": [],
            "evidence_provenance": [],
            "check_scope": "SUPPLIED_LEDGER",
            "critical": false,
            "verifier": "supplied_ledger_and_arithmetic/v2",
            "scorer_type": "deterministic",
            "note": "No available check establishes this proposition."
          },
          {
            "claim_id": "hd-20261009-212457-b02b8f798c1e/candidates/0/0/claim/9",
            "candidate_id": "hd-20261009-212457-b02b8f798c1e/candidates/0/0",
            "status": "UNCERTAIN",
            "classifications": [],
            "source_ids": [],
            "evidence_provenance": [],
            "check_scope": "SUPPLIED_LEDGER",
            "critical": false,
            "verifier": "supplied_ledger_and_arithmetic/v2",
            "scorer_type": "deterministic",
            "note": "No available check establishes this proposition."
          },
          {
            "claim_id": "hd-20261009-212457-b02b8f798c1e/candidates/0/0/claim/10",
            "candidate_id": "hd-20261009-212457-b02b8f798c1e/candidates/0/0",
            "status": "UNCERTAIN",
            "classifications": [],
            "source_ids": [],
            "evidence_provenance": [],
            "check_scope": "SUPPLIED_LEDGER",
            "critical": false,
            "verifier": "supplied_ledger_and_arithmetic/v2",
            "scorer_type": "deterministic",
            "note": "No available check establishes this proposition."
          },
          {
            "claim_id": "hd-20261009-212457-b02b8f798c1e/candidates/0/0/claim/11",
            "candidate_id": "hd-20261009-212457-b02b8f798c1e/candidates/0/0",
            "status": "UNCERTAIN",
            "classifications": [],
            "source_ids": [],
            "evidence_provenance": [],
            "check_scope": "SUPPLIED_LEDGER",
            "critical": false,
            "verifier": "supplied_ledger_and_arithmetic/v2",
            "scorer_type": "deterministic",
            "note": "No available check establishes this proposition."
          },
          {
            "claim_id": "hd-20261009-212457-b02b8f798c1e/candidates/0/0/claim/12",
            "candidate_id": "hd-20261009-212457-b02b8f798c1e/candidates/0/0",
            "status": "UNCERTAIN",
            "classifications": [],
            "source_ids": [],
            "evidence_provenance": [],
            "check_scope": "SUPPLIED_LEDGER",
            "critical": false,
            "verifier": "supplied_ledger_and_arithmetic/v2",
            "scorer_type": "deterministic",
            "note": "No available check establishes this proposition."
          },
          {
            "claim_id": "hd-20261009-212457-b02b8f798c1e/candidates/0/0/claim/13",
            "candidate_id": "hd-20261009-212457-b02b8f798c1e/candidates/0/0",
            "status": "UNCERTAIN",
            "classifications": [],
            "source_ids": [],
            "evidence_provenance": [],
            "check_scope": "SUPPLIED_LEDGER",
            "critical": false,
            "verifier": "supplied_ledger_and_arithmetic/v2",
            "scorer_type": "deterministic",
            "note": "No available check establishes this proposition."
          },
          {
            "claim_id": "hd-20261009-212457-b02b8f798c1e/candidates/0/0/claim/14",
            "candidate_id": "hd-20261009-212457-b02b8f798c1e/candidates/0/0",
            "status": "UNCERTAIN",
            "classifications": [],
            "source_ids": [],
            "evidence_provenance": [],
            "check_scope": "SUPPLIED_LEDGER",
            "critical": false,
            "verifier": "supplied_ledger_and_arithmetic/v2",
            "scorer_type": "deterministic",
            "note": "No available check establishes this proposition."
          },
          {
            "claim_id": "hd-20261009-212457-b02b8f798c1e/candidates/0/0/claim/15",
            "candidate_id": "hd-20261009-212457-b02b8f798c1e/candidates/0/0",
            "status": "UNCERTAIN",
            "classifications": [],
            "source_ids": [],
            "evidence_provenance": [],
            "check_scope": "SUPPLIED_LEDGER",
            "critical": false,
            "verifier": "supplied_ledger_and_arithmetic/v2",
            "scorer_type": "deterministic",
            "note": "No available check establishes this proposition."
          },
          {
            "claim_id": "hd-20261009-212457-b02b8f798c1e/candidates/0/0/claim/16",
            "candidate_id": "hd-20261009-212457-b02b8f798c1e/candidates/0/0",
            "status": "UNCERTAIN",
            "classifications": [],
            "source_ids": [],
            "evidence_provenance": [],
            "check_scope": "SUPPLIED_LEDGER",
            "critical": false,
            "verifier": "supplied_ledger_and_arithmetic/v2",
            "scorer_type": "deterministic",
            "note": "No available check establishes this proposition."
          },
          {
            "claim_id": "hd-20261009-212457-b02b8f798c1e/candidates/0/0/claim/17",
            "candidate_id": "hd-20261009-212457-b02b8f798c1e/candidates/0/0",
            "status": "UNCERTAIN",
            "classifications": [],
            "source_ids": [],
            "evidence_provenance": [],
            "check_scope": "SUPPLIED_LEDGER",
            "critical": false,
            "verifier": "supplied_ledger_and_arithmetic/v2",
            "scorer_type": "deterministic",
            "note": "No available check establishes this proposition."
          },
          {
            "claim_id": "hd-20261009-212457-b02b8f798c1e/candidates/0/0/claim/18",
            "candidate_id": "hd-20261009-212457-b02b8f798c1e/candidates/0/0",
            "status": "UNCERTAIN",
            "classifications": [],
            "source_ids": [],
            "evidence_provenance": [],
            "check_scope": "SUPPLIED_LEDGER",
            "critical": false,
            "verifier": "supplied_ledger_and_arithmetic/v2",
            "scorer_type": "deterministic",
            "note": "No available check establishes this proposition."
          },
          {
            "claim_id": "hd-20261009-212457-b02b8f798c1e/candidates/0/0/claim/19",
            "candidate_id": "hd-20261009-212457-b02b8f798c1e/candidates/0/0",
            "status": "UNCERTAIN",
            "classifications": [],
            "source_ids": [],
            "evidence_provenance": [],
            "check_scope": "SUPPLIED_LEDGER",
            "critical": false,
            "verifier": "supplied_ledger_and_arithmetic/v2",
            "scorer_type": "deterministic",
            "note": "No available check establishes this proposition."
          },
          {
            "claim_id": "hd-20261009-212457-b02b8f798c1e/candidates/0/0/claim/20",
            "candidate_id": "hd-20261009-212457-b02b8f798c1e/candidates/0/0",
            "status": "UNCERTAIN",
            "classifications": [],
            "source_ids": [],
            "evidence_provenance": [],
            "check_scope": "SUPPLIED_LEDGER",
            "critical": false,
            "verifier": "supplied_ledger_and_arithmetic/v2",
            "scorer_type": "deterministic",
            "note": "No available check establishes this proposition."
          },
          {
            "claim_id": "hd-20261009-212457-b02b8f798c1e/candidates/0/0/claim/21",
            "candidate_id": "hd-20261009-212457-b02b8f798c1e/candidates/0/0",
            "status": "UNCERTAIN",
            "classifications": [],
            "source_ids": [],
            "evidence_provenance": [],
            "check_scope": "SUPPLIED_LEDGER",
            "critical": false,
            "verifier": "supplied_ledger_and_arithmetic/v2",
            "scorer_type": "deterministic",
            "note": "No available check establishes this proposition."
          },
          {
            "claim_id": "hd-20261009-212457-b02b8f798c1e/candidates/0/0/claim/22",
            "candidate_id": "hd-20261009-212457-b02b8f798c1e/candidates/0/0",
            "status": "UNCERTAIN",
            "classifications": [],
            "source_ids": [],
            "evidence_provenance": [],
            "check_scope": "SUPPLIED_LEDGER",
            "critical": false,
            "verifier": "supplied_ledger_and_arithmetic/v2",
            "scorer_type": "deterministic",
            "note": "No available check establishes this proposition."
          },
          {
            "claim_id": "hd-20261009-212457-b02b8f798c1e/candidates/0/0/claim/23",
            "candidate_id": "hd-20261009-212457-b02b8f798c1e/candidates/0/0",
            "status": "UNCERTAIN",
            "classifications": [],
            "source_ids": [],
            "evidence_provenance": [],
            "check_scope": "SUPPLIED_LEDGER",
            "critical": false,
            "verifier": "supplied_ledger_and_arithmetic/v2",
            "scorer_type": "deterministic",
            "note": "No available check establishes this proposition."
          },
          {
            "claim_id": "hd-20261009-212457-b02b8f798c1e/candidates/0/0/claim/24",
            "candidate_id": "hd-20261009-212457-b02b8f798c1e/candidates/0/0",
            "status": "UNCERTAIN",
            "classifications": [],
            "source_ids": [],
            "evidence_provenance": [],
            "check_scope": "SUPPLIED_LEDGER",
            "critical": false,
            "verifier": "supplied_ledger_and_arithmetic/v2",
            "scorer_type": "deterministic",
            "note": "No available check establishes this proposition."
          },
          {
            "claim_id": "hd-20261009-212457-b02b8f798c1e/candidates/0/0/claim/25",
            "candidate_id": "hd-20261009-212457-b02b8f798c1e/candidates/0/0",
            "status": "UNCERTAIN",
            "classifications": [],
            "source_ids": [],
            "evidence_provenance": [],
            "check_scope": "SUPPLIED_LEDGER",
            "critical": false,
            "verifier": "supplied_ledger_and_arithmetic/v2",
            "scorer_type": "deterministic",
            "note": "No available check establishes this proposition."
          },
          {
            "claim_id": "hd-20261009-212457-b02b8f798c1e/candidates/0/0/claim/26",
            "candidate_id": "hd-20261009-212457-b02b8f798c1e/candidates/0/0",
            "status": "UNCERTAIN",
            "classifications": [],
            "source_ids": [],
            "evidence_provenance": [],
            "check_scope": "SUPPLIED_LEDGER",
            "critical": false,
            "verifier": "supplied_ledger_and_arithmetic/v2",
            "scorer_type": "deterministic",
            "note": "No available check establishes this proposition."
          },
          {
            "claim_id": "hd-20261009-212457-b02b8f798c1e/candidates/0/0/claim/27",
            "candidate_id": "hd-20261009-212457-b02b8f798c1e/candidates/0/0",
            "status": "UNCERTAIN",
            "classifications": [],
            "source_ids": [],
            "evidence_provenance": [],
            "check_scope": "SUPPLIED_LEDGER",
            "critical": false,
            "verifier": "supplied_ledger_and_arithmetic/v2",
            "scorer_type": "deterministic",
            "note": "No available check establishes this proposition."
          },
          {
            "claim_id": "hd-20261009-212457-b02b8f798c1e/candidates/0/0/claim/28",
            "candidate_id": "hd-20261009-212457-b02b8f798c1e/candidates/0/0",
            "status": "UNCERTAIN",
            "classifications": [],
            "source_ids": [],
            "evidence_provenance": [],
            "check_scope": "SUPPLIED_LEDGER",
            "critical": false,
            "verifier": "supplied_ledger_and_arithmetic/v2",
            "scorer_type": "deterministic",
            "note": "No available check establishes this proposition."
          },
          {
            "claim_id": "hd-20261009-212457-b02b8f798c1e/candidates/0/0/claim/29",
            "candidate_id": "hd-20261009-212457-b02b8f798c1e/candidates/0/0",
            "status": "UNCERTAIN",
            "classifications": [],
            "source_ids": [],
            "evidence_provenance": [],
            "check_scope": "SUPPLIED_LEDGER",
            "critical": false,
            "verifier": "supplied_ledger_and_arithmetic/v2",
            "scorer_type": "deterministic",
            "note": "No available check establishes this proposition."
          },
          {
            "claim_id": "hd-20261009-212457-b02b8f798c1e/candidates/0/0/claim/30",
            "candidate_id": "hd-20261009-212457-b02b8f798c1e/candidates/0/0",
            "status": "UNCERTAIN",
            "classifications": [],
            "source_ids": [],
            "evidence_provenance": [],
            "check_scope": "SUPPLIED_LEDGER",
            "critical": false,
            "verifier": "supplied_ledger_and_arithmetic/v2",
            "scorer_type": "deterministic",
            "note": "No available check establishes this proposition."
          },
          {
            "claim_id": "hd-20261009-212457-b02b8f798c1e/candidates/0/0/claim/31",
            "candidate_id": "hd-20261009-212457-b02b8f798c1e/candidates/0/0",
            "status": "UNCERTAIN",
            "classifications": [],
            "source_ids": [],
            "evidence_provenance": [],
            "check_scope": "SUPPLIED_LEDGER",
            "critical": false,
            "verifier": "supplied_ledger_and_arithmetic/v2",
            "scorer_type": "deterministic",
            "note": "No available check establishes this proposition."
          },
          {
            "claim_id": "hd-20261009-212457-b02b8f798c1e/candidates/0/0/claim/32",
            "candidate_id": "hd-20261009-212457-b02b8f798c1e/candidates/0/0",
            "status": "UNCERTAIN",
            "classifications": [],
            "source_ids": [],
            "evidence_provenance": [],
            "check_scope": "SUPPLIED_LEDGER",
            "critical": false,
            "verifier": "supplied_ledger_and_arithmetic/v2",
            "scorer_type": "deterministic",
            "note": "No available check establishes this proposition."
          },
          {
            "claim_id": "hd-20261009-212457-b02b8f798c1e/candidates/0/0/claim/33",
            "candidate_id": "hd-20261009-212457-b02b8f798c1e/candidates/0/0",
            "status": "UNCERTAIN",
            "classifications": [],
            "source_ids": [],
            "evidence_provenance": [],
            "check_scope": "SUPPLIED_LEDGER",
            "critical": false,
            "verifier": "supplied_ledger_and_arithmetic/v2",
            "scorer_type": "deterministic",
            "note": "No available check establishes this proposition."
          },
          {
            "claim_id": "hd-20261009-212457-b02b8f798c1e/candidates/0/0/claim/34",
            "candidate_id": "hd-20261009-212457-b02b8f798c1e/candidates/0/0",
            "status": "UNCERTAIN",
            "classifications": [],
            "source_ids": [],
            "evidence_provenance": [],
            "check_scope": "SUPPLIED_LEDGER",
            "critical": false,
            "verifier": "supplied_ledger_and_arithmetic/v2",
            "scorer_type": "deterministic",
            "note": "No available check establishes this proposition."
          },
          {
            "claim_id": "hd-20261009-212457-b02b8f798c1e/candidates/0/0/claim/35",
            "candidate_id": "hd-20261009-212457-b02b8f798c1e/candidates/0/0",
            "status": "UNCERTAIN",
            "classifications": [],
            "source_ids": [],
            "evidence_provenance": [],
            "check_scope": "SUPPLIED_LEDGER",
            "critical": false,
            "verifier": "supplied_ledger_and_arithmetic/v2",
            "scorer_type": "deterministic",
            "note": "No available check establishes this proposition."
          },
          {
            "claim_id": "hd-20261009-212457-b02b8f798c1e/candidates/0/0/claim/36",
            "candidate_id": "hd-20261009-212457-b02b8f798c1e/candidates/0/0",
            "status": "UNCERTAIN",
            "classifications": [],
            "source_ids": [],
            "evidence_provenance": [],
            "check_scope": "SUPPLIED_LEDGER",
            "critical": false,
            "verifier": "supplied_ledger_and_arithmetic/v2",
            "scorer_type": "deterministic",
            "note": "No available check establishes this proposition."
          },
          {
            "claim_id": "hd-20261009-212457-b02b8f798c1e/candidates/0/0/claim/37",
            "candidate_id": "hd-20261009-212457-b02b8f798c1e/candidates/0/0",
            "status": "UNCERTAIN",
            "classifications": [],
            "source_ids": [],
            "evidence_provenance": [],
            "check_scope": "SUPPLIED_LEDGER",
            "critical": false,
            "verifier": "supplied_ledger_and_arithmetic/v2",
            "scorer_type": "deterministic",
            "note": "No available check establishes this proposition."
          },
          {
            "claim_id": "hd-20261009-212457-b02b8f798c1e/candidates/0/0/claim/38",
            "candidate_id": "hd-20261009-212457-b02b8f798c1e/candidates/0/0",
            "status": "UNCERTAIN",
            "classifications": [],
            "source_ids": [],
            "evidence_provenance": [],
            "check_scope": "SUPPLIED_LEDGER",
            "critical": false,
            "verifier": "supplied_ledger_and_arithmetic/v2",
            "scorer_type": "deterministic",
            "note": "No available check establishes this proposition."
          },
          {
            "claim_id": "hd-20261009-212457-b02b8f798c1e/candidates/0/0/claim/39",
            "candidate_id": "hd-20261009-212457-b02b8f798c1e/candidates/0/0",
            "status": "UNCERTAIN",
            "classifications": [],
            "source_ids": [],
            "evidence_provenance": [],
            "check_scope": "SUPPLIED_LEDGER",
            "critical": false,
            "verifier": "supplied_ledger_and_arithmetic/v2",
            "scorer_type": "deterministic",
            "note": "No available check establishes this proposition."
          },
          {
            "claim_id": "hd-20261009-212457-b02b8f798c1e/candidates/0/0/claim/40",
            "candidate_id": "hd-20261009-212457-b02b8f798c1e/candidates/0/0",
            "status": "UNCERTAIN",
            "classifications": [],
            "source_ids": [],
            "evidence_provenance": [],
            "check_scope": "SUPPLIED_LEDGER",
            "critical": false,
            "verifier": "supplied_ledger_and_arithmetic/v2",
            "scorer_type": "deterministic",
            "note": "No available check establishes this proposition."
          },
          {
            "claim_id": "hd-20261009-212457-b02b8f798c1e/candidates/0/0/claim/41",
            "candidate_id": "hd-20261009-212457-b02b8f798c1e/candidates/0/0",
            "status": "UNCERTAIN",
            "classifications": [],
            "source_ids": [],
            "evidence_provenance": [],
            "check_scope": "SUPPLIED_LEDGER",
            "critical": false,
            "verifier": "supplied_ledger_and_arithmetic/v2",
            "scorer_type": "deterministic",
            "note": "No available check establishes this proposition."
          },
          {
            "claim_id": "hd-20261009-212457-b02b8f798c1e/candidates/0/0/claim/42",
            "candidate_id": "hd-20261009-212457-b02b8f798c1e/candidates/0/0",
            "status": "UNCERTAIN",
            "classifications": [],
            "source_ids": [],
            "evidence_provenance": [],
            "check_scope": "SUPPLIED_LEDGER",
            "critical": false,
            "verifier": "supplied_ledger_and_arithmetic/v2",
            "scorer_type": "deterministic",
            "note": "Explicit abstention; not counted as a detected failure or a verified fact."
          },
          {
            "claim_id": "hd-20261009-212457-b02b8f798c1e/candidates/0/0/claim/43",
            "candidate_id": "hd-20261009-212457-b02b8f798c1e/candidates/0/0",
            "status": "UNCERTAIN",
            "classifications": [],
            "source_ids": [],
            "evidence_provenance": [],
            "check_scope": "SUPPLIED_LEDGER",
            "critical": false,
            "verifier": "supplied_ledger_and_arithmetic/v2",
            "scorer_type": "deterministic",
            "note": "Explicit abstention; not counted as a detected failure or a verified fact."
          },
          {
            "claim_id": "hd-20261009-212457-b02b8f798c1e/candidates/0/0/claim/44",
            "candidate_id": "hd-20261009-212457-b02b8f798c1e/candidates/0/0",
            "status": "UNCERTAIN",
            "classifications": [],
            "source_ids": [],
            "evidence_provenance": [],
            "check_scope": "SUPPLIED_LEDGER",
            "critical": false,
            "verifier": "supplied_ledger_and_arithmetic/v2",
            "scorer_type": "deterministic",
            "note": "Explicit abstention; not counted as a detected failure or a verified fact."
          },
          {
            "claim_id": "hd-20261009-212457-b02b8f798c1e/candidates/0/0/claim/45",
            "candidate_id": "hd-20261009-212457-b02b8f798c1e/candidates/0/0",
            "status": "UNCERTAIN",
            "classifications": [],
            "source_ids": [],
            "evidence_provenance": [],
            "check_scope": "SUPPLIED_LEDGER",
            "critical": false,
            "verifier": "supplied_ledger_and_arithmetic/v2",
            "scorer_type": "deterministic",
            "note": "Explicit abstention; not counted as a detected failure or a verified fact."
          },
          {
            "claim_id": "hd-20261009-212457-b02b8f798c1e/candidates/0/0/claim/46",
            "candidate_id": "hd-20261009-212457-b02b8f798c1e/candidates/0/0",
            "status": "UNCERTAIN",
            "classifications": [],
            "source_ids": [],
            "evidence_provenance": [],
            "check_scope": "SUPPLIED_LEDGER",
            "critical": false,
            "verifier": "supplied_ledger_and_arithmetic/v2",
            "scorer_type": "deterministic",
            "note": "Explicit abstention; not counted as a detected failure or a verified fact."
          },
          {
            "claim_id": "hd-20261009-212457-b02b8f798c1e/candidates/0/0/claim/47",
            "candidate_id": "hd-20261009-212457-b02b8f798c1e/candidates/0/0",
            "status": "UNCERTAIN",
            "classifications": [],
            "source_ids": [],
            "evidence_provenance": [],
            "check_scope": "SUPPLIED_LEDGER",
            "critical": false,
            "verifier": "supplied_ledger_and_arithmetic/v2",
            "scorer_type": "deterministic",
            "note": "Explicit abstention; not counted as a detected failure or a verified fact."
          },
          {
            "claim_id": "hd-20261009-212457-b02b8f798c1e/candidates/0/0/claim/48",
            "candidate_id": "hd-20261009-212457-b02b8f798c1e/candidates/0/0",
            "status": "UNCERTAIN",
            "classifications": [],
            "source_ids": [],
            "evidence_provenance": [],
            "check_scope": "SUPPLIED_LEDGER",
            "critical": false,
            "verifier": "supplied_ledger_and_arithmetic/v2",
            "scorer_type": "deterministic",
            "note": "Explicit abstention; not counted as a detected failure or a verified fact."
          },
          {
            "claim_id": "hd-20261009-212457-b02b8f798c1e/candidates/0/0/claim/49",
            "candidate_id": "hd-20261009-212457-b02b8f798c1e/candidates/0/0",
            "status": "UNCERTAIN",
            "classifications": [],
            "source_ids": [],
            "evidence_provenance": [],
            "check_scope": "SUPPLIED_LEDGER",
            "critical": false,
            "verifier": "supplied_ledger_and_arithmetic/v2",
            "scorer_type": "deterministic",
            "note": "No available check establishes this proposition."
          },
          {
            "claim_id": "hd-20261009-212457-b02b8f798c1e/candidates/0/0/claim/50",
            "candidate_id": "hd-20261009-212457-b02b8f798c1e/candidates/0/0",
            "status": "UNCERTAIN",
            "classifications": [],
            "source_ids": [],
            "evidence_provenance": [],
            "check_scope": "SUPPLIED_LEDGER",
            "critical": false,
            "verifier": "supplied_ledger_and_arithmetic/v2",
            "scorer_type": "deterministic",
            "note": "No available check establishes this proposition."
          },
          {
            "claim_id": "hd-20261009-212457-b02b8f798c1e/candidates/0/0/claim/51",
            "candidate_id": "hd-20261009-212457-b02b8f798c1e/candidates/0/0",
            "status": "UNCERTAIN",
            "classifications": [],
            "source_ids": [],
            "evidence_provenance": [],
            "check_scope": "SUPPLIED_LEDGER",
            "critical": false,
            "verifier": "supplied_ledger_and_arithmetic/v2",
            "scorer_type": "deterministic",
            "note": "No available check establishes this proposition."
          }
        ],
        "candidate_index": 0,
        "trial": 0,
        "prompt_hash": "8c1fb5f79c08aec609fa34bb2f3abaae4e229301331574d54208aa222c80087c",
        "output_hash": "c30d163886d01e9e50ac210f4118eaf7a23b5e1572200209c62edadce2fc0766"
      }
    },
    {
      "schema_version": "howl.candidate/v1",
      "candidate_id": "hd-20261009-212457-b02b8f798c1e/candidates/0/1",
      "source_run_id": "hd-20261009-212457-b02b8f798c1e",
      "parent_request_id": "cubs-r003-p2-critique",
      "objective": "Critique these six candidate software opportunities for the Chicago Cubs (coaching-hire evaluation, non-tender decisions, qualifying offers, NPB/KBO posting bids, postseason roster construction, arbitration filing). For EACH: (1) does the decision recur and how large is the value at stake per year for one club; (2) is the decision-relevant data lawfully public and available at decision time (no hindsight); (3) how many historical decisions exist for a retrospective test against the club's simple baseline, and is the outcome observable; (4) actionability; (5) what sophisticated clubs and public sources already do; (6) what would make it LOOK useful while giving little or no advantage, including small samples and confounding. Note that each candidate's attached assumptions are pooled from a larger batch; judge each on its own IDEA text. Then do a BLIND-SPOT analysis across the set. Use ASSUMPTION lines for challenges, UNKNOWN for missing evidence, and IDEA only for a sharpened replacement.",
      "text": "UNKNOWN: supplied_facts_for_any_candidate\nASSUMPTION: All evidence is UNVERIFIED and the facts map is empty, so every judgment below is a falsifiable critique drawn from general baseball knowledge, not a supported finding. CITE lines are omitted because no source supports any specific claim.\n\nASSUMPTION: Coaching-hire evaluation (1) The decision recurs every offseason but only a few hires per year, and the value per coach is unknown. UNKNOWN: detectable_coach_effect_size\nASSUMPTION: Coaching (2) Staff announcements are public, but assistant and minor-league tenure is patchy and inconsistently dated, so linking coaches to players at decision time may fail.\nASSUMPTION: Coaching (3) Coach moves between organizations are few, and most coaches touch few players, so a retrospective test has wide intervals. Outcomes are observable only as player stat changes, not as coach causation.\nASSUMPTION: Coaching (4,5) Hiring is driven by relationships, scheme fit and player buy-in that a panel cannot see. Rival clubs probably run private attribution with proprietary biomechanics and tracking data, so a public-data tool is likely behind.\nASSUMPTION: Coaching (6) It will look useful through regression to the mean, since players hired-for-after-a-bad-year improve anyway. Selection (teams acquire players they expect to improve), playing time, injuries and org infrastructure confound it. Post-hoc coach rankings that do not persist year over year would look good in-sample and fail out of sample.\nUNKNOWN: persistence_of_coach_effects_year_over_year\n\nASSUMPTION: Non-tender (1) The decision recurs annually for roughly a handful of borderline players, so stakes are modest, bounded by the salary gap on a few roster spots. UNKNOWN: cubs_non_tender_candidates_2026\nASSUMPTION: Non-tender (2) Service time, projected arbitration salaries (public estimates exist) and the non-tender list are public, but the replacement pool is revealed only after the deadline. A forecast of who will be available must be made without hindsight, and that is the hard part.\nASSUMPTION: Non-tender (3) Roughly two decades of non-tender classes exist, but the CBA has changed salary and service rules, so older cases may not be comparable. Next-season output of non-tendered players is observable, but the output of the counterfactual tendered player is not, and survivorship in who signs where biases the comparison.\nASSUMPTION: Non-tender (4,5) It is actionable, since the club decides by the deadline. Clubs already use WAR-per-dollar thresholds, and public arbitration projection tools exist, so the marginal edge is likely small.\nASSUMPTION: Non-tender (6) A backtest looks good when it credits signed non-tendered players' production without netting out the many who flopped or were never signed, or when it uses the final arbitration salary instead of the projection known in November.\n\nASSUMPTION: Qualifying offers (1) The Cubs face the decision only for their own eligible free agents, which may be zero to a few per year. The stake is a one-year QO salary against a draft-pick change, so the value is moderate and lumpy. UNKNOWN: cubs_qo_eligible_players_2026\nASSUMPTION: Qualifying offers (2) Performance, age and the QO amount are public. Acceptance depends on private player preferences and agent strategy.\nASSUMPTION: Qualifying offers (3) The number of historical QOs is a few dozen per year at most, with an early period of nearly zero acceptances and a later period with some, so the pooled model is small and non-stationary. Acceptance is observable, but the counterfactual of not offering is not. UNKNOWN: historical_qo_acceptance_count_by_year\nASSUMPTION: Qualifying offers (4,5) It is actionable in a short window after the World Series. Clubs reason about this with simple market-versus-QO logic, and a sharper model probably adds little over an experienced executive.\nASSUMPTION: Qualifying offers (6) A high AUC in-sample may come from a few features (large AAV expectation means decline) that the baseline already uses. Rule changes to compensation across CBAs also confound the pooled history.\n\nASSUMPTION: NPB/KBO posting bids (1) Few relevant events per year, so recurrence is low, but the per-signing value can be large. Cubs interest in a given year is unknown. UNKNOWN: cubs_international_budget_2027\nASSUMPTION: NPB/KBO (2) Basic stats are public, but detailed pitch tracking is mostly proprietary or inconsistently published, so the translation tool may only have stats the baseline ratios already use. UNKNOWN: public_availability_of_npb_kbo_pitch_tracking\nASSUMPTION: NPB/KBO (3) The number of posted players with several MLB seasons is small, probably tens, split across hitters and pitchers and across ball and rule eras. A model with many parameters will overfit. Outcomes are observable but heterogeneous by role and injury. UNKNOWN: count_of_posted_players_with_mlb_outcomes\nASSUMPTION: NPB/KBO (4,5) Bids are actionable only in a short, rule-bound window and posting fees and caps depend on current agreements. Clubs with international scouts and data staff already model translation, and the price is set by multi-club competition, so the winner's curse may erase any accuracy edge.\nASSUMPTION: NPB/KBO (6) It looks useful through survivorship (only successes recalled), a few outlier stars driving fit, and comparing to the weakest ratio baseline instead of scouting-informed pricing.\n\nASSUMPTION: Postseason roster construction (1) It recurs only when the club qualifies, 1 to 4 times a year, so expected value is discounted by playoff probability. A marginal win may be worth more in October, but the number of slots that actually change outcomes is small. UNKNOWN: measured_win_probability_value_of_marginal_postseason_slot\nASSUMPTION: Postseason (2) Rosters, platoon and pitch-type splits are public, but injury status at the roster deadline is often incomplete or vague, which limits reconstruction of the true option set. UNKNOWN: public_injury_status_completeness_at_roster_deadline\nASSUMPTION: Postseason (3) Postseason rosters from many series exist league-wide, but the per-series sample is tiny and series outcomes are very noisy. A test would need to score recommendations by simulated expected win probability, and the simulation embeds the same assumptions it tests, so it is not an observed-outcome validation.\nASSUMPTION: Postseason (4,5) It is actionable and contenders already do this internally with staff judgment, so a public tool likely only matches.\nASSUMPTION: Postseason (6) It looks useful through hindsight-chosen anecdotes (a pinch runner who scored), unmeasurable gains of well under a percentage point of series win probability, and ignoring that managers concentrate innings on top pitchers whatever the 26th slot is. Note the candidate text supplied for this item lists only the decision, and the problem is narrower than its attached assumptions suggest.\n\nASSUMPTION: Arbitration filing (1) The Cubs file for each arbitration-eligible player every winter, which is several per year, with award differences per player in the range between filing numbers. Most cases settle, and hearings are rare for any one club.\nASSUMPTION: Arbitration (2) Hearing outcomes and filing figures are publicly reported, but the panel's reasoning is confidential, and settlement terms are inconsistently recorded. Comparable-player selection rules are set by the CBA, which may change after this offseason. UNKNOWN: post_2026_cba_arbitration_rules\nASSUMPTION: Arbitration (3) League-wide hearings are only a handful per year, so a predictor trained on hearings suffers from small samples and a selection effect: cases that reach hearing are those where the parties disagree, not a random draw. Outcome (win or loss against the two filed numbers) is observable. UNKNOWN: annual_hearing_count_sample_size\nASSUMPTION: Arbitration (4,5) Actionable by choosing the filing figure and deciding whether to settle. Clubs already employ specialized staff and outside counsel, and public salary-projection tools exist. A club-policy of avoiding hearings (a \"file and trial\" posture) also carries relationship costs a model does not capture.\nASSUMPTION: Arbitration (6) It looks useful through high accuracy that merely reflects the filing midpoint, hindsight about which stats panels reward, and treating the all-case outcome rate as if it applied to the cases a club would actually take to hearing.\n\nASSUMPTION: BLIND SPOT (a) All six are low-frequency, small-sample decisions. The set concentrates on offseason transactions and leaves out high-frequency decisions with larger samples, which the objective preferred.\nASSUMPTION: BLIND SPOT (b) Five of six depend on CBA rules that may change this offseason. The expiration timing is unverified. UNKNOWN: cba_expiration_date_verification\nASSUMPTION: BLIND SPOT (c) Every candidate's retrospective test measures outcomes of decisions made, not outcomes of the unchosen option. Counterfactuals are unobserved, and models validated on simulation inherit simulation bias.\nASSUMPTION: BLIND SPOT (d) No candidate states a baseline hit rate or dollar scale from supplied evidence, so the value-at-stake comparison is unsupported. UNKNOWN: cubs_private_models_and_practices\nASSUMPTION: BLIND SPOT (e) Software cost, adoption by decision-makers and the chance that clubs already run equivalent tools are not weighed against the possible edge. A null result is itself informative and cheap to get, so testing before building is the reasonable default.\nIDEA: Sharpened replacement: one pooled \"decision-quality audit\" that, for non-tender, QO and arbitration decisions, uses only timestamped public data (projections and prices known on decision day) and reports the gap versus the simple baseline with bootstrap intervals. Build more only for the decision where the interval excludes zero by a margin larger than the dollar noise, and report a null for the others.",
      "condition": "dream",
      "trust": "UNVERIFIED",
      "status": "UNRESOLVED",
      "authority": {
        "type": "ADVISORY",
        "executable": false
      },
      "claims": [
        {
          "id": "hd-20261009-212457-b02b8f798c1e/candidates/0/1/claim/1",
          "candidate_id": "hd-20261009-212457-b02b8f798c1e/candidates/0/1",
          "kind": "UNKNOWN",
          "text": "supplied_facts_for_any_candidate",
          "status": "UNVERIFIED",
          "extractor": "line_grammar/v1"
        },
        {
          "id": "hd-20261009-212457-b02b8f798c1e/candidates/0/1/claim/2",
          "candidate_id": "hd-20261009-212457-b02b8f798c1e/candidates/0/1",
          "kind": "ASSUMPTION",
          "text": "All evidence is UNVERIFIED and the facts map is empty, so every judgment below is a falsifiable critique drawn from general baseball knowledge, not a supported finding. CITE lines are omitted because no source supports any specific claim.",
          "status": "UNVERIFIED",
          "extractor": "line_grammar/v1"
        },
        {
          "id": "hd-20261009-212457-b02b8f798c1e/candidates/0/1/claim/3",
          "candidate_id": "hd-20261009-212457-b02b8f798c1e/candidates/0/1",
          "kind": "ASSUMPTION",
          "text": "Coaching-hire evaluation (1) The decision recurs every offseason but only a few hires per year, and the value per coach is unknown. UNKNOWN: detectable_coach_effect_size",
          "status": "UNVERIFIED",
          "extractor": "line_grammar/v1"
        },
        {
          "id": "hd-20261009-212457-b02b8f798c1e/candidates/0/1/claim/4",
          "candidate_id": "hd-20261009-212457-b02b8f798c1e/candidates/0/1",
          "kind": "ASSUMPTION",
          "text": "Coaching (2) Staff announcements are public, but assistant and minor-league tenure is patchy and inconsistently dated, so linking coaches to players at decision time may fail.",
          "status": "UNVERIFIED",
          "extractor": "line_grammar/v1"
        },
        {
          "id": "hd-20261009-212457-b02b8f798c1e/candidates/0/1/claim/5",
          "candidate_id": "hd-20261009-212457-b02b8f798c1e/candidates/0/1",
          "kind": "ASSUMPTION",
          "text": "Coaching (3) Coach moves between organizations are few, and most coaches touch few players, so a retrospective test has wide intervals. Outcomes are observable only as player stat changes, not as coach causation.",
          "status": "UNVERIFIED",
          "extractor": "line_grammar/v1"
        },
        {
          "id": "hd-20261009-212457-b02b8f798c1e/candidates/0/1/claim/6",
          "candidate_id": "hd-20261009-212457-b02b8f798c1e/candidates/0/1",
          "kind": "ASSUMPTION",
          "text": "Coaching (4,5) Hiring is driven by relationships, scheme fit and player buy-in that a panel cannot see. Rival clubs probably run private attribution with proprietary biomechanics and tracking data, so a public-data tool is likely behind.",
          "status": "UNVERIFIED",
          "extractor": "line_grammar/v1"
        },
        {
          "id": "hd-20261009-212457-b02b8f798c1e/candidates/0/1/claim/7",
          "candidate_id": "hd-20261009-212457-b02b8f798c1e/candidates/0/1",
          "kind": "ASSUMPTION",
          "text": "Coaching (6) It will look useful through regression to the mean, since players hired-for-after-a-bad-year improve anyway. Selection (teams acquire players they expect to improve), playing time, injuries and org infrastructure confound it. Post-hoc coach rankings that do not persist year over year would look good in-sample and fail out of sample.",
          "status": "UNVERIFIED",
          "extractor": "line_grammar/v1"
        },
        {
          "id": "hd-20261009-212457-b02b8f798c1e/candidates/0/1/claim/8",
          "candidate_id": "hd-20261009-212457-b02b8f798c1e/candidates/0/1",
          "kind": "UNKNOWN",
          "text": "persistence_of_coach_effects_year_over_year",
          "status": "UNVERIFIED",
          "extractor": "line_grammar/v1"
        },
        {
          "id": "hd-20261009-212457-b02b8f798c1e/candidates/0/1/claim/9",
          "candidate_id": "hd-20261009-212457-b02b8f798c1e/candidates/0/1",
          "kind": "ASSUMPTION",
          "text": "Non-tender (1) The decision recurs annually for roughly a handful of borderline players, so stakes are modest, bounded by the salary gap on a few roster spots. UNKNOWN: cubs_non_tender_candidates_2026",
          "status": "UNVERIFIED",
          "extractor": "line_grammar/v1"
        },
        {
          "id": "hd-20261009-212457-b02b8f798c1e/candidates/0/1/claim/10",
          "candidate_id": "hd-20261009-212457-b02b8f798c1e/candidates/0/1",
          "kind": "ASSUMPTION",
          "text": "Non-tender (2) Service time, projected arbitration salaries (public estimates exist) and the non-tender list are public, but the replacement pool is revealed only after the deadline. A forecast of who will be available must be made without hindsight, and that is the hard part.",
          "status": "UNVERIFIED",
          "extractor": "line_grammar/v1"
        },
        {
          "id": "hd-20261009-212457-b02b8f798c1e/candidates/0/1/claim/11",
          "candidate_id": "hd-20261009-212457-b02b8f798c1e/candidates/0/1",
          "kind": "ASSUMPTION",
          "text": "Non-tender (3) Roughly two decades of non-tender classes exist, but the CBA has changed salary and service rules, so older cases may not be comparable. Next-season output of non-tendered players is observable, but the output of the counterfactual tendered player is not, and survivorship in who signs where biases the comparison.",
          "status": "UNVERIFIED",
          "extractor": "line_grammar/v1"
        },
        {
          "id": "hd-20261009-212457-b02b8f798c1e/candidates/0/1/claim/12",
          "candidate_id": "hd-20261009-212457-b02b8f798c1e/candidates/0/1",
          "kind": "ASSUMPTION",
          "text": "Non-tender (4,5) It is actionable, since the club decides by the deadline. Clubs already use WAR-per-dollar thresholds, and public arbitration projection tools exist, so the marginal edge is likely small.",
          "status": "UNVERIFIED",
          "extractor": "line_grammar/v1"
        },
        {
          "id": "hd-20261009-212457-b02b8f798c1e/candidates/0/1/claim/13",
          "candidate_id": "hd-20261009-212457-b02b8f798c1e/candidates/0/1",
          "kind": "ASSUMPTION",
          "text": "Non-tender (6) A backtest looks good when it credits signed non-tendered players' production without netting out the many who flopped or were never signed, or when it uses the final arbitration salary instead of the projection known in November.",
          "status": "UNVERIFIED",
          "extractor": "line_grammar/v1"
        },
        {
          "id": "hd-20261009-212457-b02b8f798c1e/candidates/0/1/claim/14",
          "candidate_id": "hd-20261009-212457-b02b8f798c1e/candidates/0/1",
          "kind": "ASSUMPTION",
          "text": "Qualifying offers (1) The Cubs face the decision only for their own eligible free agents, which may be zero to a few per year. The stake is a one-year QO salary against a draft-pick change, so the value is moderate and lumpy. UNKNOWN: cubs_qo_eligible_players_2026",
          "status": "UNVERIFIED",
          "extractor": "line_grammar/v1"
        },
        {
          "id": "hd-20261009-212457-b02b8f798c1e/candidates/0/1/claim/15",
          "candidate_id": "hd-20261009-212457-b02b8f798c1e/candidates/0/1",
          "kind": "ASSUMPTION",
          "text": "Qualifying offers (2) Performance, age and the QO amount are public. Acceptance depends on private player preferences and agent strategy.",
          "status": "UNVERIFIED",
          "extractor": "line_grammar/v1"
        },
        {
          "id": "hd-20261009-212457-b02b8f798c1e/candidates/0/1/claim/16",
          "candidate_id": "hd-20261009-212457-b02b8f798c1e/candidates/0/1",
          "kind": "ASSUMPTION",
          "text": "Qualifying offers (3) The number of historical QOs is a few dozen per year at most, with an early period of nearly zero acceptances and a later period with some, so the pooled model is small and non-stationary. Acceptance is observable, but the counterfactual of not offering is not. UNKNOWN: historical_qo_acceptance_count_by_year",
          "status": "UNVERIFIED",
          "extractor": "line_grammar/v1"
        },
        {
          "id": "hd-20261009-212457-b02b8f798c1e/candidates/0/1/claim/17",
          "candidate_id": "hd-20261009-212457-b02b8f798c1e/candidates/0/1",
          "kind": "ASSUMPTION",
          "text": "Qualifying offers (4,5) It is actionable in a short window after the World Series. Clubs reason about this with simple market-versus-QO logic, and a sharper model probably adds little over an experienced executive.",
          "status": "UNVERIFIED",
          "extractor": "line_grammar/v1"
        },
        {
          "id": "hd-20261009-212457-b02b8f798c1e/candidates/0/1/claim/18",
          "candidate_id": "hd-20261009-212457-b02b8f798c1e/candidates/0/1",
          "kind": "ASSUMPTION",
          "text": "Qualifying offers (6) A high AUC in-sample may come from a few features (large AAV expectation means decline) that the baseline already uses. Rule changes to compensation across CBAs also confound the pooled history.",
          "status": "UNVERIFIED",
          "extractor": "line_grammar/v1"
        },
        {
          "id": "hd-20261009-212457-b02b8f798c1e/candidates/0/1/claim/19",
          "candidate_id": "hd-20261009-212457-b02b8f798c1e/candidates/0/1",
          "kind": "ASSUMPTION",
          "text": "NPB/KBO posting bids (1) Few relevant events per year, so recurrence is low, but the per-signing value can be large. Cubs interest in a given year is unknown. UNKNOWN: cubs_international_budget_2027",
          "status": "UNVERIFIED",
          "extractor": "line_grammar/v1"
        },
        {
          "id": "hd-20261009-212457-b02b8f798c1e/candidates/0/1/claim/20",
          "candidate_id": "hd-20261009-212457-b02b8f798c1e/candidates/0/1",
          "kind": "ASSUMPTION",
          "text": "NPB/KBO (2) Basic stats are public, but detailed pitch tracking is mostly proprietary or inconsistently published, so the translation tool may only have stats the baseline ratios already use. UNKNOWN: public_availability_of_npb_kbo_pitch_tracking",
          "status": "UNVERIFIED",
          "extractor": "line_grammar/v1"
        },
        {
          "id": "hd-20261009-212457-b02b8f798c1e/candidates/0/1/claim/21",
          "candidate_id": "hd-20261009-212457-b02b8f798c1e/candidates/0/1",
          "kind": "ASSUMPTION",
          "text": "NPB/KBO (3) The number of posted players with several MLB seasons is small, probably tens, split across hitters and pitchers and across ball and rule eras. A model with many parameters will overfit. Outcomes are observable but heterogeneous by role and injury. UNKNOWN: count_of_posted_players_with_mlb_outcomes",
          "status": "UNVERIFIED",
          "extractor": "line_grammar/v1"
        },
        {
          "id": "hd-20261009-212457-b02b8f798c1e/candidates/0/1/claim/22",
          "candidate_id": "hd-20261009-212457-b02b8f798c1e/candidates/0/1",
          "kind": "ASSUMPTION",
          "text": "NPB/KBO (4,5) Bids are actionable only in a short, rule-bound window and posting fees and caps depend on current agreements. Clubs with international scouts and data staff already model translation, and the price is set by multi-club competition, so the winner's curse may erase any accuracy edge.",
          "status": "UNVERIFIED",
          "extractor": "line_grammar/v1"
        },
        {
          "id": "hd-20261009-212457-b02b8f798c1e/candidates/0/1/claim/23",
          "candidate_id": "hd-20261009-212457-b02b8f798c1e/candidates/0/1",
          "kind": "ASSUMPTION",
          "text": "NPB/KBO (6) It looks useful through survivorship (only successes recalled), a few outlier stars driving fit, and comparing to the weakest ratio baseline instead of scouting-informed pricing.",
          "status": "UNVERIFIED",
          "extractor": "line_grammar/v1"
        },
        {
          "id": "hd-20261009-212457-b02b8f798c1e/candidates/0/1/claim/24",
          "candidate_id": "hd-20261009-212457-b02b8f798c1e/candidates/0/1",
          "kind": "ASSUMPTION",
          "text": "Postseason roster construction (1) It recurs only when the club qualifies, 1 to 4 times a year, so expected value is discounted by playoff probability. A marginal win may be worth more in October, but the number of slots that actually change outcomes is small. UNKNOWN: measured_win_probability_value_of_marginal_postseason_slot",
          "status": "UNVERIFIED",
          "extractor": "line_grammar/v1"
        },
        {
          "id": "hd-20261009-212457-b02b8f798c1e/candidates/0/1/claim/25",
          "candidate_id": "hd-20261009-212457-b02b8f798c1e/candidates/0/1",
          "kind": "ASSUMPTION",
          "text": "Postseason (2) Rosters, platoon and pitch-type splits are public, but injury status at the roster deadline is often incomplete or vague, which limits reconstruction of the true option set. UNKNOWN: public_injury_status_completeness_at_roster_deadline",
          "status": "UNVERIFIED",
          "extractor": "line_grammar/v1"
        },
        {
          "id": "hd-20261009-212457-b02b8f798c1e/candidates/0/1/claim/26",
          "candidate_id": "hd-20261009-212457-b02b8f798c1e/candidates/0/1",
          "kind": "ASSUMPTION",
          "text": "Postseason (3) Postseason rosters from many series exist league-wide, but the per-series sample is tiny and series outcomes are very noisy. A test would need to score recommendations by simulated expected win probability, and the simulation embeds the same assumptions it tests, so it is not an observed-outcome validation.",
          "status": "UNVERIFIED",
          "extractor": "line_grammar/v1"
        },
        {
          "id": "hd-20261009-212457-b02b8f798c1e/candidates/0/1/claim/27",
          "candidate_id": "hd-20261009-212457-b02b8f798c1e/candidates/0/1",
          "kind": "ASSUMPTION",
          "text": "Postseason (4,5) It is actionable and contenders already do this internally with staff judgment, so a public tool likely only matches.",
          "status": "UNVERIFIED",
          "extractor": "line_grammar/v1"
        },
        {
          "id": "hd-20261009-212457-b02b8f798c1e/candidates/0/1/claim/28",
          "candidate_id": "hd-20261009-212457-b02b8f798c1e/candidates/0/1",
          "kind": "ASSUMPTION",
          "text": "Postseason (6) It looks useful through hindsight-chosen anecdotes (a pinch runner who scored), unmeasurable gains of well under a percentage point of series win probability, and ignoring that managers concentrate innings on top pitchers whatever the 26th slot is. Note the candidate text supplied for this item lists only the decision, and the problem is narrower than its attached assumptions suggest.",
          "status": "UNVERIFIED",
          "extractor": "line_grammar/v1"
        },
        {
          "id": "hd-20261009-212457-b02b8f798c1e/candidates/0/1/claim/29",
          "candidate_id": "hd-20261009-212457-b02b8f798c1e/candidates/0/1",
          "kind": "ASSUMPTION",
          "text": "Arbitration filing (1) The Cubs file for each arbitration-eligible player every winter, which is several per year, with award differences per player in the range between filing numbers. Most cases settle, and hearings are rare for any one club.",
          "status": "UNVERIFIED",
          "extractor": "line_grammar/v1"
        },
        {
          "id": "hd-20261009-212457-b02b8f798c1e/candidates/0/1/claim/30",
          "candidate_id": "hd-20261009-212457-b02b8f798c1e/candidates/0/1",
          "kind": "ASSUMPTION",
          "text": "Arbitration (2) Hearing outcomes and filing figures are publicly reported, but the panel's reasoning is confidential, and settlement terms are inconsistently recorded. Comparable-player selection rules are set by the CBA, which may change after this offseason. UNKNOWN: post_2026_cba_arbitration_rules",
          "status": "UNVERIFIED",
          "extractor": "line_grammar/v1"
        },
        {
          "id": "hd-20261009-212457-b02b8f798c1e/candidates/0/1/claim/31",
          "candidate_id": "hd-20261009-212457-b02b8f798c1e/candidates/0/1",
          "kind": "ASSUMPTION",
          "text": "Arbitration (3) League-wide hearings are only a handful per year, so a predictor trained on hearings suffers from small samples and a selection effect: cases that reach hearing are those where the parties disagree, not a random draw. Outcome (win or loss against the two filed numbers) is observable. UNKNOWN: annual_hearing_count_sample_size",
          "status": "UNVERIFIED",
          "extractor": "line_grammar/v1"
        },
        {
          "id": "hd-20261009-212457-b02b8f798c1e/candidates/0/1/claim/32",
          "candidate_id": "hd-20261009-212457-b02b8f798c1e/candidates/0/1",
          "kind": "ASSUMPTION",
          "text": "Arbitration (4,5) Actionable by choosing the filing figure and deciding whether to settle. Clubs already employ specialized staff and outside counsel, and public salary-projection tools exist. A club-policy of avoiding hearings (a \"file and trial\" posture) also carries relationship costs a model does not capture.",
          "status": "UNVERIFIED",
          "extractor": "line_grammar/v1"
        },
        {
          "id": "hd-20261009-212457-b02b8f798c1e/candidates/0/1/claim/33",
          "candidate_id": "hd-20261009-212457-b02b8f798c1e/candidates/0/1",
          "kind": "ASSUMPTION",
          "text": "Arbitration (6) It looks useful through high accuracy that merely reflects the filing midpoint, hindsight about which stats panels reward, and treating the all-case outcome rate as if it applied to the cases a club would actually take to hearing.",
          "status": "UNVERIFIED",
          "extractor": "line_grammar/v1"
        },
        {
          "id": "hd-20261009-212457-b02b8f798c1e/candidates/0/1/claim/34",
          "candidate_id": "hd-20261009-212457-b02b8f798c1e/candidates/0/1",
          "kind": "ASSUMPTION",
          "text": "BLIND SPOT (a) All six are low-frequency, small-sample decisions. The set concentrates on offseason transactions and leaves out high-frequency decisions with larger samples, which the objective preferred.",
          "status": "UNVERIFIED",
          "extractor": "line_grammar/v1"
        },
        {
          "id": "hd-20261009-212457-b02b8f798c1e/candidates/0/1/claim/35",
          "candidate_id": "hd-20261009-212457-b02b8f798c1e/candidates/0/1",
          "kind": "ASSUMPTION",
          "text": "BLIND SPOT (b) Five of six depend on CBA rules that may change this offseason. The expiration timing is unverified. UNKNOWN: cba_expiration_date_verification",
          "status": "UNVERIFIED",
          "extractor": "line_grammar/v1"
        },
        {
          "id": "hd-20261009-212457-b02b8f798c1e/candidates/0/1/claim/36",
          "candidate_id": "hd-20261009-212457-b02b8f798c1e/candidates/0/1",
          "kind": "ASSUMPTION",
          "text": "BLIND SPOT (c) Every candidate's retrospective test measures outcomes of decisions made, not outcomes of the unchosen option. Counterfactuals are unobserved, and models validated on simulation inherit simulation bias.",
          "status": "UNVERIFIED",
          "extractor": "line_grammar/v1"
        },
        {
          "id": "hd-20261009-212457-b02b8f798c1e/candidates/0/1/claim/37",
          "candidate_id": "hd-20261009-212457-b02b8f798c1e/candidates/0/1",
          "kind": "ASSUMPTION",
          "text": "BLIND SPOT (d) No candidate states a baseline hit rate or dollar scale from supplied evidence, so the value-at-stake comparison is unsupported. UNKNOWN: cubs_private_models_and_practices",
          "status": "UNVERIFIED",
          "extractor": "line_grammar/v1"
        },
        {
          "id": "hd-20261009-212457-b02b8f798c1e/candidates/0/1/claim/38",
          "candidate_id": "hd-20261009-212457-b02b8f798c1e/candidates/0/1",
          "kind": "ASSUMPTION",
          "text": "BLIND SPOT (e) Software cost, adoption by decision-makers and the chance that clubs already run equivalent tools are not weighed against the possible edge. A null result is itself informative and cheap to get, so testing before building is the reasonable default.",
          "status": "UNVERIFIED",
          "extractor": "line_grammar/v1"
        },
        {
          "id": "hd-20261009-212457-b02b8f798c1e/candidates/0/1/claim/39",
          "candidate_id": "hd-20261009-212457-b02b8f798c1e/candidates/0/1",
          "kind": "IDEA",
          "text": "Sharpened replacement: one pooled \"decision-quality audit\" that, for non-tender, QO and arbitration decisions, uses only timestamped public data (projections and prices known on decision day) and reports the gap versus the simple baseline with bootstrap intervals. Build more only for the decision where the interval excludes zero by a margin larger than the dollar noise, and report a null for the others.",
          "status": "UNVERIFIED",
          "extractor": "line_grammar/v1"
        }
      ],
      "evidence_refs": [
        "objective_context"
      ],
      "assumptions": [
        "All evidence is UNVERIFIED and the facts map is empty, so every judgment below is a falsifiable critique drawn from general baseball knowledge, not a supported finding. CITE lines are omitted because no source supports any specific claim.",
        "Coaching-hire evaluation (1) The decision recurs every offseason but only a few hires per year, and the value per coach is unknown. UNKNOWN: detectable_coach_effect_size",
        "Coaching (2) Staff announcements are public, but assistant and minor-league tenure is patchy and inconsistently dated, so linking coaches to players at decision time may fail.",
        "Coaching (3) Coach moves between organizations are few, and most coaches touch few players, so a retrospective test has wide intervals. Outcomes are observable only as player stat changes, not as coach causation.",
        "Coaching (4,5) Hiring is driven by relationships, scheme fit and player buy-in that a panel cannot see. Rival clubs probably run private attribution with proprietary biomechanics and tracking data, so a public-data tool is likely behind.",
        "Coaching (6) It will look useful through regression to the mean, since players hired-for-after-a-bad-year improve anyway. Selection (teams acquire players they expect to improve), playing time, injuries and org infrastructure confound it. Post-hoc coach rankings that do not persist year over year would look good in-sample and fail out of sample.",
        "Non-tender (1) The decision recurs annually for roughly a handful of borderline players, so stakes are modest, bounded by the salary gap on a few roster spots. UNKNOWN: cubs_non_tender_candidates_2026",
        "Non-tender (2) Service time, projected arbitration salaries (public estimates exist) and the non-tender list are public, but the replacement pool is revealed only after the deadline. A forecast of who will be available must be made without hindsight, and that is the hard part.",
        "Non-tender (3) Roughly two decades of non-tender classes exist, but the CBA has changed salary and service rules, so older cases may not be comparable. Next-season output of non-tendered players is observable, but the output of the counterfactual tendered player is not, and survivorship in who signs where biases the comparison.",
        "Non-tender (4,5) It is actionable, since the club decides by the deadline. Clubs already use WAR-per-dollar thresholds, and public arbitration projection tools exist, so the marginal edge is likely small.",
        "Non-tender (6) A backtest looks good when it credits signed non-tendered players' production without netting out the many who flopped or were never signed, or when it uses the final arbitration salary instead of the projection known in November.",
        "Qualifying offers (1) The Cubs face the decision only for their own eligible free agents, which may be zero to a few per year. The stake is a one-year QO salary against a draft-pick change, so the value is moderate and lumpy. UNKNOWN: cubs_qo_eligible_players_2026",
        "Qualifying offers (2) Performance, age and the QO amount are public. Acceptance depends on private player preferences and agent strategy.",
        "Qualifying offers (3) The number of historical QOs is a few dozen per year at most, with an early period of nearly zero acceptances and a later period with some, so the pooled model is small and non-stationary. Acceptance is observable, but the counterfactual of not offering is not. UNKNOWN: historical_qo_acceptance_count_by_year",
        "Qualifying offers (4,5) It is actionable in a short window after the World Series. Clubs reason about this with simple market-versus-QO logic, and a sharper model probably adds little over an experienced executive.",
        "Qualifying offers (6) A high AUC in-sample may come from a few features (large AAV expectation means decline) that the baseline already uses. Rule changes to compensation across CBAs also confound the pooled history.",
        "NPB/KBO posting bids (1) Few relevant events per year, so recurrence is low, but the per-signing value can be large. Cubs interest in a given year is unknown. UNKNOWN: cubs_international_budget_2027",
        "NPB/KBO (2) Basic stats are public, but detailed pitch tracking is mostly proprietary or inconsistently published, so the translation tool may only have stats the baseline ratios already use. UNKNOWN: public_availability_of_npb_kbo_pitch_tracking",
        "NPB/KBO (3) The number of posted players with several MLB seasons is small, probably tens, split across hitters and pitchers and across ball and rule eras. A model with many parameters will overfit. Outcomes are observable but heterogeneous by role and injury. UNKNOWN: count_of_posted_players_with_mlb_outcomes",
        "NPB/KBO (4,5) Bids are actionable only in a short, rule-bound window and posting fees and caps depend on current agreements. Clubs with international scouts and data staff already model translation, and the price is set by multi-club competition, so the winner's curse may erase any accuracy edge.",
        "NPB/KBO (6) It looks useful through survivorship (only successes recalled), a few outlier stars driving fit, and comparing to the weakest ratio baseline instead of scouting-informed pricing.",
        "Postseason roster construction (1) It recurs only when the club qualifies, 1 to 4 times a year, so expected value is discounted by playoff probability. A marginal win may be worth more in October, but the number of slots that actually change outcomes is small. UNKNOWN: measured_win_probability_value_of_marginal_postseason_slot",
        "Postseason (2) Rosters, platoon and pitch-type splits are public, but injury status at the roster deadline is often incomplete or vague, which limits reconstruction of the true option set. UNKNOWN: public_injury_status_completeness_at_roster_deadline",
        "Postseason (3) Postseason rosters from many series exist league-wide, but the per-series sample is tiny and series outcomes are very noisy. A test would need to score recommendations by simulated expected win probability, and the simulation embeds the same assumptions it tests, so it is not an observed-outcome validation.",
        "Postseason (4,5) It is actionable and contenders already do this internally with staff judgment, so a public tool likely only matches.",
        "Postseason (6) It looks useful through hindsight-chosen anecdotes (a pinch runner who scored), unmeasurable gains of well under a percentage point of series win probability, and ignoring that managers concentrate innings on top pitchers whatever the 26th slot is. Note the candidate text supplied for this item lists only the decision, and the problem is narrower than its attached assumptions suggest.",
        "Arbitration filing (1) The Cubs file for each arbitration-eligible player every winter, which is several per year, with award differences per player in the range between filing numbers. Most cases settle, and hearings are rare for any one club.",
        "Arbitration (2) Hearing outcomes and filing figures are publicly reported, but the panel's reasoning is confidential, and settlement terms are inconsistently recorded. Comparable-player selection rules are set by the CBA, which may change after this offseason. UNKNOWN: post_2026_cba_arbitration_rules",
        "Arbitration (3) League-wide hearings are only a handful per year, so a predictor trained on hearings suffers from small samples and a selection effect: cases that reach hearing are those where the parties disagree, not a random draw. Outcome (win or loss against the two filed numbers) is observable. UNKNOWN: annual_hearing_count_sample_size",
        "Arbitration (4,5) Actionable by choosing the filing figure and deciding whether to settle. Clubs already employ specialized staff and outside counsel, and public salary-projection tools exist. A club-policy of avoiding hearings (a \"file and trial\" posture) also carries relationship costs a model does not capture.",
        "Arbitration (6) It looks useful through high accuracy that merely reflects the filing midpoint, hindsight about which stats panels reward, and treating the all-case outcome rate as if it applied to the cases a club would actually take to hearing.",
        "BLIND SPOT (a) All six are low-frequency, small-sample decisions. The set concentrates on offseason transactions and leaves out high-frequency decisions with larger samples, which the objective preferred.",
        "BLIND SPOT (b) Five of six depend on CBA rules that may change this offseason. The expiration timing is unverified. UNKNOWN: cba_expiration_date_verification",
        "BLIND SPOT (c) Every candidate's retrospective test measures outcomes of decisions made, not outcomes of the unchosen option. Counterfactuals are unobserved, and models validated on simulation inherit simulation bias.",
        "BLIND SPOT (d) No candidate states a baseline hit rate or dollar scale from supplied evidence, so the value-at-stake comparison is unsupported. UNKNOWN: cubs_private_models_and_practices",
        "BLIND SPOT (e) Software cost, adoption by decision-makers and the chance that clubs already run equivalent tools are not weighed against the possible edge. A null result is itself informative and cheap to get, so testing before building is the reasonable default."
      ],
      "unresolved_issues": [
        "All evidence is UNVERIFIED and the facts map is empty, so every judgment below is a falsifiable critique drawn from general baseball knowledge, not a supported finding. CITE lines are omitted because no source supports any specific claim.",
        "Coaching-hire evaluation (1) The decision recurs every offseason but only a few hires per year, and the value per coach is unknown. UNKNOWN: detectable_coach_effect_size",
        "Coaching (2) Staff announcements are public, but assistant and minor-league tenure is patchy and inconsistently dated, so linking coaches to players at decision time may fail.",
        "Coaching (3) Coach moves between organizations are few, and most coaches touch few players, so a retrospective test has wide intervals. Outcomes are observable only as player stat changes, not as coach causation.",
        "Coaching (4,5) Hiring is driven by relationships, scheme fit and player buy-in that a panel cannot see. Rival clubs probably run private attribution with proprietary biomechanics and tracking data, so a public-data tool is likely behind.",
        "Coaching (6) It will look useful through regression to the mean, since players hired-for-after-a-bad-year improve anyway. Selection (teams acquire players they expect to improve), playing time, injuries and org infrastructure confound it. Post-hoc coach rankings that do not persist year over year would look good in-sample and fail out of sample.",
        "Non-tender (1) The decision recurs annually for roughly a handful of borderline players, so stakes are modest, bounded by the salary gap on a few roster spots. UNKNOWN: cubs_non_tender_candidates_2026",
        "Non-tender (2) Service time, projected arbitration salaries (public estimates exist) and the non-tender list are public, but the replacement pool is revealed only after the deadline. A forecast of who will be available must be made without hindsight, and that is the hard part.",
        "Non-tender (3) Roughly two decades of non-tender classes exist, but the CBA has changed salary and service rules, so older cases may not be comparable. Next-season output of non-tendered players is observable, but the output of the counterfactual tendered player is not, and survivorship in who signs where biases the comparison.",
        "Non-tender (4,5) It is actionable, since the club decides by the deadline. Clubs already use WAR-per-dollar thresholds, and public arbitration projection tools exist, so the marginal edge is likely small.",
        "Non-tender (6) A backtest looks good when it credits signed non-tendered players' production without netting out the many who flopped or were never signed, or when it uses the final arbitration salary instead of the projection known in November.",
        "Qualifying offers (1) The Cubs face the decision only for their own eligible free agents, which may be zero to a few per year. The stake is a one-year QO salary against a draft-pick change, so the value is moderate and lumpy. UNKNOWN: cubs_qo_eligible_players_2026",
        "Qualifying offers (2) Performance, age and the QO amount are public. Acceptance depends on private player preferences and agent strategy.",
        "Qualifying offers (3) The number of historical QOs is a few dozen per year at most, with an early period of nearly zero acceptances and a later period with some, so the pooled model is small and non-stationary. Acceptance is observable, but the counterfactual of not offering is not. UNKNOWN: historical_qo_acceptance_count_by_year",
        "Qualifying offers (4,5) It is actionable in a short window after the World Series. Clubs reason about this with simple market-versus-QO logic, and a sharper model probably adds little over an experienced executive.",
        "Qualifying offers (6) A high AUC in-sample may come from a few features (large AAV expectation means decline) that the baseline already uses. Rule changes to compensation across CBAs also confound the pooled history.",
        "NPB/KBO posting bids (1) Few relevant events per year, so recurrence is low, but the per-signing value can be large. Cubs interest in a given year is unknown. UNKNOWN: cubs_international_budget_2027",
        "NPB/KBO (2) Basic stats are public, but detailed pitch tracking is mostly proprietary or inconsistently published, so the translation tool may only have stats the baseline ratios already use. UNKNOWN: public_availability_of_npb_kbo_pitch_tracking",
        "NPB/KBO (3) The number of posted players with several MLB seasons is small, probably tens, split across hitters and pitchers and across ball and rule eras. A model with many parameters will overfit. Outcomes are observable but heterogeneous by role and injury. UNKNOWN: count_of_posted_players_with_mlb_outcomes",
        "NPB/KBO (4,5) Bids are actionable only in a short, rule-bound window and posting fees and caps depend on current agreements. Clubs with international scouts and data staff already model translation, and the price is set by multi-club competition, so the winner's curse may erase any accuracy edge.",
        "NPB/KBO (6) It looks useful through survivorship (only successes recalled), a few outlier stars driving fit, and comparing to the weakest ratio baseline instead of scouting-informed pricing.",
        "Postseason roster construction (1) It recurs only when the club qualifies, 1 to 4 times a year, so expected value is discounted by playoff probability. A marginal win may be worth more in October, but the number of slots that actually change outcomes is small. UNKNOWN: measured_win_probability_value_of_marginal_postseason_slot",
        "Postseason (2) Rosters, platoon and pitch-type splits are public, but injury status at the roster deadline is often incomplete or vague, which limits reconstruction of the true option set. UNKNOWN: public_injury_status_completeness_at_roster_deadline",
        "Postseason (3) Postseason rosters from many series exist league-wide, but the per-series sample is tiny and series outcomes are very noisy. A test would need to score recommendations by simulated expected win probability, and the simulation embeds the same assumptions it tests, so it is not an observed-outcome validation.",
        "Postseason (4,5) It is actionable and contenders already do this internally with staff judgment, so a public tool likely only matches.",
        "Postseason (6) It looks useful through hindsight-chosen anecdotes (a pinch runner who scored), unmeasurable gains of well under a percentage point of series win probability, and ignoring that managers concentrate innings on top pitchers whatever the 26th slot is. Note the candidate text supplied for this item lists only the decision, and the problem is narrower than its attached assumptions suggest.",
        "Arbitration filing (1) The Cubs file for each arbitration-eligible player every winter, which is several per year, with award differences per player in the range between filing numbers. Most cases settle, and hearings are rare for any one club.",
        "Arbitration (2) Hearing outcomes and filing figures are publicly reported, but the panel's reasoning is confidential, and settlement terms are inconsistently recorded. Comparable-player selection rules are set by the CBA, which may change after this offseason. UNKNOWN: post_2026_cba_arbitration_rules",
        "Arbitration (3) League-wide hearings are only a handful per year, so a predictor trained on hearings suffers from small samples and a selection effect: cases that reach hearing are those where the parties disagree, not a random draw. Outcome (win or loss against the two filed numbers) is observable. UNKNOWN: annual_hearing_count_sample_size",
        "Arbitration (4,5) Actionable by choosing the filing figure and deciding whether to settle. Clubs already employ specialized staff and outside counsel, and public salary-projection tools exist. A club-policy of avoiding hearings (a \"file and trial\" posture) also carries relationship costs a model does not capture.",
        "Arbitration (6) It looks useful through high accuracy that merely reflects the filing midpoint, hindsight about which stats panels reward, and treating the all-case outcome rate as if it applied to the cases a club would actually take to hearing.",
        "BLIND SPOT (a) All six are low-frequency, small-sample decisions. The set concentrates on offseason transactions and leaves out high-frequency decisions with larger samples, which the objective preferred.",
        "BLIND SPOT (b) Five of six depend on CBA rules that may change this offseason. The expiration timing is unverified. UNKNOWN: cba_expiration_date_verification",
        "BLIND SPOT (c) Every candidate's retrospective test measures outcomes of decisions made, not outcomes of the unchosen option. Counterfactuals are unobserved, and models validated on simulation inherit simulation bias.",
        "BLIND SPOT (d) No candidate states a baseline hit rate or dollar scale from supplied evidence, so the value-at-stake comparison is unsupported. UNKNOWN: cubs_private_models_and_practices",
        "BLIND SPOT (e) Software cost, adoption by decision-makers and the chance that clubs already run equivalent tools are not weighed against the possible edge. A null result is itself informative and cheap to get, so testing before building is the reasonable default.",
        "supplied_facts_for_any_candidate",
        "persistence_of_coach_effects_year_over_year",
        "Sharpened replacement: one pooled \"decision-quality audit\" that, for non-tender, QO and arbitration decisions, uses only timestamped public data (projections and prices known on decision day) and reports the gap versus the simple baseline with bootstrap intervals. Build more only for the decision where the interval excludes zero by a margin larger than the dollar noise, and report a null for the others."
      ],
      "contradictions": [],
      "verified_constraints": [],
      "provenance": {
        "run_id": "hd-20261009-212457-b02b8f798c1e",
        "producer_component": "howldream",
        "producer_version": "0.4.4",
        "model_or_provider": "claude-sonnet-5-5",
        "observation_kind": "EXTERNALLY_OBSERVED",
        "created_at": "2026-10-09T21:28:17.627692+00:00",
        "transformations": [
          "generated"
        ],
        "participation": [
          {
            "operation": "GENERATED",
            "transforming_component": "howldream",
            "origin_component": "howldream",
            "origin_provider": "claude",
            "origin_model": "claude-sonnet-5-5",
            "subject_count": 1,
            "inference_occurred": true,
            "note": "Dream prompted the provider; the provider authored the text."
          }
        ],
        "request_id": "cubs-r003-p2-critique",
        "originating_component": "operator",
        "execution": {
          "requested_provider": "command",
          "selected_provider": "command",
          "actual_provider": "claude",
          "adapter": "claude-json",
          "model": "claude-sonnet-5-5",
          "requested_model": "claude-sonnet-5-5",
          "deterministic": false,
          "mocked": false,
          "inference_occurred": true,
          "remote": true,
          "remote_observation": "OPERATOR_DECLARED",
          "fallback_reason": null,
          "elapsed_seconds": 30.098178038999777,
          "usage": {
            "input_tokens": 2,
            "cache_creation_input_tokens": 24709,
            "cache_read_input_tokens": 0,
            "output_tokens": 3539,
            "output_tokens_details": {
              "thinking_tokens": 0
            },
            "server_tool_use": {
              "web_search_requests": 0,
              "web_fetch_requests": 0
            },
            "cache_creation": {
              "ephemeral_1h_input_tokens": 24709,
              "ephemeral_5m_input_tokens": 0
            }
          },
          "cost": 0.13423,
          "request_id": "0322e7fa-a63b-4f37-aeae-3c81d4e723b7",
          "raw_output_received": true,
          "parse_status": "VALID",
          "repair_attempted": false,
          "sampling": null
        },
        "source_candidate_refs": [
          {
            "candidate_id": "hd-20261009-211812-efe1740f0c77/candidates/0/0/idea/2",
            "source_run_id": "hd-20261009-211812-efe1740f0c77",
            "sha256": "6829ee86945bfb0c50197b5906a63a331cf1cfb67fad517a947a57901e90b298"
          },
          {
            "candidate_id": "hd-20261009-211812-efe1740f0c77/candidates/0/0/idea/3",
            "source_run_id": "hd-20261009-211812-efe1740f0c77",
            "sha256": "1f7b950053564326d6c6fc42860bd8aa93edbcd018297abcb7925949ce1a2807"
          },
          {
            "candidate_id": "hd-20261009-211812-efe1740f0c77/candidates/0/1/idea/1",
            "source_run_id": "hd-20261009-211812-efe1740f0c77",
            "sha256": "5121444f21b1ebfbe3d5f6b49ef11adcfac5bd2f948eb382686ff83bc0006430"
          },
          {
            "candidate_id": "hd-20261009-211812-efe1740f0c77/candidates/0/1/idea/3",
            "source_run_id": "hd-20261009-211812-efe1740f0c77",
            "sha256": "ecc907f458550650cf737ac3d7882c8f180a93b47d011a1c46ff8e2e7617f381"
          },
          {
            "candidate_id": "hd-20261009-211812-efe1740f0c77/candidates/0/2/idea/2",
            "source_run_id": "hd-20261009-211812-efe1740f0c77",
            "sha256": "0d402eb73e57d9ca3d90616bf967f22317f796dcd6a3c05f567e0203bbb307a3"
          },
          {
            "candidate_id": "hd-20261009-211812-efe1740f0c77/candidates/0/5/idea/1",
            "source_run_id": "hd-20261009-211812-efe1740f0c77",
            "sha256": "7a0717d5447d5a41e23600b5ab01d6f99494721533fb60904697e51003d111df"
          }
        ],
        "source_candidates_location": "exploration_envelope.json#/provenance/source_candidates",
        "hard_constraints": [
          "Public or clearly labeled synthetic data only.",
          "Do not invent statistics or private Cubs information.",
          "Prefer falsifiable criticism."
        ],
        "constraint_scope": "UNVERIFIED_GENERATION_GUIDANCE",
        "purpose": "verification",
        "verification": [
          {
            "claim_id": "hd-20261009-212457-b02b8f798c1e/candidates/0/1/claim/1",
            "candidate_id": "hd-20261009-212457-b02b8f798c1e/candidates/0/1",
            "status": "UNCERTAIN",
            "classifications": [],
            "source_ids": [],
            "evidence_provenance": [],
            "check_scope": "SUPPLIED_LEDGER",
            "critical": false,
            "verifier": "supplied_ledger_and_arithmetic/v2",
            "scorer_type": "deterministic",
            "note": "Explicit abstention; not counted as a detected failure or a verified fact."
          },
          {
            "claim_id": "hd-20261009-212457-b02b8f798c1e/candidates/0/1/claim/2",
            "candidate_id": "hd-20261009-212457-b02b8f798c1e/candidates/0/1",
            "status": "UNCERTAIN",
            "classifications": [],
            "source_ids": [],
            "evidence_provenance": [],
            "check_scope": "SUPPLIED_LEDGER",
            "critical": false,
            "verifier": "supplied_ledger_and_arithmetic/v2",
            "scorer_type": "deterministic",
            "note": "No available check establishes this proposition."
          },
          {
            "claim_id": "hd-20261009-212457-b02b8f798c1e/candidates/0/1/claim/3",
            "candidate_id": "hd-20261009-212457-b02b8f798c1e/candidates/0/1",
            "status": "UNCERTAIN",
            "classifications": [],
            "source_ids": [],
            "evidence_provenance": [],
            "check_scope": "SUPPLIED_LEDGER",
            "critical": false,
            "verifier": "supplied_ledger_and_arithmetic/v2",
            "scorer_type": "deterministic",
            "note": "No available check establishes this proposition."
          },
          {
            "claim_id": "hd-20261009-212457-b02b8f798c1e/candidates/0/1/claim/4",
            "candidate_id": "hd-20261009-212457-b02b8f798c1e/candidates/0/1",
            "status": "UNCERTAIN",
            "classifications": [],
            "source_ids": [],
            "evidence_provenance": [],
            "check_scope": "SUPPLIED_LEDGER",
            "critical": false,
            "verifier": "supplied_ledger_and_arithmetic/v2",
            "scorer_type": "deterministic",
            "note": "No available check establishes this proposition."
          },
          {
            "claim_id": "hd-20261009-212457-b02b8f798c1e/candidates/0/1/claim/5",
            "candidate_id": "hd-20261009-212457-b02b8f798c1e/candidates/0/1",
            "status": "UNCERTAIN",
            "classifications": [],
            "source_ids": [],
            "evidence_provenance": [],
            "check_scope": "SUPPLIED_LEDGER",
            "critical": false,
            "verifier": "supplied_ledger_and_arithmetic/v2",
            "scorer_type": "deterministic",
            "note": "No available check establishes this proposition."
          },
          {
            "claim_id": "hd-20261009-212457-b02b8f798c1e/candidates/0/1/claim/6",
            "candidate_id": "hd-20261009-212457-b02b8f798c1e/candidates/0/1",
            "status": "UNCERTAIN",
            "classifications": [],
            "source_ids": [],
            "evidence_provenance": [],
            "check_scope": "SUPPLIED_LEDGER",
            "critical": false,
            "verifier": "supplied_ledger_and_arithmetic/v2",
            "scorer_type": "deterministic",
            "note": "No available check establishes this proposition."
          },
          {
            "claim_id": "hd-20261009-212457-b02b8f798c1e/candidates/0/1/claim/7",
            "candidate_id": "hd-20261009-212457-b02b8f798c1e/candidates/0/1",
            "status": "UNCERTAIN",
            "classifications": [],
            "source_ids": [],
            "evidence_provenance": [],
            "check_scope": "SUPPLIED_LEDGER",
            "critical": false,
            "verifier": "supplied_ledger_and_arithmetic/v2",
            "scorer_type": "deterministic",
            "note": "No available check establishes this proposition."
          },
          {
            "claim_id": "hd-20261009-212457-b02b8f798c1e/candidates/0/1/claim/8",
            "candidate_id": "hd-20261009-212457-b02b8f798c1e/candidates/0/1",
            "status": "UNCERTAIN",
            "classifications": [],
            "source_ids": [],
            "evidence_provenance": [],
            "check_scope": "SUPPLIED_LEDGER",
            "critical": false,
            "verifier": "supplied_ledger_and_arithmetic/v2",
            "scorer_type": "deterministic",
            "note": "Explicit abstention; not counted as a detected failure or a verified fact."
          },
          {
            "claim_id": "hd-20261009-212457-b02b8f798c1e/candidates/0/1/claim/9",
            "candidate_id": "hd-20261009-212457-b02b8f798c1e/candidates/0/1",
            "status": "UNCERTAIN",
            "classifications": [],
            "source_ids": [],
            "evidence_provenance": [],
            "check_scope": "SUPPLIED_LEDGER",
            "critical": false,
            "verifier": "supplied_ledger_and_arithmetic/v2",
            "scorer_type": "deterministic",
            "note": "No available check establishes this proposition."
          },
          {
            "claim_id": "hd-20261009-212457-b02b8f798c1e/candidates/0/1/claim/10",
            "candidate_id": "hd-20261009-212457-b02b8f798c1e/candidates/0/1",
            "status": "UNCERTAIN",
            "classifications": [],
            "source_ids": [],
            "evidence_provenance": [],
            "check_scope": "SUPPLIED_LEDGER",
            "critical": false,
            "verifier": "supplied_ledger_and_arithmetic/v2",
            "scorer_type": "deterministic",
            "note": "No available check establishes this proposition."
          },
          {
            "claim_id": "hd-20261009-212457-b02b8f798c1e/candidates/0/1/claim/11",
            "candidate_id": "hd-20261009-212457-b02b8f798c1e/candidates/0/1",
            "status": "UNCERTAIN",
            "classifications": [],
            "source_ids": [],
            "evidence_provenance": [],
            "check_scope": "SUPPLIED_LEDGER",
            "critical": false,
            "verifier": "supplied_ledger_and_arithmetic/v2",
            "scorer_type": "deterministic",
            "note": "No available check establishes this proposition."
          },
          {
            "claim_id": "hd-20261009-212457-b02b8f798c1e/candidates/0/1/claim/12",
            "candidate_id": "hd-20261009-212457-b02b8f798c1e/candidates/0/1",
            "status": "UNCERTAIN",
            "classifications": [],
            "source_ids": [],
            "evidence_provenance": [],
            "check_scope": "SUPPLIED_LEDGER",
            "critical": false,
            "verifier": "supplied_ledger_and_arithmetic/v2",
            "scorer_type": "deterministic",
            "note": "No available check establishes this proposition."
          },
          {
            "claim_id": "hd-20261009-212457-b02b8f798c1e/candidates/0/1/claim/13",
            "candidate_id": "hd-20261009-212457-b02b8f798c1e/candidates/0/1",
            "status": "UNCERTAIN",
            "classifications": [],
            "source_ids": [],
            "evidence_provenance": [],
            "check_scope": "SUPPLIED_LEDGER",
            "critical": false,
            "verifier": "supplied_ledger_and_arithmetic/v2",
            "scorer_type": "deterministic",
            "note": "No available check establishes this proposition."
          },
          {
            "claim_id": "hd-20261009-212457-b02b8f798c1e/candidates/0/1/claim/14",
            "candidate_id": "hd-20261009-212457-b02b8f798c1e/candidates/0/1",
            "status": "UNCERTAIN",
            "classifications": [],
            "source_ids": [],
            "evidence_provenance": [],
            "check_scope": "SUPPLIED_LEDGER",
            "critical": false,
            "verifier": "supplied_ledger_and_arithmetic/v2",
            "scorer_type": "deterministic",
            "note": "No available check establishes this proposition."
          },
          {
            "claim_id": "hd-20261009-212457-b02b8f798c1e/candidates/0/1/claim/15",
            "candidate_id": "hd-20261009-212457-b02b8f798c1e/candidates/0/1",
            "status": "UNCERTAIN",
            "classifications": [],
            "source_ids": [],
            "evidence_provenance": [],
            "check_scope": "SUPPLIED_LEDGER",
            "critical": false,
            "verifier": "supplied_ledger_and_arithmetic/v2",
            "scorer_type": "deterministic",
            "note": "No available check establishes this proposition."
          },
          {
            "claim_id": "hd-20261009-212457-b02b8f798c1e/candidates/0/1/claim/16",
            "candidate_id": "hd-20261009-212457-b02b8f798c1e/candidates/0/1",
            "status": "UNCERTAIN",
            "classifications": [],
            "source_ids": [],
            "evidence_provenance": [],
            "check_scope": "SUPPLIED_LEDGER",
            "critical": false,
            "verifier": "supplied_ledger_and_arithmetic/v2",
            "scorer_type": "deterministic",
            "note": "No available check establishes this proposition."
          },
          {
            "claim_id": "hd-20261009-212457-b02b8f798c1e/candidates/0/1/claim/17",
            "candidate_id": "hd-20261009-212457-b02b8f798c1e/candidates/0/1",
            "status": "UNCERTAIN",
            "classifications": [],
            "source_ids": [],
            "evidence_provenance": [],
            "check_scope": "SUPPLIED_LEDGER",
            "critical": false,
            "verifier": "supplied_ledger_and_arithmetic/v2",
            "scorer_type": "deterministic",
            "note": "No available check establishes this proposition."
          },
          {
            "claim_id": "hd-20261009-212457-b02b8f798c1e/candidates/0/1/claim/18",
            "candidate_id": "hd-20261009-212457-b02b8f798c1e/candidates/0/1",
            "status": "UNCERTAIN",
            "classifications": [],
            "source_ids": [],
            "evidence_provenance": [],
            "check_scope": "SUPPLIED_LEDGER",
            "critical": false,
            "verifier": "supplied_ledger_and_arithmetic/v2",
            "scorer_type": "deterministic",
            "note": "No available check establishes this proposition."
          },
          {
            "claim_id": "hd-20261009-212457-b02b8f798c1e/candidates/0/1/claim/19",
            "candidate_id": "hd-20261009-212457-b02b8f798c1e/candidates/0/1",
            "status": "UNCERTAIN",
            "classifications": [],
            "source_ids": [],
            "evidence_provenance": [],
            "check_scope": "SUPPLIED_LEDGER",
            "critical": false,
            "verifier": "supplied_ledger_and_arithmetic/v2",
            "scorer_type": "deterministic",
            "note": "No available check establishes this proposition."
          },
          {
            "claim_id": "hd-20261009-212457-b02b8f798c1e/candidates/0/1/claim/20",
            "candidate_id": "hd-20261009-212457-b02b8f798c1e/candidates/0/1",
            "status": "UNCERTAIN",
            "classifications": [],
            "source_ids": [],
            "evidence_provenance": [],
            "check_scope": "SUPPLIED_LEDGER",
            "critical": false,
            "verifier": "supplied_ledger_and_arithmetic/v2",
            "scorer_type": "deterministic",
            "note": "No available check establishes this proposition."
          },
          {
            "claim_id": "hd-20261009-212457-b02b8f798c1e/candidates/0/1/claim/21",
            "candidate_id": "hd-20261009-212457-b02b8f798c1e/candidates/0/1",
            "status": "UNCERTAIN",
            "classifications": [],
            "source_ids": [],
            "evidence_provenance": [],
            "check_scope": "SUPPLIED_LEDGER",
            "critical": false,
            "verifier": "supplied_ledger_and_arithmetic/v2",
            "scorer_type": "deterministic",
            "note": "No available check establishes this proposition."
          },
          {
            "claim_id": "hd-20261009-212457-b02b8f798c1e/candidates/0/1/claim/22",
            "candidate_id": "hd-20261009-212457-b02b8f798c1e/candidates/0/1",
            "status": "UNCERTAIN",
            "classifications": [],
            "source_ids": [],
            "evidence_provenance": [],
            "check_scope": "SUPPLIED_LEDGER",
            "critical": false,
            "verifier": "supplied_ledger_and_arithmetic/v2",
            "scorer_type": "deterministic",
            "note": "No available check establishes this proposition."
          },
          {
            "claim_id": "hd-20261009-212457-b02b8f798c1e/candidates/0/1/claim/23",
            "candidate_id": "hd-20261009-212457-b02b8f798c1e/candidates/0/1",
            "status": "UNCERTAIN",
            "classifications": [],
            "source_ids": [],
            "evidence_provenance": [],
            "check_scope": "SUPPLIED_LEDGER",
            "critical": false,
            "verifier": "supplied_ledger_and_arithmetic/v2",
            "scorer_type": "deterministic",
            "note": "No available check establishes this proposition."
          },
          {
            "claim_id": "hd-20261009-212457-b02b8f798c1e/candidates/0/1/claim/24",
            "candidate_id": "hd-20261009-212457-b02b8f798c1e/candidates/0/1",
            "status": "UNCERTAIN",
            "classifications": [],
            "source_ids": [],
            "evidence_provenance": [],
            "check_scope": "SUPPLIED_LEDGER",
            "critical": false,
            "verifier": "supplied_ledger_and_arithmetic/v2",
            "scorer_type": "deterministic",
            "note": "No available check establishes this proposition."
          },
          {
            "claim_id": "hd-20261009-212457-b02b8f798c1e/candidates/0/1/claim/25",
            "candidate_id": "hd-20261009-212457-b02b8f798c1e/candidates/0/1",
            "status": "UNCERTAIN",
            "classifications": [],
            "source_ids": [],
            "evidence_provenance": [],
            "check_scope": "SUPPLIED_LEDGER",
            "critical": false,
            "verifier": "supplied_ledger_and_arithmetic/v2",
            "scorer_type": "deterministic",
            "note": "No available check establishes this proposition."
          },
          {
            "claim_id": "hd-20261009-212457-b02b8f798c1e/candidates/0/1/claim/26",
            "candidate_id": "hd-20261009-212457-b02b8f798c1e/candidates/0/1",
            "status": "UNCERTAIN",
            "classifications": [],
            "source_ids": [],
            "evidence_provenance": [],
            "check_scope": "SUPPLIED_LEDGER",
            "critical": false,
            "verifier": "supplied_ledger_and_arithmetic/v2",
            "scorer_type": "deterministic",
            "note": "No available check establishes this proposition."
          },
          {
            "claim_id": "hd-20261009-212457-b02b8f798c1e/candidates/0/1/claim/27",
            "candidate_id": "hd-20261009-212457-b02b8f798c1e/candidates/0/1",
            "status": "UNCERTAIN",
            "classifications": [],
            "source_ids": [],
            "evidence_provenance": [],
            "check_scope": "SUPPLIED_LEDGER",
            "critical": false,
            "verifier": "supplied_ledger_and_arithmetic/v2",
            "scorer_type": "deterministic",
            "note": "No available check establishes this proposition."
          },
          {
            "claim_id": "hd-20261009-212457-b02b8f798c1e/candidates/0/1/claim/28",
            "candidate_id": "hd-20261009-212457-b02b8f798c1e/candidates/0/1",
            "status": "UNCERTAIN",
            "classifications": [],
            "source_ids": [],
            "evidence_provenance": [],
            "check_scope": "SUPPLIED_LEDGER",
            "critical": false,
            "verifier": "supplied_ledger_and_arithmetic/v2",
            "scorer_type": "deterministic",
            "note": "No available check establishes this proposition."
          },
          {
            "claim_id": "hd-20261009-212457-b02b8f798c1e/candidates/0/1/claim/29",
            "candidate_id": "hd-20261009-212457-b02b8f798c1e/candidates/0/1",
            "status": "UNCERTAIN",
            "classifications": [],
            "source_ids": [],
            "evidence_provenance": [],
            "check_scope": "SUPPLIED_LEDGER",
            "critical": false,
            "verifier": "supplied_ledger_and_arithmetic/v2",
            "scorer_type": "deterministic",
            "note": "No available check establishes this proposition."
          },
          {
            "claim_id": "hd-20261009-212457-b02b8f798c1e/candidates/0/1/claim/30",
            "candidate_id": "hd-20261009-212457-b02b8f798c1e/candidates/0/1",
            "status": "UNCERTAIN",
            "classifications": [],
            "source_ids": [],
            "evidence_provenance": [],
            "check_scope": "SUPPLIED_LEDGER",
            "critical": false,
            "verifier": "supplied_ledger_and_arithmetic/v2",
            "scorer_type": "deterministic",
            "note": "No available check establishes this proposition."
          },
          {
            "claim_id": "hd-20261009-212457-b02b8f798c1e/candidates/0/1/claim/31",
            "candidate_id": "hd-20261009-212457-b02b8f798c1e/candidates/0/1",
            "status": "UNCERTAIN",
            "classifications": [],
            "source_ids": [],
            "evidence_provenance": [],
            "check_scope": "SUPPLIED_LEDGER",
            "critical": false,
            "verifier": "supplied_ledger_and_arithmetic/v2",
            "scorer_type": "deterministic",
            "note": "No available check establishes this proposition."
          },
          {
            "claim_id": "hd-20261009-212457-b02b8f798c1e/candidates/0/1/claim/32",
            "candidate_id": "hd-20261009-212457-b02b8f798c1e/candidates/0/1",
            "status": "UNCERTAIN",
            "classifications": [],
            "source_ids": [],
            "evidence_provenance": [],
            "check_scope": "SUPPLIED_LEDGER",
            "critical": false,
            "verifier": "supplied_ledger_and_arithmetic/v2",
            "scorer_type": "deterministic",
            "note": "No available check establishes this proposition."
          },
          {
            "claim_id": "hd-20261009-212457-b02b8f798c1e/candidates/0/1/claim/33",
            "candidate_id": "hd-20261009-212457-b02b8f798c1e/candidates/0/1",
            "status": "UNCERTAIN",
            "classifications": [],
            "source_ids": [],
            "evidence_provenance": [],
            "check_scope": "SUPPLIED_LEDGER",
            "critical": false,
            "verifier": "supplied_ledger_and_arithmetic/v2",
            "scorer_type": "deterministic",
            "note": "No available check establishes this proposition."
          },
          {
            "claim_id": "hd-20261009-212457-b02b8f798c1e/candidates/0/1/claim/34",
            "candidate_id": "hd-20261009-212457-b02b8f798c1e/candidates/0/1",
            "status": "UNCERTAIN",
            "classifications": [],
            "source_ids": [],
            "evidence_provenance": [],
            "check_scope": "SUPPLIED_LEDGER",
            "critical": false,
            "verifier": "supplied_ledger_and_arithmetic/v2",
            "scorer_type": "deterministic",
            "note": "No available check establishes this proposition."
          },
          {
            "claim_id": "hd-20261009-212457-b02b8f798c1e/candidates/0/1/claim/35",
            "candidate_id": "hd-20261009-212457-b02b8f798c1e/candidates/0/1",
            "status": "UNCERTAIN",
            "classifications": [],
            "source_ids": [],
            "evidence_provenance": [],
            "check_scope": "SUPPLIED_LEDGER",
            "critical": false,
            "verifier": "supplied_ledger_and_arithmetic/v2",
            "scorer_type": "deterministic",
            "note": "No available check establishes this proposition."
          },
          {
            "claim_id": "hd-20261009-212457-b02b8f798c1e/candidates/0/1/claim/36",
            "candidate_id": "hd-20261009-212457-b02b8f798c1e/candidates/0/1",
            "status": "UNCERTAIN",
            "classifications": [],
            "source_ids": [],
            "evidence_provenance": [],
            "check_scope": "SUPPLIED_LEDGER",
            "critical": false,
            "verifier": "supplied_ledger_and_arithmetic/v2",
            "scorer_type": "deterministic",
            "note": "No available check establishes this proposition."
          },
          {
            "claim_id": "hd-20261009-212457-b02b8f798c1e/candidates/0/1/claim/37",
            "candidate_id": "hd-20261009-212457-b02b8f798c1e/candidates/0/1",
            "status": "UNCERTAIN",
            "classifications": [],
            "source_ids": [],
            "evidence_provenance": [],
            "check_scope": "SUPPLIED_LEDGER",
            "critical": false,
            "verifier": "supplied_ledger_and_arithmetic/v2",
            "scorer_type": "deterministic",
            "note": "No available check establishes this proposition."
          },
          {
            "claim_id": "hd-20261009-212457-b02b8f798c1e/candidates/0/1/claim/38",
            "candidate_id": "hd-20261009-212457-b02b8f798c1e/candidates/0/1",
            "status": "UNCERTAIN",
            "classifications": [],
            "source_ids": [],
            "evidence_provenance": [],
            "check_scope": "SUPPLIED_LEDGER",
            "critical": false,
            "verifier": "supplied_ledger_and_arithmetic/v2",
            "scorer_type": "deterministic",
            "note": "No available check establishes this proposition."
          },
          {
            "claim_id": "hd-20261009-212457-b02b8f798c1e/candidates/0/1/claim/39",
            "candidate_id": "hd-20261009-212457-b02b8f798c1e/candidates/0/1",
            "status": "UNCERTAIN",
            "classifications": [],
            "source_ids": [],
            "evidence_provenance": [],
            "check_scope": "SUPPLIED_LEDGER",
            "critical": false,
            "verifier": "supplied_ledger_and_arithmetic/v2",
            "scorer_type": "deterministic",
            "note": "No available check establishes this proposition."
          }
        ],
        "candidate_index": 1,
        "trial": 0,
        "prompt_hash": "c23f3ac2c2d630577634fac87d275e4cfb4472b12dc383a25a0545cd521b8b12",
        "output_hash": "26f3c7805fa03de2fe26f3da066945863c42282885ea97ce53162aad15dac8e6"
      }
    },
    {
      "schema_version": "howl.candidate/v1",
      "candidate_id": "hd-20261009-212457-b02b8f798c1e/candidates/0/2",
      "source_run_id": "hd-20261009-212457-b02b8f798c1e",
      "parent_request_id": "cubs-r003-p2-critique",
      "objective": "Critique these six candidate software opportunities for the Chicago Cubs (coaching-hire evaluation, non-tender decisions, qualifying offers, NPB/KBO posting bids, postseason roster construction, arbitration filing). For EACH: (1) does the decision recur and how large is the value at stake per year for one club; (2) is the decision-relevant data lawfully public and available at decision time (no hindsight); (3) how many historical decisions exist for a retrospective test against the club's simple baseline, and is the outcome observable; (4) actionability; (5) what sophisticated clubs and public sources already do; (6) what would make it LOOK useful while giving little or no advantage, including small samples and confounding. Note that each candidate's attached assumptions are pooled from a larger batch; judge each on its own IDEA text. Then do a BLIND-SPOT analysis across the set. Use ASSUMPTION lines for challenges, UNKNOWN for missing evidence, and IDEA only for a sharpened replacement.",
      "text": "ASSUMPTION: No numeric evidence was supplied (facts is empty), so everything below is critique to be checked, not established fact.\nUNKNOWN: supplied_numeric_evidence_for_any_candidate\nASSUMPTION: The pooled assumptions attached to the candidates include many that belong to other ideas (rain delays, draft pools, stolen bases). I judged each candidate on its own IDEA text only.\nASSUMPTION: The postseason roster IDEA text (candidates/0/5/idea/1) states only owner, decision and frequency. Value, mechanism and baseline appear only in the unresolved-issues list, so that candidate is under-specified as written.\nCITE: objective_context\n\nASSUMPTION: [Coaching 1] The hire or retain decision recurs yearly, but only a handful of coaching slots turn over per club. Value per decision is plausibly large, yet no supplied evidence sizes it.\nUNKNOWN: detectable_coach_effect_size\nASSUMPTION: [Coaching 2] Public inputs are Statcast, staff announcements and media guides. Assistant and minor-league role titles and dates are likely inconsistent, so the link from coach to player may be mislabeled.\nUNKNOWN: public_coach_tenure_dataset_completeness\nASSUMPTION: [Coaching 3] The number of coach-movement events with enough players per coach is probably small, and the outcome (player change) is observable but very noisy. Intervals may be too wide to change any hiring decision.\nASSUMPTION: [Coaching 4] Actionability is limited because the Cubs can hire only from available candidates, and coach quality is hard to separate from the hiring club's infrastructure.\nASSUMPTION: [Coaching 5] Sophisticated clubs probably already track player development outcomes by staff internally. Public sources give mostly anecdote and press narrative, not rigorous attribution.\nASSUMPTION: [Coaching 6] It would look useful through regression to the mean, survivorship (coaches get poached after good years), and teams acquiring players they already expect to improve. Pitch-mix changes may be driven by front-office strategy and not by the coach.\nUNKNOWN: persistence_of_coach_effects_year_over_year\n\nASSUMPTION: [Non-tender 1] The decision recurs every November or December, but the Cubs' marginal cases (borderline tender candidates) are probably few per year. Stake per case is the gap between arbitration salary and replacement cost.\nASSUMPTION: [Non-tender 2] Public arbitration salary projections and the prior-year non-tender lists are public. The set of players other clubs will non-tender is not known when the Cubs decide, so any replacement-pool label built from the final list leaks hindsight unless it is forecast as of a dated snapshot.\nASSUMPTION: [Non-tender 3] Past decisions are many league-wide, and signing price and next-season output are observable. Players signed after non-tender are a selected sample, because injured or declining players are overrepresented.\nASSUMPTION: [Non-tender 4] Actionability is high and cheap to reverse. A club can tender, then trade or release, with partial cost, which weakens the need for a precise model.\nASSUMPTION: [Non-tender 5] Clubs already apply WAR-per-dollar thresholds with internal projections, and public arbitration projections are widely available.\nASSUMPTION: [Non-tender 6] It would look useful through hindsight-labeled replacement pools, and through backtests that count only the non-tendered players who succeeded. A comparison against a strawman threshold also flatters it.\nUNKNOWN: historical_nontender_signing_outcomes_dataset\n\nASSUMPTION: [QO 1] The decision recurs yearly only for players who are QO-eligible, so per-year count may be zero to a few. Stake is a compensation pick versus a one-year salary, and the pick's value depends on CBA terms I could not verify.\nUNKNOWN: cubs_qo_eligible_players_2026\nUNKNOWN: current_qo_amount_2026\nASSUMPTION: [QO 2] Public data on age, WAR, and market depth is available at decision time. Agent intent and private willingness to accept are not public, and they dominate the acceptance outcome.\nASSUMPTION: [QO 3] Public history since the system began is only on the order of a hundred or so offers in total. That is too small for a calibrated model with many features, and each outcome is binary, which makes calibration weak.\nUNKNOWN: historical_qo_acceptance_count_by_year\nASSUMPTION: [QO 4] The CBA expires around December 2026 (unverified), so QO rules may change right when the model would be used, and backtests may not transfer.\nUNKNOWN: cba_expiration_date_verification\nASSUMPTION: [QO 5] Clubs and public analysts already compare projected market AAV to the QO amount, so the mechanism is largely the baseline stated in the IDEA.\nASSUMPTION: [QO 6] It would look useful by overfitting a few dozen cases and by crediting hindsight on acceptance outcomes that were driven by market shocks.\n\nASSUMPTION: [Posting 1] Posting events per year are few, and the Cubs bid on a small fraction. Stake per signing is large, but the recurrence is thin.\nUNKNOWN: count_of_posted_players_with_mlb_outcomes\nASSUMPTION: [Posting 2] Public NPB and KBO stats exist, but pitch-tracking and bat-tracking granularity may not be public or licensed. Whether posting timing and the player's availability are known at decision time varies by year.\nUNKNOWN: public_availability_of_npb_kbo_pitch_tracking\nASSUMPTION: [Posting 3] The retrospective sample is small and heterogeneous across pitchers and hitters, ages, and ball and rule eras. MLB outcomes are observable but strongly censored by injury and playing time.\nASSUMPTION: [Posting 4] Actionability depends on posting fees, bid rules, and competition from other clubs. Any accuracy edge must also beat the winner's curse.\nASSUMPTION: [Posting 5] Clubs with international scouting and data feeds already run translation models. Public analysts publish translation factors, so the baseline \"simple ratios\" is probably weaker than actual club practice.\nASSUMPTION: [Posting 6] It would look useful through a handful of memorable hits and misses, and through fitting a model on survivors who were posted because they looked good. Narrow intervals from few cases would be false precision.\n\nASSUMPTION: [Postseason 1] The decision occurs only when the Cubs qualify, so expected annual value is discounted by playoff probability, and the number of roster slots that matter is small.\nUNKNOWN: measured_win_probability_value_of_marginal_postseason_slot\nASSUMPTION: [Postseason 2] Opponent and roster information is public only close to the decision time. Injury status at the roster deadline is often incomplete.\nUNKNOWN: public_injury_status_completeness_at_roster_deadline\nASSUMPTION: [Postseason 3] Public postseason series number only in the dozens each year, and outcomes are dominated by luck. A series win-probability difference of a fraction of a percentage point cannot be detected.\nASSUMPTION: [Postseason 4] Actionable, but constrained by health and by who is actually on the 40-man roster, which leaves few real choices.\nASSUMPTION: [Postseason 5] Contending clubs likely simulate matchups internally and have far better injury information than public sources.\nASSUMPTION: [Postseason 6] It would look useful by scoring simulator-recommended rosters against actual rosters on the same simulator, which only validates the model against itself. Post-hoc stories about a pinch runner are also misleading.\n\nASSUMPTION: [Arbitration 1] The decision recurs each January for every arbitration-eligible player, so many decisions per year, though hearings are a small subset. The stake is raise levels that compound, and the total is plausibly meaningful but unsized here.\nUNKNOWN: annual_hearing_count_sample_size\nASSUMPTION: [Arbitration 2] Exchanged figures and hearing results are public. Panel reasoning, comparables admitted and club-specific hearing policy are less visible, and rules may change under a new CBA.\nUNKNOWN: post_2026_cba_arbitration_rules\nASSUMPTION: [Arbitration 3] Hearings per year are few, so a panel-outcome predictor trained on public hearings has small n, and the outcome is binary (the panel picks one of two numbers), which carries little information per case.\nASSUMPTION: [Arbitration 4] Actionability is real for the file-and-trial and settlement choice, but a club policy choice (such as whether to go to hearings at all) can matter more than case-by-case prediction.\nASSUMPTION: [Arbitration 5] Clubs and outside counsel have studied hearings for decades, and settlement at midpoint is a well-known baseline. Public databases of arbitration results already exist.\nASSUMPTION: [Arbitration 6] It would look useful by fitting hearing results with too many features, and from selection: hearings are cases the sides could not settle, so they differ from the cases the model would need to price.\n\nASSUMPTION: [Blind spot 1] No candidate states expected dollars or wins per decision with a source, so ranking by size of stake is currently unsupported.\nASSUMPTION: [Blind spot 2] Every backtest compares against a simple rule, whereas the real competitor is internal staff with private data. Beating the strawman does not show an advantage.\nASSUMPTION: [Blind spot 3] Hindsight risk is shared by all six. Backtests need dated snapshots of what was public at the decision date (projections, rosters, rumors), and many public sources are overwritten.\nASSUMPTION: [Blind spot 4] Small n and multiple testing across features, years and subgroups will produce spurious wins for the QO, posting, postseason, and hearing candidates unless the test is pre-registered.\nASSUMPTION: [Blind spot 5] A CBA expiration around this offseason (unverified) could change arbitration, QO, draft and service rules, and could cause a lockout. Backtests before that date may not carry over.\nASSUMPTION: [Blind spot 6] Winner's curse and counterparty behavior (agents, other clubs) are common to QO, non-tender and posting, and a forecasting model alone does not solve them.\nASSUMPTION: [Blind spot 7] The set ignores organizational adoption: a tool matters only if decision owners would change their decisions, which is not tested by a backtest.\nASSUMPTION: [Blind spot 8] Terms of use for scraped public data (Statcast, transaction logs, foreign-league sites) were not checked, and public is not necessarily lawful to redistribute.\nUNKNOWN: cubs_private_models_and_practices\n\nIDEA: Replace the six with one pre-registered \"dated-snapshot decision audit\" on league-wide winter market decisions (non-tender, QO, posting), scoring forecast calibration against realized prices and outcomes. Cubs-specific tooling would be built only where it beats staff-style baselines out of sample.\nIDEA: Narrow the arbitration idea to a settle-versus-hearing expected-value calculator that uses exchanged figures and public award history, reported with intervals. Stop if annual hearing counts are too low to bound the error.\nIDEA: Run the coaching idea as a null-result test: check whether year-T coach ratings predict year-T+1 changes better than a tenure or reputation proxy, with matched controls. Fund it only if intervals are narrow enough to change a hire.\nIDEA: Defer the postseason roster optimizer, and instead build a reusable matchup simulator only if the series win-probability gain from marginal slots is shown to exceed what noise could hide.",
      "condition": "dream",
      "trust": "UNVERIFIED",
      "status": "UNRESOLVED",
      "authority": {
        "type": "ADVISORY",
        "executable": false
      },
      "claims": [
        {
          "id": "hd-20261009-212457-b02b8f798c1e/candidates/0/2/claim/1",
          "candidate_id": "hd-20261009-212457-b02b8f798c1e/candidates/0/2",
          "kind": "ASSUMPTION",
          "text": "No numeric evidence was supplied (facts is empty), so everything below is critique to be checked, not established fact.",
          "status": "UNVERIFIED",
          "extractor": "line_grammar/v1"
        },
        {
          "id": "hd-20261009-212457-b02b8f798c1e/candidates/0/2/claim/2",
          "candidate_id": "hd-20261009-212457-b02b8f798c1e/candidates/0/2",
          "kind": "UNKNOWN",
          "text": "supplied_numeric_evidence_for_any_candidate",
          "status": "UNVERIFIED",
          "extractor": "line_grammar/v1"
        },
        {
          "id": "hd-20261009-212457-b02b8f798c1e/candidates/0/2/claim/3",
          "candidate_id": "hd-20261009-212457-b02b8f798c1e/candidates/0/2",
          "kind": "ASSUMPTION",
          "text": "The pooled assumptions attached to the candidates include many that belong to other ideas (rain delays, draft pools, stolen bases). I judged each candidate on its own IDEA text only.",
          "status": "UNVERIFIED",
          "extractor": "line_grammar/v1"
        },
        {
          "id": "hd-20261009-212457-b02b8f798c1e/candidates/0/2/claim/4",
          "candidate_id": "hd-20261009-212457-b02b8f798c1e/candidates/0/2",
          "kind": "ASSUMPTION",
          "text": "The postseason roster IDEA text (candidates/0/5/idea/1) states only owner, decision and frequency. Value, mechanism and baseline appear only in the unresolved-issues list, so that candidate is under-specified as written.",
          "status": "UNVERIFIED",
          "extractor": "line_grammar/v1"
        },
        {
          "id": "hd-20261009-212457-b02b8f798c1e/candidates/0/2/claim/5",
          "candidate_id": "hd-20261009-212457-b02b8f798c1e/candidates/0/2",
          "kind": "CITE",
          "text": "objective_context",
          "status": "UNVERIFIED",
          "extractor": "line_grammar/v1"
        },
        {
          "id": "hd-20261009-212457-b02b8f798c1e/candidates/0/2/claim/6",
          "candidate_id": "hd-20261009-212457-b02b8f798c1e/candidates/0/2",
          "kind": "ASSUMPTION",
          "text": "[Coaching 1] The hire or retain decision recurs yearly, but only a handful of coaching slots turn over per club. Value per decision is plausibly large, yet no supplied evidence sizes it.",
          "status": "UNVERIFIED",
          "extractor": "line_grammar/v1"
        },
        {
          "id": "hd-20261009-212457-b02b8f798c1e/candidates/0/2/claim/7",
          "candidate_id": "hd-20261009-212457-b02b8f798c1e/candidates/0/2",
          "kind": "UNKNOWN",
          "text": "detectable_coach_effect_size",
          "status": "UNVERIFIED",
          "extractor": "line_grammar/v1"
        },
        {
          "id": "hd-20261009-212457-b02b8f798c1e/candidates/0/2/claim/8",
          "candidate_id": "hd-20261009-212457-b02b8f798c1e/candidates/0/2",
          "kind": "ASSUMPTION",
          "text": "[Coaching 2] Public inputs are Statcast, staff announcements and media guides. Assistant and minor-league role titles and dates are likely inconsistent, so the link from coach to player may be mislabeled.",
          "status": "UNVERIFIED",
          "extractor": "line_grammar/v1"
        },
        {
          "id": "hd-20261009-212457-b02b8f798c1e/candidates/0/2/claim/9",
          "candidate_id": "hd-20261009-212457-b02b8f798c1e/candidates/0/2",
          "kind": "UNKNOWN",
          "text": "public_coach_tenure_dataset_completeness",
          "status": "UNVERIFIED",
          "extractor": "line_grammar/v1"
        },
        {
          "id": "hd-20261009-212457-b02b8f798c1e/candidates/0/2/claim/10",
          "candidate_id": "hd-20261009-212457-b02b8f798c1e/candidates/0/2",
          "kind": "ASSUMPTION",
          "text": "[Coaching 3] The number of coach-movement events with enough players per coach is probably small, and the outcome (player change) is observable but very noisy. Intervals may be too wide to change any hiring decision.",
          "status": "UNVERIFIED",
          "extractor": "line_grammar/v1"
        },
        {
          "id": "hd-20261009-212457-b02b8f798c1e/candidates/0/2/claim/11",
          "candidate_id": "hd-20261009-212457-b02b8f798c1e/candidates/0/2",
          "kind": "ASSUMPTION",
          "text": "[Coaching 4] Actionability is limited because the Cubs can hire only from available candidates, and coach quality is hard to separate from the hiring club's infrastructure.",
          "status": "UNVERIFIED",
          "extractor": "line_grammar/v1"
        },
        {
          "id": "hd-20261009-212457-b02b8f798c1e/candidates/0/2/claim/12",
          "candidate_id": "hd-20261009-212457-b02b8f798c1e/candidates/0/2",
          "kind": "ASSUMPTION",
          "text": "[Coaching 5] Sophisticated clubs probably already track player development outcomes by staff internally. Public sources give mostly anecdote and press narrative, not rigorous attribution.",
          "status": "UNVERIFIED",
          "extractor": "line_grammar/v1"
        },
        {
          "id": "hd-20261009-212457-b02b8f798c1e/candidates/0/2/claim/13",
          "candidate_id": "hd-20261009-212457-b02b8f798c1e/candidates/0/2",
          "kind": "ASSUMPTION",
          "text": "[Coaching 6] It would look useful through regression to the mean, survivorship (coaches get poached after good years), and teams acquiring players they already expect to improve. Pitch-mix changes may be driven by front-office strategy and not by the coach.",
          "status": "UNVERIFIED",
          "extractor": "line_grammar/v1"
        },
        {
          "id": "hd-20261009-212457-b02b8f798c1e/candidates/0/2/claim/14",
          "candidate_id": "hd-20261009-212457-b02b8f798c1e/candidates/0/2",
          "kind": "UNKNOWN",
          "text": "persistence_of_coach_effects_year_over_year",
          "status": "UNVERIFIED",
          "extractor": "line_grammar/v1"
        },
        {
          "id": "hd-20261009-212457-b02b8f798c1e/candidates/0/2/claim/15",
          "candidate_id": "hd-20261009-212457-b02b8f798c1e/candidates/0/2",
          "kind": "ASSUMPTION",
          "text": "[Non-tender 1] The decision recurs every November or December, but the Cubs' marginal cases (borderline tender candidates) are probably few per year. Stake per case is the gap between arbitration salary and replacement cost.",
          "status": "UNVERIFIED",
          "extractor": "line_grammar/v1"
        },
        {
          "id": "hd-20261009-212457-b02b8f798c1e/candidates/0/2/claim/16",
          "candidate_id": "hd-20261009-212457-b02b8f798c1e/candidates/0/2",
          "kind": "ASSUMPTION",
          "text": "[Non-tender 2] Public arbitration salary projections and the prior-year non-tender lists are public. The set of players other clubs will non-tender is not known when the Cubs decide, so any replacement-pool label built from the final list leaks hindsight unless it is forecast as of a dated snapshot.",
          "status": "UNVERIFIED",
          "extractor": "line_grammar/v1"
        },
        {
          "id": "hd-20261009-212457-b02b8f798c1e/candidates/0/2/claim/17",
          "candidate_id": "hd-20261009-212457-b02b8f798c1e/candidates/0/2",
          "kind": "ASSUMPTION",
          "text": "[Non-tender 3] Past decisions are many league-wide, and signing price and next-season output are observable. Players signed after non-tender are a selected sample, because injured or declining players are overrepresented.",
          "status": "UNVERIFIED",
          "extractor": "line_grammar/v1"
        },
        {
          "id": "hd-20261009-212457-b02b8f798c1e/candidates/0/2/claim/18",
          "candidate_id": "hd-20261009-212457-b02b8f798c1e/candidates/0/2",
          "kind": "ASSUMPTION",
          "text": "[Non-tender 4] Actionability is high and cheap to reverse. A club can tender, then trade or release, with partial cost, which weakens the need for a precise model.",
          "status": "UNVERIFIED",
          "extractor": "line_grammar/v1"
        },
        {
          "id": "hd-20261009-212457-b02b8f798c1e/candidates/0/2/claim/19",
          "candidate_id": "hd-20261009-212457-b02b8f798c1e/candidates/0/2",
          "kind": "ASSUMPTION",
          "text": "[Non-tender 5] Clubs already apply WAR-per-dollar thresholds with internal projections, and public arbitration projections are widely available.",
          "status": "UNVERIFIED",
          "extractor": "line_grammar/v1"
        },
        {
          "id": "hd-20261009-212457-b02b8f798c1e/candidates/0/2/claim/20",
          "candidate_id": "hd-20261009-212457-b02b8f798c1e/candidates/0/2",
          "kind": "ASSUMPTION",
          "text": "[Non-tender 6] It would look useful through hindsight-labeled replacement pools, and through backtests that count only the non-tendered players who succeeded. A comparison against a strawman threshold also flatters it.",
          "status": "UNVERIFIED",
          "extractor": "line_grammar/v1"
        },
        {
          "id": "hd-20261009-212457-b02b8f798c1e/candidates/0/2/claim/21",
          "candidate_id": "hd-20261009-212457-b02b8f798c1e/candidates/0/2",
          "kind": "UNKNOWN",
          "text": "historical_nontender_signing_outcomes_dataset",
          "status": "UNVERIFIED",
          "extractor": "line_grammar/v1"
        },
        {
          "id": "hd-20261009-212457-b02b8f798c1e/candidates/0/2/claim/22",
          "candidate_id": "hd-20261009-212457-b02b8f798c1e/candidates/0/2",
          "kind": "ASSUMPTION",
          "text": "[QO 1] The decision recurs yearly only for players who are QO-eligible, so per-year count may be zero to a few. Stake is a compensation pick versus a one-year salary, and the pick's value depends on CBA terms I could not verify.",
          "status": "UNVERIFIED",
          "extractor": "line_grammar/v1"
        },
        {
          "id": "hd-20261009-212457-b02b8f798c1e/candidates/0/2/claim/23",
          "candidate_id": "hd-20261009-212457-b02b8f798c1e/candidates/0/2",
          "kind": "UNKNOWN",
          "text": "cubs_qo_eligible_players_2026",
          "status": "UNVERIFIED",
          "extractor": "line_grammar/v1"
        },
        {
          "id": "hd-20261009-212457-b02b8f798c1e/candidates/0/2/claim/24",
          "candidate_id": "hd-20261009-212457-b02b8f798c1e/candidates/0/2",
          "kind": "UNKNOWN",
          "text": "current_qo_amount_2026",
          "status": "UNVERIFIED",
          "extractor": "line_grammar/v1"
        },
        {
          "id": "hd-20261009-212457-b02b8f798c1e/candidates/0/2/claim/25",
          "candidate_id": "hd-20261009-212457-b02b8f798c1e/candidates/0/2",
          "kind": "ASSUMPTION",
          "text": "[QO 2] Public data on age, WAR, and market depth is available at decision time. Agent intent and private willingness to accept are not public, and they dominate the acceptance outcome.",
          "status": "UNVERIFIED",
          "extractor": "line_grammar/v1"
        },
        {
          "id": "hd-20261009-212457-b02b8f798c1e/candidates/0/2/claim/26",
          "candidate_id": "hd-20261009-212457-b02b8f798c1e/candidates/0/2",
          "kind": "ASSUMPTION",
          "text": "[QO 3] Public history since the system began is only on the order of a hundred or so offers in total. That is too small for a calibrated model with many features, and each outcome is binary, which makes calibration weak.",
          "status": "UNVERIFIED",
          "extractor": "line_grammar/v1"
        },
        {
          "id": "hd-20261009-212457-b02b8f798c1e/candidates/0/2/claim/27",
          "candidate_id": "hd-20261009-212457-b02b8f798c1e/candidates/0/2",
          "kind": "UNKNOWN",
          "text": "historical_qo_acceptance_count_by_year",
          "status": "UNVERIFIED",
          "extractor": "line_grammar/v1"
        },
        {
          "id": "hd-20261009-212457-b02b8f798c1e/candidates/0/2/claim/28",
          "candidate_id": "hd-20261009-212457-b02b8f798c1e/candidates/0/2",
          "kind": "ASSUMPTION",
          "text": "[QO 4] The CBA expires around December 2026 (unverified), so QO rules may change right when the model would be used, and backtests may not transfer.",
          "status": "UNVERIFIED",
          "extractor": "line_grammar/v1"
        },
        {
          "id": "hd-20261009-212457-b02b8f798c1e/candidates/0/2/claim/29",
          "candidate_id": "hd-20261009-212457-b02b8f798c1e/candidates/0/2",
          "kind": "UNKNOWN",
          "text": "cba_expiration_date_verification",
          "status": "UNVERIFIED",
          "extractor": "line_grammar/v1"
        },
        {
          "id": "hd-20261009-212457-b02b8f798c1e/candidates/0/2/claim/30",
          "candidate_id": "hd-20261009-212457-b02b8f798c1e/candidates/0/2",
          "kind": "ASSUMPTION",
          "text": "[QO 5] Clubs and public analysts already compare projected market AAV to the QO amount, so the mechanism is largely the baseline stated in the IDEA.",
          "status": "UNVERIFIED",
          "extractor": "line_grammar/v1"
        },
        {
          "id": "hd-20261009-212457-b02b8f798c1e/candidates/0/2/claim/31",
          "candidate_id": "hd-20261009-212457-b02b8f798c1e/candidates/0/2",
          "kind": "ASSUMPTION",
          "text": "[QO 6] It would look useful by overfitting a few dozen cases and by crediting hindsight on acceptance outcomes that were driven by market shocks.",
          "status": "UNVERIFIED",
          "extractor": "line_grammar/v1"
        },
        {
          "id": "hd-20261009-212457-b02b8f798c1e/candidates/0/2/claim/32",
          "candidate_id": "hd-20261009-212457-b02b8f798c1e/candidates/0/2",
          "kind": "ASSUMPTION",
          "text": "[Posting 1] Posting events per year are few, and the Cubs bid on a small fraction. Stake per signing is large, but the recurrence is thin.",
          "status": "UNVERIFIED",
          "extractor": "line_grammar/v1"
        },
        {
          "id": "hd-20261009-212457-b02b8f798c1e/candidates/0/2/claim/33",
          "candidate_id": "hd-20261009-212457-b02b8f798c1e/candidates/0/2",
          "kind": "UNKNOWN",
          "text": "count_of_posted_players_with_mlb_outcomes",
          "status": "UNVERIFIED",
          "extractor": "line_grammar/v1"
        },
        {
          "id": "hd-20261009-212457-b02b8f798c1e/candidates/0/2/claim/34",
          "candidate_id": "hd-20261009-212457-b02b8f798c1e/candidates/0/2",
          "kind": "ASSUMPTION",
          "text": "[Posting 2] Public NPB and KBO stats exist, but pitch-tracking and bat-tracking granularity may not be public or licensed. Whether posting timing and the player's availability are known at decision time varies by year.",
          "status": "UNVERIFIED",
          "extractor": "line_grammar/v1"
        },
        {
          "id": "hd-20261009-212457-b02b8f798c1e/candidates/0/2/claim/35",
          "candidate_id": "hd-20261009-212457-b02b8f798c1e/candidates/0/2",
          "kind": "UNKNOWN",
          "text": "public_availability_of_npb_kbo_pitch_tracking",
          "status": "UNVERIFIED",
          "extractor": "line_grammar/v1"
        },
        {
          "id": "hd-20261009-212457-b02b8f798c1e/candidates/0/2/claim/36",
          "candidate_id": "hd-20261009-212457-b02b8f798c1e/candidates/0/2",
          "kind": "ASSUMPTION",
          "text": "[Posting 3] The retrospective sample is small and heterogeneous across pitchers and hitters, ages, and ball and rule eras. MLB outcomes are observable but strongly censored by injury and playing time.",
          "status": "UNVERIFIED",
          "extractor": "line_grammar/v1"
        },
        {
          "id": "hd-20261009-212457-b02b8f798c1e/candidates/0/2/claim/37",
          "candidate_id": "hd-20261009-212457-b02b8f798c1e/candidates/0/2",
          "kind": "ASSUMPTION",
          "text": "[Posting 4] Actionability depends on posting fees, bid rules, and competition from other clubs. Any accuracy edge must also beat the winner's curse.",
          "status": "UNVERIFIED",
          "extractor": "line_grammar/v1"
        },
        {
          "id": "hd-20261009-212457-b02b8f798c1e/candidates/0/2/claim/38",
          "candidate_id": "hd-20261009-212457-b02b8f798c1e/candidates/0/2",
          "kind": "ASSUMPTION",
          "text": "[Posting 5] Clubs with international scouting and data feeds already run translation models. Public analysts publish translation factors, so the baseline \"simple ratios\" is probably weaker than actual club practice.",
          "status": "UNVERIFIED",
          "extractor": "line_grammar/v1"
        },
        {
          "id": "hd-20261009-212457-b02b8f798c1e/candidates/0/2/claim/39",
          "candidate_id": "hd-20261009-212457-b02b8f798c1e/candidates/0/2",
          "kind": "ASSUMPTION",
          "text": "[Posting 6] It would look useful through a handful of memorable hits and misses, and through fitting a model on survivors who were posted because they looked good. Narrow intervals from few cases would be false precision.",
          "status": "UNVERIFIED",
          "extractor": "line_grammar/v1"
        },
        {
          "id": "hd-20261009-212457-b02b8f798c1e/candidates/0/2/claim/40",
          "candidate_id": "hd-20261009-212457-b02b8f798c1e/candidates/0/2",
          "kind": "ASSUMPTION",
          "text": "[Postseason 1] The decision occurs only when the Cubs qualify, so expected annual value is discounted by playoff probability, and the number of roster slots that matter is small.",
          "status": "UNVERIFIED",
          "extractor": "line_grammar/v1"
        },
        {
          "id": "hd-20261009-212457-b02b8f798c1e/candidates/0/2/claim/41",
          "candidate_id": "hd-20261009-212457-b02b8f798c1e/candidates/0/2",
          "kind": "UNKNOWN",
          "text": "measured_win_probability_value_of_marginal_postseason_slot",
          "status": "UNVERIFIED",
          "extractor": "line_grammar/v1"
        },
        {
          "id": "hd-20261009-212457-b02b8f798c1e/candidates/0/2/claim/42",
          "candidate_id": "hd-20261009-212457-b02b8f798c1e/candidates/0/2",
          "kind": "ASSUMPTION",
          "text": "[Postseason 2] Opponent and roster information is public only close to the decision time. Injury status at the roster deadline is often incomplete.",
          "status": "UNVERIFIED",
          "extractor": "line_grammar/v1"
        },
        {
          "id": "hd-20261009-212457-b02b8f798c1e/candidates/0/2/claim/43",
          "candidate_id": "hd-20261009-212457-b02b8f798c1e/candidates/0/2",
          "kind": "UNKNOWN",
          "text": "public_injury_status_completeness_at_roster_deadline",
          "status": "UNVERIFIED",
          "extractor": "line_grammar/v1"
        },
        {
          "id": "hd-20261009-212457-b02b8f798c1e/candidates/0/2/claim/44",
          "candidate_id": "hd-20261009-212457-b02b8f798c1e/candidates/0/2",
          "kind": "ASSUMPTION",
          "text": "[Postseason 3] Public postseason series number only in the dozens each year, and outcomes are dominated by luck. A series win-probability difference of a fraction of a percentage point cannot be detected.",
          "status": "UNVERIFIED",
          "extractor": "line_grammar/v1"
        },
        {
          "id": "hd-20261009-212457-b02b8f798c1e/candidates/0/2/claim/45",
          "candidate_id": "hd-20261009-212457-b02b8f798c1e/candidates/0/2",
          "kind": "ASSUMPTION",
          "text": "[Postseason 4] Actionable, but constrained by health and by who is actually on the 40-man roster, which leaves few real choices.",
          "status": "UNVERIFIED",
          "extractor": "line_grammar/v1"
        },
        {
          "id": "hd-20261009-212457-b02b8f798c1e/candidates/0/2/claim/46",
          "candidate_id": "hd-20261009-212457-b02b8f798c1e/candidates/0/2",
          "kind": "ASSUMPTION",
          "text": "[Postseason 5] Contending clubs likely simulate matchups internally and have far better injury information than public sources.",
          "status": "UNVERIFIED",
          "extractor": "line_grammar/v1"
        },
        {
          "id": "hd-20261009-212457-b02b8f798c1e/candidates/0/2/claim/47",
          "candidate_id": "hd-20261009-212457-b02b8f798c1e/candidates/0/2",
          "kind": "ASSUMPTION",
          "text": "[Postseason 6] It would look useful by scoring simulator-recommended rosters against actual rosters on the same simulator, which only validates the model against itself. Post-hoc stories about a pinch runner are also misleading.",
          "status": "UNVERIFIED",
          "extractor": "line_grammar/v1"
        },
        {
          "id": "hd-20261009-212457-b02b8f798c1e/candidates/0/2/claim/48",
          "candidate_id": "hd-20261009-212457-b02b8f798c1e/candidates/0/2",
          "kind": "ASSUMPTION",
          "text": "[Arbitration 1] The decision recurs each January for every arbitration-eligible player, so many decisions per year, though hearings are a small subset. The stake is raise levels that compound, and the total is plausibly meaningful but unsized here.",
          "status": "UNVERIFIED",
          "extractor": "line_grammar/v1"
        },
        {
          "id": "hd-20261009-212457-b02b8f798c1e/candidates/0/2/claim/49",
          "candidate_id": "hd-20261009-212457-b02b8f798c1e/candidates/0/2",
          "kind": "UNKNOWN",
          "text": "annual_hearing_count_sample_size",
          "status": "UNVERIFIED",
          "extractor": "line_grammar/v1"
        },
        {
          "id": "hd-20261009-212457-b02b8f798c1e/candidates/0/2/claim/50",
          "candidate_id": "hd-20261009-212457-b02b8f798c1e/candidates/0/2",
          "kind": "ASSUMPTION",
          "text": "[Arbitration 2] Exchanged figures and hearing results are public. Panel reasoning, comparables admitted and club-specific hearing policy are less visible, and rules may change under a new CBA.",
          "status": "UNVERIFIED",
          "extractor": "line_grammar/v1"
        },
        {
          "id": "hd-20261009-212457-b02b8f798c1e/candidates/0/2/claim/51",
          "candidate_id": "hd-20261009-212457-b02b8f798c1e/candidates/0/2",
          "kind": "UNKNOWN",
          "text": "post_2026_cba_arbitration_rules",
          "status": "UNVERIFIED",
          "extractor": "line_grammar/v1"
        },
        {
          "id": "hd-20261009-212457-b02b8f798c1e/candidates/0/2/claim/52",
          "candidate_id": "hd-20261009-212457-b02b8f798c1e/candidates/0/2",
          "kind": "ASSUMPTION",
          "text": "[Arbitration 3] Hearings per year are few, so a panel-outcome predictor trained on public hearings has small n, and the outcome is binary (the panel picks one of two numbers), which carries little information per case.",
          "status": "UNVERIFIED",
          "extractor": "line_grammar/v1"
        },
        {
          "id": "hd-20261009-212457-b02b8f798c1e/candidates/0/2/claim/53",
          "candidate_id": "hd-20261009-212457-b02b8f798c1e/candidates/0/2",
          "kind": "ASSUMPTION",
          "text": "[Arbitration 4] Actionability is real for the file-and-trial and settlement choice, but a club policy choice (such as whether to go to hearings at all) can matter more than case-by-case prediction.",
          "status": "UNVERIFIED",
          "extractor": "line_grammar/v1"
        },
        {
          "id": "hd-20261009-212457-b02b8f798c1e/candidates/0/2/claim/54",
          "candidate_id": "hd-20261009-212457-b02b8f798c1e/candidates/0/2",
          "kind": "ASSUMPTION",
          "text": "[Arbitration 5] Clubs and outside counsel have studied hearings for decades, and settlement at midpoint is a well-known baseline. Public databases of arbitration results already exist.",
          "status": "UNVERIFIED",
          "extractor": "line_grammar/v1"
        },
        {
          "id": "hd-20261009-212457-b02b8f798c1e/candidates/0/2/claim/55",
          "candidate_id": "hd-20261009-212457-b02b8f798c1e/candidates/0/2",
          "kind": "ASSUMPTION",
          "text": "[Arbitration 6] It would look useful by fitting hearing results with too many features, and from selection: hearings are cases the sides could not settle, so they differ from the cases the model would need to price.",
          "status": "UNVERIFIED",
          "extractor": "line_grammar/v1"
        },
        {
          "id": "hd-20261009-212457-b02b8f798c1e/candidates/0/2/claim/56",
          "candidate_id": "hd-20261009-212457-b02b8f798c1e/candidates/0/2",
          "kind": "ASSUMPTION",
          "text": "[Blind spot 1] No candidate states expected dollars or wins per decision with a source, so ranking by size of stake is currently unsupported.",
          "status": "UNVERIFIED",
          "extractor": "line_grammar/v1"
        },
        {
          "id": "hd-20261009-212457-b02b8f798c1e/candidates/0/2/claim/57",
          "candidate_id": "hd-20261009-212457-b02b8f798c1e/candidates/0/2",
          "kind": "ASSUMPTION",
          "text": "[Blind spot 2] Every backtest compares against a simple rule, whereas the real competitor is internal staff with private data. Beating the strawman does not show an advantage.",
          "status": "UNVERIFIED",
          "extractor": "line_grammar/v1"
        },
        {
          "id": "hd-20261009-212457-b02b8f798c1e/candidates/0/2/claim/58",
          "candidate_id": "hd-20261009-212457-b02b8f798c1e/candidates/0/2",
          "kind": "ASSUMPTION",
          "text": "[Blind spot 3] Hindsight risk is shared by all six. Backtests need dated snapshots of what was public at the decision date (projections, rosters, rumors), and many public sources are overwritten.",
          "status": "UNVERIFIED",
          "extractor": "line_grammar/v1"
        },
        {
          "id": "hd-20261009-212457-b02b8f798c1e/candidates/0/2/claim/59",
          "candidate_id": "hd-20261009-212457-b02b8f798c1e/candidates/0/2",
          "kind": "ASSUMPTION",
          "text": "[Blind spot 4] Small n and multiple testing across features, years and subgroups will produce spurious wins for the QO, posting, postseason, and hearing candidates unless the test is pre-registered.",
          "status": "UNVERIFIED",
          "extractor": "line_grammar/v1"
        },
        {
          "id": "hd-20261009-212457-b02b8f798c1e/candidates/0/2/claim/60",
          "candidate_id": "hd-20261009-212457-b02b8f798c1e/candidates/0/2",
          "kind": "ASSUMPTION",
          "text": "[Blind spot 5] A CBA expiration around this offseason (unverified) could change arbitration, QO, draft and service rules, and could cause a lockout. Backtests before that date may not carry over.",
          "status": "UNVERIFIED",
          "extractor": "line_grammar/v1"
        },
        {
          "id": "hd-20261009-212457-b02b8f798c1e/candidates/0/2/claim/61",
          "candidate_id": "hd-20261009-212457-b02b8f798c1e/candidates/0/2",
          "kind": "ASSUMPTION",
          "text": "[Blind spot 6] Winner's curse and counterparty behavior (agents, other clubs) are common to QO, non-tender and posting, and a forecasting model alone does not solve them.",
          "status": "UNVERIFIED",
          "extractor": "line_grammar/v1"
        },
        {
          "id": "hd-20261009-212457-b02b8f798c1e/candidates/0/2/claim/62",
          "candidate_id": "hd-20261009-212457-b02b8f798c1e/candidates/0/2",
          "kind": "ASSUMPTION",
          "text": "[Blind spot 7] The set ignores organizational adoption: a tool matters only if decision owners would change their decisions, which is not tested by a backtest.",
          "status": "UNVERIFIED",
          "extractor": "line_grammar/v1"
        },
        {
          "id": "hd-20261009-212457-b02b8f798c1e/candidates/0/2/claim/63",
          "candidate_id": "hd-20261009-212457-b02b8f798c1e/candidates/0/2",
          "kind": "ASSUMPTION",
          "text": "[Blind spot 8] Terms of use for scraped public data (Statcast, transaction logs, foreign-league sites) were not checked, and public is not necessarily lawful to redistribute.",
          "status": "UNVERIFIED",
          "extractor": "line_grammar/v1"
        },
        {
          "id": "hd-20261009-212457-b02b8f798c1e/candidates/0/2/claim/64",
          "candidate_id": "hd-20261009-212457-b02b8f798c1e/candidates/0/2",
          "kind": "UNKNOWN",
          "text": "cubs_private_models_and_practices",
          "status": "UNVERIFIED",
          "extractor": "line_grammar/v1"
        },
        {
          "id": "hd-20261009-212457-b02b8f798c1e/candidates/0/2/claim/65",
          "candidate_id": "hd-20261009-212457-b02b8f798c1e/candidates/0/2",
          "kind": "IDEA",
          "text": "Replace the six with one pre-registered \"dated-snapshot decision audit\" on league-wide winter market decisions (non-tender, QO, posting), scoring forecast calibration against realized prices and outcomes. Cubs-specific tooling would be built only where it beats staff-style baselines out of sample.",
          "status": "UNVERIFIED",
          "extractor": "line_grammar/v1"
        },
        {
          "id": "hd-20261009-212457-b02b8f798c1e/candidates/0/2/claim/66",
          "candidate_id": "hd-20261009-212457-b02b8f798c1e/candidates/0/2",
          "kind": "IDEA",
          "text": "Narrow the arbitration idea to a settle-versus-hearing expected-value calculator that uses exchanged figures and public award history, reported with intervals. Stop if annual hearing counts are too low to bound the error.",
          "status": "UNVERIFIED",
          "extractor": "line_grammar/v1"
        },
        {
          "id": "hd-20261009-212457-b02b8f798c1e/candidates/0/2/claim/67",
          "candidate_id": "hd-20261009-212457-b02b8f798c1e/candidates/0/2",
          "kind": "IDEA",
          "text": "Run the coaching idea as a null-result test: check whether year-T coach ratings predict year-T+1 changes better than a tenure or reputation proxy, with matched controls. Fund it only if intervals are narrow enough to change a hire.",
          "status": "UNVERIFIED",
          "extractor": "line_grammar/v1"
        },
        {
          "id": "hd-20261009-212457-b02b8f798c1e/candidates/0/2/claim/68",
          "candidate_id": "hd-20261009-212457-b02b8f798c1e/candidates/0/2",
          "kind": "IDEA",
          "text": "Defer the postseason roster optimizer, and instead build a reusable matchup simulator only if the series win-probability gain from marginal slots is shown to exceed what noise could hide.",
          "status": "UNVERIFIED",
          "extractor": "line_grammar/v1"
        }
      ],
      "evidence_refs": [
        "objective_context"
      ],
      "assumptions": [
        "No numeric evidence was supplied (facts is empty), so everything below is critique to be checked, not established fact.",
        "The pooled assumptions attached to the candidates include many that belong to other ideas (rain delays, draft pools, stolen bases). I judged each candidate on its own IDEA text only.",
        "The postseason roster IDEA text (candidates/0/5/idea/1) states only owner, decision and frequency. Value, mechanism and baseline appear only in the unresolved-issues list, so that candidate is under-specified as written.",
        "[Coaching 1] The hire or retain decision recurs yearly, but only a handful of coaching slots turn over per club. Value per decision is plausibly large, yet no supplied evidence sizes it.",
        "[Coaching 2] Public inputs are Statcast, staff announcements and media guides. Assistant and minor-league role titles and dates are likely inconsistent, so the link from coach to player may be mislabeled.",
        "[Coaching 3] The number of coach-movement events with enough players per coach is probably small, and the outcome (player change) is observable but very noisy. Intervals may be too wide to change any hiring decision.",
        "[Coaching 4] Actionability is limited because the Cubs can hire only from available candidates, and coach quality is hard to separate from the hiring club's infrastructure.",
        "[Coaching 5] Sophisticated clubs probably already track player development outcomes by staff internally. Public sources give mostly anecdote and press narrative, not rigorous attribution.",
        "[Coaching 6] It would look useful through regression to the mean, survivorship (coaches get poached after good years), and teams acquiring players they already expect to improve. Pitch-mix changes may be driven by front-office strategy and not by the coach.",
        "[Non-tender 1] The decision recurs every November or December, but the Cubs' marginal cases (borderline tender candidates) are probably few per year. Stake per case is the gap between arbitration salary and replacement cost.",
        "[Non-tender 2] Public arbitration salary projections and the prior-year non-tender lists are public. The set of players other clubs will non-tender is not known when the Cubs decide, so any replacement-pool label built from the final list leaks hindsight unless it is forecast as of a dated snapshot.",
        "[Non-tender 3] Past decisions are many league-wide, and signing price and next-season output are observable. Players signed after non-tender are a selected sample, because injured or declining players are overrepresented.",
        "[Non-tender 4] Actionability is high and cheap to reverse. A club can tender, then trade or release, with partial cost, which weakens the need for a precise model.",
        "[Non-tender 5] Clubs already apply WAR-per-dollar thresholds with internal projections, and public arbitration projections are widely available.",
        "[Non-tender 6] It would look useful through hindsight-labeled replacement pools, and through backtests that count only the non-tendered players who succeeded. A comparison against a strawman threshold also flatters it.",
        "[QO 1] The decision recurs yearly only for players who are QO-eligible, so per-year count may be zero to a few. Stake is a compensation pick versus a one-year salary, and the pick's value depends on CBA terms I could not verify.",
        "[QO 2] Public data on age, WAR, and market depth is available at decision time. Agent intent and private willingness to accept are not public, and they dominate the acceptance outcome.",
        "[QO 3] Public history since the system began is only on the order of a hundred or so offers in total. That is too small for a calibrated model with many features, and each outcome is binary, which makes calibration weak.",
        "[QO 4] The CBA expires around December 2026 (unverified), so QO rules may change right when the model would be used, and backtests may not transfer.",
        "[QO 5] Clubs and public analysts already compare projected market AAV to the QO amount, so the mechanism is largely the baseline stated in the IDEA.",
        "[QO 6] It would look useful by overfitting a few dozen cases and by crediting hindsight on acceptance outcomes that were driven by market shocks.",
        "[Posting 1] Posting events per year are few, and the Cubs bid on a small fraction. Stake per signing is large, but the recurrence is thin.",
        "[Posting 2] Public NPB and KBO stats exist, but pitch-tracking and bat-tracking granularity may not be public or licensed. Whether posting timing and the player's availability are known at decision time varies by year.",
        "[Posting 3] The retrospective sample is small and heterogeneous across pitchers and hitters, ages, and ball and rule eras. MLB outcomes are observable but strongly censored by injury and playing time.",
        "[Posting 4] Actionability depends on posting fees, bid rules, and competition from other clubs. Any accuracy edge must also beat the winner's curse.",
        "[Posting 5] Clubs with international scouting and data feeds already run translation models. Public analysts publish translation factors, so the baseline \"simple ratios\" is probably weaker than actual club practice.",
        "[Posting 6] It would look useful through a handful of memorable hits and misses, and through fitting a model on survivors who were posted because they looked good. Narrow intervals from few cases would be false precision.",
        "[Postseason 1] The decision occurs only when the Cubs qualify, so expected annual value is discounted by playoff probability, and the number of roster slots that matter is small.",
        "[Postseason 2] Opponent and roster information is public only close to the decision time. Injury status at the roster deadline is often incomplete.",
        "[Postseason 3] Public postseason series number only in the dozens each year, and outcomes are dominated by luck. A series win-probability difference of a fraction of a percentage point cannot be detected.",
        "[Postseason 4] Actionable, but constrained by health and by who is actually on the 40-man roster, which leaves few real choices.",
        "[Postseason 5] Contending clubs likely simulate matchups internally and have far better injury information than public sources.",
        "[Postseason 6] It would look useful by scoring simulator-recommended rosters against actual rosters on the same simulator, which only validates the model against itself. Post-hoc stories about a pinch runner are also misleading.",
        "[Arbitration 1] The decision recurs each January for every arbitration-eligible player, so many decisions per year, though hearings are a small subset. The stake is raise levels that compound, and the total is plausibly meaningful but unsized here.",
        "[Arbitration 2] Exchanged figures and hearing results are public. Panel reasoning, comparables admitted and club-specific hearing policy are less visible, and rules may change under a new CBA.",
        "[Arbitration 3] Hearings per year are few, so a panel-outcome predictor trained on public hearings has small n, and the outcome is binary (the panel picks one of two numbers), which carries little information per case.",
        "[Arbitration 4] Actionability is real for the file-and-trial and settlement choice, but a club policy choice (such as whether to go to hearings at all) can matter more than case-by-case prediction.",
        "[Arbitration 5] Clubs and outside counsel have studied hearings for decades, and settlement at midpoint is a well-known baseline. Public databases of arbitration results already exist.",
        "[Arbitration 6] It would look useful by fitting hearing results with too many features, and from selection: hearings are cases the sides could not settle, so they differ from the cases the model would need to price.",
        "[Blind spot 1] No candidate states expected dollars or wins per decision with a source, so ranking by size of stake is currently unsupported.",
        "[Blind spot 2] Every backtest compares against a simple rule, whereas the real competitor is internal staff with private data. Beating the strawman does not show an advantage.",
        "[Blind spot 3] Hindsight risk is shared by all six. Backtests need dated snapshots of what was public at the decision date (projections, rosters, rumors), and many public sources are overwritten.",
        "[Blind spot 4] Small n and multiple testing across features, years and subgroups will produce spurious wins for the QO, posting, postseason, and hearing candidates unless the test is pre-registered.",
        "[Blind spot 5] A CBA expiration around this offseason (unverified) could change arbitration, QO, draft and service rules, and could cause a lockout. Backtests before that date may not carry over.",
        "[Blind spot 6] Winner's curse and counterparty behavior (agents, other clubs) are common to QO, non-tender and posting, and a forecasting model alone does not solve them.",
        "[Blind spot 7] The set ignores organizational adoption: a tool matters only if decision owners would change their decisions, which is not tested by a backtest.",
        "[Blind spot 8] Terms of use for scraped public data (Statcast, transaction logs, foreign-league sites) were not checked, and public is not necessarily lawful to redistribute."
      ],
      "unresolved_issues": [
        "No numeric evidence was supplied (facts is empty), so everything below is critique to be checked, not established fact.",
        "The pooled assumptions attached to the candidates include many that belong to other ideas (rain delays, draft pools, stolen bases). I judged each candidate on its own IDEA text only.",
        "The postseason roster IDEA text (candidates/0/5/idea/1) states only owner, decision and frequency. Value, mechanism and baseline appear only in the unresolved-issues list, so that candidate is under-specified as written.",
        "[Coaching 1] The hire or retain decision recurs yearly, but only a handful of coaching slots turn over per club. Value per decision is plausibly large, yet no supplied evidence sizes it.",
        "[Coaching 2] Public inputs are Statcast, staff announcements and media guides. Assistant and minor-league role titles and dates are likely inconsistent, so the link from coach to player may be mislabeled.",
        "[Coaching 3] The number of coach-movement events with enough players per coach is probably small, and the outcome (player change) is observable but very noisy. Intervals may be too wide to change any hiring decision.",
        "[Coaching 4] Actionability is limited because the Cubs can hire only from available candidates, and coach quality is hard to separate from the hiring club's infrastructure.",
        "[Coaching 5] Sophisticated clubs probably already track player development outcomes by staff internally. Public sources give mostly anecdote and press narrative, not rigorous attribution.",
        "[Coaching 6] It would look useful through regression to the mean, survivorship (coaches get poached after good years), and teams acquiring players they already expect to improve. Pitch-mix changes may be driven by front-office strategy and not by the coach.",
        "[Non-tender 1] The decision recurs every November or December, but the Cubs' marginal cases (borderline tender candidates) are probably few per year. Stake per case is the gap between arbitration salary and replacement cost.",
        "[Non-tender 2] Public arbitration salary projections and the prior-year non-tender lists are public. The set of players other clubs will non-tender is not known when the Cubs decide, so any replacement-pool label built from the final list leaks hindsight unless it is forecast as of a dated snapshot.",
        "[Non-tender 3] Past decisions are many league-wide, and signing price and next-season output are observable. Players signed after non-tender are a selected sample, because injured or declining players are overrepresented.",
        "[Non-tender 4] Actionability is high and cheap to reverse. A club can tender, then trade or release, with partial cost, which weakens the need for a precise model.",
        "[Non-tender 5] Clubs already apply WAR-per-dollar thresholds with internal projections, and public arbitration projections are widely available.",
        "[Non-tender 6] It would look useful through hindsight-labeled replacement pools, and through backtests that count only the non-tendered players who succeeded. A comparison against a strawman threshold also flatters it.",
        "[QO 1] The decision recurs yearly only for players who are QO-eligible, so per-year count may be zero to a few. Stake is a compensation pick versus a one-year salary, and the pick's value depends on CBA terms I could not verify.",
        "[QO 2] Public data on age, WAR, and market depth is available at decision time. Agent intent and private willingness to accept are not public, and they dominate the acceptance outcome.",
        "[QO 3] Public history since the system began is only on the order of a hundred or so offers in total. That is too small for a calibrated model with many features, and each outcome is binary, which makes calibration weak.",
        "[QO 4] The CBA expires around December 2026 (unverified), so QO rules may change right when the model would be used, and backtests may not transfer.",
        "[QO 5] Clubs and public analysts already compare projected market AAV to the QO amount, so the mechanism is largely the baseline stated in the IDEA.",
        "[QO 6] It would look useful by overfitting a few dozen cases and by crediting hindsight on acceptance outcomes that were driven by market shocks.",
        "[Posting 1] Posting events per year are few, and the Cubs bid on a small fraction. Stake per signing is large, but the recurrence is thin.",
        "[Posting 2] Public NPB and KBO stats exist, but pitch-tracking and bat-tracking granularity may not be public or licensed. Whether posting timing and the player's availability are known at decision time varies by year.",
        "[Posting 3] The retrospective sample is small and heterogeneous across pitchers and hitters, ages, and ball and rule eras. MLB outcomes are observable but strongly censored by injury and playing time.",
        "[Posting 4] Actionability depends on posting fees, bid rules, and competition from other clubs. Any accuracy edge must also beat the winner's curse.",
        "[Posting 5] Clubs with international scouting and data feeds already run translation models. Public analysts publish translation factors, so the baseline \"simple ratios\" is probably weaker than actual club practice.",
        "[Posting 6] It would look useful through a handful of memorable hits and misses, and through fitting a model on survivors who were posted because they looked good. Narrow intervals from few cases would be false precision.",
        "[Postseason 1] The decision occurs only when the Cubs qualify, so expected annual value is discounted by playoff probability, and the number of roster slots that matter is small.",
        "[Postseason 2] Opponent and roster information is public only close to the decision time. Injury status at the roster deadline is often incomplete.",
        "[Postseason 3] Public postseason series number only in the dozens each year, and outcomes are dominated by luck. A series win-probability difference of a fraction of a percentage point cannot be detected.",
        "[Postseason 4] Actionable, but constrained by health and by who is actually on the 40-man roster, which leaves few real choices.",
        "[Postseason 5] Contending clubs likely simulate matchups internally and have far better injury information than public sources.",
        "[Postseason 6] It would look useful by scoring simulator-recommended rosters against actual rosters on the same simulator, which only validates the model against itself. Post-hoc stories about a pinch runner are also misleading.",
        "[Arbitration 1] The decision recurs each January for every arbitration-eligible player, so many decisions per year, though hearings are a small subset. The stake is raise levels that compound, and the total is plausibly meaningful but unsized here.",
        "[Arbitration 2] Exchanged figures and hearing results are public. Panel reasoning, comparables admitted and club-specific hearing policy are less visible, and rules may change under a new CBA.",
        "[Arbitration 3] Hearings per year are few, so a panel-outcome predictor trained on public hearings has small n, and the outcome is binary (the panel picks one of two numbers), which carries little information per case.",
        "[Arbitration 4] Actionability is real for the file-and-trial and settlement choice, but a club policy choice (such as whether to go to hearings at all) can matter more than case-by-case prediction.",
        "[Arbitration 5] Clubs and outside counsel have studied hearings for decades, and settlement at midpoint is a well-known baseline. Public databases of arbitration results already exist.",
        "[Arbitration 6] It would look useful by fitting hearing results with too many features, and from selection: hearings are cases the sides could not settle, so they differ from the cases the model would need to price.",
        "[Blind spot 1] No candidate states expected dollars or wins per decision with a source, so ranking by size of stake is currently unsupported.",
        "[Blind spot 2] Every backtest compares against a simple rule, whereas the real competitor is internal staff with private data. Beating the strawman does not show an advantage.",
        "[Blind spot 3] Hindsight risk is shared by all six. Backtests need dated snapshots of what was public at the decision date (projections, rosters, rumors), and many public sources are overwritten.",
        "[Blind spot 4] Small n and multiple testing across features, years and subgroups will produce spurious wins for the QO, posting, postseason, and hearing candidates unless the test is pre-registered.",
        "[Blind spot 5] A CBA expiration around this offseason (unverified) could change arbitration, QO, draft and service rules, and could cause a lockout. Backtests before that date may not carry over.",
        "[Blind spot 6] Winner's curse and counterparty behavior (agents, other clubs) are common to QO, non-tender and posting, and a forecasting model alone does not solve them.",
        "[Blind spot 7] The set ignores organizational adoption: a tool matters only if decision owners would change their decisions, which is not tested by a backtest.",
        "[Blind spot 8] Terms of use for scraped public data (Statcast, transaction logs, foreign-league sites) were not checked, and public is not necessarily lawful to redistribute.",
        "supplied_numeric_evidence_for_any_candidate",
        "detectable_coach_effect_size",
        "public_coach_tenure_dataset_completeness",
        "persistence_of_coach_effects_year_over_year",
        "historical_nontender_signing_outcomes_dataset",
        "cubs_qo_eligible_players_2026",
        "current_qo_amount_2026",
        "historical_qo_acceptance_count_by_year",
        "cba_expiration_date_verification",
        "count_of_posted_players_with_mlb_outcomes",
        "public_availability_of_npb_kbo_pitch_tracking",
        "measured_win_probability_value_of_marginal_postseason_slot",
        "public_injury_status_completeness_at_roster_deadline",
        "annual_hearing_count_sample_size",
        "post_2026_cba_arbitration_rules",
        "cubs_private_models_and_practices",
        "Replace the six with one pre-registered \"dated-snapshot decision audit\" on league-wide winter market decisions (non-tender, QO, posting), scoring forecast calibration against realized prices and outcomes. Cubs-specific tooling would be built only where it beats staff-style baselines out of sample.",
        "Narrow the arbitration idea to a settle-versus-hearing expected-value calculator that uses exchanged figures and public award history, reported with intervals. Stop if annual hearing counts are too low to bound the error.",
        "Run the coaching idea as a null-result test: check whether year-T coach ratings predict year-T+1 changes better than a tenure or reputation proxy, with matched controls. Fund it only if intervals are narrow enough to change a hire.",
        "Defer the postseason roster optimizer, and instead build a reusable matchup simulator only if the series win-probability gain from marginal slots is shown to exceed what noise could hide."
      ],
      "contradictions": [],
      "verified_constraints": [],
      "provenance": {
        "run_id": "hd-20261009-212457-b02b8f798c1e",
        "producer_component": "howldream",
        "producer_version": "0.4.4",
        "model_or_provider": "claude-sonnet-5-5",
        "observation_kind": "EXTERNALLY_OBSERVED",
        "created_at": "2026-10-09T21:28:17.640803+00:00",
        "transformations": [
          "generated"
        ],
        "participation": [
          {
            "operation": "GENERATED",
            "transforming_component": "howldream",
            "origin_component": "howldream",
            "origin_provider": "claude",
            "origin_model": "claude-sonnet-5-5",
            "subject_count": 1,
            "inference_occurred": true,
            "note": "Dream prompted the provider; the provider authored the text."
          }
        ],
        "request_id": "cubs-r003-p2-critique",
        "originating_component": "operator",
        "execution": {
          "requested_provider": "command",
          "selected_provider": "command",
          "actual_provider": "claude",
          "adapter": "claude-json",
          "model": "claude-sonnet-5-5",
          "requested_model": "claude-sonnet-5-5",
          "deterministic": false,
          "mocked": false,
          "inference_occurred": true,
          "remote": true,
          "remote_observation": "OPERATOR_DECLARED",
          "fallback_reason": null,
          "elapsed_seconds": 45.16821361199982,
          "usage": {
            "input_tokens": 2,
            "cache_creation_input_tokens": 24710,
            "cache_read_input_tokens": 0,
            "output_tokens": 5509,
            "output_tokens_details": {
              "thinking_tokens": 1434
            },
            "server_tool_use": {
              "web_search_requests": 0,
              "web_fetch_requests": 0
            },
            "cache_creation": {
              "ephemeral_1h_input_tokens": 24710,
              "ephemeral_5m_input_tokens": 0
            }
          },
          "cost": 0.153934,
          "request_id": "cd3783c1-43b5-40e1-a476-375136ad23d0",
          "raw_output_received": true,
          "parse_status": "VALID",
          "repair_attempted": false,
          "sampling": null
        },
        "source_candidate_refs": [
          {
            "candidate_id": "hd-20261009-211812-efe1740f0c77/candidates/0/0/idea/2",
            "source_run_id": "hd-20261009-211812-efe1740f0c77",
            "sha256": "6829ee86945bfb0c50197b5906a63a331cf1cfb67fad517a947a57901e90b298"
          },
          {
            "candidate_id": "hd-20261009-211812-efe1740f0c77/candidates/0/0/idea/3",
            "source_run_id": "hd-20261009-211812-efe1740f0c77",
            "sha256": "1f7b950053564326d6c6fc42860bd8aa93edbcd018297abcb7925949ce1a2807"
          },
          {
            "candidate_id": "hd-20261009-211812-efe1740f0c77/candidates/0/1/idea/1",
            "source_run_id": "hd-20261009-211812-efe1740f0c77",
            "sha256": "5121444f21b1ebfbe3d5f6b49ef11adcfac5bd2f948eb382686ff83bc0006430"
          },
          {
            "candidate_id": "hd-20261009-211812-efe1740f0c77/candidates/0/1/idea/3",
            "source_run_id": "hd-20261009-211812-efe1740f0c77",
            "sha256": "ecc907f458550650cf737ac3d7882c8f180a93b47d011a1c46ff8e2e7617f381"
          },
          {
            "candidate_id": "hd-20261009-211812-efe1740f0c77/candidates/0/2/idea/2",
            "source_run_id": "hd-20261009-211812-efe1740f0c77",
            "sha256": "0d402eb73e57d9ca3d90616bf967f22317f796dcd6a3c05f567e0203bbb307a3"
          },
          {
            "candidate_id": "hd-20261009-211812-efe1740f0c77/candidates/0/5/idea/1",
            "source_run_id": "hd-20261009-211812-efe1740f0c77",
            "sha256": "7a0717d5447d5a41e23600b5ab01d6f99494721533fb60904697e51003d111df"
          }
        ],
        "source_candidates_location": "exploration_envelope.json#/provenance/source_candidates",
        "hard_constraints": [
          "Public or clearly labeled synthetic data only.",
          "Do not invent statistics or private Cubs information.",
          "Prefer falsifiable criticism."
        ],
        "constraint_scope": "UNVERIFIED_GENERATION_GUIDANCE",
        "purpose": "verification",
        "verification": [
          {
            "claim_id": "hd-20261009-212457-b02b8f798c1e/candidates/0/2/claim/1",
            "candidate_id": "hd-20261009-212457-b02b8f798c1e/candidates/0/2",
            "status": "UNCERTAIN",
            "classifications": [],
            "source_ids": [],
            "evidence_provenance": [],
            "check_scope": "SUPPLIED_LEDGER",
            "critical": false,
            "verifier": "supplied_ledger_and_arithmetic/v2",
            "scorer_type": "deterministic",
            "note": "No available check establishes this proposition."
          },
          {
            "claim_id": "hd-20261009-212457-b02b8f798c1e/candidates/0/2/claim/2",
            "candidate_id": "hd-20261009-212457-b02b8f798c1e/candidates/0/2",
            "status": "UNCERTAIN",
            "classifications": [],
            "source_ids": [],
            "evidence_provenance": [],
            "check_scope": "SUPPLIED_LEDGER",
            "critical": false,
            "verifier": "supplied_ledger_and_arithmetic/v2",
            "scorer_type": "deterministic",
            "note": "Explicit abstention; not counted as a detected failure or a verified fact."
          },
          {
            "claim_id": "hd-20261009-212457-b02b8f798c1e/candidates/0/2/claim/3",
            "candidate_id": "hd-20261009-212457-b02b8f798c1e/candidates/0/2",
            "status": "UNCERTAIN",
            "classifications": [],
            "source_ids": [],
            "evidence_provenance": [],
            "check_scope": "SUPPLIED_LEDGER",
            "critical": false,
            "verifier": "supplied_ledger_and_arithmetic/v2",
            "scorer_type": "deterministic",
            "note": "No available check establishes this proposition."
          },
          {
            "claim_id": "hd-20261009-212457-b02b8f798c1e/candidates/0/2/claim/4",
            "candidate_id": "hd-20261009-212457-b02b8f798c1e/candidates/0/2",
            "status": "UNCERTAIN",
            "classifications": [],
            "source_ids": [],
            "evidence_provenance": [],
            "check_scope": "SUPPLIED_LEDGER",
            "critical": false,
            "verifier": "supplied_ledger_and_arithmetic/v2",
            "scorer_type": "deterministic",
            "note": "No available check establishes this proposition."
          },
          {
            "claim_id": "hd-20261009-212457-b02b8f798c1e/candidates/0/2/claim/5",
            "candidate_id": "hd-20261009-212457-b02b8f798c1e/candidates/0/2",
            "status": "SUPPORTED",
            "classifications": [],
            "source_ids": [
              "objective_context"
            ],
            "evidence_provenance": [
              {
                "source_id": "objective_context",
                "source_type": "UNCLASSIFIED",
                "produced_by": "unknown",
                "source_ref": "",
                "independent_of_implementation": false,
                "represents_observed_reality": false
              }
            ],
            "check_scope": "CITATION_PRESENCE",
            "critical": false,
            "verifier": "supplied_ledger_and_arithmetic/v2",
            "scorer_type": "deterministic",
            "note": "Source ID presence only; existence on the internet and entailment are not checked."
          },
          {
            "claim_id": "hd-20261009-212457-b02b8f798c1e/candidates/0/2/claim/6",
            "candidate_id": "hd-20261009-212457-b02b8f798c1e/candidates/0/2",
            "status": "UNCERTAIN",
            "classifications": [],
            "source_ids": [],
            "evidence_provenance": [],
            "check_scope": "SUPPLIED_LEDGER",
            "critical": false,
            "verifier": "supplied_ledger_and_arithmetic/v2",
            "scorer_type": "deterministic",
            "note": "No available check establishes this proposition."
          },
          {
            "claim_id": "hd-20261009-212457-b02b8f798c1e/candidates/0/2/claim/7",
            "candidate_id": "hd-20261009-212457-b02b8f798c1e/candidates/0/2",
            "status": "UNCERTAIN",
            "classifications": [],
            "source_ids": [],
            "evidence_provenance": [],
            "check_scope": "SUPPLIED_LEDGER",
            "critical": false,
            "verifier": "supplied_ledger_and_arithmetic/v2",
            "scorer_type": "deterministic",
            "note": "Explicit abstention; not counted as a detected failure or a verified fact."
          },
          {
            "claim_id": "hd-20261009-212457-b02b8f798c1e/candidates/0/2/claim/8",
            "candidate_id": "hd-20261009-212457-b02b8f798c1e/candidates/0/2",
            "status": "UNCERTAIN",
            "classifications": [],
            "source_ids": [],
            "evidence_provenance": [],
            "check_scope": "SUPPLIED_LEDGER",
            "critical": false,
            "verifier": "supplied_ledger_and_arithmetic/v2",
            "scorer_type": "deterministic",
            "note": "No available check establishes this proposition."
          },
          {
            "claim_id": "hd-20261009-212457-b02b8f798c1e/candidates/0/2/claim/9",
            "candidate_id": "hd-20261009-212457-b02b8f798c1e/candidates/0/2",
            "status": "UNCERTAIN",
            "classifications": [],
            "source_ids": [],
            "evidence_provenance": [],
            "check_scope": "SUPPLIED_LEDGER",
            "critical": false,
            "verifier": "supplied_ledger_and_arithmetic/v2",
            "scorer_type": "deterministic",
            "note": "Explicit abstention; not counted as a detected failure or a verified fact."
          },
          {
            "claim_id": "hd-20261009-212457-b02b8f798c1e/candidates/0/2/claim/10",
            "candidate_id": "hd-20261009-212457-b02b8f798c1e/candidates/0/2",
            "status": "UNCERTAIN",
            "classifications": [],
            "source_ids": [],
            "evidence_provenance": [],
            "check_scope": "SUPPLIED_LEDGER",
            "critical": false,
            "verifier": "supplied_ledger_and_arithmetic/v2",
            "scorer_type": "deterministic",
            "note": "No available check establishes this proposition."
          },
          {
            "claim_id": "hd-20261009-212457-b02b8f798c1e/candidates/0/2/claim/11",
            "candidate_id": "hd-20261009-212457-b02b8f798c1e/candidates/0/2",
            "status": "UNCERTAIN",
            "classifications": [],
            "source_ids": [],
            "evidence_provenance": [],
            "check_scope": "SUPPLIED_LEDGER",
            "critical": false,
            "verifier": "supplied_ledger_and_arithmetic/v2",
            "scorer_type": "deterministic",
            "note": "No available check establishes this proposition."
          },
          {
            "claim_id": "hd-20261009-212457-b02b8f798c1e/candidates/0/2/claim/12",
            "candidate_id": "hd-20261009-212457-b02b8f798c1e/candidates/0/2",
            "status": "UNCERTAIN",
            "classifications": [],
            "source_ids": [],
            "evidence_provenance": [],
            "check_scope": "SUPPLIED_LEDGER",
            "critical": false,
            "verifier": "supplied_ledger_and_arithmetic/v2",
            "scorer_type": "deterministic",
            "note": "No available check establishes this proposition."
          },
          {
            "claim_id": "hd-20261009-212457-b02b8f798c1e/candidates/0/2/claim/13",
            "candidate_id": "hd-20261009-212457-b02b8f798c1e/candidates/0/2",
            "status": "UNCERTAIN",
            "classifications": [],
            "source_ids": [],
            "evidence_provenance": [],
            "check_scope": "SUPPLIED_LEDGER",
            "critical": false,
            "verifier": "supplied_ledger_and_arithmetic/v2",
            "scorer_type": "deterministic",
            "note": "No available check establishes this proposition."
          },
          {
            "claim_id": "hd-20261009-212457-b02b8f798c1e/candidates/0/2/claim/14",
            "candidate_id": "hd-20261009-212457-b02b8f798c1e/candidates/0/2",
            "status": "UNCERTAIN",
            "classifications": [],
            "source_ids": [],
            "evidence_provenance": [],
            "check_scope": "SUPPLIED_LEDGER",
            "critical": false,
            "verifier": "supplied_ledger_and_arithmetic/v2",
            "scorer_type": "deterministic",
            "note": "Explicit abstention; not counted as a detected failure or a verified fact."
          },
          {
            "claim_id": "hd-20261009-212457-b02b8f798c1e/candidates/0/2/claim/15",
            "candidate_id": "hd-20261009-212457-b02b8f798c1e/candidates/0/2",
            "status": "UNCERTAIN",
            "classifications": [],
            "source_ids": [],
            "evidence_provenance": [],
            "check_scope": "SUPPLIED_LEDGER",
            "critical": false,
            "verifier": "supplied_ledger_and_arithmetic/v2",
            "scorer_type": "deterministic",
            "note": "No available check establishes this proposition."
          },
          {
            "claim_id": "hd-20261009-212457-b02b8f798c1e/candidates/0/2/claim/16",
            "candidate_id": "hd-20261009-212457-b02b8f798c1e/candidates/0/2",
            "status": "UNCERTAIN",
            "classifications": [],
            "source_ids": [],
            "evidence_provenance": [],
            "check_scope": "SUPPLIED_LEDGER",
            "critical": false,
            "verifier": "supplied_ledger_and_arithmetic/v2",
            "scorer_type": "deterministic",
            "note": "No available check establishes this proposition."
          },
          {
            "claim_id": "hd-20261009-212457-b02b8f798c1e/candidates/0/2/claim/17",
            "candidate_id": "hd-20261009-212457-b02b8f798c1e/candidates/0/2",
            "status": "UNCERTAIN",
            "classifications": [],
            "source_ids": [],
            "evidence_provenance": [],
            "check_scope": "SUPPLIED_LEDGER",
            "critical": false,
            "verifier": "supplied_ledger_and_arithmetic/v2",
            "scorer_type": "deterministic",
            "note": "No available check establishes this proposition."
          },
          {
            "claim_id": "hd-20261009-212457-b02b8f798c1e/candidates/0/2/claim/18",
            "candidate_id": "hd-20261009-212457-b02b8f798c1e/candidates/0/2",
            "status": "UNCERTAIN",
            "classifications": [],
            "source_ids": [],
            "evidence_provenance": [],
            "check_scope": "SUPPLIED_LEDGER",
            "critical": false,
            "verifier": "supplied_ledger_and_arithmetic/v2",
            "scorer_type": "deterministic",
            "note": "No available check establishes this proposition."
          },
          {
            "claim_id": "hd-20261009-212457-b02b8f798c1e/candidates/0/2/claim/19",
            "candidate_id": "hd-20261009-212457-b02b8f798c1e/candidates/0/2",
            "status": "UNCERTAIN",
            "classifications": [],
            "source_ids": [],
            "evidence_provenance": [],
            "check_scope": "SUPPLIED_LEDGER",
            "critical": false,
            "verifier": "supplied_ledger_and_arithmetic/v2",
            "scorer_type": "deterministic",
            "note": "No available check establishes this proposition."
          },
          {
            "claim_id": "hd-20261009-212457-b02b8f798c1e/candidates/0/2/claim/20",
            "candidate_id": "hd-20261009-212457-b02b8f798c1e/candidates/0/2",
            "status": "UNCERTAIN",
            "classifications": [],
            "source_ids": [],
            "evidence_provenance": [],
            "check_scope": "SUPPLIED_LEDGER",
            "critical": false,
            "verifier": "supplied_ledger_and_arithmetic/v2",
            "scorer_type": "deterministic",
            "note": "No available check establishes this proposition."
          },
          {
            "claim_id": "hd-20261009-212457-b02b8f798c1e/candidates/0/2/claim/21",
            "candidate_id": "hd-20261009-212457-b02b8f798c1e/candidates/0/2",
            "status": "UNCERTAIN",
            "classifications": [],
            "source_ids": [],
            "evidence_provenance": [],
            "check_scope": "SUPPLIED_LEDGER",
            "critical": false,
            "verifier": "supplied_ledger_and_arithmetic/v2",
            "scorer_type": "deterministic",
            "note": "Explicit abstention; not counted as a detected failure or a verified fact."
          },
          {
            "claim_id": "hd-20261009-212457-b02b8f798c1e/candidates/0/2/claim/22",
            "candidate_id": "hd-20261009-212457-b02b8f798c1e/candidates/0/2",
            "status": "UNCERTAIN",
            "classifications": [],
            "source_ids": [],
            "evidence_provenance": [],
            "check_scope": "SUPPLIED_LEDGER",
            "critical": false,
            "verifier": "supplied_ledger_and_arithmetic/v2",
            "scorer_type": "deterministic",
            "note": "No available check establishes this proposition."
          },
          {
            "claim_id": "hd-20261009-212457-b02b8f798c1e/candidates/0/2/claim/23",
            "candidate_id": "hd-20261009-212457-b02b8f798c1e/candidates/0/2",
            "status": "UNCERTAIN",
            "classifications": [],
            "source_ids": [],
            "evidence_provenance": [],
            "check_scope": "SUPPLIED_LEDGER",
            "critical": false,
            "verifier": "supplied_ledger_and_arithmetic/v2",
            "scorer_type": "deterministic",
            "note": "Explicit abstention; not counted as a detected failure or a verified fact."
          },
          {
            "claim_id": "hd-20261009-212457-b02b8f798c1e/candidates/0/2/claim/24",
            "candidate_id": "hd-20261009-212457-b02b8f798c1e/candidates/0/2",
            "status": "UNCERTAIN",
            "classifications": [],
            "source_ids": [],
            "evidence_provenance": [],
            "check_scope": "SUPPLIED_LEDGER",
            "critical": false,
            "verifier": "supplied_ledger_and_arithmetic/v2",
            "scorer_type": "deterministic",
            "note": "Explicit abstention; not counted as a detected failure or a verified fact."
          },
          {
            "claim_id": "hd-20261009-212457-b02b8f798c1e/candidates/0/2/claim/25",
            "candidate_id": "hd-20261009-212457-b02b8f798c1e/candidates/0/2",
            "status": "UNCERTAIN",
            "classifications": [],
            "source_ids": [],
            "evidence_provenance": [],
            "check_scope": "SUPPLIED_LEDGER",
            "critical": false,
            "verifier": "supplied_ledger_and_arithmetic/v2",
            "scorer_type": "deterministic",
            "note": "No available check establishes this proposition."
          },
          {
            "claim_id": "hd-20261009-212457-b02b8f798c1e/candidates/0/2/claim/26",
            "candidate_id": "hd-20261009-212457-b02b8f798c1e/candidates/0/2",
            "status": "UNCERTAIN",
            "classifications": [],
            "source_ids": [],
            "evidence_provenance": [],
            "check_scope": "SUPPLIED_LEDGER",
            "critical": false,
            "verifier": "supplied_ledger_and_arithmetic/v2",
            "scorer_type": "deterministic",
            "note": "No available check establishes this proposition."
          },
          {
            "claim_id": "hd-20261009-212457-b02b8f798c1e/candidates/0/2/claim/27",
            "candidate_id": "hd-20261009-212457-b02b8f798c1e/candidates/0/2",
            "status": "UNCERTAIN",
            "classifications": [],
            "source_ids": [],
            "evidence_provenance": [],
            "check_scope": "SUPPLIED_LEDGER",
            "critical": false,
            "verifier": "supplied_ledger_and_arithmetic/v2",
            "scorer_type": "deterministic",
            "note": "Explicit abstention; not counted as a detected failure or a verified fact."
          },
          {
            "claim_id": "hd-20261009-212457-b02b8f798c1e/candidates/0/2/claim/28",
            "candidate_id": "hd-20261009-212457-b02b8f798c1e/candidates/0/2",
            "status": "UNCERTAIN",
            "classifications": [],
            "source_ids": [],
            "evidence_provenance": [],
            "check_scope": "SUPPLIED_LEDGER",
            "critical": false,
            "verifier": "supplied_ledger_and_arithmetic/v2",
            "scorer_type": "deterministic",
            "note": "No available check establishes this proposition."
          },
          {
            "claim_id": "hd-20261009-212457-b02b8f798c1e/candidates/0/2/claim/29",
            "candidate_id": "hd-20261009-212457-b02b8f798c1e/candidates/0/2",
            "status": "UNCERTAIN",
            "classifications": [],
            "source_ids": [],
            "evidence_provenance": [],
            "check_scope": "SUPPLIED_LEDGER",
            "critical": false,
            "verifier": "supplied_ledger_and_arithmetic/v2",
            "scorer_type": "deterministic",
            "note": "Explicit abstention; not counted as a detected failure or a verified fact."
          },
          {
            "claim_id": "hd-20261009-212457-b02b8f798c1e/candidates/0/2/claim/30",
            "candidate_id": "hd-20261009-212457-b02b8f798c1e/candidates/0/2",
            "status": "UNCERTAIN",
            "classifications": [],
            "source_ids": [],
            "evidence_provenance": [],
            "check_scope": "SUPPLIED_LEDGER",
            "critical": false,
            "verifier": "supplied_ledger_and_arithmetic/v2",
            "scorer_type": "deterministic",
            "note": "No available check establishes this proposition."
          },
          {
            "claim_id": "hd-20261009-212457-b02b8f798c1e/candidates/0/2/claim/31",
            "candidate_id": "hd-20261009-212457-b02b8f798c1e/candidates/0/2",
            "status": "UNCERTAIN",
            "classifications": [],
            "source_ids": [],
            "evidence_provenance": [],
            "check_scope": "SUPPLIED_LEDGER",
            "critical": false,
            "verifier": "supplied_ledger_and_arithmetic/v2",
            "scorer_type": "deterministic",
            "note": "No available check establishes this proposition."
          },
          {
            "claim_id": "hd-20261009-212457-b02b8f798c1e/candidates/0/2/claim/32",
            "candidate_id": "hd-20261009-212457-b02b8f798c1e/candidates/0/2",
            "status": "UNCERTAIN",
            "classifications": [],
            "source_ids": [],
            "evidence_provenance": [],
            "check_scope": "SUPPLIED_LEDGER",
            "critical": false,
            "verifier": "supplied_ledger_and_arithmetic/v2",
            "scorer_type": "deterministic",
            "note": "No available check establishes this proposition."
          },
          {
            "claim_id": "hd-20261009-212457-b02b8f798c1e/candidates/0/2/claim/33",
            "candidate_id": "hd-20261009-212457-b02b8f798c1e/candidates/0/2",
            "status": "UNCERTAIN",
            "classifications": [],
            "source_ids": [],
            "evidence_provenance": [],
            "check_scope": "SUPPLIED_LEDGER",
            "critical": false,
            "verifier": "supplied_ledger_and_arithmetic/v2",
            "scorer_type": "deterministic",
            "note": "Explicit abstention; not counted as a detected failure or a verified fact."
          },
          {
            "claim_id": "hd-20261009-212457-b02b8f798c1e/candidates/0/2/claim/34",
            "candidate_id": "hd-20261009-212457-b02b8f798c1e/candidates/0/2",
            "status": "UNCERTAIN",
            "classifications": [],
            "source_ids": [],
            "evidence_provenance": [],
            "check_scope": "SUPPLIED_LEDGER",
            "critical": false,
            "verifier": "supplied_ledger_and_arithmetic/v2",
            "scorer_type": "deterministic",
            "note": "No available check establishes this proposition."
          },
          {
            "claim_id": "hd-20261009-212457-b02b8f798c1e/candidates/0/2/claim/35",
            "candidate_id": "hd-20261009-212457-b02b8f798c1e/candidates/0/2",
            "status": "UNCERTAIN",
            "classifications": [],
            "source_ids": [],
            "evidence_provenance": [],
            "check_scope": "SUPPLIED_LEDGER",
            "critical": false,
            "verifier": "supplied_ledger_and_arithmetic/v2",
            "scorer_type": "deterministic",
            "note": "Explicit abstention; not counted as a detected failure or a verified fact."
          },
          {
            "claim_id": "hd-20261009-212457-b02b8f798c1e/candidates/0/2/claim/36",
            "candidate_id": "hd-20261009-212457-b02b8f798c1e/candidates/0/2",
            "status": "UNCERTAIN",
            "classifications": [],
            "source_ids": [],
            "evidence_provenance": [],
            "check_scope": "SUPPLIED_LEDGER",
            "critical": false,
            "verifier": "supplied_ledger_and_arithmetic/v2",
            "scorer_type": "deterministic",
            "note": "No available check establishes this proposition."
          },
          {
            "claim_id": "hd-20261009-212457-b02b8f798c1e/candidates/0/2/claim/37",
            "candidate_id": "hd-20261009-212457-b02b8f798c1e/candidates/0/2",
            "status": "UNCERTAIN",
            "classifications": [],
            "source_ids": [],
            "evidence_provenance": [],
            "check_scope": "SUPPLIED_LEDGER",
            "critical": false,
            "verifier": "supplied_ledger_and_arithmetic/v2",
            "scorer_type": "deterministic",
            "note": "No available check establishes this proposition."
          },
          {
            "claim_id": "hd-20261009-212457-b02b8f798c1e/candidates/0/2/claim/38",
            "candidate_id": "hd-20261009-212457-b02b8f798c1e/candidates/0/2",
            "status": "UNCERTAIN",
            "classifications": [],
            "source_ids": [],
            "evidence_provenance": [],
            "check_scope": "SUPPLIED_LEDGER",
            "critical": false,
            "verifier": "supplied_ledger_and_arithmetic/v2",
            "scorer_type": "deterministic",
            "note": "No available check establishes this proposition."
          },
          {
            "claim_id": "hd-20261009-212457-b02b8f798c1e/candidates/0/2/claim/39",
            "candidate_id": "hd-20261009-212457-b02b8f798c1e/candidates/0/2",
            "status": "UNCERTAIN",
            "classifications": [],
            "source_ids": [],
            "evidence_provenance": [],
            "check_scope": "SUPPLIED_LEDGER",
            "critical": false,
            "verifier": "supplied_ledger_and_arithmetic/v2",
            "scorer_type": "deterministic",
            "note": "No available check establishes this proposition."
          },
          {
            "claim_id": "hd-20261009-212457-b02b8f798c1e/candidates/0/2/claim/40",
            "candidate_id": "hd-20261009-212457-b02b8f798c1e/candidates/0/2",
            "status": "UNCERTAIN",
            "classifications": [],
            "source_ids": [],
            "evidence_provenance": [],
            "check_scope": "SUPPLIED_LEDGER",
            "critical": false,
            "verifier": "supplied_ledger_and_arithmetic/v2",
            "scorer_type": "deterministic",
            "note": "No available check establishes this proposition."
          },
          {
            "claim_id": "hd-20261009-212457-b02b8f798c1e/candidates/0/2/claim/41",
            "candidate_id": "hd-20261009-212457-b02b8f798c1e/candidates/0/2",
            "status": "UNCERTAIN",
            "classifications": [],
            "source_ids": [],
            "evidence_provenance": [],
            "check_scope": "SUPPLIED_LEDGER",
            "critical": false,
            "verifier": "supplied_ledger_and_arithmetic/v2",
            "scorer_type": "deterministic",
            "note": "Explicit abstention; not counted as a detected failure or a verified fact."
          },
          {
            "claim_id": "hd-20261009-212457-b02b8f798c1e/candidates/0/2/claim/42",
            "candidate_id": "hd-20261009-212457-b02b8f798c1e/candidates/0/2",
            "status": "UNCERTAIN",
            "classifications": [],
            "source_ids": [],
            "evidence_provenance": [],
            "check_scope": "SUPPLIED_LEDGER",
            "critical": false,
            "verifier": "supplied_ledger_and_arithmetic/v2",
            "scorer_type": "deterministic",
            "note": "No available check establishes this proposition."
          },
          {
            "claim_id": "hd-20261009-212457-b02b8f798c1e/candidates/0/2/claim/43",
            "candidate_id": "hd-20261009-212457-b02b8f798c1e/candidates/0/2",
            "status": "UNCERTAIN",
            "classifications": [],
            "source_ids": [],
            "evidence_provenance": [],
            "check_scope": "SUPPLIED_LEDGER",
            "critical": false,
            "verifier": "supplied_ledger_and_arithmetic/v2",
            "scorer_type": "deterministic",
            "note": "Explicit abstention; not counted as a detected failure or a verified fact."
          },
          {
            "claim_id": "hd-20261009-212457-b02b8f798c1e/candidates/0/2/claim/44",
            "candidate_id": "hd-20261009-212457-b02b8f798c1e/candidates/0/2",
            "status": "UNCERTAIN",
            "classifications": [],
            "source_ids": [],
            "evidence_provenance": [],
            "check_scope": "SUPPLIED_LEDGER",
            "critical": false,
            "verifier": "supplied_ledger_and_arithmetic/v2",
            "scorer_type": "deterministic",
            "note": "No available check establishes this proposition."
          },
          {
            "claim_id": "hd-20261009-212457-b02b8f798c1e/candidates/0/2/claim/45",
            "candidate_id": "hd-20261009-212457-b02b8f798c1e/candidates/0/2",
            "status": "UNCERTAIN",
            "classifications": [],
            "source_ids": [],
            "evidence_provenance": [],
            "check_scope": "SUPPLIED_LEDGER",
            "critical": false,
            "verifier": "supplied_ledger_and_arithmetic/v2",
            "scorer_type": "deterministic",
            "note": "No available check establishes this proposition."
          },
          {
            "claim_id": "hd-20261009-212457-b02b8f798c1e/candidates/0/2/claim/46",
            "candidate_id": "hd-20261009-212457-b02b8f798c1e/candidates/0/2",
            "status": "UNCERTAIN",
            "classifications": [],
            "source_ids": [],
            "evidence_provenance": [],
            "check_scope": "SUPPLIED_LEDGER",
            "critical": false,
            "verifier": "supplied_ledger_and_arithmetic/v2",
            "scorer_type": "deterministic",
            "note": "No available check establishes this proposition."
          },
          {
            "claim_id": "hd-20261009-212457-b02b8f798c1e/candidates/0/2/claim/47",
            "candidate_id": "hd-20261009-212457-b02b8f798c1e/candidates/0/2",
            "status": "UNCERTAIN",
            "classifications": [],
            "source_ids": [],
            "evidence_provenance": [],
            "check_scope": "SUPPLIED_LEDGER",
            "critical": false,
            "verifier": "supplied_ledger_and_arithmetic/v2",
            "scorer_type": "deterministic",
            "note": "No available check establishes this proposition."
          },
          {
            "claim_id": "hd-20261009-212457-b02b8f798c1e/candidates/0/2/claim/48",
            "candidate_id": "hd-20261009-212457-b02b8f798c1e/candidates/0/2",
            "status": "UNCERTAIN",
            "classifications": [],
            "source_ids": [],
            "evidence_provenance": [],
            "check_scope": "SUPPLIED_LEDGER",
            "critical": false,
            "verifier": "supplied_ledger_and_arithmetic/v2",
            "scorer_type": "deterministic",
            "note": "No available check establishes this proposition."
          },
          {
            "claim_id": "hd-20261009-212457-b02b8f798c1e/candidates/0/2/claim/49",
            "candidate_id": "hd-20261009-212457-b02b8f798c1e/candidates/0/2",
            "status": "UNCERTAIN",
            "classifications": [],
            "source_ids": [],
            "evidence_provenance": [],
            "check_scope": "SUPPLIED_LEDGER",
            "critical": false,
            "verifier": "supplied_ledger_and_arithmetic/v2",
            "scorer_type": "deterministic",
            "note": "Explicit abstention; not counted as a detected failure or a verified fact."
          },
          {
            "claim_id": "hd-20261009-212457-b02b8f798c1e/candidates/0/2/claim/50",
            "candidate_id": "hd-20261009-212457-b02b8f798c1e/candidates/0/2",
            "status": "UNCERTAIN",
            "classifications": [],
            "source_ids": [],
            "evidence_provenance": [],
            "check_scope": "SUPPLIED_LEDGER",
            "critical": false,
            "verifier": "supplied_ledger_and_arithmetic/v2",
            "scorer_type": "deterministic",
            "note": "No available check establishes this proposition."
          },
          {
            "claim_id": "hd-20261009-212457-b02b8f798c1e/candidates/0/2/claim/51",
            "candidate_id": "hd-20261009-212457-b02b8f798c1e/candidates/0/2",
            "status": "UNCERTAIN",
            "classifications": [],
            "source_ids": [],
            "evidence_provenance": [],
            "check_scope": "SUPPLIED_LEDGER",
            "critical": false,
            "verifier": "supplied_ledger_and_arithmetic/v2",
            "scorer_type": "deterministic",
            "note": "Explicit abstention; not counted as a detected failure or a verified fact."
          },
          {
            "claim_id": "hd-20261009-212457-b02b8f798c1e/candidates/0/2/claim/52",
            "candidate_id": "hd-20261009-212457-b02b8f798c1e/candidates/0/2",
            "status": "UNCERTAIN",
            "classifications": [],
            "source_ids": [],
            "evidence_provenance": [],
            "check_scope": "SUPPLIED_LEDGER",
            "critical": false,
            "verifier": "supplied_ledger_and_arithmetic/v2",
            "scorer_type": "deterministic",
            "note": "No available check establishes this proposition."
          },
          {
            "claim_id": "hd-20261009-212457-b02b8f798c1e/candidates/0/2/claim/53",
            "candidate_id": "hd-20261009-212457-b02b8f798c1e/candidates/0/2",
            "status": "UNCERTAIN",
            "classifications": [],
            "source_ids": [],
            "evidence_provenance": [],
            "check_scope": "SUPPLIED_LEDGER",
            "critical": false,
            "verifier": "supplied_ledger_and_arithmetic/v2",
            "scorer_type": "deterministic",
            "note": "No available check establishes this proposition."
          },
          {
            "claim_id": "hd-20261009-212457-b02b8f798c1e/candidates/0/2/claim/54",
            "candidate_id": "hd-20261009-212457-b02b8f798c1e/candidates/0/2",
            "status": "UNCERTAIN",
            "classifications": [],
            "source_ids": [],
            "evidence_provenance": [],
            "check_scope": "SUPPLIED_LEDGER",
            "critical": false,
            "verifier": "supplied_ledger_and_arithmetic/v2",
            "scorer_type": "deterministic",
            "note": "No available check establishes this proposition."
          },
          {
            "claim_id": "hd-20261009-212457-b02b8f798c1e/candidates/0/2/claim/55",
            "candidate_id": "hd-20261009-212457-b02b8f798c1e/candidates/0/2",
            "status": "UNCERTAIN",
            "classifications": [],
            "source_ids": [],
            "evidence_provenance": [],
            "check_scope": "SUPPLIED_LEDGER",
            "critical": false,
            "verifier": "supplied_ledger_and_arithmetic/v2",
            "scorer_type": "deterministic",
            "note": "No available check establishes this proposition."
          },
          {
            "claim_id": "hd-20261009-212457-b02b8f798c1e/candidates/0/2/claim/56",
            "candidate_id": "hd-20261009-212457-b02b8f798c1e/candidates/0/2",
            "status": "UNCERTAIN",
            "classifications": [],
            "source_ids": [],
            "evidence_provenance": [],
            "check_scope": "SUPPLIED_LEDGER",
            "critical": false,
            "verifier": "supplied_ledger_and_arithmetic/v2",
            "scorer_type": "deterministic",
            "note": "No available check establishes this proposition."
          },
          {
            "claim_id": "hd-20261009-212457-b02b8f798c1e/candidates/0/2/claim/57",
            "candidate_id": "hd-20261009-212457-b02b8f798c1e/candidates/0/2",
            "status": "UNCERTAIN",
            "classifications": [],
            "source_ids": [],
            "evidence_provenance": [],
            "check_scope": "SUPPLIED_LEDGER",
            "critical": false,
            "verifier": "supplied_ledger_and_arithmetic/v2",
            "scorer_type": "deterministic",
            "note": "No available check establishes this proposition."
          },
          {
            "claim_id": "hd-20261009-212457-b02b8f798c1e/candidates/0/2/claim/58",
            "candidate_id": "hd-20261009-212457-b02b8f798c1e/candidates/0/2",
            "status": "UNCERTAIN",
            "classifications": [],
            "source_ids": [],
            "evidence_provenance": [],
            "check_scope": "SUPPLIED_LEDGER",
            "critical": false,
            "verifier": "supplied_ledger_and_arithmetic/v2",
            "scorer_type": "deterministic",
            "note": "No available check establishes this proposition."
          },
          {
            "claim_id": "hd-20261009-212457-b02b8f798c1e/candidates/0/2/claim/59",
            "candidate_id": "hd-20261009-212457-b02b8f798c1e/candidates/0/2",
            "status": "UNCERTAIN",
            "classifications": [],
            "source_ids": [],
            "evidence_provenance": [],
            "check_scope": "SUPPLIED_LEDGER",
            "critical": false,
            "verifier": "supplied_ledger_and_arithmetic/v2",
            "scorer_type": "deterministic",
            "note": "No available check establishes this proposition."
          },
          {
            "claim_id": "hd-20261009-212457-b02b8f798c1e/candidates/0/2/claim/60",
            "candidate_id": "hd-20261009-212457-b02b8f798c1e/candidates/0/2",
            "status": "UNCERTAIN",
            "classifications": [],
            "source_ids": [],
            "evidence_provenance": [],
            "check_scope": "SUPPLIED_LEDGER",
            "critical": false,
            "verifier": "supplied_ledger_and_arithmetic/v2",
            "scorer_type": "deterministic",
            "note": "No available check establishes this proposition."
          },
          {
            "claim_id": "hd-20261009-212457-b02b8f798c1e/candidates/0/2/claim/61",
            "candidate_id": "hd-20261009-212457-b02b8f798c1e/candidates/0/2",
            "status": "UNCERTAIN",
            "classifications": [],
            "source_ids": [],
            "evidence_provenance": [],
            "check_scope": "SUPPLIED_LEDGER",
            "critical": false,
            "verifier": "supplied_ledger_and_arithmetic/v2",
            "scorer_type": "deterministic",
            "note": "No available check establishes this proposition."
          },
          {
            "claim_id": "hd-20261009-212457-b02b8f798c1e/candidates/0/2/claim/62",
            "candidate_id": "hd-20261009-212457-b02b8f798c1e/candidates/0/2",
            "status": "UNCERTAIN",
            "classifications": [],
            "source_ids": [],
            "evidence_provenance": [],
            "check_scope": "SUPPLIED_LEDGER",
            "critical": false,
            "verifier": "supplied_ledger_and_arithmetic/v2",
            "scorer_type": "deterministic",
            "note": "No available check establishes this proposition."
          },
          {
            "claim_id": "hd-20261009-212457-b02b8f798c1e/candidates/0/2/claim/63",
            "candidate_id": "hd-20261009-212457-b02b8f798c1e/candidates/0/2",
            "status": "UNCERTAIN",
            "classifications": [],
            "source_ids": [],
            "evidence_provenance": [],
            "check_scope": "SUPPLIED_LEDGER",
            "critical": false,
            "verifier": "supplied_ledger_and_arithmetic/v2",
            "scorer_type": "deterministic",
            "note": "No available check establishes this proposition."
          },
          {
            "claim_id": "hd-20261009-212457-b02b8f798c1e/candidates/0/2/claim/64",
            "candidate_id": "hd-20261009-212457-b02b8f798c1e/candidates/0/2",
            "status": "UNCERTAIN",
            "classifications": [],
            "source_ids": [],
            "evidence_provenance": [],
            "check_scope": "SUPPLIED_LEDGER",
            "critical": false,
            "verifier": "supplied_ledger_and_arithmetic/v2",
            "scorer_type": "deterministic",
            "note": "Explicit abstention; not counted as a detected failure or a verified fact."
          },
          {
            "claim_id": "hd-20261009-212457-b02b8f798c1e/candidates/0/2/claim/65",
            "candidate_id": "hd-20261009-212457-b02b8f798c1e/candidates/0/2",
            "status": "UNCERTAIN",
            "classifications": [],
            "source_ids": [],
            "evidence_provenance": [],
            "check_scope": "SUPPLIED_LEDGER",
            "critical": false,
            "verifier": "supplied_ledger_and_arithmetic/v2",
            "scorer_type": "deterministic",
            "note": "No available check establishes this proposition."
          },
          {
            "claim_id": "hd-20261009-212457-b02b8f798c1e/candidates/0/2/claim/66",
            "candidate_id": "hd-20261009-212457-b02b8f798c1e/candidates/0/2",
            "status": "UNCERTAIN",
            "classifications": [],
            "source_ids": [],
            "evidence_provenance": [],
            "check_scope": "SUPPLIED_LEDGER",
            "critical": false,
            "verifier": "supplied_ledger_and_arithmetic/v2",
            "scorer_type": "deterministic",
            "note": "No available check establishes this proposition."
          },
          {
            "claim_id": "hd-20261009-212457-b02b8f798c1e/candidates/0/2/claim/67",
            "candidate_id": "hd-20261009-212457-b02b8f798c1e/candidates/0/2",
            "status": "UNCERTAIN",
            "classifications": [],
            "source_ids": [],
            "evidence_provenance": [],
            "check_scope": "SUPPLIED_LEDGER",
            "critical": false,
            "verifier": "supplied_ledger_and_arithmetic/v2",
            "scorer_type": "deterministic",
            "note": "No available check establishes this proposition."
          },
          {
            "claim_id": "hd-20261009-212457-b02b8f798c1e/candidates/0/2/claim/68",
            "candidate_id": "hd-20261009-212457-b02b8f798c1e/candidates/0/2",
            "status": "UNCERTAIN",
            "classifications": [],
            "source_ids": [],
            "evidence_provenance": [],
            "check_scope": "SUPPLIED_LEDGER",
            "critical": false,
            "verifier": "supplied_ledger_and_arithmetic/v2",
            "scorer_type": "deterministic",
            "note": "No available check establishes this proposition."
          }
        ],
        "candidate_index": 2,
        "trial": 0,
        "prompt_hash": "9972e30936277071b5330ec7725c2aaa6c44bdaaccd30a32c64b52adb728f02b",
        "output_hash": "a642fdc656152738482d21bfea0920ec51ea81b1722035adca76011b336eeabc"
      }
    },
    {
      "schema_version": "howl.candidate/v1",
      "candidate_id": "hd-20261009-212457-b02b8f798c1e/candidates/0/3",
      "source_run_id": "hd-20261009-212457-b02b8f798c1e",
      "parent_request_id": "cubs-r003-p2-critique",
      "objective": "Critique these six candidate software opportunities for the Chicago Cubs (coaching-hire evaluation, non-tender decisions, qualifying offers, NPB/KBO posting bids, postseason roster construction, arbitration filing). For EACH: (1) does the decision recur and how large is the value at stake per year for one club; (2) is the decision-relevant data lawfully public and available at decision time (no hindsight); (3) how many historical decisions exist for a retrospective test against the club's simple baseline, and is the outcome observable; (4) actionability; (5) what sophisticated clubs and public sources already do; (6) what would make it LOOK useful while giving little or no advantage, including small samples and confounding. Note that each candidate's attached assumptions are pooled from a larger batch; judge each on its own IDEA text. Then do a BLIND-SPOT analysis across the set. Use ASSUMPTION lines for challenges, UNKNOWN for missing evidence, and IDEA only for a sharpened replacement.",
      "text": "IDEA: Replace the six-candidate portfolio with one narrow, falsifiable pilot: a dated-snapshot backtest of tender/non-tender and qualifying-offer decisions pooled league-wide, scored against the \"projected WAR per dollar vs club threshold\" and \"offer if market AAV clearly exceeds QO\" baselines, with every input timestamped to the decision date.\nASSUMPTION: The supplied evidence contains no facts, so every size, count, and rate below is unverified; no statistic is asserted here.\nUNKNOWN: cubs_private_models_and_practices\nUNKNOWN: supplied_evidence_for_any_claim\n\nIDEA: Candidate 1, coaching-hire evaluation. Keep only as a null-result study, not a decision tool: a coach-movement panel with matched non-moving controls and a pre-registered test of year-over-year persistence of coach effects.\nASSUMPTION: Recurrence is real but small (a handful of hires per offseason), and the value per hire is unknown; \"large and recurring\" is a hypothesis, not evidence.\nASSUMPTION: Staff tenure records (assistant and minor-league roles) are incomplete or inconsistently dated, which makes the linkage to players the weakest point.\nASSUMPTION: Confounds include selection (clubs hire coaches after improvements), regression to the mean, roster turnover, playing time, park, injury, and organizational infrastructure; a coach touching few players gives wide intervals.\nASSUMPTION: Outcomes are observable only with a lag and with heavy noise; a hindsight-free test must build ratings on seasons up to T and predict T+1 against a reputation proxy.\nASSUMPTION: Clubs likely already run private attribution, and public sources (Statcast leaderboards, media reporting) give partial versions.\nASSUMPTION: It will look useful through anecdotal success stories and in-sample rankings that vanish out of sample.\nUNKNOWN: detectable_coach_effect_size\nUNKNOWN: public_coach_tenure_dataset_completeness\n\nIDEA: Candidate 2, non-tender decisions. This is the strongest candidate: it recurs every year, the decision date is fixed, and tender decisions, projected salaries, and later signings are public, so a pooled backtest across all clubs is possible.\nASSUMPTION: Value per club is plausibly material only for a few borderline players a year; the number of those is unknown.\nASSUMPTION: Projected arbitration salaries are public only as third-party estimates, whose vintage as of the deadline must be preserved to avoid hindsight.\nASSUMPTION: The outcome is only partially observable: you see what non-tendered players did elsewhere, but not what the tendered player would have done, so the counterfactual is asymmetric.\nASSUMPTION: Clubs already apply cost-per-WAR thresholds and public projections (e.g., projection systems, public salary estimators), so the edge over the baseline may be zero.\nASSUMPTION: Replacement-market forecasting depends on who is available only after the deadline, so the forecast may be no better than a generic replacement-level price.\nASSUMPTION: It will look useful by showing that non-tendered players sometimes produce well; that is survivorship, and the correct test compares against tendered peers at equal price.\nUNKNOWN: historical_nontender_signing_outcomes_dataset\n\nIDEA: Candidate 3, qualifying offers. Treat as a small-n calibration exercise embedded in the tender pilot, not a standalone product.\nASSUMPTION: The decision applies to only a few players in a given year and only when the club has eligible free agents, and the number of historical acceptances is small, so calibration is weak.\nASSUMPTION: Compensation value depends on CBA terms, which must be verified, and which may change at the next agreement.\nASSUMPTION: Acceptance depends on player preference and the market, which are not public at the decision time.\nASSUMPTION: Experienced executives and agents already use \"market AAV vs QO\" heuristics, and acceptance has historically been rare, so a rule of \"offer when market exceeds the QO\" is difficult to beat.\nASSUMPTION: It will look useful through a high accuracy score driven by the base rate of declined offers.\nUNKNOWN: current_qo_amount_2026\nUNKNOWN: historical_qo_acceptance_count_by_year\nUNKNOWN: cubs_qo_eligible_players_2026\n\nIDEA: Candidate 4, NPB/KBO posting bids. Use as a Bayesian translation with wide intervals, reporting where the model cannot separate itself from simple ratios plus scouting.\nASSUMPTION: Events are rare (a few relevant players per winter), so the value per signing may be large, but the annual aggregate for one club is small.\nASSUMPTION: Calibration cases are few, and the league environments (ball, rules, park) change, so out-of-sample error likely dominates.\nASSUMPTION: Pitch-tracking from foreign leagues is partially public at best, and scouting video is private to clubs.\nASSUMPTION: Prices come from competitive bidding and posting rules, so a more accurate forecast must still overcome the winner's curse and the cap/fee structure.\nASSUMPTION: The outcome is observable (MLB production), but only for those who were posted and signed, which creates selection bias.\nASSUMPTION: It will look useful by fitting a handful of famous players well.\nUNKNOWN: count_of_posted_players_with_mlb_outcomes\nUNKNOWN: public_availability_of_npb_kbo_pitch_tracking\n\nIDEA: Candidate 5, postseason roster construction. Reframe as a one-time sensitivity analysis to bound the value of the 25th and 26th roster slots, and build nothing until that bound exceeds measurement noise.\nASSUMPTION: The decision recurs only when the club qualifies (zero to four times a year), so expected value per year is discounted by qualification probability.\nASSUMPTION: Marginal slots may see little playing time, and series-win-probability differences are likely small relative to noise.\nASSUMPTION: A retrospective test has few rounds per club and relies on league-wide pooling, which removes health and context; counterfactual rosters are not observed.\nASSUMPTION: Postseason rosters and transaction logs are public, but injury status at the deadline may not be.\nASSUMPTION: Sophisticated clubs already simulate this privately, and public playoff-odds tools cover the seeding part.\nASSUMPTION: It will look useful through vivid after-the-fact stories (a pinch runner who scored), which reflect hindsight.\nUNKNOWN: measured_win_probability_value_of_marginal_postseason_slot\nUNKNOWN: public_postseason_roster_archive_completeness\n\nIDEA: Candidate 6, arbitration filing. Restrict to a settle-vs-hearing expected-value calculator built on public hearing results, and report the sample size before any modeling.\nASSUMPTION: The decision recurs every January across the eligible roster, so volume is the highest of the six, but contested hearings are few league-wide each year and typically few or none for one club.\nASSUMPTION: Many clubs follow a file-and-trial policy that is itself known to agents, so the strategy is a policy choice, not a prediction problem.\nASSUMPTION: Panels decide on a restricted set of criteria and comparables, so the filing midpoint plus comparables are strong baselines; the public record of the arguments and the outcomes may be too thin to beat them.\nASSUMPTION: The outcome is observable (a win or loss at the hearing), but settlements before the hearing hide the counterfactual, and selection into hearings biases the sample.\nASSUMPTION: Specialized staff and outside counsel already hold this knowledge, so the clubs are probably ahead.\nASSUMPTION: It will look useful through high in-sample fit with few observations and many predictors.\nUNKNOWN: annual_hearing_count_sample_size\nUNKNOWN: post_2026_cba_arbitration_rules\n\nIDEA: Blind spot analysis across the set: add a shared evaluation protocol, with decision-date snapshots, a pooled league-wide test, a pre-registered simple baseline, and a reported minimum detectable effect, before any build decision.\nASSUMPTION: Blind spot 1 is that five of six candidates are rare, small-n decisions, so none is likely to show a statistically detectable edge in a retrospective test.\nASSUMPTION: Blind spot 2 is that the club-specific value is dominated by private information (medical, makeup, player preference, negotiation positions) that public data cannot capture.\nASSUMPTION: Blind spot 3 is that the CBA expiration and rule changes may invalidate the historical records; the dates and the terms are unverified.\nASSUMPTION: Blind spot 4 is that all six are one-off decisions, and the evidence suggests that recurring, high-volume, in-season decisions were not weighed at equal depth.\nASSUMPTION: Blind spot 5 is that the candidate assumptions are pooled from a larger batch, so many (draft, ticketing, rain delays) do not apply, and counting them as evidence would inflate the criticism.\nASSUMPTION: Blind spot 6 is that none of the six identifies the cost of building and maintaining the software against a likely modest gain, or whether the front office would act on a recommendation.\nCONFLICT: none_identified_no_evidence_supplied",
      "condition": "dream",
      "trust": "UNVERIFIED",
      "status": "UNRESOLVED",
      "authority": {
        "type": "ADVISORY",
        "executable": false
      },
      "claims": [
        {
          "id": "hd-20261009-212457-b02b8f798c1e/candidates/0/3/claim/1",
          "candidate_id": "hd-20261009-212457-b02b8f798c1e/candidates/0/3",
          "kind": "IDEA",
          "text": "Replace the six-candidate portfolio with one narrow, falsifiable pilot: a dated-snapshot backtest of tender/non-tender and qualifying-offer decisions pooled league-wide, scored against the \"projected WAR per dollar vs club threshold\" and \"offer if market AAV clearly exceeds QO\" baselines, with every input timestamped to the decision date.",
          "status": "UNVERIFIED",
          "extractor": "line_grammar/v1"
        },
        {
          "id": "hd-20261009-212457-b02b8f798c1e/candidates/0/3/claim/2",
          "candidate_id": "hd-20261009-212457-b02b8f798c1e/candidates/0/3",
          "kind": "ASSUMPTION",
          "text": "The supplied evidence contains no facts, so every size, count, and rate below is unverified; no statistic is asserted here.",
          "status": "UNVERIFIED",
          "extractor": "line_grammar/v1"
        },
        {
          "id": "hd-20261009-212457-b02b8f798c1e/candidates/0/3/claim/3",
          "candidate_id": "hd-20261009-212457-b02b8f798c1e/candidates/0/3",
          "kind": "UNKNOWN",
          "text": "cubs_private_models_and_practices",
          "status": "UNVERIFIED",
          "extractor": "line_grammar/v1"
        },
        {
          "id": "hd-20261009-212457-b02b8f798c1e/candidates/0/3/claim/4",
          "candidate_id": "hd-20261009-212457-b02b8f798c1e/candidates/0/3",
          "kind": "UNKNOWN",
          "text": "supplied_evidence_for_any_claim",
          "status": "UNVERIFIED",
          "extractor": "line_grammar/v1"
        },
        {
          "id": "hd-20261009-212457-b02b8f798c1e/candidates/0/3/claim/5",
          "candidate_id": "hd-20261009-212457-b02b8f798c1e/candidates/0/3",
          "kind": "IDEA",
          "text": "Candidate 1, coaching-hire evaluation. Keep only as a null-result study, not a decision tool: a coach-movement panel with matched non-moving controls and a pre-registered test of year-over-year persistence of coach effects.",
          "status": "UNVERIFIED",
          "extractor": "line_grammar/v1"
        },
        {
          "id": "hd-20261009-212457-b02b8f798c1e/candidates/0/3/claim/6",
          "candidate_id": "hd-20261009-212457-b02b8f798c1e/candidates/0/3",
          "kind": "ASSUMPTION",
          "text": "Recurrence is real but small (a handful of hires per offseason), and the value per hire is unknown; \"large and recurring\" is a hypothesis, not evidence.",
          "status": "UNVERIFIED",
          "extractor": "line_grammar/v1"
        },
        {
          "id": "hd-20261009-212457-b02b8f798c1e/candidates/0/3/claim/7",
          "candidate_id": "hd-20261009-212457-b02b8f798c1e/candidates/0/3",
          "kind": "ASSUMPTION",
          "text": "Staff tenure records (assistant and minor-league roles) are incomplete or inconsistently dated, which makes the linkage to players the weakest point.",
          "status": "UNVERIFIED",
          "extractor": "line_grammar/v1"
        },
        {
          "id": "hd-20261009-212457-b02b8f798c1e/candidates/0/3/claim/8",
          "candidate_id": "hd-20261009-212457-b02b8f798c1e/candidates/0/3",
          "kind": "ASSUMPTION",
          "text": "Confounds include selection (clubs hire coaches after improvements), regression to the mean, roster turnover, playing time, park, injury, and organizational infrastructure; a coach touching few players gives wide intervals.",
          "status": "UNVERIFIED",
          "extractor": "line_grammar/v1"
        },
        {
          "id": "hd-20261009-212457-b02b8f798c1e/candidates/0/3/claim/9",
          "candidate_id": "hd-20261009-212457-b02b8f798c1e/candidates/0/3",
          "kind": "ASSUMPTION",
          "text": "Outcomes are observable only with a lag and with heavy noise; a hindsight-free test must build ratings on seasons up to T and predict T+1 against a reputation proxy.",
          "status": "UNVERIFIED",
          "extractor": "line_grammar/v1"
        },
        {
          "id": "hd-20261009-212457-b02b8f798c1e/candidates/0/3/claim/10",
          "candidate_id": "hd-20261009-212457-b02b8f798c1e/candidates/0/3",
          "kind": "ASSUMPTION",
          "text": "Clubs likely already run private attribution, and public sources (Statcast leaderboards, media reporting) give partial versions.",
          "status": "UNVERIFIED",
          "extractor": "line_grammar/v1"
        },
        {
          "id": "hd-20261009-212457-b02b8f798c1e/candidates/0/3/claim/11",
          "candidate_id": "hd-20261009-212457-b02b8f798c1e/candidates/0/3",
          "kind": "ASSUMPTION",
          "text": "It will look useful through anecdotal success stories and in-sample rankings that vanish out of sample.",
          "status": "UNVERIFIED",
          "extractor": "line_grammar/v1"
        },
        {
          "id": "hd-20261009-212457-b02b8f798c1e/candidates/0/3/claim/12",
          "candidate_id": "hd-20261009-212457-b02b8f798c1e/candidates/0/3",
          "kind": "UNKNOWN",
          "text": "detectable_coach_effect_size",
          "status": "UNVERIFIED",
          "extractor": "line_grammar/v1"
        },
        {
          "id": "hd-20261009-212457-b02b8f798c1e/candidates/0/3/claim/13",
          "candidate_id": "hd-20261009-212457-b02b8f798c1e/candidates/0/3",
          "kind": "UNKNOWN",
          "text": "public_coach_tenure_dataset_completeness",
          "status": "UNVERIFIED",
          "extractor": "line_grammar/v1"
        },
        {
          "id": "hd-20261009-212457-b02b8f798c1e/candidates/0/3/claim/14",
          "candidate_id": "hd-20261009-212457-b02b8f798c1e/candidates/0/3",
          "kind": "IDEA",
          "text": "Candidate 2, non-tender decisions. This is the strongest candidate: it recurs every year, the decision date is fixed, and tender decisions, projected salaries, and later signings are public, so a pooled backtest across all clubs is possible.",
          "status": "UNVERIFIED",
          "extractor": "line_grammar/v1"
        },
        {
          "id": "hd-20261009-212457-b02b8f798c1e/candidates/0/3/claim/15",
          "candidate_id": "hd-20261009-212457-b02b8f798c1e/candidates/0/3",
          "kind": "ASSUMPTION",
          "text": "Value per club is plausibly material only for a few borderline players a year; the number of those is unknown.",
          "status": "UNVERIFIED",
          "extractor": "line_grammar/v1"
        },
        {
          "id": "hd-20261009-212457-b02b8f798c1e/candidates/0/3/claim/16",
          "candidate_id": "hd-20261009-212457-b02b8f798c1e/candidates/0/3",
          "kind": "ASSUMPTION",
          "text": "Projected arbitration salaries are public only as third-party estimates, whose vintage as of the deadline must be preserved to avoid hindsight.",
          "status": "UNVERIFIED",
          "extractor": "line_grammar/v1"
        },
        {
          "id": "hd-20261009-212457-b02b8f798c1e/candidates/0/3/claim/17",
          "candidate_id": "hd-20261009-212457-b02b8f798c1e/candidates/0/3",
          "kind": "ASSUMPTION",
          "text": "The outcome is only partially observable: you see what non-tendered players did elsewhere, but not what the tendered player would have done, so the counterfactual is asymmetric.",
          "status": "UNVERIFIED",
          "extractor": "line_grammar/v1"
        },
        {
          "id": "hd-20261009-212457-b02b8f798c1e/candidates/0/3/claim/18",
          "candidate_id": "hd-20261009-212457-b02b8f798c1e/candidates/0/3",
          "kind": "ASSUMPTION",
          "text": "Clubs already apply cost-per-WAR thresholds and public projections (e.g., projection systems, public salary estimators), so the edge over the baseline may be zero.",
          "status": "UNVERIFIED",
          "extractor": "line_grammar/v1"
        },
        {
          "id": "hd-20261009-212457-b02b8f798c1e/candidates/0/3/claim/19",
          "candidate_id": "hd-20261009-212457-b02b8f798c1e/candidates/0/3",
          "kind": "ASSUMPTION",
          "text": "Replacement-market forecasting depends on who is available only after the deadline, so the forecast may be no better than a generic replacement-level price.",
          "status": "UNVERIFIED",
          "extractor": "line_grammar/v1"
        },
        {
          "id": "hd-20261009-212457-b02b8f798c1e/candidates/0/3/claim/20",
          "candidate_id": "hd-20261009-212457-b02b8f798c1e/candidates/0/3",
          "kind": "ASSUMPTION",
          "text": "It will look useful by showing that non-tendered players sometimes produce well; that is survivorship, and the correct test compares against tendered peers at equal price.",
          "status": "UNVERIFIED",
          "extractor": "line_grammar/v1"
        },
        {
          "id": "hd-20261009-212457-b02b8f798c1e/candidates/0/3/claim/21",
          "candidate_id": "hd-20261009-212457-b02b8f798c1e/candidates/0/3",
          "kind": "UNKNOWN",
          "text": "historical_nontender_signing_outcomes_dataset",
          "status": "UNVERIFIED",
          "extractor": "line_grammar/v1"
        },
        {
          "id": "hd-20261009-212457-b02b8f798c1e/candidates/0/3/claim/22",
          "candidate_id": "hd-20261009-212457-b02b8f798c1e/candidates/0/3",
          "kind": "IDEA",
          "text": "Candidate 3, qualifying offers. Treat as a small-n calibration exercise embedded in the tender pilot, not a standalone product.",
          "status": "UNVERIFIED",
          "extractor": "line_grammar/v1"
        },
        {
          "id": "hd-20261009-212457-b02b8f798c1e/candidates/0/3/claim/23",
          "candidate_id": "hd-20261009-212457-b02b8f798c1e/candidates/0/3",
          "kind": "ASSUMPTION",
          "text": "The decision applies to only a few players in a given year and only when the club has eligible free agents, and the number of historical acceptances is small, so calibration is weak.",
          "status": "UNVERIFIED",
          "extractor": "line_grammar/v1"
        },
        {
          "id": "hd-20261009-212457-b02b8f798c1e/candidates/0/3/claim/24",
          "candidate_id": "hd-20261009-212457-b02b8f798c1e/candidates/0/3",
          "kind": "ASSUMPTION",
          "text": "Compensation value depends on CBA terms, which must be verified, and which may change at the next agreement.",
          "status": "UNVERIFIED",
          "extractor": "line_grammar/v1"
        },
        {
          "id": "hd-20261009-212457-b02b8f798c1e/candidates/0/3/claim/25",
          "candidate_id": "hd-20261009-212457-b02b8f798c1e/candidates/0/3",
          "kind": "ASSUMPTION",
          "text": "Acceptance depends on player preference and the market, which are not public at the decision time.",
          "status": "UNVERIFIED",
          "extractor": "line_grammar/v1"
        },
        {
          "id": "hd-20261009-212457-b02b8f798c1e/candidates/0/3/claim/26",
          "candidate_id": "hd-20261009-212457-b02b8f798c1e/candidates/0/3",
          "kind": "ASSUMPTION",
          "text": "Experienced executives and agents already use \"market AAV vs QO\" heuristics, and acceptance has historically been rare, so a rule of \"offer when market exceeds the QO\" is difficult to beat.",
          "status": "UNVERIFIED",
          "extractor": "line_grammar/v1"
        },
        {
          "id": "hd-20261009-212457-b02b8f798c1e/candidates/0/3/claim/27",
          "candidate_id": "hd-20261009-212457-b02b8f798c1e/candidates/0/3",
          "kind": "ASSUMPTION",
          "text": "It will look useful through a high accuracy score driven by the base rate of declined offers.",
          "status": "UNVERIFIED",
          "extractor": "line_grammar/v1"
        },
        {
          "id": "hd-20261009-212457-b02b8f798c1e/candidates/0/3/claim/28",
          "candidate_id": "hd-20261009-212457-b02b8f798c1e/candidates/0/3",
          "kind": "UNKNOWN",
          "text": "current_qo_amount_2026",
          "status": "UNVERIFIED",
          "extractor": "line_grammar/v1"
        },
        {
          "id": "hd-20261009-212457-b02b8f798c1e/candidates/0/3/claim/29",
          "candidate_id": "hd-20261009-212457-b02b8f798c1e/candidates/0/3",
          "kind": "UNKNOWN",
          "text": "historical_qo_acceptance_count_by_year",
          "status": "UNVERIFIED",
          "extractor": "line_grammar/v1"
        },
        {
          "id": "hd-20261009-212457-b02b8f798c1e/candidates/0/3/claim/30",
          "candidate_id": "hd-20261009-212457-b02b8f798c1e/candidates/0/3",
          "kind": "UNKNOWN",
          "text": "cubs_qo_eligible_players_2026",
          "status": "UNVERIFIED",
          "extractor": "line_grammar/v1"
        },
        {
          "id": "hd-20261009-212457-b02b8f798c1e/candidates/0/3/claim/31",
          "candidate_id": "hd-20261009-212457-b02b8f798c1e/candidates/0/3",
          "kind": "IDEA",
          "text": "Candidate 4, NPB/KBO posting bids. Use as a Bayesian translation with wide intervals, reporting where the model cannot separate itself from simple ratios plus scouting.",
          "status": "UNVERIFIED",
          "extractor": "line_grammar/v1"
        },
        {
          "id": "hd-20261009-212457-b02b8f798c1e/candidates/0/3/claim/32",
          "candidate_id": "hd-20261009-212457-b02b8f798c1e/candidates/0/3",
          "kind": "ASSUMPTION",
          "text": "Events are rare (a few relevant players per winter), so the value per signing may be large, but the annual aggregate for one club is small.",
          "status": "UNVERIFIED",
          "extractor": "line_grammar/v1"
        },
        {
          "id": "hd-20261009-212457-b02b8f798c1e/candidates/0/3/claim/33",
          "candidate_id": "hd-20261009-212457-b02b8f798c1e/candidates/0/3",
          "kind": "ASSUMPTION",
          "text": "Calibration cases are few, and the league environments (ball, rules, park) change, so out-of-sample error likely dominates.",
          "status": "UNVERIFIED",
          "extractor": "line_grammar/v1"
        },
        {
          "id": "hd-20261009-212457-b02b8f798c1e/candidates/0/3/claim/34",
          "candidate_id": "hd-20261009-212457-b02b8f798c1e/candidates/0/3",
          "kind": "ASSUMPTION",
          "text": "Pitch-tracking from foreign leagues is partially public at best, and scouting video is private to clubs.",
          "status": "UNVERIFIED",
          "extractor": "line_grammar/v1"
        },
        {
          "id": "hd-20261009-212457-b02b8f798c1e/candidates/0/3/claim/35",
          "candidate_id": "hd-20261009-212457-b02b8f798c1e/candidates/0/3",
          "kind": "ASSUMPTION",
          "text": "Prices come from competitive bidding and posting rules, so a more accurate forecast must still overcome the winner's curse and the cap/fee structure.",
          "status": "UNVERIFIED",
          "extractor": "line_grammar/v1"
        },
        {
          "id": "hd-20261009-212457-b02b8f798c1e/candidates/0/3/claim/36",
          "candidate_id": "hd-20261009-212457-b02b8f798c1e/candidates/0/3",
          "kind": "ASSUMPTION",
          "text": "The outcome is observable (MLB production), but only for those who were posted and signed, which creates selection bias.",
          "status": "UNVERIFIED",
          "extractor": "line_grammar/v1"
        },
        {
          "id": "hd-20261009-212457-b02b8f798c1e/candidates/0/3/claim/37",
          "candidate_id": "hd-20261009-212457-b02b8f798c1e/candidates/0/3",
          "kind": "ASSUMPTION",
          "text": "It will look useful by fitting a handful of famous players well.",
          "status": "UNVERIFIED",
          "extractor": "line_grammar/v1"
        },
        {
          "id": "hd-20261009-212457-b02b8f798c1e/candidates/0/3/claim/38",
          "candidate_id": "hd-20261009-212457-b02b8f798c1e/candidates/0/3",
          "kind": "UNKNOWN",
          "text": "count_of_posted_players_with_mlb_outcomes",
          "status": "UNVERIFIED",
          "extractor": "line_grammar/v1"
        },
        {
          "id": "hd-20261009-212457-b02b8f798c1e/candidates/0/3/claim/39",
          "candidate_id": "hd-20261009-212457-b02b8f798c1e/candidates/0/3",
          "kind": "UNKNOWN",
          "text": "public_availability_of_npb_kbo_pitch_tracking",
          "status": "UNVERIFIED",
          "extractor": "line_grammar/v1"
        },
        {
          "id": "hd-20261009-212457-b02b8f798c1e/candidates/0/3/claim/40",
          "candidate_id": "hd-20261009-212457-b02b8f798c1e/candidates/0/3",
          "kind": "IDEA",
          "text": "Candidate 5, postseason roster construction. Reframe as a one-time sensitivity analysis to bound the value of the 25th and 26th roster slots, and build nothing until that bound exceeds measurement noise.",
          "status": "UNVERIFIED",
          "extractor": "line_grammar/v1"
        },
        {
          "id": "hd-20261009-212457-b02b8f798c1e/candidates/0/3/claim/41",
          "candidate_id": "hd-20261009-212457-b02b8f798c1e/candidates/0/3",
          "kind": "ASSUMPTION",
          "text": "The decision recurs only when the club qualifies (zero to four times a year), so expected value per year is discounted by qualification probability.",
          "status": "UNVERIFIED",
          "extractor": "line_grammar/v1"
        },
        {
          "id": "hd-20261009-212457-b02b8f798c1e/candidates/0/3/claim/42",
          "candidate_id": "hd-20261009-212457-b02b8f798c1e/candidates/0/3",
          "kind": "ASSUMPTION",
          "text": "Marginal slots may see little playing time, and series-win-probability differences are likely small relative to noise.",
          "status": "UNVERIFIED",
          "extractor": "line_grammar/v1"
        },
        {
          "id": "hd-20261009-212457-b02b8f798c1e/candidates/0/3/claim/43",
          "candidate_id": "hd-20261009-212457-b02b8f798c1e/candidates/0/3",
          "kind": "ASSUMPTION",
          "text": "A retrospective test has few rounds per club and relies on league-wide pooling, which removes health and context; counterfactual rosters are not observed.",
          "status": "UNVERIFIED",
          "extractor": "line_grammar/v1"
        },
        {
          "id": "hd-20261009-212457-b02b8f798c1e/candidates/0/3/claim/44",
          "candidate_id": "hd-20261009-212457-b02b8f798c1e/candidates/0/3",
          "kind": "ASSUMPTION",
          "text": "Postseason rosters and transaction logs are public, but injury status at the deadline may not be.",
          "status": "UNVERIFIED",
          "extractor": "line_grammar/v1"
        },
        {
          "id": "hd-20261009-212457-b02b8f798c1e/candidates/0/3/claim/45",
          "candidate_id": "hd-20261009-212457-b02b8f798c1e/candidates/0/3",
          "kind": "ASSUMPTION",
          "text": "Sophisticated clubs already simulate this privately, and public playoff-odds tools cover the seeding part.",
          "status": "UNVERIFIED",
          "extractor": "line_grammar/v1"
        },
        {
          "id": "hd-20261009-212457-b02b8f798c1e/candidates/0/3/claim/46",
          "candidate_id": "hd-20261009-212457-b02b8f798c1e/candidates/0/3",
          "kind": "ASSUMPTION",
          "text": "It will look useful through vivid after-the-fact stories (a pinch runner who scored), which reflect hindsight.",
          "status": "UNVERIFIED",
          "extractor": "line_grammar/v1"
        },
        {
          "id": "hd-20261009-212457-b02b8f798c1e/candidates/0/3/claim/47",
          "candidate_id": "hd-20261009-212457-b02b8f798c1e/candidates/0/3",
          "kind": "UNKNOWN",
          "text": "measured_win_probability_value_of_marginal_postseason_slot",
          "status": "UNVERIFIED",
          "extractor": "line_grammar/v1"
        },
        {
          "id": "hd-20261009-212457-b02b8f798c1e/candidates/0/3/claim/48",
          "candidate_id": "hd-20261009-212457-b02b8f798c1e/candidates/0/3",
          "kind": "UNKNOWN",
          "text": "public_postseason_roster_archive_completeness",
          "status": "UNVERIFIED",
          "extractor": "line_grammar/v1"
        },
        {
          "id": "hd-20261009-212457-b02b8f798c1e/candidates/0/3/claim/49",
          "candidate_id": "hd-20261009-212457-b02b8f798c1e/candidates/0/3",
          "kind": "IDEA",
          "text": "Candidate 6, arbitration filing. Restrict to a settle-vs-hearing expected-value calculator built on public hearing results, and report the sample size before any modeling.",
          "status": "UNVERIFIED",
          "extractor": "line_grammar/v1"
        },
        {
          "id": "hd-20261009-212457-b02b8f798c1e/candidates/0/3/claim/50",
          "candidate_id": "hd-20261009-212457-b02b8f798c1e/candidates/0/3",
          "kind": "ASSUMPTION",
          "text": "The decision recurs every January across the eligible roster, so volume is the highest of the six, but contested hearings are few league-wide each year and typically few or none for one club.",
          "status": "UNVERIFIED",
          "extractor": "line_grammar/v1"
        },
        {
          "id": "hd-20261009-212457-b02b8f798c1e/candidates/0/3/claim/51",
          "candidate_id": "hd-20261009-212457-b02b8f798c1e/candidates/0/3",
          "kind": "ASSUMPTION",
          "text": "Many clubs follow a file-and-trial policy that is itself known to agents, so the strategy is a policy choice, not a prediction problem.",
          "status": "UNVERIFIED",
          "extractor": "line_grammar/v1"
        },
        {
          "id": "hd-20261009-212457-b02b8f798c1e/candidates/0/3/claim/52",
          "candidate_id": "hd-20261009-212457-b02b8f798c1e/candidates/0/3",
          "kind": "ASSUMPTION",
          "text": "Panels decide on a restricted set of criteria and comparables, so the filing midpoint plus comparables are strong baselines; the public record of the arguments and the outcomes may be too thin to beat them.",
          "status": "UNVERIFIED",
          "extractor": "line_grammar/v1"
        },
        {
          "id": "hd-20261009-212457-b02b8f798c1e/candidates/0/3/claim/53",
          "candidate_id": "hd-20261009-212457-b02b8f798c1e/candidates/0/3",
          "kind": "ASSUMPTION",
          "text": "The outcome is observable (a win or loss at the hearing), but settlements before the hearing hide the counterfactual, and selection into hearings biases the sample.",
          "status": "UNVERIFIED",
          "extractor": "line_grammar/v1"
        },
        {
          "id": "hd-20261009-212457-b02b8f798c1e/candidates/0/3/claim/54",
          "candidate_id": "hd-20261009-212457-b02b8f798c1e/candidates/0/3",
          "kind": "ASSUMPTION",
          "text": "Specialized staff and outside counsel already hold this knowledge, so the clubs are probably ahead.",
          "status": "UNVERIFIED",
          "extractor": "line_grammar/v1"
        },
        {
          "id": "hd-20261009-212457-b02b8f798c1e/candidates/0/3/claim/55",
          "candidate_id": "hd-20261009-212457-b02b8f798c1e/candidates/0/3",
          "kind": "ASSUMPTION",
          "text": "It will look useful through high in-sample fit with few observations and many predictors.",
          "status": "UNVERIFIED",
          "extractor": "line_grammar/v1"
        },
        {
          "id": "hd-20261009-212457-b02b8f798c1e/candidates/0/3/claim/56",
          "candidate_id": "hd-20261009-212457-b02b8f798c1e/candidates/0/3",
          "kind": "UNKNOWN",
          "text": "annual_hearing_count_sample_size",
          "status": "UNVERIFIED",
          "extractor": "line_grammar/v1"
        },
        {
          "id": "hd-20261009-212457-b02b8f798c1e/candidates/0/3/claim/57",
          "candidate_id": "hd-20261009-212457-b02b8f798c1e/candidates/0/3",
          "kind": "UNKNOWN",
          "text": "post_2026_cba_arbitration_rules",
          "status": "UNVERIFIED",
          "extractor": "line_grammar/v1"
        },
        {
          "id": "hd-20261009-212457-b02b8f798c1e/candidates/0/3/claim/58",
          "candidate_id": "hd-20261009-212457-b02b8f798c1e/candidates/0/3",
          "kind": "IDEA",
          "text": "Blind spot analysis across the set: add a shared evaluation protocol, with decision-date snapshots, a pooled league-wide test, a pre-registered simple baseline, and a reported minimum detectable effect, before any build decision.",
          "status": "UNVERIFIED",
          "extractor": "line_grammar/v1"
        },
        {
          "id": "hd-20261009-212457-b02b8f798c1e/candidates/0/3/claim/59",
          "candidate_id": "hd-20261009-212457-b02b8f798c1e/candidates/0/3",
          "kind": "ASSUMPTION",
          "text": "Blind spot 1 is that five of six candidates are rare, small-n decisions, so none is likely to show a statistically detectable edge in a retrospective test.",
          "status": "UNVERIFIED",
          "extractor": "line_grammar/v1"
        },
        {
          "id": "hd-20261009-212457-b02b8f798c1e/candidates/0/3/claim/60",
          "candidate_id": "hd-20261009-212457-b02b8f798c1e/candidates/0/3",
          "kind": "ASSUMPTION",
          "text": "Blind spot 2 is that the club-specific value is dominated by private information (medical, makeup, player preference, negotiation positions) that public data cannot capture.",
          "status": "UNVERIFIED",
          "extractor": "line_grammar/v1"
        },
        {
          "id": "hd-20261009-212457-b02b8f798c1e/candidates/0/3/claim/61",
          "candidate_id": "hd-20261009-212457-b02b8f798c1e/candidates/0/3",
          "kind": "ASSUMPTION",
          "text": "Blind spot 3 is that the CBA expiration and rule changes may invalidate the historical records; the dates and the terms are unverified.",
          "status": "UNVERIFIED",
          "extractor": "line_grammar/v1"
        },
        {
          "id": "hd-20261009-212457-b02b8f798c1e/candidates/0/3/claim/62",
          "candidate_id": "hd-20261009-212457-b02b8f798c1e/candidates/0/3",
          "kind": "ASSUMPTION",
          "text": "Blind spot 4 is that all six are one-off decisions, and the evidence suggests that recurring, high-volume, in-season decisions were not weighed at equal depth.",
          "status": "UNVERIFIED",
          "extractor": "line_grammar/v1"
        },
        {
          "id": "hd-20261009-212457-b02b8f798c1e/candidates/0/3/claim/63",
          "candidate_id": "hd-20261009-212457-b02b8f798c1e/candidates/0/3",
          "kind": "ASSUMPTION",
          "text": "Blind spot 5 is that the candidate assumptions are pooled from a larger batch, so many (draft, ticketing, rain delays) do not apply, and counting them as evidence would inflate the criticism.",
          "status": "UNVERIFIED",
          "extractor": "line_grammar/v1"
        },
        {
          "id": "hd-20261009-212457-b02b8f798c1e/candidates/0/3/claim/64",
          "candidate_id": "hd-20261009-212457-b02b8f798c1e/candidates/0/3",
          "kind": "ASSUMPTION",
          "text": "Blind spot 6 is that none of the six identifies the cost of building and maintaining the software against a likely modest gain, or whether the front office would act on a recommendation.",
          "status": "UNVERIFIED",
          "extractor": "line_grammar/v1"
        },
        {
          "id": "hd-20261009-212457-b02b8f798c1e/candidates/0/3/claim/65",
          "candidate_id": "hd-20261009-212457-b02b8f798c1e/candidates/0/3",
          "kind": "CONFLICT",
          "text": "none_identified_no_evidence_supplied",
          "status": "UNVERIFIED",
          "extractor": "line_grammar/v1"
        }
      ],
      "evidence_refs": [
        "objective_context"
      ],
      "assumptions": [
        "The supplied evidence contains no facts, so every size, count, and rate below is unverified; no statistic is asserted here.",
        "Recurrence is real but small (a handful of hires per offseason), and the value per hire is unknown; \"large and recurring\" is a hypothesis, not evidence.",
        "Staff tenure records (assistant and minor-league roles) are incomplete or inconsistently dated, which makes the linkage to players the weakest point.",
        "Confounds include selection (clubs hire coaches after improvements), regression to the mean, roster turnover, playing time, park, injury, and organizational infrastructure; a coach touching few players gives wide intervals.",
        "Outcomes are observable only with a lag and with heavy noise; a hindsight-free test must build ratings on seasons up to T and predict T+1 against a reputation proxy.",
        "Clubs likely already run private attribution, and public sources (Statcast leaderboards, media reporting) give partial versions.",
        "It will look useful through anecdotal success stories and in-sample rankings that vanish out of sample.",
        "Value per club is plausibly material only for a few borderline players a year; the number of those is unknown.",
        "Projected arbitration salaries are public only as third-party estimates, whose vintage as of the deadline must be preserved to avoid hindsight.",
        "The outcome is only partially observable: you see what non-tendered players did elsewhere, but not what the tendered player would have done, so the counterfactual is asymmetric.",
        "Clubs already apply cost-per-WAR thresholds and public projections (e.g., projection systems, public salary estimators), so the edge over the baseline may be zero.",
        "Replacement-market forecasting depends on who is available only after the deadline, so the forecast may be no better than a generic replacement-level price.",
        "It will look useful by showing that non-tendered players sometimes produce well; that is survivorship, and the correct test compares against tendered peers at equal price.",
        "The decision applies to only a few players in a given year and only when the club has eligible free agents, and the number of historical acceptances is small, so calibration is weak.",
        "Compensation value depends on CBA terms, which must be verified, and which may change at the next agreement.",
        "Acceptance depends on player preference and the market, which are not public at the decision time.",
        "Experienced executives and agents already use \"market AAV vs QO\" heuristics, and acceptance has historically been rare, so a rule of \"offer when market exceeds the QO\" is difficult to beat.",
        "It will look useful through a high accuracy score driven by the base rate of declined offers.",
        "Events are rare (a few relevant players per winter), so the value per signing may be large, but the annual aggregate for one club is small.",
        "Calibration cases are few, and the league environments (ball, rules, park) change, so out-of-sample error likely dominates.",
        "Pitch-tracking from foreign leagues is partially public at best, and scouting video is private to clubs.",
        "Prices come from competitive bidding and posting rules, so a more accurate forecast must still overcome the winner's curse and the cap/fee structure.",
        "The outcome is observable (MLB production), but only for those who were posted and signed, which creates selection bias.",
        "It will look useful by fitting a handful of famous players well.",
        "The decision recurs only when the club qualifies (zero to four times a year), so expected value per year is discounted by qualification probability.",
        "Marginal slots may see little playing time, and series-win-probability differences are likely small relative to noise.",
        "A retrospective test has few rounds per club and relies on league-wide pooling, which removes health and context; counterfactual rosters are not observed.",
        "Postseason rosters and transaction logs are public, but injury status at the deadline may not be.",
        "Sophisticated clubs already simulate this privately, and public playoff-odds tools cover the seeding part.",
        "It will look useful through vivid after-the-fact stories (a pinch runner who scored), which reflect hindsight.",
        "The decision recurs every January across the eligible roster, so volume is the highest of the six, but contested hearings are few league-wide each year and typically few or none for one club.",
        "Many clubs follow a file-and-trial policy that is itself known to agents, so the strategy is a policy choice, not a prediction problem.",
        "Panels decide on a restricted set of criteria and comparables, so the filing midpoint plus comparables are strong baselines; the public record of the arguments and the outcomes may be too thin to beat them.",
        "The outcome is observable (a win or loss at the hearing), but settlements before the hearing hide the counterfactual, and selection into hearings biases the sample.",
        "Specialized staff and outside counsel already hold this knowledge, so the clubs are probably ahead.",
        "It will look useful through high in-sample fit with few observations and many predictors.",
        "Blind spot 1 is that five of six candidates are rare, small-n decisions, so none is likely to show a statistically detectable edge in a retrospective test.",
        "Blind spot 2 is that the club-specific value is dominated by private information (medical, makeup, player preference, negotiation positions) that public data cannot capture.",
        "Blind spot 3 is that the CBA expiration and rule changes may invalidate the historical records; the dates and the terms are unverified.",
        "Blind spot 4 is that all six are one-off decisions, and the evidence suggests that recurring, high-volume, in-season decisions were not weighed at equal depth.",
        "Blind spot 5 is that the candidate assumptions are pooled from a larger batch, so many (draft, ticketing, rain delays) do not apply, and counting them as evidence would inflate the criticism.",
        "Blind spot 6 is that none of the six identifies the cost of building and maintaining the software against a likely modest gain, or whether the front office would act on a recommendation."
      ],
      "unresolved_issues": [
        "The supplied evidence contains no facts, so every size, count, and rate below is unverified; no statistic is asserted here.",
        "Recurrence is real but small (a handful of hires per offseason), and the value per hire is unknown; \"large and recurring\" is a hypothesis, not evidence.",
        "Staff tenure records (assistant and minor-league roles) are incomplete or inconsistently dated, which makes the linkage to players the weakest point.",
        "Confounds include selection (clubs hire coaches after improvements), regression to the mean, roster turnover, playing time, park, injury, and organizational infrastructure; a coach touching few players gives wide intervals.",
        "Outcomes are observable only with a lag and with heavy noise; a hindsight-free test must build ratings on seasons up to T and predict T+1 against a reputation proxy.",
        "Clubs likely already run private attribution, and public sources (Statcast leaderboards, media reporting) give partial versions.",
        "It will look useful through anecdotal success stories and in-sample rankings that vanish out of sample.",
        "Value per club is plausibly material only for a few borderline players a year; the number of those is unknown.",
        "Projected arbitration salaries are public only as third-party estimates, whose vintage as of the deadline must be preserved to avoid hindsight.",
        "The outcome is only partially observable: you see what non-tendered players did elsewhere, but not what the tendered player would have done, so the counterfactual is asymmetric.",
        "Clubs already apply cost-per-WAR thresholds and public projections (e.g., projection systems, public salary estimators), so the edge over the baseline may be zero.",
        "Replacement-market forecasting depends on who is available only after the deadline, so the forecast may be no better than a generic replacement-level price.",
        "It will look useful by showing that non-tendered players sometimes produce well; that is survivorship, and the correct test compares against tendered peers at equal price.",
        "The decision applies to only a few players in a given year and only when the club has eligible free agents, and the number of historical acceptances is small, so calibration is weak.",
        "Compensation value depends on CBA terms, which must be verified, and which may change at the next agreement.",
        "Acceptance depends on player preference and the market, which are not public at the decision time.",
        "Experienced executives and agents already use \"market AAV vs QO\" heuristics, and acceptance has historically been rare, so a rule of \"offer when market exceeds the QO\" is difficult to beat.",
        "It will look useful through a high accuracy score driven by the base rate of declined offers.",
        "Events are rare (a few relevant players per winter), so the value per signing may be large, but the annual aggregate for one club is small.",
        "Calibration cases are few, and the league environments (ball, rules, park) change, so out-of-sample error likely dominates.",
        "Pitch-tracking from foreign leagues is partially public at best, and scouting video is private to clubs.",
        "Prices come from competitive bidding and posting rules, so a more accurate forecast must still overcome the winner's curse and the cap/fee structure.",
        "The outcome is observable (MLB production), but only for those who were posted and signed, which creates selection bias.",
        "It will look useful by fitting a handful of famous players well.",
        "The decision recurs only when the club qualifies (zero to four times a year), so expected value per year is discounted by qualification probability.",
        "Marginal slots may see little playing time, and series-win-probability differences are likely small relative to noise.",
        "A retrospective test has few rounds per club and relies on league-wide pooling, which removes health and context; counterfactual rosters are not observed.",
        "Postseason rosters and transaction logs are public, but injury status at the deadline may not be.",
        "Sophisticated clubs already simulate this privately, and public playoff-odds tools cover the seeding part.",
        "It will look useful through vivid after-the-fact stories (a pinch runner who scored), which reflect hindsight.",
        "The decision recurs every January across the eligible roster, so volume is the highest of the six, but contested hearings are few league-wide each year and typically few or none for one club.",
        "Many clubs follow a file-and-trial policy that is itself known to agents, so the strategy is a policy choice, not a prediction problem.",
        "Panels decide on a restricted set of criteria and comparables, so the filing midpoint plus comparables are strong baselines; the public record of the arguments and the outcomes may be too thin to beat them.",
        "The outcome is observable (a win or loss at the hearing), but settlements before the hearing hide the counterfactual, and selection into hearings biases the sample.",
        "Specialized staff and outside counsel already hold this knowledge, so the clubs are probably ahead.",
        "It will look useful through high in-sample fit with few observations and many predictors.",
        "Blind spot 1 is that five of six candidates are rare, small-n decisions, so none is likely to show a statistically detectable edge in a retrospective test.",
        "Blind spot 2 is that the club-specific value is dominated by private information (medical, makeup, player preference, negotiation positions) that public data cannot capture.",
        "Blind spot 3 is that the CBA expiration and rule changes may invalidate the historical records; the dates and the terms are unverified.",
        "Blind spot 4 is that all six are one-off decisions, and the evidence suggests that recurring, high-volume, in-season decisions were not weighed at equal depth.",
        "Blind spot 5 is that the candidate assumptions are pooled from a larger batch, so many (draft, ticketing, rain delays) do not apply, and counting them as evidence would inflate the criticism.",
        "Blind spot 6 is that none of the six identifies the cost of building and maintaining the software against a likely modest gain, or whether the front office would act on a recommendation.",
        "Replace the six-candidate portfolio with one narrow, falsifiable pilot: a dated-snapshot backtest of tender/non-tender and qualifying-offer decisions pooled league-wide, scored against the \"projected WAR per dollar vs club threshold\" and \"offer if market AAV clearly exceeds QO\" baselines, with every input timestamped to the decision date.",
        "cubs_private_models_and_practices",
        "supplied_evidence_for_any_claim",
        "Candidate 1, coaching-hire evaluation. Keep only as a null-result study, not a decision tool: a coach-movement panel with matched non-moving controls and a pre-registered test of year-over-year persistence of coach effects.",
        "detectable_coach_effect_size",
        "public_coach_tenure_dataset_completeness",
        "Candidate 2, non-tender decisions. This is the strongest candidate: it recurs every year, the decision date is fixed, and tender decisions, projected salaries, and later signings are public, so a pooled backtest across all clubs is possible.",
        "historical_nontender_signing_outcomes_dataset",
        "Candidate 3, qualifying offers. Treat as a small-n calibration exercise embedded in the tender pilot, not a standalone product.",
        "current_qo_amount_2026",
        "historical_qo_acceptance_count_by_year",
        "cubs_qo_eligible_players_2026",
        "Candidate 4, NPB/KBO posting bids. Use as a Bayesian translation with wide intervals, reporting where the model cannot separate itself from simple ratios plus scouting.",
        "count_of_posted_players_with_mlb_outcomes",
        "public_availability_of_npb_kbo_pitch_tracking",
        "Candidate 5, postseason roster construction. Reframe as a one-time sensitivity analysis to bound the value of the 25th and 26th roster slots, and build nothing until that bound exceeds measurement noise.",
        "measured_win_probability_value_of_marginal_postseason_slot",
        "public_postseason_roster_archive_completeness",
        "Candidate 6, arbitration filing. Restrict to a settle-vs-hearing expected-value calculator built on public hearing results, and report the sample size before any modeling.",
        "annual_hearing_count_sample_size",
        "post_2026_cba_arbitration_rules",
        "Blind spot analysis across the set: add a shared evaluation protocol, with decision-date snapshots, a pooled league-wide test, a pre-registered simple baseline, and a reported minimum detectable effect, before any build decision.",
        "none_identified_no_evidence_supplied"
      ],
      "contradictions": [],
      "verified_constraints": [],
      "provenance": {
        "run_id": "hd-20261009-212457-b02b8f798c1e",
        "producer_component": "howldream",
        "producer_version": "0.4.4",
        "model_or_provider": "claude-sonnet-5-5",
        "observation_kind": "EXTERNALLY_OBSERVED",
        "created_at": "2026-10-09T21:28:17.653981+00:00",
        "transformations": [
          "generated"
        ],
        "participation": [
          {
            "operation": "GENERATED",
            "transforming_component": "howldream",
            "origin_component": "howldream",
            "origin_provider": "claude",
            "origin_model": "claude-sonnet-5-5",
            "subject_count": 1,
            "inference_occurred": true,
            "note": "Dream prompted the provider; the provider authored the text."
          }
        ],
        "request_id": "cubs-r003-p2-critique",
        "originating_component": "operator",
        "execution": {
          "requested_provider": "command",
          "selected_provider": "command",
          "actual_provider": "claude",
          "adapter": "claude-json",
          "model": "claude-sonnet-5-5",
          "requested_model": "claude-sonnet-5-5",
          "deterministic": false,
          "mocked": false,
          "inference_occurred": true,
          "remote": true,
          "remote_observation": "OPERATOR_DECLARED",
          "fallback_reason": null,
          "elapsed_seconds": 26.379672334000134,
          "usage": {
            "input_tokens": 2,
            "cache_creation_input_tokens": 24710,
            "cache_read_input_tokens": 0,
            "output_tokens": 3237,
            "output_tokens_details": {
              "thinking_tokens": 0
            },
            "server_tool_use": {
              "web_search_requests": 0,
              "web_fetch_requests": 0
            },
            "cache_creation": {
              "ephemeral_1h_input_tokens": 24710,
              "ephemeral_5m_input_tokens": 0
            }
          },
          "cost": 0.131214,
          "request_id": "b7b5e412-fe99-4f8a-b435-72999b0df02b",
          "raw_output_received": true,
          "parse_status": "VALID",
          "repair_attempted": false,
          "sampling": null
        },
        "source_candidate_refs": [
          {
            "candidate_id": "hd-20261009-211812-efe1740f0c77/candidates/0/0/idea/2",
            "source_run_id": "hd-20261009-211812-efe1740f0c77",
            "sha256": "6829ee86945bfb0c50197b5906a63a331cf1cfb67fad517a947a57901e90b298"
          },
          {
            "candidate_id": "hd-20261009-211812-efe1740f0c77/candidates/0/0/idea/3",
            "source_run_id": "hd-20261009-211812-efe1740f0c77",
            "sha256": "1f7b950053564326d6c6fc42860bd8aa93edbcd018297abcb7925949ce1a2807"
          },
          {
            "candidate_id": "hd-20261009-211812-efe1740f0c77/candidates/0/1/idea/1",
            "source_run_id": "hd-20261009-211812-efe1740f0c77",
            "sha256": "5121444f21b1ebfbe3d5f6b49ef11adcfac5bd2f948eb382686ff83bc0006430"
          },
          {
            "candidate_id": "hd-20261009-211812-efe1740f0c77/candidates/0/1/idea/3",
            "source_run_id": "hd-20261009-211812-efe1740f0c77",
            "sha256": "ecc907f458550650cf737ac3d7882c8f180a93b47d011a1c46ff8e2e7617f381"
          },
          {
            "candidate_id": "hd-20261009-211812-efe1740f0c77/candidates/0/2/idea/2",
            "source_run_id": "hd-20261009-211812-efe1740f0c77",
            "sha256": "0d402eb73e57d9ca3d90616bf967f22317f796dcd6a3c05f567e0203bbb307a3"
          },
          {
            "candidate_id": "hd-20261009-211812-efe1740f0c77/candidates/0/5/idea/1",
            "source_run_id": "hd-20261009-211812-efe1740f0c77",
            "sha256": "7a0717d5447d5a41e23600b5ab01d6f99494721533fb60904697e51003d111df"
          }
        ],
        "source_candidates_location": "exploration_envelope.json#/provenance/source_candidates",
        "hard_constraints": [
          "Public or clearly labeled synthetic data only.",
          "Do not invent statistics or private Cubs information.",
          "Prefer falsifiable criticism."
        ],
        "constraint_scope": "UNVERIFIED_GENERATION_GUIDANCE",
        "purpose": "verification",
        "verification": [
          {
            "claim_id": "hd-20261009-212457-b02b8f798c1e/candidates/0/3/claim/1",
            "candidate_id": "hd-20261009-212457-b02b8f798c1e/candidates/0/3",
            "status": "UNCERTAIN",
            "classifications": [],
            "source_ids": [],
            "evidence_provenance": [],
            "check_scope": "SUPPLIED_LEDGER",
            "critical": false,
            "verifier": "supplied_ledger_and_arithmetic/v2",
            "scorer_type": "deterministic",
            "note": "No available check establishes this proposition."
          },
          {
            "claim_id": "hd-20261009-212457-b02b8f798c1e/candidates/0/3/claim/2",
            "candidate_id": "hd-20261009-212457-b02b8f798c1e/candidates/0/3",
            "status": "UNCERTAIN",
            "classifications": [],
            "source_ids": [],
            "evidence_provenance": [],
            "check_scope": "SUPPLIED_LEDGER",
            "critical": false,
            "verifier": "supplied_ledger_and_arithmetic/v2",
            "scorer_type": "deterministic",
            "note": "No available check establishes this proposition."
          },
          {
            "claim_id": "hd-20261009-212457-b02b8f798c1e/candidates/0/3/claim/3",
            "candidate_id": "hd-20261009-212457-b02b8f798c1e/candidates/0/3",
            "status": "UNCERTAIN",
            "classifications": [],
            "source_ids": [],
            "evidence_provenance": [],
            "check_scope": "SUPPLIED_LEDGER",
            "critical": false,
            "verifier": "supplied_ledger_and_arithmetic/v2",
            "scorer_type": "deterministic",
            "note": "Explicit abstention; not counted as a detected failure or a verified fact."
          },
          {
            "claim_id": "hd-20261009-212457-b02b8f798c1e/candidates/0/3/claim/4",
            "candidate_id": "hd-20261009-212457-b02b8f798c1e/candidates/0/3",
            "status": "UNCERTAIN",
            "classifications": [],
            "source_ids": [],
            "evidence_provenance": [],
            "check_scope": "SUPPLIED_LEDGER",
            "critical": false,
            "verifier": "supplied_ledger_and_arithmetic/v2",
            "scorer_type": "deterministic",
            "note": "Explicit abstention; not counted as a detected failure or a verified fact."
          },
          {
            "claim_id": "hd-20261009-212457-b02b8f798c1e/candidates/0/3/claim/5",
            "candidate_id": "hd-20261009-212457-b02b8f798c1e/candidates/0/3",
            "status": "UNCERTAIN",
            "classifications": [],
            "source_ids": [],
            "evidence_provenance": [],
            "check_scope": "SUPPLIED_LEDGER",
            "critical": false,
            "verifier": "supplied_ledger_and_arithmetic/v2",
            "scorer_type": "deterministic",
            "note": "No available check establishes this proposition."
          },
          {
            "claim_id": "hd-20261009-212457-b02b8f798c1e/candidates/0/3/claim/6",
            "candidate_id": "hd-20261009-212457-b02b8f798c1e/candidates/0/3",
            "status": "UNCERTAIN",
            "classifications": [],
            "source_ids": [],
            "evidence_provenance": [],
            "check_scope": "SUPPLIED_LEDGER",
            "critical": false,
            "verifier": "supplied_ledger_and_arithmetic/v2",
            "scorer_type": "deterministic",
            "note": "No available check establishes this proposition."
          },
          {
            "claim_id": "hd-20261009-212457-b02b8f798c1e/candidates/0/3/claim/7",
            "candidate_id": "hd-20261009-212457-b02b8f798c1e/candidates/0/3",
            "status": "UNCERTAIN",
            "classifications": [],
            "source_ids": [],
            "evidence_provenance": [],
            "check_scope": "SUPPLIED_LEDGER",
            "critical": false,
            "verifier": "supplied_ledger_and_arithmetic/v2",
            "scorer_type": "deterministic",
            "note": "No available check establishes this proposition."
          },
          {
            "claim_id": "hd-20261009-212457-b02b8f798c1e/candidates/0/3/claim/8",
            "candidate_id": "hd-20261009-212457-b02b8f798c1e/candidates/0/3",
            "status": "UNCERTAIN",
            "classifications": [],
            "source_ids": [],
            "evidence_provenance": [],
            "check_scope": "SUPPLIED_LEDGER",
            "critical": false,
            "verifier": "supplied_ledger_and_arithmetic/v2",
            "scorer_type": "deterministic",
            "note": "No available check establishes this proposition."
          },
          {
            "claim_id": "hd-20261009-212457-b02b8f798c1e/candidates/0/3/claim/9",
            "candidate_id": "hd-20261009-212457-b02b8f798c1e/candidates/0/3",
            "status": "UNCERTAIN",
            "classifications": [],
            "source_ids": [],
            "evidence_provenance": [],
            "check_scope": "SUPPLIED_LEDGER",
            "critical": false,
            "verifier": "supplied_ledger_and_arithmetic/v2",
            "scorer_type": "deterministic",
            "note": "No available check establishes this proposition."
          },
          {
            "claim_id": "hd-20261009-212457-b02b8f798c1e/candidates/0/3/claim/10",
            "candidate_id": "hd-20261009-212457-b02b8f798c1e/candidates/0/3",
            "status": "UNCERTAIN",
            "classifications": [],
            "source_ids": [],
            "evidence_provenance": [],
            "check_scope": "SUPPLIED_LEDGER",
            "critical": false,
            "verifier": "supplied_ledger_and_arithmetic/v2",
            "scorer_type": "deterministic",
            "note": "No available check establishes this proposition."
          },
          {
            "claim_id": "hd-20261009-212457-b02b8f798c1e/candidates/0/3/claim/11",
            "candidate_id": "hd-20261009-212457-b02b8f798c1e/candidates/0/3",
            "status": "UNCERTAIN",
            "classifications": [],
            "source_ids": [],
            "evidence_provenance": [],
            "check_scope": "SUPPLIED_LEDGER",
            "critical": false,
            "verifier": "supplied_ledger_and_arithmetic/v2",
            "scorer_type": "deterministic",
            "note": "No available check establishes this proposition."
          },
          {
            "claim_id": "hd-20261009-212457-b02b8f798c1e/candidates/0/3/claim/12",
            "candidate_id": "hd-20261009-212457-b02b8f798c1e/candidates/0/3",
            "status": "UNCERTAIN",
            "classifications": [],
            "source_ids": [],
            "evidence_provenance": [],
            "check_scope": "SUPPLIED_LEDGER",
            "critical": false,
            "verifier": "supplied_ledger_and_arithmetic/v2",
            "scorer_type": "deterministic",
            "note": "Explicit abstention; not counted as a detected failure or a verified fact."
          },
          {
            "claim_id": "hd-20261009-212457-b02b8f798c1e/candidates/0/3/claim/13",
            "candidate_id": "hd-20261009-212457-b02b8f798c1e/candidates/0/3",
            "status": "UNCERTAIN",
            "classifications": [],
            "source_ids": [],
            "evidence_provenance": [],
            "check_scope": "SUPPLIED_LEDGER",
            "critical": false,
            "verifier": "supplied_ledger_and_arithmetic/v2",
            "scorer_type": "deterministic",
            "note": "Explicit abstention; not counted as a detected failure or a verified fact."
          },
          {
            "claim_id": "hd-20261009-212457-b02b8f798c1e/candidates/0/3/claim/14",
            "candidate_id": "hd-20261009-212457-b02b8f798c1e/candidates/0/3",
            "status": "UNCERTAIN",
            "classifications": [],
            "source_ids": [],
            "evidence_provenance": [],
            "check_scope": "SUPPLIED_LEDGER",
            "critical": false,
            "verifier": "supplied_ledger_and_arithmetic/v2",
            "scorer_type": "deterministic",
            "note": "No available check establishes this proposition."
          },
          {
            "claim_id": "hd-20261009-212457-b02b8f798c1e/candidates/0/3/claim/15",
            "candidate_id": "hd-20261009-212457-b02b8f798c1e/candidates/0/3",
            "status": "UNCERTAIN",
            "classifications": [],
            "source_ids": [],
            "evidence_provenance": [],
            "check_scope": "SUPPLIED_LEDGER",
            "critical": false,
            "verifier": "supplied_ledger_and_arithmetic/v2",
            "scorer_type": "deterministic",
            "note": "No available check establishes this proposition."
          },
          {
            "claim_id": "hd-20261009-212457-b02b8f798c1e/candidates/0/3/claim/16",
            "candidate_id": "hd-20261009-212457-b02b8f798c1e/candidates/0/3",
            "status": "UNCERTAIN",
            "classifications": [],
            "source_ids": [],
            "evidence_provenance": [],
            "check_scope": "SUPPLIED_LEDGER",
            "critical": false,
            "verifier": "supplied_ledger_and_arithmetic/v2",
            "scorer_type": "deterministic",
            "note": "No available check establishes this proposition."
          },
          {
            "claim_id": "hd-20261009-212457-b02b8f798c1e/candidates/0/3/claim/17",
            "candidate_id": "hd-20261009-212457-b02b8f798c1e/candidates/0/3",
            "status": "UNCERTAIN",
            "classifications": [],
            "source_ids": [],
            "evidence_provenance": [],
            "check_scope": "SUPPLIED_LEDGER",
            "critical": false,
            "verifier": "supplied_ledger_and_arithmetic/v2",
            "scorer_type": "deterministic",
            "note": "No available check establishes this proposition."
          },
          {
            "claim_id": "hd-20261009-212457-b02b8f798c1e/candidates/0/3/claim/18",
            "candidate_id": "hd-20261009-212457-b02b8f798c1e/candidates/0/3",
            "status": "UNCERTAIN",
            "classifications": [],
            "source_ids": [],
            "evidence_provenance": [],
            "check_scope": "SUPPLIED_LEDGER",
            "critical": false,
            "verifier": "supplied_ledger_and_arithmetic/v2",
            "scorer_type": "deterministic",
            "note": "No available check establishes this proposition."
          },
          {
            "claim_id": "hd-20261009-212457-b02b8f798c1e/candidates/0/3/claim/19",
            "candidate_id": "hd-20261009-212457-b02b8f798c1e/candidates/0/3",
            "status": "UNCERTAIN",
            "classifications": [],
            "source_ids": [],
            "evidence_provenance": [],
            "check_scope": "SUPPLIED_LEDGER",
            "critical": false,
            "verifier": "supplied_ledger_and_arithmetic/v2",
            "scorer_type": "deterministic",
            "note": "No available check establishes this proposition."
          },
          {
            "claim_id": "hd-20261009-212457-b02b8f798c1e/candidates/0/3/claim/20",
            "candidate_id": "hd-20261009-212457-b02b8f798c1e/candidates/0/3",
            "status": "UNCERTAIN",
            "classifications": [],
            "source_ids": [],
            "evidence_provenance": [],
            "check_scope": "SUPPLIED_LEDGER",
            "critical": false,
            "verifier": "supplied_ledger_and_arithmetic/v2",
            "scorer_type": "deterministic",
            "note": "No available check establishes this proposition."
          },
          {
            "claim_id": "hd-20261009-212457-b02b8f798c1e/candidates/0/3/claim/21",
            "candidate_id": "hd-20261009-212457-b02b8f798c1e/candidates/0/3",
            "status": "UNCERTAIN",
            "classifications": [],
            "source_ids": [],
            "evidence_provenance": [],
            "check_scope": "SUPPLIED_LEDGER",
            "critical": false,
            "verifier": "supplied_ledger_and_arithmetic/v2",
            "scorer_type": "deterministic",
            "note": "Explicit abstention; not counted as a detected failure or a verified fact."
          },
          {
            "claim_id": "hd-20261009-212457-b02b8f798c1e/candidates/0/3/claim/22",
            "candidate_id": "hd-20261009-212457-b02b8f798c1e/candidates/0/3",
            "status": "UNCERTAIN",
            "classifications": [],
            "source_ids": [],
            "evidence_provenance": [],
            "check_scope": "SUPPLIED_LEDGER",
            "critical": false,
            "verifier": "supplied_ledger_and_arithmetic/v2",
            "scorer_type": "deterministic",
            "note": "No available check establishes this proposition."
          },
          {
            "claim_id": "hd-20261009-212457-b02b8f798c1e/candidates/0/3/claim/23",
            "candidate_id": "hd-20261009-212457-b02b8f798c1e/candidates/0/3",
            "status": "UNCERTAIN",
            "classifications": [],
            "source_ids": [],
            "evidence_provenance": [],
            "check_scope": "SUPPLIED_LEDGER",
            "critical": false,
            "verifier": "supplied_ledger_and_arithmetic/v2",
            "scorer_type": "deterministic",
            "note": "No available check establishes this proposition."
          },
          {
            "claim_id": "hd-20261009-212457-b02b8f798c1e/candidates/0/3/claim/24",
            "candidate_id": "hd-20261009-212457-b02b8f798c1e/candidates/0/3",
            "status": "UNCERTAIN",
            "classifications": [],
            "source_ids": [],
            "evidence_provenance": [],
            "check_scope": "SUPPLIED_LEDGER",
            "critical": false,
            "verifier": "supplied_ledger_and_arithmetic/v2",
            "scorer_type": "deterministic",
            "note": "No available check establishes this proposition."
          },
          {
            "claim_id": "hd-20261009-212457-b02b8f798c1e/candidates/0/3/claim/25",
            "candidate_id": "hd-20261009-212457-b02b8f798c1e/candidates/0/3",
            "status": "UNCERTAIN",
            "classifications": [],
            "source_ids": [],
            "evidence_provenance": [],
            "check_scope": "SUPPLIED_LEDGER",
            "critical": false,
            "verifier": "supplied_ledger_and_arithmetic/v2",
            "scorer_type": "deterministic",
            "note": "No available check establishes this proposition."
          },
          {
            "claim_id": "hd-20261009-212457-b02b8f798c1e/candidates/0/3/claim/26",
            "candidate_id": "hd-20261009-212457-b02b8f798c1e/candidates/0/3",
            "status": "UNCERTAIN",
            "classifications": [],
            "source_ids": [],
            "evidence_provenance": [],
            "check_scope": "SUPPLIED_LEDGER",
            "critical": false,
            "verifier": "supplied_ledger_and_arithmetic/v2",
            "scorer_type": "deterministic",
            "note": "No available check establishes this proposition."
          },
          {
            "claim_id": "hd-20261009-212457-b02b8f798c1e/candidates/0/3/claim/27",
            "candidate_id": "hd-20261009-212457-b02b8f798c1e/candidates/0/3",
            "status": "UNCERTAIN",
            "classifications": [],
            "source_ids": [],
            "evidence_provenance": [],
            "check_scope": "SUPPLIED_LEDGER",
            "critical": false,
            "verifier": "supplied_ledger_and_arithmetic/v2",
            "scorer_type": "deterministic",
            "note": "No available check establishes this proposition."
          },
          {
            "claim_id": "hd-20261009-212457-b02b8f798c1e/candidates/0/3/claim/28",
            "candidate_id": "hd-20261009-212457-b02b8f798c1e/candidates/0/3",
            "status": "UNCERTAIN",
            "classifications": [],
            "source_ids": [],
            "evidence_provenance": [],
            "check_scope": "SUPPLIED_LEDGER",
            "critical": false,
            "verifier": "supplied_ledger_and_arithmetic/v2",
            "scorer_type": "deterministic",
            "note": "Explicit abstention; not counted as a detected failure or a verified fact."
          },
          {
            "claim_id": "hd-20261009-212457-b02b8f798c1e/candidates/0/3/claim/29",
            "candidate_id": "hd-20261009-212457-b02b8f798c1e/candidates/0/3",
            "status": "UNCERTAIN",
            "classifications": [],
            "source_ids": [],
            "evidence_provenance": [],
            "check_scope": "SUPPLIED_LEDGER",
            "critical": false,
            "verifier": "supplied_ledger_and_arithmetic/v2",
            "scorer_type": "deterministic",
            "note": "Explicit abstention; not counted as a detected failure or a verified fact."
          },
          {
            "claim_id": "hd-20261009-212457-b02b8f798c1e/candidates/0/3/claim/30",
            "candidate_id": "hd-20261009-212457-b02b8f798c1e/candidates/0/3",
            "status": "UNCERTAIN",
            "classifications": [],
            "source_ids": [],
            "evidence_provenance": [],
            "check_scope": "SUPPLIED_LEDGER",
            "critical": false,
            "verifier": "supplied_ledger_and_arithmetic/v2",
            "scorer_type": "deterministic",
            "note": "Explicit abstention; not counted as a detected failure or a verified fact."
          },
          {
            "claim_id": "hd-20261009-212457-b02b8f798c1e/candidates/0/3/claim/31",
            "candidate_id": "hd-20261009-212457-b02b8f798c1e/candidates/0/3",
            "status": "UNCERTAIN",
            "classifications": [],
            "source_ids": [],
            "evidence_provenance": [],
            "check_scope": "SUPPLIED_LEDGER",
            "critical": false,
            "verifier": "supplied_ledger_and_arithmetic/v2",
            "scorer_type": "deterministic",
            "note": "No available check establishes this proposition."
          },
          {
            "claim_id": "hd-20261009-212457-b02b8f798c1e/candidates/0/3/claim/32",
            "candidate_id": "hd-20261009-212457-b02b8f798c1e/candidates/0/3",
            "status": "UNCERTAIN",
            "classifications": [],
            "source_ids": [],
            "evidence_provenance": [],
            "check_scope": "SUPPLIED_LEDGER",
            "critical": false,
            "verifier": "supplied_ledger_and_arithmetic/v2",
            "scorer_type": "deterministic",
            "note": "No available check establishes this proposition."
          },
          {
            "claim_id": "hd-20261009-212457-b02b8f798c1e/candidates/0/3/claim/33",
            "candidate_id": "hd-20261009-212457-b02b8f798c1e/candidates/0/3",
            "status": "UNCERTAIN",
            "classifications": [],
            "source_ids": [],
            "evidence_provenance": [],
            "check_scope": "SUPPLIED_LEDGER",
            "critical": false,
            "verifier": "supplied_ledger_and_arithmetic/v2",
            "scorer_type": "deterministic",
            "note": "No available check establishes this proposition."
          },
          {
            "claim_id": "hd-20261009-212457-b02b8f798c1e/candidates/0/3/claim/34",
            "candidate_id": "hd-20261009-212457-b02b8f798c1e/candidates/0/3",
            "status": "UNCERTAIN",
            "classifications": [],
            "source_ids": [],
            "evidence_provenance": [],
            "check_scope": "SUPPLIED_LEDGER",
            "critical": false,
            "verifier": "supplied_ledger_and_arithmetic/v2",
            "scorer_type": "deterministic",
            "note": "No available check establishes this proposition."
          },
          {
            "claim_id": "hd-20261009-212457-b02b8f798c1e/candidates/0/3/claim/35",
            "candidate_id": "hd-20261009-212457-b02b8f798c1e/candidates/0/3",
            "status": "UNCERTAIN",
            "classifications": [],
            "source_ids": [],
            "evidence_provenance": [],
            "check_scope": "SUPPLIED_LEDGER",
            "critical": false,
            "verifier": "supplied_ledger_and_arithmetic/v2",
            "scorer_type": "deterministic",
            "note": "No available check establishes this proposition."
          },
          {
            "claim_id": "hd-20261009-212457-b02b8f798c1e/candidates/0/3/claim/36",
            "candidate_id": "hd-20261009-212457-b02b8f798c1e/candidates/0/3",
            "status": "UNCERTAIN",
            "classifications": [],
            "source_ids": [],
            "evidence_provenance": [],
            "check_scope": "SUPPLIED_LEDGER",
            "critical": false,
            "verifier": "supplied_ledger_and_arithmetic/v2",
            "scorer_type": "deterministic",
            "note": "No available check establishes this proposition."
          },
          {
            "claim_id": "hd-20261009-212457-b02b8f798c1e/candidates/0/3/claim/37",
            "candidate_id": "hd-20261009-212457-b02b8f798c1e/candidates/0/3",
            "status": "UNCERTAIN",
            "classifications": [],
            "source_ids": [],
            "evidence_provenance": [],
            "check_scope": "SUPPLIED_LEDGER",
            "critical": false,
            "verifier": "supplied_ledger_and_arithmetic/v2",
            "scorer_type": "deterministic",
            "note": "No available check establishes this proposition."
          },
          {
            "claim_id": "hd-20261009-212457-b02b8f798c1e/candidates/0/3/claim/38",
            "candidate_id": "hd-20261009-212457-b02b8f798c1e/candidates/0/3",
            "status": "UNCERTAIN",
            "classifications": [],
            "source_ids": [],
            "evidence_provenance": [],
            "check_scope": "SUPPLIED_LEDGER",
            "critical": false,
            "verifier": "supplied_ledger_and_arithmetic/v2",
            "scorer_type": "deterministic",
            "note": "Explicit abstention; not counted as a detected failure or a verified fact."
          },
          {
            "claim_id": "hd-20261009-212457-b02b8f798c1e/candidates/0/3/claim/39",
            "candidate_id": "hd-20261009-212457-b02b8f798c1e/candidates/0/3",
            "status": "UNCERTAIN",
            "classifications": [],
            "source_ids": [],
            "evidence_provenance": [],
            "check_scope": "SUPPLIED_LEDGER",
            "critical": false,
            "verifier": "supplied_ledger_and_arithmetic/v2",
            "scorer_type": "deterministic",
            "note": "Explicit abstention; not counted as a detected failure or a verified fact."
          },
          {
            "claim_id": "hd-20261009-212457-b02b8f798c1e/candidates/0/3/claim/40",
            "candidate_id": "hd-20261009-212457-b02b8f798c1e/candidates/0/3",
            "status": "UNCERTAIN",
            "classifications": [],
            "source_ids": [],
            "evidence_provenance": [],
            "check_scope": "SUPPLIED_LEDGER",
            "critical": false,
            "verifier": "supplied_ledger_and_arithmetic/v2",
            "scorer_type": "deterministic",
            "note": "No available check establishes this proposition."
          },
          {
            "claim_id": "hd-20261009-212457-b02b8f798c1e/candidates/0/3/claim/41",
            "candidate_id": "hd-20261009-212457-b02b8f798c1e/candidates/0/3",
            "status": "UNCERTAIN",
            "classifications": [],
            "source_ids": [],
            "evidence_provenance": [],
            "check_scope": "SUPPLIED_LEDGER",
            "critical": false,
            "verifier": "supplied_ledger_and_arithmetic/v2",
            "scorer_type": "deterministic",
            "note": "No available check establishes this proposition."
          },
          {
            "claim_id": "hd-20261009-212457-b02b8f798c1e/candidates/0/3/claim/42",
            "candidate_id": "hd-20261009-212457-b02b8f798c1e/candidates/0/3",
            "status": "UNCERTAIN",
            "classifications": [],
            "source_ids": [],
            "evidence_provenance": [],
            "check_scope": "SUPPLIED_LEDGER",
            "critical": false,
            "verifier": "supplied_ledger_and_arithmetic/v2",
            "scorer_type": "deterministic",
            "note": "No available check establishes this proposition."
          },
          {
            "claim_id": "hd-20261009-212457-b02b8f798c1e/candidates/0/3/claim/43",
            "candidate_id": "hd-20261009-212457-b02b8f798c1e/candidates/0/3",
            "status": "UNCERTAIN",
            "classifications": [],
            "source_ids": [],
            "evidence_provenance": [],
            "check_scope": "SUPPLIED_LEDGER",
            "critical": false,
            "verifier": "supplied_ledger_and_arithmetic/v2",
            "scorer_type": "deterministic",
            "note": "No available check establishes this proposition."
          },
          {
            "claim_id": "hd-20261009-212457-b02b8f798c1e/candidates/0/3/claim/44",
            "candidate_id": "hd-20261009-212457-b02b8f798c1e/candidates/0/3",
            "status": "UNCERTAIN",
            "classifications": [],
            "source_ids": [],
            "evidence_provenance": [],
            "check_scope": "SUPPLIED_LEDGER",
            "critical": false,
            "verifier": "supplied_ledger_and_arithmetic/v2",
            "scorer_type": "deterministic",
            "note": "No available check establishes this proposition."
          },
          {
            "claim_id": "hd-20261009-212457-b02b8f798c1e/candidates/0/3/claim/45",
            "candidate_id": "hd-20261009-212457-b02b8f798c1e/candidates/0/3",
            "status": "UNCERTAIN",
            "classifications": [],
            "source_ids": [],
            "evidence_provenance": [],
            "check_scope": "SUPPLIED_LEDGER",
            "critical": false,
            "verifier": "supplied_ledger_and_arithmetic/v2",
            "scorer_type": "deterministic",
            "note": "No available check establishes this proposition."
          },
          {
            "claim_id": "hd-20261009-212457-b02b8f798c1e/candidates/0/3/claim/46",
            "candidate_id": "hd-20261009-212457-b02b8f798c1e/candidates/0/3",
            "status": "UNCERTAIN",
            "classifications": [],
            "source_ids": [],
            "evidence_provenance": [],
            "check_scope": "SUPPLIED_LEDGER",
            "critical": false,
            "verifier": "supplied_ledger_and_arithmetic/v2",
            "scorer_type": "deterministic",
            "note": "No available check establishes this proposition."
          },
          {
            "claim_id": "hd-20261009-212457-b02b8f798c1e/candidates/0/3/claim/47",
            "candidate_id": "hd-20261009-212457-b02b8f798c1e/candidates/0/3",
            "status": "UNCERTAIN",
            "classifications": [],
            "source_ids": [],
            "evidence_provenance": [],
            "check_scope": "SUPPLIED_LEDGER",
            "critical": false,
            "verifier": "supplied_ledger_and_arithmetic/v2",
            "scorer_type": "deterministic",
            "note": "Explicit abstention; not counted as a detected failure or a verified fact."
          },
          {
            "claim_id": "hd-20261009-212457-b02b8f798c1e/candidates/0/3/claim/48",
            "candidate_id": "hd-20261009-212457-b02b8f798c1e/candidates/0/3",
            "status": "UNCERTAIN",
            "classifications": [],
            "source_ids": [],
            "evidence_provenance": [],
            "check_scope": "SUPPLIED_LEDGER",
            "critical": false,
            "verifier": "supplied_ledger_and_arithmetic/v2",
            "scorer_type": "deterministic",
            "note": "Explicit abstention; not counted as a detected failure or a verified fact."
          },
          {
            "claim_id": "hd-20261009-212457-b02b8f798c1e/candidates/0/3/claim/49",
            "candidate_id": "hd-20261009-212457-b02b8f798c1e/candidates/0/3",
            "status": "UNCERTAIN",
            "classifications": [],
            "source_ids": [],
            "evidence_provenance": [],
            "check_scope": "SUPPLIED_LEDGER",
            "critical": false,
            "verifier": "supplied_ledger_and_arithmetic/v2",
            "scorer_type": "deterministic",
            "note": "No available check establishes this proposition."
          },
          {
            "claim_id": "hd-20261009-212457-b02b8f798c1e/candidates/0/3/claim/50",
            "candidate_id": "hd-20261009-212457-b02b8f798c1e/candidates/0/3",
            "status": "UNCERTAIN",
            "classifications": [],
            "source_ids": [],
            "evidence_provenance": [],
            "check_scope": "SUPPLIED_LEDGER",
            "critical": false,
            "verifier": "supplied_ledger_and_arithmetic/v2",
            "scorer_type": "deterministic",
            "note": "No available check establishes this proposition."
          },
          {
            "claim_id": "hd-20261009-212457-b02b8f798c1e/candidates/0/3/claim/51",
            "candidate_id": "hd-20261009-212457-b02b8f798c1e/candidates/0/3",
            "status": "UNCERTAIN",
            "classifications": [],
            "source_ids": [],
            "evidence_provenance": [],
            "check_scope": "SUPPLIED_LEDGER",
            "critical": false,
            "verifier": "supplied_ledger_and_arithmetic/v2",
            "scorer_type": "deterministic",
            "note": "No available check establishes this proposition."
          },
          {
            "claim_id": "hd-20261009-212457-b02b8f798c1e/candidates/0/3/claim/52",
            "candidate_id": "hd-20261009-212457-b02b8f798c1e/candidates/0/3",
            "status": "UNCERTAIN",
            "classifications": [],
            "source_ids": [],
            "evidence_provenance": [],
            "check_scope": "SUPPLIED_LEDGER",
            "critical": false,
            "verifier": "supplied_ledger_and_arithmetic/v2",
            "scorer_type": "deterministic",
            "note": "No available check establishes this proposition."
          },
          {
            "claim_id": "hd-20261009-212457-b02b8f798c1e/candidates/0/3/claim/53",
            "candidate_id": "hd-20261009-212457-b02b8f798c1e/candidates/0/3",
            "status": "UNCERTAIN",
            "classifications": [],
            "source_ids": [],
            "evidence_provenance": [],
            "check_scope": "SUPPLIED_LEDGER",
            "critical": false,
            "verifier": "supplied_ledger_and_arithmetic/v2",
            "scorer_type": "deterministic",
            "note": "No available check establishes this proposition."
          },
          {
            "claim_id": "hd-20261009-212457-b02b8f798c1e/candidates/0/3/claim/54",
            "candidate_id": "hd-20261009-212457-b02b8f798c1e/candidates/0/3",
            "status": "UNCERTAIN",
            "classifications": [],
            "source_ids": [],
            "evidence_provenance": [],
            "check_scope": "SUPPLIED_LEDGER",
            "critical": false,
            "verifier": "supplied_ledger_and_arithmetic/v2",
            "scorer_type": "deterministic",
            "note": "No available check establishes this proposition."
          },
          {
            "claim_id": "hd-20261009-212457-b02b8f798c1e/candidates/0/3/claim/55",
            "candidate_id": "hd-20261009-212457-b02b8f798c1e/candidates/0/3",
            "status": "UNCERTAIN",
            "classifications": [],
            "source_ids": [],
            "evidence_provenance": [],
            "check_scope": "SUPPLIED_LEDGER",
            "critical": false,
            "verifier": "supplied_ledger_and_arithmetic/v2",
            "scorer_type": "deterministic",
            "note": "No available check establishes this proposition."
          },
          {
            "claim_id": "hd-20261009-212457-b02b8f798c1e/candidates/0/3/claim/56",
            "candidate_id": "hd-20261009-212457-b02b8f798c1e/candidates/0/3",
            "status": "UNCERTAIN",
            "classifications": [],
            "source_ids": [],
            "evidence_provenance": [],
            "check_scope": "SUPPLIED_LEDGER",
            "critical": false,
            "verifier": "supplied_ledger_and_arithmetic/v2",
            "scorer_type": "deterministic",
            "note": "Explicit abstention; not counted as a detected failure or a verified fact."
          },
          {
            "claim_id": "hd-20261009-212457-b02b8f798c1e/candidates/0/3/claim/57",
            "candidate_id": "hd-20261009-212457-b02b8f798c1e/candidates/0/3",
            "status": "UNCERTAIN",
            "classifications": [],
            "source_ids": [],
            "evidence_provenance": [],
            "check_scope": "SUPPLIED_LEDGER",
            "critical": false,
            "verifier": "supplied_ledger_and_arithmetic/v2",
            "scorer_type": "deterministic",
            "note": "Explicit abstention; not counted as a detected failure or a verified fact."
          },
          {
            "claim_id": "hd-20261009-212457-b02b8f798c1e/candidates/0/3/claim/58",
            "candidate_id": "hd-20261009-212457-b02b8f798c1e/candidates/0/3",
            "status": "UNCERTAIN",
            "classifications": [],
            "source_ids": [],
            "evidence_provenance": [],
            "check_scope": "SUPPLIED_LEDGER",
            "critical": false,
            "verifier": "supplied_ledger_and_arithmetic/v2",
            "scorer_type": "deterministic",
            "note": "No available check establishes this proposition."
          },
          {
            "claim_id": "hd-20261009-212457-b02b8f798c1e/candidates/0/3/claim/59",
            "candidate_id": "hd-20261009-212457-b02b8f798c1e/candidates/0/3",
            "status": "UNCERTAIN",
            "classifications": [],
            "source_ids": [],
            "evidence_provenance": [],
            "check_scope": "SUPPLIED_LEDGER",
            "critical": false,
            "verifier": "supplied_ledger_and_arithmetic/v2",
            "scorer_type": "deterministic",
            "note": "No available check establishes this proposition."
          },
          {
            "claim_id": "hd-20261009-212457-b02b8f798c1e/candidates/0/3/claim/60",
            "candidate_id": "hd-20261009-212457-b02b8f798c1e/candidates/0/3",
            "status": "UNCERTAIN",
            "classifications": [],
            "source_ids": [],
            "evidence_provenance": [],
            "check_scope": "SUPPLIED_LEDGER",
            "critical": false,
            "verifier": "supplied_ledger_and_arithmetic/v2",
            "scorer_type": "deterministic",
            "note": "No available check establishes this proposition."
          },
          {
            "claim_id": "hd-20261009-212457-b02b8f798c1e/candidates/0/3/claim/61",
            "candidate_id": "hd-20261009-212457-b02b8f798c1e/candidates/0/3",
            "status": "UNCERTAIN",
            "classifications": [],
            "source_ids": [],
            "evidence_provenance": [],
            "check_scope": "SUPPLIED_LEDGER",
            "critical": false,
            "verifier": "supplied_ledger_and_arithmetic/v2",
            "scorer_type": "deterministic",
            "note": "No available check establishes this proposition."
          },
          {
            "claim_id": "hd-20261009-212457-b02b8f798c1e/candidates/0/3/claim/62",
            "candidate_id": "hd-20261009-212457-b02b8f798c1e/candidates/0/3",
            "status": "UNCERTAIN",
            "classifications": [],
            "source_ids": [],
            "evidence_provenance": [],
            "check_scope": "SUPPLIED_LEDGER",
            "critical": false,
            "verifier": "supplied_ledger_and_arithmetic/v2",
            "scorer_type": "deterministic",
            "note": "No available check establishes this proposition."
          },
          {
            "claim_id": "hd-20261009-212457-b02b8f798c1e/candidates/0/3/claim/63",
            "candidate_id": "hd-20261009-212457-b02b8f798c1e/candidates/0/3",
            "status": "UNCERTAIN",
            "classifications": [],
            "source_ids": [],
            "evidence_provenance": [],
            "check_scope": "SUPPLIED_LEDGER",
            "critical": false,
            "verifier": "supplied_ledger_and_arithmetic/v2",
            "scorer_type": "deterministic",
            "note": "No available check establishes this proposition."
          },
          {
            "claim_id": "hd-20261009-212457-b02b8f798c1e/candidates/0/3/claim/64",
            "candidate_id": "hd-20261009-212457-b02b8f798c1e/candidates/0/3",
            "status": "UNCERTAIN",
            "classifications": [],
            "source_ids": [],
            "evidence_provenance": [],
            "check_scope": "SUPPLIED_LEDGER",
            "critical": false,
            "verifier": "supplied_ledger_and_arithmetic/v2",
            "scorer_type": "deterministic",
            "note": "No available check establishes this proposition."
          },
          {
            "claim_id": "hd-20261009-212457-b02b8f798c1e/candidates/0/3/claim/65",
            "candidate_id": "hd-20261009-212457-b02b8f798c1e/candidates/0/3",
            "status": "UNCERTAIN",
            "classifications": [],
            "source_ids": [],
            "evidence_provenance": [],
            "check_scope": "SUPPLIED_LEDGER",
            "critical": false,
            "verifier": "supplied_ledger_and_arithmetic/v2",
            "scorer_type": "deterministic",
            "note": "No available check establishes this proposition."
          }
        ],
        "candidate_index": 3,
        "trial": 0,
        "prompt_hash": "78c15b801dec7575f5c36b32312a8b0896ca7b5fa38273fbd690853bc5bc569e",
        "output_hash": "10fe7a92f9895a4392bdf447effefde1ee139c578210a92b569e5e90df6b8d39"
      }
    }
  ],
  "claims": [
    {
      "id": "hd-20261009-212457-b02b8f798c1e/baseline/0/0/claim/1",
      "candidate_id": "hd-20261009-212457-b02b8f798c1e/baseline/0/0",
      "kind": "CITE",
      "text": "objective_context",
      "status": "UNVERIFIED",
      "extractor": "line_grammar/v1"
    },
    {
      "id": "hd-20261009-212457-b02b8f798c1e/baseline/0/0/claim/2",
      "candidate_id": "hd-20261009-212457-b02b8f798c1e/baseline/0/0",
      "kind": "ASSUMPTION",
      "text": "Scope note: the attached assumption pools are mixed across candidates (the QO and NPB/KBO candidates carry coaching, rain-delay and draft assumptions). Each candidate below is judged only on its own IDEA text.",
      "status": "UNVERIFIED",
      "extractor": "line_grammar/v1"
    },
    {
      "id": "hd-20261009-212457-b02b8f798c1e/baseline/0/0/claim/3",
      "candidate_id": "hd-20261009-212457-b02b8f798c1e/baseline/0/0",
      "kind": "ASSUMPTION",
      "text": "[Coaching hire] Recurrence is annual but small, at a few hires or retentions a year. Value per coach is asserted (\"many players, multiple seasons\") with no size supplied, so the stake is plausible but unquantified.",
      "status": "UNVERIFIED",
      "extractor": "line_grammar/v1"
    },
    {
      "id": "hd-20261009-212457-b02b8f798c1e/baseline/0/0/claim/4",
      "candidate_id": "hd-20261009-212457-b02b8f798c1e/baseline/0/0",
      "kind": "ASSUMPTION",
      "text": "[Coaching hire] The data is lawful and public (staff announcements, Statcast), but \"available at decision time\" fails for assistant and minor-league roles. Tenure dates are inconsistently recorded, and a coach's actual role (who worked with whom) is not public.",
      "status": "UNVERIFIED",
      "extractor": "line_grammar/v1"
    },
    {
      "id": "hd-20261009-212457-b02b8f798c1e/baseline/0/0/claim/5",
      "candidate_id": "hd-20261009-212457-b02b8f798c1e/baseline/0/0",
      "kind": "ASSUMPTION",
      "text": "[Coaching hire] Historical coach moves number perhaps in the low hundreds league-wide, but each coach touches few identifiable players. The outcome (player change) is observable, while the counterfactual is not.",
      "status": "UNVERIFIED",
      "extractor": "line_grammar/v1"
    },
    {
      "id": "hd-20261009-212457-b02b8f798c1e/baseline/0/0/claim/6",
      "candidate_id": "hd-20261009-212457-b02b8f798c1e/baseline/0/0",
      "kind": "ASSUMPTION",
      "text": "[Coaching hire] Actionability is low-to-moderate. Hires are driven by fit, cost, manager preference and availability, and a noisy rating is unlikely to override them.",
      "status": "UNVERIFIED",
      "extractor": "line_grammar/v1"
    },
    {
      "id": "hd-20261009-212457-b02b8f798c1e/baseline/0/0/claim/7",
      "candidate_id": "hd-20261009-212457-b02b8f798c1e/baseline/0/0",
      "kind": "ASSUMPTION",
      "text": "[Coaching hire] Clubs likely already evaluate coaches with private tracking data and player-development staff. Public Statcast gives only outcomes and pitch-level changes, not the coaching intervention.",
      "status": "UNVERIFIED",
      "extractor": "line_grammar/v1"
    },
    {
      "id": "hd-20261009-212457-b02b8f798c1e/baseline/0/0/claim/8",
      "candidate_id": "hd-20261009-212457-b02b8f798c1e/baseline/0/0",
      "kind": "ASSUMPTION",
      "text": "[Coaching hire] It would look useful through regression to the mean (players are hired or moved after bad years), selection (teams acquire players they expect to improve), and playing-time, park and aging confounds. Overlapping coaches make credit unassignable, and ex-post storytelling about \"coach X fixed him\" will match any noisy result.",
      "status": "UNVERIFIED",
      "extractor": "line_grammar/v1"
    },
    {
      "id": "hd-20261009-212457-b02b8f798c1e/baseline/0/0/claim/9",
      "candidate_id": "hd-20261009-212457-b02b8f798c1e/baseline/0/0",
      "kind": "ASSUMPTION",
      "text": "[Coaching hire] A falsifiable test is year-T-trained coach ratings predicting year T+1 player change at other clubs better than a prior-tenure reputation proxy, with out-of-time splits. A null result is the likeliest outcome and is itself informative.",
      "status": "UNVERIFIED",
      "extractor": "line_grammar/v1"
    },
    {
      "id": "hd-20261009-212457-b02b8f798c1e/baseline/0/0/claim/10",
      "candidate_id": "hd-20261009-212457-b02b8f798c1e/baseline/0/0",
      "kind": "ASSUMPTION",
      "text": "[Non-tender] The decision recurs every year for the arbitration-eligible roster, with a late-November or early-December deadline. Value per case is the projected arbitration salary minus replacement cost, which is moderate and unquantified here.",
      "status": "UNVERIFIED",
      "extractor": "line_grammar/v1"
    },
    {
      "id": "hd-20261009-212457-b02b8f798c1e/baseline/0/0/claim/11",
      "candidate_id": "hd-20261009-212457-b02b8f798c1e/baseline/0/0",
      "kind": "ASSUMPTION",
      "text": "[Non-tender] Projected arbitration salaries come from public comparables (MLBTR-style estimates), and non-tender lists are public after the deadline. The replacement market \"that winter\" is not known at the deadline, so the forecaster must predict who will be non-tendered league-wide, which is a hindsight trap.",
      "status": "UNVERIFIED",
      "extractor": "line_grammar/v1"
    },
    {
      "id": "hd-20261009-212457-b02b8f798c1e/baseline/0/0/claim/12",
      "candidate_id": "hd-20261009-212457-b02b8f798c1e/baseline/0/0",
      "kind": "ASSUMPTION",
      "text": "[Non-tender] The history is roughly a decade or more of non-tender classes, with a modest number of notable cases per class. Outcomes (signing price, next-season production) are observable, though only for players who signed.",
      "status": "UNVERIFIED",
      "extractor": "line_grammar/v1"
    },
    {
      "id": "hd-20261009-212457-b02b8f798c1e/baseline/0/0/claim/13",
      "candidate_id": "hd-20261009-212457-b02b8f798c1e/baseline/0/0",
      "kind": "ASSUMPTION",
      "text": "[Non-tender] Actionability is good, since the GM decides at a fixed date. The baseline (WAR per dollar against a threshold) is already a sound rule that clubs run, and the key inputs, the projection and its error, are the same ones public systems use.",
      "status": "UNVERIFIED",
      "extractor": "line_grammar/v1"
    },
    {
      "id": "hd-20261009-212457-b02b8f798c1e/baseline/0/0/claim/14",
      "candidate_id": "hd-20261009-212457-b02b8f798c1e/baseline/0/0",
      "kind": "ASSUMPTION",
      "text": "[Non-tender] It would look useful if the backtest scores only players who were actually non-tendered and later succeeded (survivorship), or compares the model with a strawman threshold instead of the club's real rule. Small annual samples and the \"played in MLB last year\" lesson from the prior experiment suggest a simple rule captures most of the value.",
      "status": "UNVERIFIED",
      "extractor": "line_grammar/v1"
    },
    {
      "id": "hd-20261009-212457-b02b8f798c1e/baseline/0/0/claim/15",
      "candidate_id": "hd-20261009-212457-b02b8f798c1e/baseline/0/0",
      "kind": "ASSUMPTION",
      "text": "[Qualifying offer] The decision recurs only if the club has eligible departing free agents, so expected annual value is discounted by that. The stake is the QO salary against a compensation pick, whose value depends on CBA terms not supplied.",
      "status": "UNVERIFIED",
      "extractor": "line_grammar/v1"
    },
    {
      "id": "hd-20261009-212457-b02b8f798c1e/baseline/0/0/claim/16",
      "candidate_id": "hd-20261009-212457-b02b8f798c1e/baseline/0/0",
      "kind": "ASSUMPTION",
      "text": "[Qualifying offer] Public data at decision time includes age, WAR, injury history and the QO amount. Agent and market depth are weakly public, and acceptance behavior depends on private player preferences.",
      "status": "UNVERIFIED",
      "extractor": "line_grammar/v1"
    },
    {
      "id": "hd-20261009-212457-b02b8f798c1e/baseline/0/0/claim/17",
      "candidate_id": "hd-20261009-212457-b02b8f798c1e/baseline/0/0",
      "kind": "ASSUMPTION",
      "text": "[Qualifying offer] Historical cases number perhaps a few dozen per year league-wide since 2012, which is far too few for a calibrated model with many features. Acceptance is rare and observable, but the counterfactual if a declined player had been accepted is not.",
      "status": "UNVERIFIED",
      "extractor": "line_grammar/v1"
    },
    {
      "id": "hd-20261009-212457-b02b8f798c1e/baseline/0/0/claim/18",
      "candidate_id": "hd-20261009-212457-b02b8f798c1e/baseline/0/0",
      "kind": "ASSUMPTION",
      "text": "[Qualifying offer] Actionability is clear: a binary decision within days after the World Series. The baseline (offer when expected AAV clearly exceeds the QO) is close to the optimal structure, so only borderline cases are affected, which is a handful of players per decade for one club.",
      "status": "UNVERIFIED",
      "extractor": "line_grammar/v1"
    },
    {
      "id": "hd-20261009-212457-b02b8f798c1e/baseline/0/0/claim/19",
      "candidate_id": "hd-20261009-212457-b02b8f798c1e/baseline/0/0",
      "kind": "ASSUMPTION",
      "text": "[Qualifying offer] It would look useful by overfitting dozens of cases and by describing rule changes as signal (QO amount, compensation rules and acceptance incentives shifted over time). The CBA transition may also change the QO regime, invalidating the training history.",
      "status": "UNVERIFIED",
      "extractor": "line_grammar/v1"
    },
    {
      "id": "hd-20261009-212457-b02b8f798c1e/baseline/0/0/claim/20",
      "candidate_id": "hd-20261009-212457-b02b8f798c1e/baseline/0/0",
      "kind": "ASSUMPTION",
      "text": "[NPB/KBO posting] Events are few per year and the value per signing is potentially large. The Cubs are a bidder on only a subset, so expected yearly value is lumpy and dependent on who is posted.",
      "status": "UNVERIFIED",
      "extractor": "line_grammar/v1"
    },
    {
      "id": "hd-20261009-212457-b02b8f798c1e/baseline/0/0/claim/21",
      "candidate_id": "hd-20261009-212457-b02b8f798c1e/baseline/0/0",
      "kind": "ASSUMPTION",
      "text": "[NPB/KBO posting] Public foreign-league stats are available, but the best pitch-tracking and bat-tracking data is often proprietary, so the public version of the model may be weaker than scouting. Posting windows are public only after the player is posted, and the contract price is set by competition, with a winner's-curse problem.",
      "status": "UNVERIFIED",
      "extractor": "line_grammar/v1"
    },
    {
      "id": "hd-20261009-212457-b02b8f798c1e/baseline/0/0/claim/22",
      "candidate_id": "hd-20261009-212457-b02b8f798c1e/baseline/0/0",
      "kind": "ASSUMPTION",
      "text": "[NPB/KBO posting] The number of posted players with multi-season MLB outcomes is probably a few dozen to low hundreds over the posting era, split by hitter and pitcher, with differing league environments (ball and rule changes) over time. The outcome is observable but heterogeneous.",
      "status": "UNVERIFIED",
      "extractor": "line_grammar/v1"
    },
    {
      "id": "hd-20261009-212457-b02b8f798c1e/baseline/0/0/claim/23",
      "candidate_id": "hd-20261009-212457-b02b8f798c1e/baseline/0/0",
      "kind": "ASSUMPTION",
      "text": "[NPB/KBO posting] Actionability is moderate, since the bid is the club's own decision, but the posted player's preferences, the posting fee rules and competing bids bound it.",
      "status": "UNVERIFIED",
      "extractor": "line_grammar/v1"
    },
    {
      "id": "hd-20261009-212457-b02b8f798c1e/baseline/0/0/claim/24",
      "candidate_id": "hd-20261009-212457-b02b8f798c1e/baseline/0/0",
      "kind": "ASSUMPTION",
      "text": "[NPB/KBO posting] Sophisticated clubs already run translation models and employ Asia-based scouts, and public sources (Fangraphs-style ZiPS translations) provide baselines. It would look useful when a few famous successes or busts are fitted post hoc, when the sample is dominated by stars, or when the test compares it with a naive ratio rather than with published translations.",
      "status": "UNVERIFIED",
      "extractor": "line_grammar/v1"
    },
    {
      "id": "hd-20261009-212457-b02b8f798c1e/baseline/0/0/claim/25",
      "candidate_id": "hd-20261009-212457-b02b8f798c1e/baseline/0/0",
      "kind": "ASSUMPTION",
      "text": "[Postseason roster] The decision recurs only when the club qualifies, about 1 to 4 roster sets in a qualifying year. The stake is per-series win probability, and the marginal roster slots (25th and 26th men) probably move it by a small amount, which is unquantified.",
      "status": "UNVERIFIED",
      "extractor": "line_grammar/v1"
    },
    {
      "id": "hd-20261009-212457-b02b8f798c1e/baseline/0/0/claim/26",
      "candidate_id": "hd-20261009-212457-b02b8f798c1e/baseline/0/0",
      "kind": "ASSUMPTION",
      "text": "[Postseason roster] Opponent, rotation and public splits are largely public before a series, but health and availability are not fully public at the deadline, and the managers' actual usage plan is private.",
      "status": "UNVERIFIED",
      "extractor": "line_grammar/v1"
    },
    {
      "id": "hd-20261009-212457-b02b8f798c1e/baseline/0/0/claim/27",
      "candidate_id": "hd-20261009-212457-b02b8f798c1e/baseline/0/0",
      "kind": "ASSUMPTION",
      "text": "[Postseason roster] The history is a few dozen series per year league-wide, and rosters are not randomly assigned, so the outcome (series result) is observable but swamped by game-level noise. An effect of a percentage point cannot be detected from that history.",
      "status": "UNVERIFIED",
      "extractor": "line_grammar/v1"
    },
    {
      "id": "hd-20261009-212457-b02b8f798c1e/baseline/0/0/claim/28",
      "candidate_id": "hd-20261009-212457-b02b8f798c1e/baseline/0/0",
      "kind": "ASSUMPTION",
      "text": "[Postseason roster] Actionability is decent for the final roster spots, but managers concentrate usage on the top relievers and starters regardless, and health often forces the choice.",
      "status": "UNVERIFIED",
      "extractor": "line_grammar/v1"
    },
    {
      "id": "hd-20261009-212457-b02b8f798c1e/baseline/0/0/claim/29",
      "candidate_id": "hd-20261009-212457-b02b8f798c1e/baseline/0/0",
      "kind": "ASSUMPTION",
      "text": "[Postseason roster] Contenders likely run private simulations. It would look useful through simulated gains that cannot be falsified, by scoring on the winners' rosters, or by crediting a roster with a series result that is mostly luck.",
      "status": "UNVERIFIED",
      "extractor": "line_grammar/v1"
    },
    {
      "id": "hd-20261009-212457-b02b8f798c1e/baseline/0/0/claim/30",
      "candidate_id": "hd-20261009-212457-b02b8f798c1e/baseline/0/0",
      "kind": "ASSUMPTION",
      "text": "[Arbitration filing] The decision recurs every January across the arbitration-eligible roster, and awards compound into later raises. The stake is the gap between the filing midpoints, which is typically small per player, so the total is meaningful but bounded.",
      "status": "UNVERIFIED",
      "extractor": "line_grammar/v1"
    },
    {
      "id": "hd-20261009-212457-b02b8f798c1e/baseline/0/0/claim/31",
      "candidate_id": "hd-20261009-212457-b02b8f798c1e/baseline/0/0",
      "kind": "ASSUMPTION",
      "text": "[Arbitration filing] Filing figures and hearing results are public after the exchange. The panels' reasoning and settlements are not fully recorded, and the CBA's arbitration rules may change, which would shift the process.",
      "status": "UNVERIFIED",
      "extractor": "line_grammar/v1"
    },
    {
      "id": "hd-20261009-212457-b02b8f798c1e/baseline/0/0/claim/32",
      "candidate_id": "hd-20261009-212457-b02b8f798c1e/baseline/0/0",
      "kind": "ASSUMPTION",
      "text": "[Arbitration filing] Hearings number only a handful per year league-wide (possibly single digits to low teens), so over a decade there might be on the order of 100, with a heavy dependence on a few decision panels. The outcome is observable (the club or the player wins), but only for cases that went to a hearing, which is a selected sample.",
      "status": "UNVERIFIED",
      "extractor": "line_grammar/v1"
    },
    {
      "id": "hd-20261009-212457-b02b8f798c1e/baseline/0/0/claim/33",
      "candidate_id": "hd-20261009-212457-b02b8f798c1e/baseline/0/0",
      "kind": "ASSUMPTION",
      "text": "[Arbitration filing] Actionability is high on a short timeline, but many clubs follow a file-and-trial policy that they treat as strategic rather than outcome-driven, and the settlement option constrains the filing number.",
      "status": "UNVERIFIED",
      "extractor": "line_grammar/v1"
    },
    {
      "id": "hd-20261009-212457-b02b8f798c1e/baseline/0/0/claim/34",
      "candidate_id": "hd-20261009-212457-b02b8f798c1e/baseline/0/0",
      "kind": "ASSUMPTION",
      "text": "[Arbitration filing] Clubs and outside firms already hold this knowledge, and the standard comparables rules make the midpoint baseline hard to beat. It would look useful through overfitting a small hearing set, ignoring selection into hearings, or reporting accuracy on hearing wins that the midpoint already predicts.",
      "status": "UNVERIFIED",
      "extractor": "line_grammar/v1"
    },
    {
      "id": "hd-20261009-212457-b02b8f798c1e/baseline/0/0/claim/35",
      "candidate_id": "hd-20261009-212457-b02b8f798c1e/baseline/0/0",
      "kind": "ASSUMPTION",
      "text": "Blind spot: the set is dominated by small-N annual decisions. The prior experiment's lesson, that a simple baseline captures most value, applies to most of them, so each needs a stated minimum detectable effect before building anything.",
      "status": "UNVERIFIED",
      "extractor": "line_grammar/v1"
    },
    {
      "id": "hd-20261009-212457-b02b8f798c1e/baseline/0/0/claim/36",
      "candidate_id": "hd-20261009-212457-b02b8f798c1e/baseline/0/0",
      "kind": "ASSUMPTION",
      "text": "Blind spot: a retrospective test can mislead through look-ahead on projections and through market-clearing prices that already contain the information. No candidate states a \"decision-time snapshot\" archive requirement, and archived projections and arbitration estimates may not exist.",
      "status": "UNVERIFIED",
      "extractor": "line_grammar/v1"
    },
    {
      "id": "hd-20261009-212457-b02b8f798c1e/baseline/0/0/claim/37",
      "candidate_id": "hd-20261009-212457-b02b8f798c1e/baseline/0/0",
      "kind": "ASSUMPTION",
      "text": "Blind spot: the candidates share a CBA-expiry dependency (arbitration, QO, service time, draft rules), so the history may stop being predictive after the next agreement.",
      "status": "UNVERIFIED",
      "extractor": "line_grammar/v1"
    },
    {
      "id": "hd-20261009-212457-b02b8f798c1e/baseline/0/0/claim/38",
      "candidate_id": "hd-20261009-212457-b02b8f798c1e/baseline/0/0",
      "kind": "ASSUMPTION",
      "text": "Blind spot: the value at stake is unquantified for all six candidates, and no ranking by expected dollars or wins per year is possible with the supplied evidence.",
      "status": "UNVERIFIED",
      "extractor": "line_grammar/v1"
    },
    {
      "id": "hd-20261009-212457-b02b8f798c1e/baseline/0/0/claim/39",
      "candidate_id": "hd-20261009-212457-b02b8f798c1e/baseline/0/0",
      "kind": "ASSUMPTION",
      "text": "Blind spot: the Cubs' internal tools are unknown, so \"edge over the club's baseline\" cannot be measured. The only honest comparator is a published public baseline.",
      "status": "UNVERIFIED",
      "extractor": "line_grammar/v1"
    },
    {
      "id": "hd-20261009-212457-b02b8f798c1e/baseline/0/0/claim/40",
      "candidate_id": "hd-20261009-212457-b02b8f798c1e/baseline/0/0",
      "kind": "UNKNOWN",
      "text": "value_at_stake_per_year_for_each_candidate",
      "status": "UNVERIFIED",
      "extractor": "line_grammar/v1"
    },
    {
      "id": "hd-20261009-212457-b02b8f798c1e/baseline/0/0/claim/41",
      "candidate_id": "hd-20261009-212457-b02b8f798c1e/baseline/0/0",
      "kind": "UNKNOWN",
      "text": "cba_expiration_and_post_2026_rule_changes",
      "status": "UNVERIFIED",
      "extractor": "line_grammar/v1"
    },
    {
      "id": "hd-20261009-212457-b02b8f798c1e/baseline/0/0/claim/42",
      "candidate_id": "hd-20261009-212457-b02b8f798c1e/baseline/0/0",
      "kind": "UNKNOWN",
      "text": "count_of_historical_hearings_qos_posted_players_per_year",
      "status": "UNVERIFIED",
      "extractor": "line_grammar/v1"
    },
    {
      "id": "hd-20261009-212457-b02b8f798c1e/baseline/0/0/claim/43",
      "candidate_id": "hd-20261009-212457-b02b8f798c1e/baseline/0/0",
      "kind": "UNKNOWN",
      "text": "archived_decision_time_projection_availability",
      "status": "UNVERIFIED",
      "extractor": "line_grammar/v1"
    },
    {
      "id": "hd-20261009-212457-b02b8f798c1e/baseline/0/0/claim/44",
      "candidate_id": "hd-20261009-212457-b02b8f798c1e/baseline/0/0",
      "kind": "UNKNOWN",
      "text": "cubs_internal_models_and_practices",
      "status": "UNVERIFIED",
      "extractor": "line_grammar/v1"
    },
    {
      "id": "hd-20261009-212457-b02b8f798c1e/baseline/0/0/claim/45",
      "candidate_id": "hd-20261009-212457-b02b8f798c1e/baseline/0/0",
      "kind": "UNKNOWN",
      "text": "detectable_coach_effect_size",
      "status": "UNVERIFIED",
      "extractor": "line_grammar/v1"
    },
    {
      "id": "hd-20261009-212457-b02b8f798c1e/baseline/0/0/claim/46",
      "candidate_id": "hd-20261009-212457-b02b8f798c1e/baseline/0/0",
      "kind": "UNKNOWN",
      "text": "win_probability_value_of_marginal_postseason_roster_slot",
      "status": "UNVERIFIED",
      "extractor": "line_grammar/v1"
    },
    {
      "id": "hd-20261009-212457-b02b8f798c1e/baseline/0/0/claim/47",
      "candidate_id": "hd-20261009-212457-b02b8f798c1e/baseline/0/0",
      "kind": "IDEA",
      "text": "Sharpened replacement: run a pre-registered \"baseline-versus-model\" harness in which, for each candidate, the decision-time snapshot, the club's simple rule, a minimum detectable effect and the number of available historical cases are fixed before any model fitting. Build software only for decisions that pass (likely the non-tender and tender workflow, using frozen public projections and arbitration estimates as inputs), and treat coaching attribution as a research test whose null result would be informative.",
      "status": "UNVERIFIED",
      "extractor": "line_grammar/v1"
    },
    {
      "id": "hd-20261009-212457-b02b8f798c1e/baseline/0/1/claim/1",
      "candidate_id": "hd-20261009-212457-b02b8f798c1e/baseline/0/1",
      "kind": "IDEA",
      "text": "Coaching hire evaluation (sharpened) - build a public coach-movement ledger, but use it first as a falsification study across all 30 clubs to test whether coach-attributed player change persists year over year, and only then as a hiring screen, with a pre-registered kill criterion.",
      "status": "UNVERIFIED",
      "extractor": "line_grammar/v1"
    },
    {
      "id": "hd-20261009-212457-b02b8f798c1e/baseline/0/1/claim/2",
      "candidate_id": "hd-20261009-212457-b02b8f798c1e/baseline/0/1",
      "kind": "ASSUMPTION",
      "text": "Coaching hires recur yearly, but a club fills only a handful of major-league and upper-minors slots, so the per-club decision count is small even if league-wide history is larger.",
      "status": "UNVERIFIED",
      "extractor": "line_grammar/v1"
    },
    {
      "id": "hd-20261009-212457-b02b8f798c1e/baseline/0/1/claim/3",
      "candidate_id": "hd-20261009-212457-b02b8f798c1e/baseline/0/1",
      "kind": "ASSUMPTION",
      "text": "Public staff announcements and media guides may be incomplete or misdated for assistant and minor-league roles, so coach-to-player linkage may be wrong.",
      "status": "UNVERIFIED",
      "extractor": "line_grammar/v1"
    },
    {
      "id": "hd-20261009-212457-b02b8f798c1e/baseline/0/1/claim/4",
      "candidate_id": "hd-20261009-212457-b02b8f798c1e/baseline/0/1",
      "kind": "ASSUMPTION",
      "text": "Coach effects are confounded by roster turnover, playing time, selection of players a club expects to improve, organizational infrastructure, and regression to the mean, so unidentifiable effects are a live possibility.",
      "status": "UNVERIFIED",
      "extractor": "line_grammar/v1"
    },
    {
      "id": "hd-20261009-212457-b02b8f798c1e/baseline/0/1/claim/5",
      "candidate_id": "hd-20261009-212457-b02b8f798c1e/baseline/0/1",
      "kind": "ASSUMPTION",
      "text": "Most coaches touch few movers, so intervals may be too wide to change a hiring decision; the test is whether year-T ratings predict year T+1 better than a reputation proxy such as prior big-league tenure.",
      "status": "UNVERIFIED",
      "extractor": "line_grammar/v1"
    },
    {
      "id": "hd-20261009-212457-b02b8f798c1e/baseline/0/1/claim/6",
      "candidate_id": "hd-20261009-212457-b02b8f798c1e/baseline/0/1",
      "kind": "ASSUMPTION",
      "text": "The outcome is observable (player metrics) but the counterfactual is not, so the test is predictive, not causal.",
      "status": "UNVERIFIED",
      "extractor": "line_grammar/v1"
    },
    {
      "id": "hd-20261009-212457-b02b8f798c1e/baseline/0/1/claim/7",
      "candidate_id": "hd-20261009-212457-b02b8f798c1e/baseline/0/1",
      "kind": "UNKNOWN",
      "text": "public_coaching_staff_history_dataset",
      "status": "UNVERIFIED",
      "extractor": "line_grammar/v1"
    },
    {
      "id": "hd-20261009-212457-b02b8f798c1e/baseline/0/1/claim/8",
      "candidate_id": "hd-20261009-212457-b02b8f798c1e/baseline/0/1",
      "kind": "UNKNOWN",
      "text": "detectable_coach_effect_size",
      "status": "UNVERIFIED",
      "extractor": "line_grammar/v1"
    },
    {
      "id": "hd-20261009-212457-b02b8f798c1e/baseline/0/1/claim/9",
      "candidate_id": "hd-20261009-212457-b02b8f798c1e/baseline/0/1",
      "kind": "UNKNOWN",
      "text": "whether_rival_clubs_use_coach_attribution_models",
      "status": "UNVERIFIED",
      "extractor": "line_grammar/v1"
    },
    {
      "id": "hd-20261009-212457-b02b8f798c1e/baseline/0/1/claim/10",
      "candidate_id": "hd-20261009-212457-b02b8f798c1e/baseline/0/1",
      "kind": "IDEA",
      "text": "Non-tender decisions (sharpened) - rather than a forecaster of the whole replacement market, backtest only the marginal tender/non-tender call for borderline players, using projected arbitration salary (public estimates available before the deadline) against what comparable non-tendered players actually signed for and produced afterward.",
      "status": "UNVERIFIED",
      "extractor": "line_grammar/v1"
    },
    {
      "id": "hd-20261009-212457-b02b8f798c1e/baseline/0/1/claim/11",
      "candidate_id": "hd-20261009-212457-b02b8f798c1e/baseline/0/1",
      "kind": "ASSUMPTION",
      "text": "The decision recurs every late November and the number of borderline players per club is small, so value per year is likely modest and unquantified here.",
      "status": "UNVERIFIED",
      "extractor": "line_grammar/v1"
    },
    {
      "id": "hd-20261009-212457-b02b8f798c1e/baseline/0/1/claim/12",
      "candidate_id": "hd-20261009-212457-b02b8f798c1e/baseline/0/1",
      "kind": "ASSUMPTION",
      "text": "Projected arbitration salaries, non-tender lists and signings are public, but the replacement market is only partly known at the deadline since non-tendered players are revealed at the deadline itself; using the later list is hindsight.",
      "status": "UNVERIFIED",
      "extractor": "line_grammar/v1"
    },
    {
      "id": "hd-20261009-212457-b02b8f798c1e/baseline/0/1/claim/13",
      "candidate_id": "hd-20261009-212457-b02b8f798c1e/baseline/0/1",
      "kind": "ASSUMPTION",
      "text": "Historical non-tender cases number in the dozens per year league-wide, so a retrospective test is feasible, and next-season output is observable, though survivorship bias (only those who signed have outcomes) and injury noise distort it.",
      "status": "UNVERIFIED",
      "extractor": "line_grammar/v1"
    },
    {
      "id": "hd-20261009-212457-b02b8f798c1e/baseline/0/1/claim/14",
      "candidate_id": "hd-20261009-212457-b02b8f798c1e/baseline/0/1",
      "kind": "ASSUMPTION",
      "text": "Clubs likely already apply a WAR-per-dollar threshold and private projections, so a public model may merely reproduce the baseline; it would look useful if backtested using the full list known after the deadline.",
      "status": "UNVERIFIED",
      "extractor": "line_grammar/v1"
    },
    {
      "id": "hd-20261009-212457-b02b8f798c1e/baseline/0/1/claim/15",
      "candidate_id": "hd-20261009-212457-b02b8f798c1e/baseline/0/1",
      "kind": "UNKNOWN",
      "text": "historical_nontender_signing_outcomes_dataset",
      "status": "UNVERIFIED",
      "extractor": "line_grammar/v1"
    },
    {
      "id": "hd-20261009-212457-b02b8f798c1e/baseline/0/1/claim/16",
      "candidate_id": "hd-20261009-212457-b02b8f798c1e/baseline/0/1",
      "kind": "ASSUMPTION",
      "text": "The pool is near the low-attention minor-league free-agent pool that a prior experiment found yielded under one contributor per club per year, so a ceiling of similar size is plausible.",
      "status": "UNVERIFIED",
      "extractor": "line_grammar/v1"
    },
    {
      "id": "hd-20261009-212457-b02b8f798c1e/baseline/0/1/claim/17",
      "candidate_id": "hd-20261009-212457-b02b8f798c1e/baseline/0/1",
      "kind": "IDEA",
      "text": "Qualifying offers (sharpened) - treat as a small pooled-league calibration exercise, valuing the offer decision with an explicit acceptance probability and the draft-pick value under current rules, rather than a Cubs-specific model.",
      "status": "UNVERIFIED",
      "extractor": "line_grammar/v1"
    },
    {
      "id": "hd-20261009-212457-b02b8f798c1e/baseline/0/1/claim/18",
      "candidate_id": "hd-20261009-212457-b02b8f798c1e/baseline/0/1",
      "kind": "ASSUMPTION",
      "text": "The decision recurs only when the club has an eligible departing free agent, so expected annual value is discounted by how many such players exist.",
      "status": "UNVERIFIED",
      "extractor": "line_grammar/v1"
    },
    {
      "id": "hd-20261009-212457-b02b8f798c1e/baseline/0/1/claim/19",
      "candidate_id": "hd-20261009-212457-b02b8f798c1e/baseline/0/1",
      "kind": "ASSUMPTION",
      "text": "Public QO history has only a handful of cases per year and acceptance has been rare, so a model may not beat a simple \"offer if market AAV clearly exceeds the QO\" rule.",
      "status": "UNVERIFIED",
      "extractor": "line_grammar/v1"
    },
    {
      "id": "hd-20261009-212457-b02b8f798c1e/baseline/0/1/claim/20",
      "candidate_id": "hd-20261009-212457-b02b8f798c1e/baseline/0/1",
      "kind": "ASSUMPTION",
      "text": "Pick compensation value depends on revenue-sharing and tax status and on current CBA terms, which must be verified; a CBA transition could change or end the system.",
      "status": "UNVERIFIED",
      "extractor": "line_grammar/v1"
    },
    {
      "id": "hd-20261009-212457-b02b8f798c1e/baseline/0/1/claim/21",
      "candidate_id": "hd-20261009-212457-b02b8f798c1e/baseline/0/1",
      "kind": "ASSUMPTION",
      "text": "Agent and player preferences, which are private, dominate acceptance, and the counterfactual of the player being offered or not is unobservable for non-offered players.",
      "status": "UNVERIFIED",
      "extractor": "line_grammar/v1"
    },
    {
      "id": "hd-20261009-212457-b02b8f798c1e/baseline/0/1/claim/22",
      "candidate_id": "hd-20261009-212457-b02b8f798c1e/baseline/0/1",
      "kind": "ASSUMPTION",
      "text": "Backtests would look good if the market AAV used was the post-signing actual value rather than a forecast at decision time.",
      "status": "UNVERIFIED",
      "extractor": "line_grammar/v1"
    },
    {
      "id": "hd-20261009-212457-b02b8f798c1e/baseline/0/1/claim/23",
      "candidate_id": "hd-20261009-212457-b02b8f798c1e/baseline/0/1",
      "kind": "UNKNOWN",
      "text": "cubs_qo_eligible_players_2026",
      "status": "UNVERIFIED",
      "extractor": "line_grammar/v1"
    },
    {
      "id": "hd-20261009-212457-b02b8f798c1e/baseline/0/1/claim/24",
      "candidate_id": "hd-20261009-212457-b02b8f798c1e/baseline/0/1",
      "kind": "UNKNOWN",
      "text": "current_qo_amount_2026",
      "status": "UNVERIFIED",
      "extractor": "line_grammar/v1"
    },
    {
      "id": "hd-20261009-212457-b02b8f798c1e/baseline/0/1/claim/25",
      "candidate_id": "hd-20261009-212457-b02b8f798c1e/baseline/0/1",
      "kind": "UNKNOWN",
      "text": "historical_qo_acceptance_count_by_year",
      "status": "UNVERIFIED",
      "extractor": "line_grammar/v1"
    },
    {
      "id": "hd-20261009-212457-b02b8f798c1e/baseline/0/1/claim/26",
      "candidate_id": "hd-20261009-212457-b02b8f798c1e/baseline/0/1",
      "kind": "IDEA",
      "text": "NPB/KBO posting bids (sharpened) - build a translation model with wide uncertainty intervals and use it mainly to set a walk-away price that guards against the winner's curse, not to find bargains.",
      "status": "UNVERIFIED",
      "extractor": "line_grammar/v1"
    },
    {
      "id": "hd-20261009-212457-b02b8f798c1e/baseline/0/1/claim/27",
      "candidate_id": "hd-20261009-212457-b02b8f798c1e/baseline/0/1",
      "kind": "ASSUMPTION",
      "text": "Few events per year, so value is large per signing but sparse; the Cubs may face none in a given year.",
      "status": "UNVERIFIED",
      "extractor": "line_grammar/v1"
    },
    {
      "id": "hd-20261009-212457-b02b8f798c1e/baseline/0/1/claim/28",
      "candidate_id": "hd-20261009-212457-b02b8f798c1e/baseline/0/1",
      "kind": "ASSUMPTION",
      "text": "The number of posted players with MLB outcomes is small, perhaps too small to beat simple ratios, and outcomes are heavily influenced by injury and adjustment.",
      "status": "UNVERIFIED",
      "extractor": "line_grammar/v1"
    },
    {
      "id": "hd-20261009-212457-b02b8f798c1e/baseline/0/1/claim/29",
      "candidate_id": "hd-20261009-212457-b02b8f798c1e/baseline/0/1",
      "kind": "ASSUMPTION",
      "text": "Pitch-tracking data for NPB and KBO may not be fully public; posting rules and fee structures must be verified for the current window, and the player must choose a club, which limits actionability.",
      "status": "UNVERIFIED",
      "extractor": "line_grammar/v1"
    },
    {
      "id": "hd-20261009-212457-b02b8f798c1e/baseline/0/1/claim/30",
      "candidate_id": "hd-20261009-212457-b02b8f798c1e/baseline/0/1",
      "kind": "ASSUMPTION",
      "text": "Club scouts see these players in person and international departments are already experienced; public stats tools exist, so edge may be near zero.",
      "status": "UNVERIFIED",
      "extractor": "line_grammar/v1"
    },
    {
      "id": "hd-20261009-212457-b02b8f798c1e/baseline/0/1/claim/31",
      "candidate_id": "hd-20261009-212457-b02b8f798c1e/baseline/0/1",
      "kind": "ASSUMPTION",
      "text": "Looks useful if a model is fit with league-environment changes known only after the fact or if a few star successes drive calibration.",
      "status": "UNVERIFIED",
      "extractor": "line_grammar/v1"
    },
    {
      "id": "hd-20261009-212457-b02b8f798c1e/baseline/0/1/claim/32",
      "candidate_id": "hd-20261009-212457-b02b8f798c1e/baseline/0/1",
      "kind": "UNKNOWN",
      "text": "count_of_posted_players_with_mlb_outcomes",
      "status": "UNVERIFIED",
      "extractor": "line_grammar/v1"
    },
    {
      "id": "hd-20261009-212457-b02b8f798c1e/baseline/0/1/claim/33",
      "candidate_id": "hd-20261009-212457-b02b8f798c1e/baseline/0/1",
      "kind": "UNKNOWN",
      "text": "public_availability_of_npb_kbo_pitch_tracking",
      "status": "UNVERIFIED",
      "extractor": "line_grammar/v1"
    },
    {
      "id": "hd-20261009-212457-b02b8f798c1e/baseline/0/1/claim/34",
      "candidate_id": "hd-20261009-212457-b02b8f798c1e/baseline/0/1",
      "kind": "IDEA",
      "text": "Postseason roster construction (sharpened) - evaluate only the last two roster slots and the pitcher-count choice, using league-wide public postseason rosters and a simulation of marginal slot value, and report the win-probability value first; build further only if it exceeds a pre-set threshold.",
      "status": "UNVERIFIED",
      "extractor": "line_grammar/v1"
    },
    {
      "id": "hd-20261009-212457-b02b8f798c1e/baseline/0/1/claim/35",
      "candidate_id": "hd-20261009-212457-b02b8f798c1e/baseline/0/1",
      "kind": "ASSUMPTION",
      "text": "The decision recurs at most a few times a year and only when the club qualifies; the Cubs' 2026 season ended in the Wild Card Series, so there is no decision this fall.",
      "status": "UNVERIFIED",
      "extractor": "line_grammar/v1"
    },
    {
      "id": "hd-20261009-212457-b02b8f798c1e/baseline/0/1/claim/36",
      "candidate_id": "hd-20261009-212457-b02b8f798c1e/baseline/0/1",
      "kind": "ASSUMPTION",
      "text": "The value of a marginal slot is probably well under one percentage point of series win probability, and managers concentrate use on a few players.",
      "status": "UNVERIFIED",
      "extractor": "line_grammar/v1"
    },
    {
      "id": "hd-20261009-212457-b02b8f798c1e/baseline/0/1/claim/37",
      "candidate_id": "hd-20261009-212457-b02b8f798c1e/baseline/0/1",
      "kind": "ASSUMPTION",
      "text": "Public rosters, box scores and transactions are available, but injury status and the opponent's lineup choices at decision time are only partly public; reconstructing alternatives risks hindsight.",
      "status": "UNVERIFIED",
      "extractor": "line_grammar/v1"
    },
    {
      "id": "hd-20261009-212457-b02b8f798c1e/baseline/0/1/claim/38",
      "candidate_id": "hd-20261009-212457-b02b8f798c1e/baseline/0/1",
      "kind": "ASSUMPTION",
      "text": "The retrospective test has very few series per club, and the actual outcome of a single short series is mostly noise, so a recommended roster cannot be shown better; only a simulation can, and that embeds the model's own assumptions.",
      "status": "UNVERIFIED",
      "extractor": "line_grammar/v1"
    },
    {
      "id": "hd-20261009-212457-b02b8f798c1e/baseline/0/1/claim/39",
      "candidate_id": "hd-20261009-212457-b02b8f798c1e/baseline/0/1",
      "kind": "ASSUMPTION",
      "text": "Contending clubs likely already run such simulations privately.",
      "status": "UNVERIFIED",
      "extractor": "line_grammar/v1"
    },
    {
      "id": "hd-20261009-212457-b02b8f798c1e/baseline/0/1/claim/40",
      "candidate_id": "hd-20261009-212457-b02b8f798c1e/baseline/0/1",
      "kind": "UNKNOWN",
      "text": "measured_win_probability_value_of_marginal_postseason_slot",
      "status": "UNVERIFIED",
      "extractor": "line_grammar/v1"
    },
    {
      "id": "hd-20261009-212457-b02b8f798c1e/baseline/0/1/claim/41",
      "candidate_id": "hd-20261009-212457-b02b8f798c1e/baseline/0/1",
      "kind": "UNKNOWN",
      "text": "public_postseason_roster_archive_completeness",
      "status": "UNVERIFIED",
      "extractor": "line_grammar/v1"
    },
    {
      "id": "hd-20261009-212457-b02b8f798c1e/baseline/0/1/claim/42",
      "candidate_id": "hd-20261009-212457-b02b8f798c1e/baseline/0/1",
      "kind": "IDEA",
      "text": "Arbitration filing (sharpened) - a settle-versus-hearing expected-value calculator that only needs public filing figures and results, applied to the few cases where the gap between filed numbers is large.",
      "status": "UNVERIFIED",
      "extractor": "line_grammar/v1"
    },
    {
      "id": "hd-20261009-212457-b02b8f798c1e/baseline/0/1/claim/43",
      "candidate_id": "hd-20261009-212457-b02b8f798c1e/baseline/0/1",
      "kind": "ASSUMPTION",
      "text": "The decision recurs every January across all arbitration-eligible players, but hearings are rare, perhaps a handful per year league-wide, so the hearing outcome sample is small and the club's own cases fewer still.",
      "status": "UNVERIFIED",
      "extractor": "line_grammar/v1"
    },
    {
      "id": "hd-20261009-212457-b02b8f798c1e/baseline/0/1/claim/44",
      "candidate_id": "hd-20261009-212457-b02b8f798c1e/baseline/0/1",
      "kind": "ASSUMPTION",
      "text": "Filing figures and hearing results are public, but panel reasoning is not, and the CBA's arbitration rules may change in a new agreement.",
      "status": "UNVERIFIED",
      "extractor": "line_grammar/v1"
    },
    {
      "id": "hd-20261009-212457-b02b8f798c1e/baseline/0/1/claim/45",
      "candidate_id": "hd-20261009-212457-b02b8f798c1e/baseline/0/1",
      "kind": "ASSUMPTION",
      "text": "Midpoint settlement is a strong baseline; a model looks useful if it fits past hearings after choosing features that panels are known to reward, which is overfitting to a small sample.",
      "status": "UNVERIFIED",
      "extractor": "line_grammar/v1"
    },
    {
      "id": "hd-20261009-212457-b02b8f798c1e/baseline/0/1/claim/46",
      "candidate_id": "hd-20261009-212457-b02b8f798c1e/baseline/0/1",
      "kind": "ASSUMPTION",
      "text": "Clubs have specialized staff and outside experience, and teams that file and go to trial may suffer relationship costs with players that no public data can measure.",
      "status": "UNVERIFIED",
      "extractor": "line_grammar/v1"
    },
    {
      "id": "hd-20261009-212457-b02b8f798c1e/baseline/0/1/claim/47",
      "candidate_id": "hd-20261009-212457-b02b8f798c1e/baseline/0/1",
      "kind": "UNKNOWN",
      "text": "annual_hearing_count_sample_size",
      "status": "UNVERIFIED",
      "extractor": "line_grammar/v1"
    },
    {
      "id": "hd-20261009-212457-b02b8f798c1e/baseline/0/1/claim/48",
      "candidate_id": "hd-20261009-212457-b02b8f798c1e/baseline/0/1",
      "kind": "UNKNOWN",
      "text": "post_2026_cba_arbitration_rules",
      "status": "UNVERIFIED",
      "extractor": "line_grammar/v1"
    },
    {
      "id": "hd-20261009-212457-b02b8f798c1e/baseline/0/1/claim/49",
      "candidate_id": "hd-20261009-212457-b02b8f798c1e/baseline/0/1",
      "kind": "ASSUMPTION",
      "text": "BLIND SPOT - the set is dominated by rare, low-volume decisions with few historical cases, so none likely clears the \"value large enough\" and \"testable\" bar together; high-frequency decisions were omitted.",
      "status": "UNVERIFIED",
      "extractor": "line_grammar/v1"
    },
    {
      "id": "hd-20261009-212457-b02b8f798c1e/baseline/0/1/claim/50",
      "candidate_id": "hd-20261009-212457-b02b8f798c1e/baseline/0/1",
      "kind": "ASSUMPTION",
      "text": "BLIND SPOT - every candidate relies on labels that are confounded or only partly observable, and several rely on later-known information such as the full non-tender list, final market AAV or season outcomes, which creates hindsight leakage.",
      "status": "UNVERIFIED",
      "extractor": "line_grammar/v1"
    },
    {
      "id": "hd-20261009-212457-b02b8f798c1e/baseline/0/1/claim/51",
      "candidate_id": "hd-20261009-212457-b02b8f798c1e/baseline/0/1",
      "kind": "ASSUMPTION",
      "text": "BLIND SPOT - none addresses the CBA, which may expire around this offseason (unverified) and could change QO, arbitration, and service rules, invalidating history.",
      "status": "UNVERIFIED",
      "extractor": "line_grammar/v1"
    },
    {
      "id": "hd-20261009-212457-b02b8f798c1e/baseline/0/1/claim/52",
      "candidate_id": "hd-20261009-212457-b02b8f798c1e/baseline/0/1",
      "kind": "ASSUMPTION",
      "text": "BLIND SPOT - no candidate states a dollar or win estimate for value at stake; all such figures are unsupplied and should be treated as unknown, not assumed large.",
      "status": "UNVERIFIED",
      "extractor": "line_grammar/v1"
    },
    {
      "id": "hd-20261009-212457-b02b8f798c1e/baseline/0/1/claim/53",
      "candidate_id": "hd-20261009-212457-b02b8f798c1e/baseline/0/1",
      "kind": "ASSUMPTION",
      "text": "BLIND SPOT - the Cubs' own private models and rival clubs' practices are unknown, so claimed edges over \"sophisticated clubs\" are unverifiable from this evidence.",
      "status": "UNVERIFIED",
      "extractor": "line_grammar/v1"
    },
    {
      "id": "hd-20261009-212457-b02b8f798c1e/baseline/0/1/claim/54",
      "candidate_id": "hd-20261009-212457-b02b8f798c1e/baseline/0/1",
      "kind": "ASSUMPTION",
      "text": "BLIND SPOT - the sharpest test is cheap: for each candidate, run a power calculation on public history first and discard any where the minimum detectable effect exceeds a plausible gain.",
      "status": "UNVERIFIED",
      "extractor": "line_grammar/v1"
    },
    {
      "id": "hd-20261009-212457-b02b8f798c1e/baseline/0/1/claim/55",
      "candidate_id": "hd-20261009-212457-b02b8f798c1e/baseline/0/1",
      "kind": "UNKNOWN",
      "text": "cba_expiration_date_verification",
      "status": "UNVERIFIED",
      "extractor": "line_grammar/v1"
    },
    {
      "id": "hd-20261009-212457-b02b8f798c1e/baseline/0/1/claim/56",
      "candidate_id": "hd-20261009-212457-b02b8f798c1e/baseline/0/1",
      "kind": "UNKNOWN",
      "text": "cubs_private_models_and_practices",
      "status": "UNVERIFIED",
      "extractor": "line_grammar/v1"
    },
    {
      "id": "hd-20261009-212457-b02b8f798c1e/baseline/0/1/claim/57",
      "candidate_id": "hd-20261009-212457-b02b8f798c1e/baseline/0/1",
      "kind": "UNKNOWN",
      "text": "supplied_evidence_for_any_claim",
      "status": "UNVERIFIED",
      "extractor": "line_grammar/v1"
    },
    {
      "id": "hd-20261009-212457-b02b8f798c1e/candidates/0/0/claim/1",
      "candidate_id": "hd-20261009-212457-b02b8f798c1e/candidates/0/0",
      "kind": "UNKNOWN",
      "text": "supplied_facts_for_any_claim (the evidence list holds only the objective text, with no data, counts, dollar values or Cubs records)",
      "status": "UNVERIFIED",
      "extractor": "line_grammar/v1"
    },
    {
      "id": "hd-20261009-212457-b02b8f798c1e/candidates/0/0/claim/2",
      "candidate_id": "hd-20261009-212457-b02b8f798c1e/candidates/0/0",
      "kind": "CITE",
      "text": "objective_context",
      "status": "UNVERIFIED",
      "extractor": "line_grammar/v1"
    },
    {
      "id": "hd-20261009-212457-b02b8f798c1e/candidates/0/0/claim/3",
      "candidate_id": "hd-20261009-212457-b02b8f798c1e/candidates/0/0",
      "kind": "ASSUMPTION",
      "text": "Every critique below is judgment from general baseball-operations structure. None is verified, and no figure is quoted because none was supplied.",
      "status": "UNVERIFIED",
      "extractor": "line_grammar/v1"
    },
    {
      "id": "hd-20261009-212457-b02b8f798c1e/candidates/0/0/claim/4",
      "candidate_id": "hd-20261009-212457-b02b8f798c1e/candidates/0/0",
      "kind": "ASSUMPTION",
      "text": "The attached assumptions are pooled across many ideas, and many (rain delays, stolen bases, draft pools, ticketing) are irrelevant to these six. Only those matching each IDEA text are used.",
      "status": "UNVERIFIED",
      "extractor": "line_grammar/v1"
    },
    {
      "id": "hd-20261009-212457-b02b8f798c1e/candidates/0/0/claim/5",
      "candidate_id": "hd-20261009-212457-b02b8f798c1e/candidates/0/0",
      "kind": "ASSUMPTION",
      "text": "[1 Coaching hire] The decision recurs only a few times a year, and each hire is a single, unrepeatable choice. The value at stake is unquantified, and the ledger's sign is unknown.",
      "status": "UNVERIFIED",
      "extractor": "line_grammar/v1"
    },
    {
      "id": "hd-20261009-212457-b02b8f798c1e/candidates/0/0/claim/6",
      "candidate_id": "hd-20261009-212457-b02b8f798c1e/candidates/0/0",
      "kind": "ASSUMPTION",
      "text": "[1] Public staff data is not point-in-time clean. Titles, assistant and minor-league roles and start dates in press releases and media guides are incomplete and revised after the fact.",
      "status": "UNVERIFIED",
      "extractor": "line_grammar/v1"
    },
    {
      "id": "hd-20261009-212457-b02b8f798c1e/candidates/0/0/claim/7",
      "candidate_id": "hd-20261009-212457-b02b8f798c1e/candidates/0/0",
      "kind": "ASSUMPTION",
      "text": "[1] Few players move organizations alongside a given coach. Movers are selected (acquired because the club expects improvement) and coach credit is shared among several staff. Playing time, health and the player's own regression to the mean are further confounders.",
      "status": "UNVERIFIED",
      "extractor": "line_grammar/v1"
    },
    {
      "id": "hd-20261009-212457-b02b8f798c1e/candidates/0/0/claim/8",
      "candidate_id": "hd-20261009-212457-b02b8f798c1e/candidates/0/0",
      "kind": "ASSUMPTION",
      "text": "[1] A retrospective test is possible if ratings built through year T predict player change under the same coach in T+1 better than a tenure-and-reputation proxy. The number of coaches with enough movers may be too small for intervals narrow enough to change a hire.",
      "status": "UNVERIFIED",
      "extractor": "line_grammar/v1"
    },
    {
      "id": "hd-20261009-212457-b02b8f798c1e/candidates/0/0/claim/9",
      "candidate_id": "hd-20261009-212457-b02b8f798c1e/candidates/0/0",
      "kind": "ASSUMPTION",
      "text": "[1] Outcome observability is weak because the counterfactual is missing. Clubs with private tracking and biomechanics data probably evaluate coaches better than any public panel can.",
      "status": "UNVERIFIED",
      "extractor": "line_grammar/v1"
    },
    {
      "id": "hd-20261009-212457-b02b8f798c1e/candidates/0/0/claim/10",
      "candidate_id": "hd-20261009-212457-b02b8f798c1e/candidates/0/0",
      "kind": "ASSUMPTION",
      "text": "[1] It would look useful by ranking coaches whose past-year gains are mostly regression to the mean. The ranking would look reasonable with no persistence, so year-over-year persistence is the key falsification test.",
      "status": "UNVERIFIED",
      "extractor": "line_grammar/v1"
    },
    {
      "id": "hd-20261009-212457-b02b8f798c1e/candidates/0/0/claim/11",
      "candidate_id": "hd-20261009-212457-b02b8f798c1e/candidates/0/0",
      "kind": "ASSUMPTION",
      "text": "[2 Non-tender] This recurs annually with a hard early-December deadline (unverified; the CBA may change it). The value at stake is each eligible player's projected arbitration salary minus replacement cost, which is real but unquantified.",
      "status": "UNVERIFIED",
      "extractor": "line_grammar/v1"
    },
    {
      "id": "hd-20261009-212457-b02b8f798c1e/candidates/0/0/claim/12",
      "candidate_id": "hd-20261009-212457-b02b8f798c1e/candidates/0/0",
      "kind": "ASSUMPTION",
      "text": "[2] Salary projections are public-ish and available at decision time. The replacement market (who will be non-tendered league-wide, and at what price) is not known when the Cubs decide, so the forecaster must predict other clubs' choices.",
      "status": "UNVERIFIED",
      "extractor": "line_grammar/v1"
    },
    {
      "id": "hd-20261009-212457-b02b8f798c1e/candidates/0/0/claim/13",
      "candidate_id": "hd-20261009-212457-b02b8f798c1e/candidates/0/0",
      "kind": "ASSUMPTION",
      "text": "[2] A backtest has many player-years, but price and next-season output are observed only for players who signed. Players who retired, went abroad or signed minor-league deals create survivorship bias.",
      "status": "UNVERIFIED",
      "extractor": "line_grammar/v1"
    },
    {
      "id": "hd-20261009-212457-b02b8f798c1e/candidates/0/0/claim/14",
      "candidate_id": "hd-20261009-212457-b02b8f798c1e/candidates/0/0",
      "kind": "ASSUMPTION",
      "text": "[2] The baseline (tender if WAR per dollar beats a threshold) is the same quantity the forecaster uses, so gains may be only a threshold re-tune. The prior finding that a simple rule captures most of the value in the low-attention pool suggests a ceiling here too.",
      "status": "UNVERIFIED",
      "extractor": "line_grammar/v1"
    },
    {
      "id": "hd-20261009-212457-b02b8f798c1e/candidates/0/0/claim/15",
      "candidate_id": "hd-20261009-212457-b02b8f798c1e/candidates/0/0",
      "kind": "ASSUMPTION",
      "text": "[2] It would look useful from post-hoc selection of bargain non-tendered players, where single-season WAR noise is large and winners are remembered. Sophisticated clubs already carry internal projection and arbitration models.",
      "status": "UNVERIFIED",
      "extractor": "line_grammar/v1"
    },
    {
      "id": "hd-20261009-212457-b02b8f798c1e/candidates/0/0/claim/16",
      "candidate_id": "hd-20261009-212457-b02b8f798c1e/candidates/0/0",
      "kind": "ASSUMPTION",
      "text": "[3 Qualifying offer] The decision is annual but applies only to the Cubs' own pending free agents who meet eligibility rules. The Cubs' eligible list is unknown, so expected value may be near zero in many years.",
      "status": "UNVERIFIED",
      "extractor": "line_grammar/v1"
    },
    {
      "id": "hd-20261009-212457-b02b8f798c1e/candidates/0/0/claim/17",
      "candidate_id": "hd-20261009-212457-b02b8f798c1e/candidates/0/0",
      "kind": "ASSUMPTION",
      "text": "[3] The QO amount, acceptances and signings are public, but the number of cases per year is small. The accepted and declined classes are lopsided, so calibration is weak and one executive's judgment may match it.",
      "status": "UNVERIFIED",
      "extractor": "line_grammar/v1"
    },
    {
      "id": "hd-20261009-212457-b02b8f798c1e/candidates/0/0/claim/18",
      "candidate_id": "hd-20261009-212457-b02b8f798c1e/candidates/0/0",
      "kind": "ASSUMPTION",
      "text": "[3] The idea's baseline (\"offer when market AAV clearly exceeds the QO\") already needs a market AAV estimate. The model replaces that estimate, so the claimed edge reduces to forecast accuracy on a handful of players.",
      "status": "UNVERIFIED",
      "extractor": "line_grammar/v1"
    },
    {
      "id": "hd-20261009-212457-b02b8f798c1e/candidates/0/0/claim/19",
      "candidate_id": "hd-20261009-212457-b02b8f798c1e/candidates/0/0",
      "kind": "ASSUMPTION",
      "text": "[3] The compensation-pick value depends on CBA terms that may change at expiration (unverified). Counterfactual value cannot be observed, and acceptance is driven by player preference, health and agent strategy that public signals miss.",
      "status": "UNVERIFIED",
      "extractor": "line_grammar/v1"
    },
    {
      "id": "hd-20261009-212457-b02b8f798c1e/candidates/0/0/claim/20",
      "candidate_id": "hd-20261009-212457-b02b8f798c1e/candidates/0/0",
      "kind": "ASSUMPTION",
      "text": "[3] It would look useful through rare, memorable accepted-QO cases and high accuracy on obvious calls such as a star who is declined.",
      "status": "UNVERIFIED",
      "extractor": "line_grammar/v1"
    },
    {
      "id": "hd-20261009-212457-b02b8f798c1e/candidates/0/0/claim/21",
      "candidate_id": "hd-20261009-212457-b02b8f798c1e/candidates/0/0",
      "kind": "ASSUMPTION",
      "text": "[4 NPB/KBO posting] This is a handful of events per year across the league, and the Cubs only matter when they pursue a given player. Per-signing value is plausibly large but unquantified.",
      "status": "UNVERIFIED",
      "extractor": "line_grammar/v1"
    },
    {
      "id": "hd-20261009-212457-b02b8f798c1e/candidates/0/0/claim/22",
      "candidate_id": "hd-20261009-212457-b02b8f798c1e/candidates/0/0",
      "kind": "ASSUMPTION",
      "text": "[4] The posting window is largely public. Ownership of NPB pitch-tracking and detailed batted-ball data is limited, and what is public may lag decision time.",
      "status": "UNVERIFIED",
      "extractor": "line_grammar/v1"
    },
    {
      "id": "hd-20261009-212457-b02b8f798c1e/candidates/0/0/claim/23",
      "candidate_id": "hd-20261009-212457-b02b8f798c1e/candidates/0/0",
      "kind": "ASSUMPTION",
      "text": "[4] Previously posted players with MLB outcomes are few, so the translation model has high variance and heterogeneous eras and league environments. Outcomes are observable but censored, because players who were not signed leave no MLB data.",
      "status": "UNVERIFIED",
      "extractor": "line_grammar/v1"
    },
    {
      "id": "hd-20261009-212457-b02b8f798c1e/candidates/0/0/claim/24",
      "candidate_id": "hd-20261009-212457-b02b8f798c1e/candidates/0/0",
      "kind": "ASSUMPTION",
      "text": "[4] The winner's curse means a more accurate public model still does not give an edge unless the Cubs bid below the consensus. Clubs with international scouting, video and private data are likely ahead, and the idea overlaps minor-league translation work.",
      "status": "UNVERIFIED",
      "extractor": "line_grammar/v1"
    },
    {
      "id": "hd-20261009-212457-b02b8f798c1e/candidates/0/0/claim/25",
      "candidate_id": "hd-20261009-212457-b02b8f798c1e/candidates/0/0",
      "kind": "ASSUMPTION",
      "text": "[4] It would look useful by fitting the few posted stars in hindsight, with overfit coefficients and nothing out of sample.",
      "status": "UNVERIFIED",
      "extractor": "line_grammar/v1"
    },
    {
      "id": "hd-20261009-212457-b02b8f798c1e/candidates/0/0/claim/26",
      "candidate_id": "hd-20261009-212457-b02b8f798c1e/candidates/0/0",
      "kind": "ASSUMPTION",
      "text": "[5 Postseason roster] The decision recurs only in years the Cubs qualify, one to four times a year by the candidate's own text. Expected annual value is discounted by qualification probability (unknown).",
      "status": "UNVERIFIED",
      "extractor": "line_grammar/v1"
    },
    {
      "id": "hd-20261009-212457-b02b8f798c1e/candidates/0/0/claim/27",
      "candidate_id": "hd-20261009-212457-b02b8f798c1e/candidates/0/0",
      "kind": "ASSUMPTION",
      "text": "[5] Rosters, opposing starters and platoon splits are public at the decision time. Injury status at the roster deadline may be incompletely public.",
      "status": "UNVERIFIED",
      "extractor": "line_grammar/v1"
    },
    {
      "id": "hd-20261009-212457-b02b8f798c1e/candidates/0/0/claim/28",
      "candidate_id": "hd-20261009-212457-b02b8f798c1e/candidates/0/0",
      "kind": "ASSUMPTION",
      "text": "[5] Pooled league-wide postseason rosters give a modest number of series, but each series outcome is dominated by noise. A series-win-probability difference from the 25th and 26th roster spots may be too small to detect with any realistic sample.",
      "status": "UNVERIFIED",
      "extractor": "line_grammar/v1"
    },
    {
      "id": "hd-20261009-212457-b02b8f798c1e/candidates/0/0/claim/29",
      "candidate_id": "hd-20261009-212457-b02b8f798c1e/candidates/0/0",
      "kind": "ASSUMPTION",
      "text": "[5] Alternatives are not observed, so the backtest is a simulation scored by its own model and can embed the biases it tests. Clubs likely already run internal series simulators.",
      "status": "UNVERIFIED",
      "extractor": "line_grammar/v1"
    },
    {
      "id": "hd-20261009-212457-b02b8f798c1e/candidates/0/0/claim/30",
      "candidate_id": "hd-20261009-212457-b02b8f798c1e/candidates/0/0",
      "kind": "ASSUMPTION",
      "text": "[5] It would look useful by retrofitting a few memorable pinch-runner or reliever moments in a winning run, which is outcome bias.",
      "status": "UNVERIFIED",
      "extractor": "line_grammar/v1"
    },
    {
      "id": "hd-20261009-212457-b02b8f798c1e/candidates/0/0/claim/31",
      "candidate_id": "hd-20261009-212457-b02b8f798c1e/candidates/0/0",
      "kind": "ASSUMPTION",
      "text": "[6 Arbitration filing] This recurs every January across the arbitration-eligible roster, and awards compound into later raises, so it is among the more regular decisions. The value is capped by the gap between the two filed numbers, since the panel picks one.",
      "status": "UNVERIFIED",
      "extractor": "line_grammar/v1"
    },
    {
      "id": "hd-20261009-212457-b02b8f798c1e/candidates/0/0/claim/32",
      "candidate_id": "hd-20261009-212457-b02b8f798c1e/candidates/0/0",
      "kind": "ASSUMPTION",
      "text": "[6] Filed numbers, results and the comparable-player rules are largely public. The exact arguments and the panel's reasoning are not, and hearings are rare because most cases settle. Settlements are not hearing outcomes, so the training labels come from a selected subset.",
      "status": "UNVERIFIED",
      "extractor": "line_grammar/v1"
    },
    {
      "id": "hd-20261009-212457-b02b8f798c1e/candidates/0/0/claim/33",
      "candidate_id": "hd-20261009-212457-b02b8f798c1e/candidates/0/0",
      "kind": "ASSUMPTION",
      "text": "[6] The count of historical hearings may be too small and shifts with CBA rule changes (expiration date and new rules unverified). Whether to settle or go to hearing is a strategic choice also tied to club policy and player relations, not just EV.",
      "status": "UNVERIFIED",
      "extractor": "line_grammar/v1"
    },
    {
      "id": "hd-20261009-212457-b02b8f798c1e/candidates/0/0/claim/34",
      "candidate_id": "hd-20261009-212457-b02b8f798c1e/candidates/0/0",
      "kind": "ASSUMPTION",
      "text": "[6] The baseline (midpoint settlement) is a hearing-free outcome, so the EV comparison needs an assumed hearing probability and a model of player willingness. Specialized staff and outside counsel probably already hold this knowledge.",
      "status": "UNVERIFIED",
      "extractor": "line_grammar/v1"
    },
    {
      "id": "hd-20261009-212457-b02b8f798c1e/candidates/0/0/claim/35",
      "candidate_id": "hd-20261009-212457-b02b8f798c1e/candidates/0/0",
      "kind": "ASSUMPTION",
      "text": "[6] It would look useful through a predictor tuned to hearing outcomes in which the filing midpoint alone already predicts the winner, and through ignoring that club-won and player-won cases are selected by who chose to go to hearing.",
      "status": "UNVERIFIED",
      "extractor": "line_grammar/v1"
    },
    {
      "id": "hd-20261009-212457-b02b8f798c1e/candidates/0/0/claim/36",
      "candidate_id": "hd-20261009-212457-b02b8f798c1e/candidates/0/0",
      "kind": "ASSUMPTION",
      "text": "[Blind spot] Dollar and win value at stake is unquantified for all six. Rank the candidates by value times decision count times the maximum plausible edge before building anything.",
      "status": "UNVERIFIED",
      "extractor": "line_grammar/v1"
    },
    {
      "id": "hd-20261009-212457-b02b8f798c1e/candidates/0/0/claim/37",
      "candidate_id": "hd-20261009-212457-b02b8f798c1e/candidates/0/0",
      "kind": "ASSUMPTION",
      "text": "[Blind spot] Sample size is the shared weakness (QO, posting, postseason, hearings, coach movers). Pooling league-wide raises n but strips Cubs-specific context, and no tool can beat a simple baseline with only a few dozen noisy labels.",
      "status": "UNVERIFIED",
      "extractor": "line_grammar/v1"
    },
    {
      "id": "hd-20261009-212457-b02b8f798c1e/candidates/0/0/claim/38",
      "candidate_id": "hd-20261009-212457-b02b8f798c1e/candidates/0/0",
      "kind": "ASSUMPTION",
      "text": "[Blind spot] Many of these decisions are driven by counterparties (agents, player preference, rival bidders, the league). A club-side prediction model does not control the outcome, and the rules may change at the CBA expiration (unverified).",
      "status": "UNVERIFIED",
      "extractor": "line_grammar/v1"
    },
    {
      "id": "hd-20261009-212457-b02b8f798c1e/candidates/0/0/claim/39",
      "candidate_id": "hd-20261009-212457-b02b8f798c1e/candidates/0/0",
      "kind": "ASSUMPTION",
      "text": "[Blind spot] Dated snapshots are a precondition. Any backtest must freeze the data as of the decision day (projections, injury status, staff titles), or hindsight leaks into every candidate.",
      "status": "UNVERIFIED",
      "extractor": "line_grammar/v1"
    },
    {
      "id": "hd-20261009-212457-b02b8f798c1e/candidates/0/0/claim/40",
      "candidate_id": "hd-20261009-212457-b02b8f798c1e/candidates/0/0",
      "kind": "ASSUMPTION",
      "text": "[Blind spot] Testing many candidates and many specifications without a pre-registered baseline comparison produces false positives. Any claimed edge needs out-of-sample results against the simple rule.",
      "status": "UNVERIFIED",
      "extractor": "line_grammar/v1"
    },
    {
      "id": "hd-20261009-212457-b02b8f798c1e/candidates/0/0/claim/41",
      "candidate_id": "hd-20261009-212457-b02b8f798c1e/candidates/0/0",
      "kind": "ASSUMPTION",
      "text": "[Blind spot] Non-tender, QO, arbitration and posting all draw on one payroll and 40-man budget, so evaluating them separately misses interactions. Private Cubs practice is unknown, and public-data parity with sophisticated clubs is plausible for every candidate.",
      "status": "UNVERIFIED",
      "extractor": "line_grammar/v1"
    },
    {
      "id": "hd-20261009-212457-b02b8f798c1e/candidates/0/0/claim/42",
      "candidate_id": "hd-20261009-212457-b02b8f798c1e/candidates/0/0",
      "kind": "UNKNOWN",
      "text": "cubs_private_models_and_practices",
      "status": "UNVERIFIED",
      "extractor": "line_grammar/v1"
    },
    {
      "id": "hd-20261009-212457-b02b8f798c1e/candidates/0/0/claim/43",
      "candidate_id": "hd-20261009-212457-b02b8f798c1e/candidates/0/0",
      "kind": "UNKNOWN",
      "text": "cubs_qo_eligible_players_2026",
      "status": "UNVERIFIED",
      "extractor": "line_grammar/v1"
    },
    {
      "id": "hd-20261009-212457-b02b8f798c1e/candidates/0/0/claim/44",
      "candidate_id": "hd-20261009-212457-b02b8f798c1e/candidates/0/0",
      "kind": "UNKNOWN",
      "text": "annual_hearing_count_sample_size",
      "status": "UNVERIFIED",
      "extractor": "line_grammar/v1"
    },
    {
      "id": "hd-20261009-212457-b02b8f798c1e/candidates/0/0/claim/45",
      "candidate_id": "hd-20261009-212457-b02b8f798c1e/candidates/0/0",
      "kind": "UNKNOWN",
      "text": "count_of_posted_players_with_mlb_outcomes",
      "status": "UNVERIFIED",
      "extractor": "line_grammar/v1"
    },
    {
      "id": "hd-20261009-212457-b02b8f798c1e/candidates/0/0/claim/46",
      "candidate_id": "hd-20261009-212457-b02b8f798c1e/candidates/0/0",
      "kind": "UNKNOWN",
      "text": "detectable_coach_effect_size",
      "status": "UNVERIFIED",
      "extractor": "line_grammar/v1"
    },
    {
      "id": "hd-20261009-212457-b02b8f798c1e/candidates/0/0/claim/47",
      "candidate_id": "hd-20261009-212457-b02b8f798c1e/candidates/0/0",
      "kind": "UNKNOWN",
      "text": "post_2026_cba_arbitration_rules",
      "status": "UNVERIFIED",
      "extractor": "line_grammar/v1"
    },
    {
      "id": "hd-20261009-212457-b02b8f798c1e/candidates/0/0/claim/48",
      "candidate_id": "hd-20261009-212457-b02b8f798c1e/candidates/0/0",
      "kind": "UNKNOWN",
      "text": "measured_win_probability_value_of_marginal_postseason_slot",
      "status": "UNVERIFIED",
      "extractor": "line_grammar/v1"
    },
    {
      "id": "hd-20261009-212457-b02b8f798c1e/candidates/0/0/claim/49",
      "candidate_id": "hd-20261009-212457-b02b8f798c1e/candidates/0/0",
      "kind": "IDEA",
      "text": "Build a single pre-registered, dated-snapshot backtest harness for the offseason decisions (non-tender, QO, arbitration, posting). It would freeze public inputs as of each decision date, score each simple club baseline against a candidate model out of sample, and report n and interval width, so any candidate whose interval includes zero edge is dropped before software is built.",
      "status": "UNVERIFIED",
      "extractor": "line_grammar/v1"
    },
    {
      "id": "hd-20261009-212457-b02b8f798c1e/candidates/0/0/claim/50",
      "candidate_id": "hd-20261009-212457-b02b8f798c1e/candidates/0/0",
      "kind": "IDEA",
      "text": "Replace the coaching-ledger build with a persistence-first test: check on public data whether apparent coach effects in year T repeat in T+1 for coaches who moved clubs. Proceed to a hiring tool only if they persist beyond regression to the mean, and treat a null result as the useful output.",
      "status": "UNVERIFIED",
      "extractor": "line_grammar/v1"
    },
    {
      "id": "hd-20261009-212457-b02b8f798c1e/candidates/0/0/claim/51",
      "candidate_id": "hd-20261009-212457-b02b8f798c1e/candidates/0/0",
      "kind": "IDEA",
      "text": "Sharpen arbitration to settle-versus-hearing selection: estimate, from public filed-number gaps and past outcomes, the filing-gap threshold above which hearings favor the club. State the result as a decision table with explicit uncertainty rather than a point predictor.",
      "status": "UNVERIFIED",
      "extractor": "line_grammar/v1"
    },
    {
      "id": "hd-20261009-212457-b02b8f798c1e/candidates/0/1/claim/1",
      "candidate_id": "hd-20261009-212457-b02b8f798c1e/candidates/0/1",
      "kind": "UNKNOWN",
      "text": "supplied_facts_for_any_candidate",
      "status": "UNVERIFIED",
      "extractor": "line_grammar/v1"
    },
    {
      "id": "hd-20261009-212457-b02b8f798c1e/candidates/0/1/claim/2",
      "candidate_id": "hd-20261009-212457-b02b8f798c1e/candidates/0/1",
      "kind": "ASSUMPTION",
      "text": "All evidence is UNVERIFIED and the facts map is empty, so every judgment below is a falsifiable critique drawn from general baseball knowledge, not a supported finding. CITE lines are omitted because no source supports any specific claim.",
      "status": "UNVERIFIED",
      "extractor": "line_grammar/v1"
    },
    {
      "id": "hd-20261009-212457-b02b8f798c1e/candidates/0/1/claim/3",
      "candidate_id": "hd-20261009-212457-b02b8f798c1e/candidates/0/1",
      "kind": "ASSUMPTION",
      "text": "Coaching-hire evaluation (1) The decision recurs every offseason but only a few hires per year, and the value per coach is unknown. UNKNOWN: detectable_coach_effect_size",
      "status": "UNVERIFIED",
      "extractor": "line_grammar/v1"
    },
    {
      "id": "hd-20261009-212457-b02b8f798c1e/candidates/0/1/claim/4",
      "candidate_id": "hd-20261009-212457-b02b8f798c1e/candidates/0/1",
      "kind": "ASSUMPTION",
      "text": "Coaching (2) Staff announcements are public, but assistant and minor-league tenure is patchy and inconsistently dated, so linking coaches to players at decision time may fail.",
      "status": "UNVERIFIED",
      "extractor": "line_grammar/v1"
    },
    {
      "id": "hd-20261009-212457-b02b8f798c1e/candidates/0/1/claim/5",
      "candidate_id": "hd-20261009-212457-b02b8f798c1e/candidates/0/1",
      "kind": "ASSUMPTION",
      "text": "Coaching (3) Coach moves between organizations are few, and most coaches touch few players, so a retrospective test has wide intervals. Outcomes are observable only as player stat changes, not as coach causation.",
      "status": "UNVERIFIED",
      "extractor": "line_grammar/v1"
    },
    {
      "id": "hd-20261009-212457-b02b8f798c1e/candidates/0/1/claim/6",
      "candidate_id": "hd-20261009-212457-b02b8f798c1e/candidates/0/1",
      "kind": "ASSUMPTION",
      "text": "Coaching (4,5) Hiring is driven by relationships, scheme fit and player buy-in that a panel cannot see. Rival clubs probably run private attribution with proprietary biomechanics and tracking data, so a public-data tool is likely behind.",
      "status": "UNVERIFIED",
      "extractor": "line_grammar/v1"
    },
    {
      "id": "hd-20261009-212457-b02b8f798c1e/candidates/0/1/claim/7",
      "candidate_id": "hd-20261009-212457-b02b8f798c1e/candidates/0/1",
      "kind": "ASSUMPTION",
      "text": "Coaching (6) It will look useful through regression to the mean, since players hired-for-after-a-bad-year improve anyway. Selection (teams acquire players they expect to improve), playing time, injuries and org infrastructure confound it. Post-hoc coach rankings that do not persist year over year would look good in-sample and fail out of sample.",
      "status": "UNVERIFIED",
      "extractor": "line_grammar/v1"
    },
    {
      "id": "hd-20261009-212457-b02b8f798c1e/candidates/0/1/claim/8",
      "candidate_id": "hd-20261009-212457-b02b8f798c1e/candidates/0/1",
      "kind": "UNKNOWN",
      "text": "persistence_of_coach_effects_year_over_year",
      "status": "UNVERIFIED",
      "extractor": "line_grammar/v1"
    },
    {
      "id": "hd-20261009-212457-b02b8f798c1e/candidates/0/1/claim/9",
      "candidate_id": "hd-20261009-212457-b02b8f798c1e/candidates/0/1",
      "kind": "ASSUMPTION",
      "text": "Non-tender (1) The decision recurs annually for roughly a handful of borderline players, so stakes are modest, bounded by the salary gap on a few roster spots. UNKNOWN: cubs_non_tender_candidates_2026",
      "status": "UNVERIFIED",
      "extractor": "line_grammar/v1"
    },
    {
      "id": "hd-20261009-212457-b02b8f798c1e/candidates/0/1/claim/10",
      "candidate_id": "hd-20261009-212457-b02b8f798c1e/candidates/0/1",
      "kind": "ASSUMPTION",
      "text": "Non-tender (2) Service time, projected arbitration salaries (public estimates exist) and the non-tender list are public, but the replacement pool is revealed only after the deadline. A forecast of who will be available must be made without hindsight, and that is the hard part.",
      "status": "UNVERIFIED",
      "extractor": "line_grammar/v1"
    },
    {
      "id": "hd-20261009-212457-b02b8f798c1e/candidates/0/1/claim/11",
      "candidate_id": "hd-20261009-212457-b02b8f798c1e/candidates/0/1",
      "kind": "ASSUMPTION",
      "text": "Non-tender (3) Roughly two decades of non-tender classes exist, but the CBA has changed salary and service rules, so older cases may not be comparable. Next-season output of non-tendered players is observable, but the output of the counterfactual tendered player is not, and survivorship in who signs where biases the comparison.",
      "status": "UNVERIFIED",
      "extractor": "line_grammar/v1"
    },
    {
      "id": "hd-20261009-212457-b02b8f798c1e/candidates/0/1/claim/12",
      "candidate_id": "hd-20261009-212457-b02b8f798c1e/candidates/0/1",
      "kind": "ASSUMPTION",
      "text": "Non-tender (4,5) It is actionable, since the club decides by the deadline. Clubs already use WAR-per-dollar thresholds, and public arbitration projection tools exist, so the marginal edge is likely small.",
      "status": "UNVERIFIED",
      "extractor": "line_grammar/v1"
    },
    {
      "id": "hd-20261009-212457-b02b8f798c1e/candidates/0/1/claim/13",
      "candidate_id": "hd-20261009-212457-b02b8f798c1e/candidates/0/1",
      "kind": "ASSUMPTION",
      "text": "Non-tender (6) A backtest looks good when it credits signed non-tendered players' production without netting out the many who flopped or were never signed, or when it uses the final arbitration salary instead of the projection known in November.",
      "status": "UNVERIFIED",
      "extractor": "line_grammar/v1"
    },
    {
      "id": "hd-20261009-212457-b02b8f798c1e/candidates/0/1/claim/14",
      "candidate_id": "hd-20261009-212457-b02b8f798c1e/candidates/0/1",
      "kind": "ASSUMPTION",
      "text": "Qualifying offers (1) The Cubs face the decision only for their own eligible free agents, which may be zero to a few per year. The stake is a one-year QO salary against a draft-pick change, so the value is moderate and lumpy. UNKNOWN: cubs_qo_eligible_players_2026",
      "status": "UNVERIFIED",
      "extractor": "line_grammar/v1"
    },
    {
      "id": "hd-20261009-212457-b02b8f798c1e/candidates/0/1/claim/15",
      "candidate_id": "hd-20261009-212457-b02b8f798c1e/candidates/0/1",
      "kind": "ASSUMPTION",
      "text": "Qualifying offers (2) Performance, age and the QO amount are public. Acceptance depends on private player preferences and agent strategy.",
      "status": "UNVERIFIED",
      "extractor": "line_grammar/v1"
    },
    {
      "id": "hd-20261009-212457-b02b8f798c1e/candidates/0/1/claim/16",
      "candidate_id": "hd-20261009-212457-b02b8f798c1e/candidates/0/1",
      "kind": "ASSUMPTION",
      "text": "Qualifying offers (3) The number of historical QOs is a few dozen per year at most, with an early period of nearly zero acceptances and a later period with some, so the pooled model is small and non-stationary. Acceptance is observable, but the counterfactual of not offering is not. UNKNOWN: historical_qo_acceptance_count_by_year",
      "status": "UNVERIFIED",
      "extractor": "line_grammar/v1"
    },
    {
      "id": "hd-20261009-212457-b02b8f798c1e/candidates/0/1/claim/17",
      "candidate_id": "hd-20261009-212457-b02b8f798c1e/candidates/0/1",
      "kind": "ASSUMPTION",
      "text": "Qualifying offers (4,5) It is actionable in a short window after the World Series. Clubs reason about this with simple market-versus-QO logic, and a sharper model probably adds little over an experienced executive.",
      "status": "UNVERIFIED",
      "extractor": "line_grammar/v1"
    },
    {
      "id": "hd-20261009-212457-b02b8f798c1e/candidates/0/1/claim/18",
      "candidate_id": "hd-20261009-212457-b02b8f798c1e/candidates/0/1",
      "kind": "ASSUMPTION",
      "text": "Qualifying offers (6) A high AUC in-sample may come from a few features (large AAV expectation means decline) that the baseline already uses. Rule changes to compensation across CBAs also confound the pooled history.",
      "status": "UNVERIFIED",
      "extractor": "line_grammar/v1"
    },
    {
      "id": "hd-20261009-212457-b02b8f798c1e/candidates/0/1/claim/19",
      "candidate_id": "hd-20261009-212457-b02b8f798c1e/candidates/0/1",
      "kind": "ASSUMPTION",
      "text": "NPB/KBO posting bids (1) Few relevant events per year, so recurrence is low, but the per-signing value can be large. Cubs interest in a given year is unknown. UNKNOWN: cubs_international_budget_2027",
      "status": "UNVERIFIED",
      "extractor": "line_grammar/v1"
    },
    {
      "id": "hd-20261009-212457-b02b8f798c1e/candidates/0/1/claim/20",
      "candidate_id": "hd-20261009-212457-b02b8f798c1e/candidates/0/1",
      "kind": "ASSUMPTION",
      "text": "NPB/KBO (2) Basic stats are public, but detailed pitch tracking is mostly proprietary or inconsistently published, so the translation tool may only have stats the baseline ratios already use. UNKNOWN: public_availability_of_npb_kbo_pitch_tracking",
      "status": "UNVERIFIED",
      "extractor": "line_grammar/v1"
    },
    {
      "id": "hd-20261009-212457-b02b8f798c1e/candidates/0/1/claim/21",
      "candidate_id": "hd-20261009-212457-b02b8f798c1e/candidates/0/1",
      "kind": "ASSUMPTION",
      "text": "NPB/KBO (3) The number of posted players with several MLB seasons is small, probably tens, split across hitters and pitchers and across ball and rule eras. A model with many parameters will overfit. Outcomes are observable but heterogeneous by role and injury. UNKNOWN: count_of_posted_players_with_mlb_outcomes",
      "status": "UNVERIFIED",
      "extractor": "line_grammar/v1"
    },
    {
      "id": "hd-20261009-212457-b02b8f798c1e/candidates/0/1/claim/22",
      "candidate_id": "hd-20261009-212457-b02b8f798c1e/candidates/0/1",
      "kind": "ASSUMPTION",
      "text": "NPB/KBO (4,5) Bids are actionable only in a short, rule-bound window and posting fees and caps depend on current agreements. Clubs with international scouts and data staff already model translation, and the price is set by multi-club competition, so the winner's curse may erase any accuracy edge.",
      "status": "UNVERIFIED",
      "extractor": "line_grammar/v1"
    },
    {
      "id": "hd-20261009-212457-b02b8f798c1e/candidates/0/1/claim/23",
      "candidate_id": "hd-20261009-212457-b02b8f798c1e/candidates/0/1",
      "kind": "ASSUMPTION",
      "text": "NPB/KBO (6) It looks useful through survivorship (only successes recalled), a few outlier stars driving fit, and comparing to the weakest ratio baseline instead of scouting-informed pricing.",
      "status": "UNVERIFIED",
      "extractor": "line_grammar/v1"
    },
    {
      "id": "hd-20261009-212457-b02b8f798c1e/candidates/0/1/claim/24",
      "candidate_id": "hd-20261009-212457-b02b8f798c1e/candidates/0/1",
      "kind": "ASSUMPTION",
      "text": "Postseason roster construction (1) It recurs only when the club qualifies, 1 to 4 times a year, so expected value is discounted by playoff probability. A marginal win may be worth more in October, but the number of slots that actually change outcomes is small. UNKNOWN: measured_win_probability_value_of_marginal_postseason_slot",
      "status": "UNVERIFIED",
      "extractor": "line_grammar/v1"
    },
    {
      "id": "hd-20261009-212457-b02b8f798c1e/candidates/0/1/claim/25",
      "candidate_id": "hd-20261009-212457-b02b8f798c1e/candidates/0/1",
      "kind": "ASSUMPTION",
      "text": "Postseason (2) Rosters, platoon and pitch-type splits are public, but injury status at the roster deadline is often incomplete or vague, which limits reconstruction of the true option set. UNKNOWN: public_injury_status_completeness_at_roster_deadline",
      "status": "UNVERIFIED",
      "extractor": "line_grammar/v1"
    },
    {
      "id": "hd-20261009-212457-b02b8f798c1e/candidates/0/1/claim/26",
      "candidate_id": "hd-20261009-212457-b02b8f798c1e/candidates/0/1",
      "kind": "ASSUMPTION",
      "text": "Postseason (3) Postseason rosters from many series exist league-wide, but the per-series sample is tiny and series outcomes are very noisy. A test would need to score recommendations by simulated expected win probability, and the simulation embeds the same assumptions it tests, so it is not an observed-outcome validation.",
      "status": "UNVERIFIED",
      "extractor": "line_grammar/v1"
    },
    {
      "id": "hd-20261009-212457-b02b8f798c1e/candidates/0/1/claim/27",
      "candidate_id": "hd-20261009-212457-b02b8f798c1e/candidates/0/1",
      "kind": "ASSUMPTION",
      "text": "Postseason (4,5) It is actionable and contenders already do this internally with staff judgment, so a public tool likely only matches.",
      "status": "UNVERIFIED",
      "extractor": "line_grammar/v1"
    },
    {
      "id": "hd-20261009-212457-b02b8f798c1e/candidates/0/1/claim/28",
      "candidate_id": "hd-20261009-212457-b02b8f798c1e/candidates/0/1",
      "kind": "ASSUMPTION",
      "text": "Postseason (6) It looks useful through hindsight-chosen anecdotes (a pinch runner who scored), unmeasurable gains of well under a percentage point of series win probability, and ignoring that managers concentrate innings on top pitchers whatever the 26th slot is. Note the candidate text supplied for this item lists only the decision, and the problem is narrower than its attached assumptions suggest.",
      "status": "UNVERIFIED",
      "extractor": "line_grammar/v1"
    },
    {
      "id": "hd-20261009-212457-b02b8f798c1e/candidates/0/1/claim/29",
      "candidate_id": "hd-20261009-212457-b02b8f798c1e/candidates/0/1",
      "kind": "ASSUMPTION",
      "text": "Arbitration filing (1) The Cubs file for each arbitration-eligible player every winter, which is several per year, with award differences per player in the range between filing numbers. Most cases settle, and hearings are rare for any one club.",
      "status": "UNVERIFIED",
      "extractor": "line_grammar/v1"
    },
    {
      "id": "hd-20261009-212457-b02b8f798c1e/candidates/0/1/claim/30",
      "candidate_id": "hd-20261009-212457-b02b8f798c1e/candidates/0/1",
      "kind": "ASSUMPTION",
      "text": "Arbitration (2) Hearing outcomes and filing figures are publicly reported, but the panel's reasoning is confidential, and settlement terms are inconsistently recorded. Comparable-player selection rules are set by the CBA, which may change after this offseason. UNKNOWN: post_2026_cba_arbitration_rules",
      "status": "UNVERIFIED",
      "extractor": "line_grammar/v1"
    },
    {
      "id": "hd-20261009-212457-b02b8f798c1e/candidates/0/1/claim/31",
      "candidate_id": "hd-20261009-212457-b02b8f798c1e/candidates/0/1",
      "kind": "ASSUMPTION",
      "text": "Arbitration (3) League-wide hearings are only a handful per year, so a predictor trained on hearings suffers from small samples and a selection effect: cases that reach hearing are those where the parties disagree, not a random draw. Outcome (win or loss against the two filed numbers) is observable. UNKNOWN: annual_hearing_count_sample_size",
      "status": "UNVERIFIED",
      "extractor": "line_grammar/v1"
    },
    {
      "id": "hd-20261009-212457-b02b8f798c1e/candidates/0/1/claim/32",
      "candidate_id": "hd-20261009-212457-b02b8f798c1e/candidates/0/1",
      "kind": "ASSUMPTION",
      "text": "Arbitration (4,5) Actionable by choosing the filing figure and deciding whether to settle. Clubs already employ specialized staff and outside counsel, and public salary-projection tools exist. A club-policy of avoiding hearings (a \"file and trial\" posture) also carries relationship costs a model does not capture.",
      "status": "UNVERIFIED",
      "extractor": "line_grammar/v1"
    },
    {
      "id": "hd-20261009-212457-b02b8f798c1e/candidates/0/1/claim/33",
      "candidate_id": "hd-20261009-212457-b02b8f798c1e/candidates/0/1",
      "kind": "ASSUMPTION",
      "text": "Arbitration (6) It looks useful through high accuracy that merely reflects the filing midpoint, hindsight about which stats panels reward, and treating the all-case outcome rate as if it applied to the cases a club would actually take to hearing.",
      "status": "UNVERIFIED",
      "extractor": "line_grammar/v1"
    },
    {
      "id": "hd-20261009-212457-b02b8f798c1e/candidates/0/1/claim/34",
      "candidate_id": "hd-20261009-212457-b02b8f798c1e/candidates/0/1",
      "kind": "ASSUMPTION",
      "text": "BLIND SPOT (a) All six are low-frequency, small-sample decisions. The set concentrates on offseason transactions and leaves out high-frequency decisions with larger samples, which the objective preferred.",
      "status": "UNVERIFIED",
      "extractor": "line_grammar/v1"
    },
    {
      "id": "hd-20261009-212457-b02b8f798c1e/candidates/0/1/claim/35",
      "candidate_id": "hd-20261009-212457-b02b8f798c1e/candidates/0/1",
      "kind": "ASSUMPTION",
      "text": "BLIND SPOT (b) Five of six depend on CBA rules that may change this offseason. The expiration timing is unverified. UNKNOWN: cba_expiration_date_verification",
      "status": "UNVERIFIED",
      "extractor": "line_grammar/v1"
    },
    {
      "id": "hd-20261009-212457-b02b8f798c1e/candidates/0/1/claim/36",
      "candidate_id": "hd-20261009-212457-b02b8f798c1e/candidates/0/1",
      "kind": "ASSUMPTION",
      "text": "BLIND SPOT (c) Every candidate's retrospective test measures outcomes of decisions made, not outcomes of the unchosen option. Counterfactuals are unobserved, and models validated on simulation inherit simulation bias.",
      "status": "UNVERIFIED",
      "extractor": "line_grammar/v1"
    },
    {
      "id": "hd-20261009-212457-b02b8f798c1e/candidates/0/1/claim/37",
      "candidate_id": "hd-20261009-212457-b02b8f798c1e/candidates/0/1",
      "kind": "ASSUMPTION",
      "text": "BLIND SPOT (d) No candidate states a baseline hit rate or dollar scale from supplied evidence, so the value-at-stake comparison is unsupported. UNKNOWN: cubs_private_models_and_practices",
      "status": "UNVERIFIED",
      "extractor": "line_grammar/v1"
    },
    {
      "id": "hd-20261009-212457-b02b8f798c1e/candidates/0/1/claim/38",
      "candidate_id": "hd-20261009-212457-b02b8f798c1e/candidates/0/1",
      "kind": "ASSUMPTION",
      "text": "BLIND SPOT (e) Software cost, adoption by decision-makers and the chance that clubs already run equivalent tools are not weighed against the possible edge. A null result is itself informative and cheap to get, so testing before building is the reasonable default.",
      "status": "UNVERIFIED",
      "extractor": "line_grammar/v1"
    },
    {
      "id": "hd-20261009-212457-b02b8f798c1e/candidates/0/1/claim/39",
      "candidate_id": "hd-20261009-212457-b02b8f798c1e/candidates/0/1",
      "kind": "IDEA",
      "text": "Sharpened replacement: one pooled \"decision-quality audit\" that, for non-tender, QO and arbitration decisions, uses only timestamped public data (projections and prices known on decision day) and reports the gap versus the simple baseline with bootstrap intervals. Build more only for the decision where the interval excludes zero by a margin larger than the dollar noise, and report a null for the others.",
      "status": "UNVERIFIED",
      "extractor": "line_grammar/v1"
    },
    {
      "id": "hd-20261009-212457-b02b8f798c1e/candidates/0/2/claim/1",
      "candidate_id": "hd-20261009-212457-b02b8f798c1e/candidates/0/2",
      "kind": "ASSUMPTION",
      "text": "No numeric evidence was supplied (facts is empty), so everything below is critique to be checked, not established fact.",
      "status": "UNVERIFIED",
      "extractor": "line_grammar/v1"
    },
    {
      "id": "hd-20261009-212457-b02b8f798c1e/candidates/0/2/claim/2",
      "candidate_id": "hd-20261009-212457-b02b8f798c1e/candidates/0/2",
      "kind": "UNKNOWN",
      "text": "supplied_numeric_evidence_for_any_candidate",
      "status": "UNVERIFIED",
      "extractor": "line_grammar/v1"
    },
    {
      "id": "hd-20261009-212457-b02b8f798c1e/candidates/0/2/claim/3",
      "candidate_id": "hd-20261009-212457-b02b8f798c1e/candidates/0/2",
      "kind": "ASSUMPTION",
      "text": "The pooled assumptions attached to the candidates include many that belong to other ideas (rain delays, draft pools, stolen bases). I judged each candidate on its own IDEA text only.",
      "status": "UNVERIFIED",
      "extractor": "line_grammar/v1"
    },
    {
      "id": "hd-20261009-212457-b02b8f798c1e/candidates/0/2/claim/4",
      "candidate_id": "hd-20261009-212457-b02b8f798c1e/candidates/0/2",
      "kind": "ASSUMPTION",
      "text": "The postseason roster IDEA text (candidates/0/5/idea/1) states only owner, decision and frequency. Value, mechanism and baseline appear only in the unresolved-issues list, so that candidate is under-specified as written.",
      "status": "UNVERIFIED",
      "extractor": "line_grammar/v1"
    },
    {
      "id": "hd-20261009-212457-b02b8f798c1e/candidates/0/2/claim/5",
      "candidate_id": "hd-20261009-212457-b02b8f798c1e/candidates/0/2",
      "kind": "CITE",
      "text": "objective_context",
      "status": "UNVERIFIED",
      "extractor": "line_grammar/v1"
    },
    {
      "id": "hd-20261009-212457-b02b8f798c1e/candidates/0/2/claim/6",
      "candidate_id": "hd-20261009-212457-b02b8f798c1e/candidates/0/2",
      "kind": "ASSUMPTION",
      "text": "[Coaching 1] The hire or retain decision recurs yearly, but only a handful of coaching slots turn over per club. Value per decision is plausibly large, yet no supplied evidence sizes it.",
      "status": "UNVERIFIED",
      "extractor": "line_grammar/v1"
    },
    {
      "id": "hd-20261009-212457-b02b8f798c1e/candidates/0/2/claim/7",
      "candidate_id": "hd-20261009-212457-b02b8f798c1e/candidates/0/2",
      "kind": "UNKNOWN",
      "text": "detectable_coach_effect_size",
      "status": "UNVERIFIED",
      "extractor": "line_grammar/v1"
    },
    {
      "id": "hd-20261009-212457-b02b8f798c1e/candidates/0/2/claim/8",
      "candidate_id": "hd-20261009-212457-b02b8f798c1e/candidates/0/2",
      "kind": "ASSUMPTION",
      "text": "[Coaching 2] Public inputs are Statcast, staff announcements and media guides. Assistant and minor-league role titles and dates are likely inconsistent, so the link from coach to player may be mislabeled.",
      "status": "UNVERIFIED",
      "extractor": "line_grammar/v1"
    },
    {
      "id": "hd-20261009-212457-b02b8f798c1e/candidates/0/2/claim/9",
      "candidate_id": "hd-20261009-212457-b02b8f798c1e/candidates/0/2",
      "kind": "UNKNOWN",
      "text": "public_coach_tenure_dataset_completeness",
      "status": "UNVERIFIED",
      "extractor": "line_grammar/v1"
    },
    {
      "id": "hd-20261009-212457-b02b8f798c1e/candidates/0/2/claim/10",
      "candidate_id": "hd-20261009-212457-b02b8f798c1e/candidates/0/2",
      "kind": "ASSUMPTION",
      "text": "[Coaching 3] The number of coach-movement events with enough players per coach is probably small, and the outcome (player change) is observable but very noisy. Intervals may be too wide to change any hiring decision.",
      "status": "UNVERIFIED",
      "extractor": "line_grammar/v1"
    },
    {
      "id": "hd-20261009-212457-b02b8f798c1e/candidates/0/2/claim/11",
      "candidate_id": "hd-20261009-212457-b02b8f798c1e/candidates/0/2",
      "kind": "ASSUMPTION",
      "text": "[Coaching 4] Actionability is limited because the Cubs can hire only from available candidates, and coach quality is hard to separate from the hiring club's infrastructure.",
      "status": "UNVERIFIED",
      "extractor": "line_grammar/v1"
    },
    {
      "id": "hd-20261009-212457-b02b8f798c1e/candidates/0/2/claim/12",
      "candidate_id": "hd-20261009-212457-b02b8f798c1e/candidates/0/2",
      "kind": "ASSUMPTION",
      "text": "[Coaching 5] Sophisticated clubs probably already track player development outcomes by staff internally. Public sources give mostly anecdote and press narrative, not rigorous attribution.",
      "status": "UNVERIFIED",
      "extractor": "line_grammar/v1"
    },
    {
      "id": "hd-20261009-212457-b02b8f798c1e/candidates/0/2/claim/13",
      "candidate_id": "hd-20261009-212457-b02b8f798c1e/candidates/0/2",
      "kind": "ASSUMPTION",
      "text": "[Coaching 6] It would look useful through regression to the mean, survivorship (coaches get poached after good years), and teams acquiring players they already expect to improve. Pitch-mix changes may be driven by front-office strategy and not by the coach.",
      "status": "UNVERIFIED",
      "extractor": "line_grammar/v1"
    },
    {
      "id": "hd-20261009-212457-b02b8f798c1e/candidates/0/2/claim/14",
      "candidate_id": "hd-20261009-212457-b02b8f798c1e/candidates/0/2",
      "kind": "UNKNOWN",
      "text": "persistence_of_coach_effects_year_over_year",
      "status": "UNVERIFIED",
      "extractor": "line_grammar/v1"
    },
    {
      "id": "hd-20261009-212457-b02b8f798c1e/candidates/0/2/claim/15",
      "candidate_id": "hd-20261009-212457-b02b8f798c1e/candidates/0/2",
      "kind": "ASSUMPTION",
      "text": "[Non-tender 1] The decision recurs every November or December, but the Cubs' marginal cases (borderline tender candidates) are probably few per year. Stake per case is the gap between arbitration salary and replacement cost.",
      "status": "UNVERIFIED",
      "extractor": "line_grammar/v1"
    },
    {
      "id": "hd-20261009-212457-b02b8f798c1e/candidates/0/2/claim/16",
      "candidate_id": "hd-20261009-212457-b02b8f798c1e/candidates/0/2",
      "kind": "ASSUMPTION",
      "text": "[Non-tender 2] Public arbitration salary projections and the prior-year non-tender lists are public. The set of players other clubs will non-tender is not known when the Cubs decide, so any replacement-pool label built from the final list leaks hindsight unless it is forecast as of a dated snapshot.",
      "status": "UNVERIFIED",
      "extractor": "line_grammar/v1"
    },
    {
      "id": "hd-20261009-212457-b02b8f798c1e/candidates/0/2/claim/17",
      "candidate_id": "hd-20261009-212457-b02b8f798c1e/candidates/0/2",
      "kind": "ASSUMPTION",
      "text": "[Non-tender 3] Past decisions are many league-wide, and signing price and next-season output are observable. Players signed after non-tender are a selected sample, because injured or declining players are overrepresented.",
      "status": "UNVERIFIED",
      "extractor": "line_grammar/v1"
    },
    {
      "id": "hd-20261009-212457-b02b8f798c1e/candidates/0/2/claim/18",
      "candidate_id": "hd-20261009-212457-b02b8f798c1e/candidates/0/2",
      "kind": "ASSUMPTION",
      "text": "[Non-tender 4] Actionability is high and cheap to reverse. A club can tender, then trade or release, with partial cost, which weakens the need for a precise model.",
      "status": "UNVERIFIED",
      "extractor": "line_grammar/v1"
    },
    {
      "id": "hd-20261009-212457-b02b8f798c1e/candidates/0/2/claim/19",
      "candidate_id": "hd-20261009-212457-b02b8f798c1e/candidates/0/2",
      "kind": "ASSUMPTION",
      "text": "[Non-tender 5] Clubs already apply WAR-per-dollar thresholds with internal projections, and public arbitration projections are widely available.",
      "status": "UNVERIFIED",
      "extractor": "line_grammar/v1"
    },
    {
      "id": "hd-20261009-212457-b02b8f798c1e/candidates/0/2/claim/20",
      "candidate_id": "hd-20261009-212457-b02b8f798c1e/candidates/0/2",
      "kind": "ASSUMPTION",
      "text": "[Non-tender 6] It would look useful through hindsight-labeled replacement pools, and through backtests that count only the non-tendered players who succeeded. A comparison against a strawman threshold also flatters it.",
      "status": "UNVERIFIED",
      "extractor": "line_grammar/v1"
    },
    {
      "id": "hd-20261009-212457-b02b8f798c1e/candidates/0/2/claim/21",
      "candidate_id": "hd-20261009-212457-b02b8f798c1e/candidates/0/2",
      "kind": "UNKNOWN",
      "text": "historical_nontender_signing_outcomes_dataset",
      "status": "UNVERIFIED",
      "extractor": "line_grammar/v1"
    },
    {
      "id": "hd-20261009-212457-b02b8f798c1e/candidates/0/2/claim/22",
      "candidate_id": "hd-20261009-212457-b02b8f798c1e/candidates/0/2",
      "kind": "ASSUMPTION",
      "text": "[QO 1] The decision recurs yearly only for players who are QO-eligible, so per-year count may be zero to a few. Stake is a compensation pick versus a one-year salary, and the pick's value depends on CBA terms I could not verify.",
      "status": "UNVERIFIED",
      "extractor": "line_grammar/v1"
    },
    {
      "id": "hd-20261009-212457-b02b8f798c1e/candidates/0/2/claim/23",
      "candidate_id": "hd-20261009-212457-b02b8f798c1e/candidates/0/2",
      "kind": "UNKNOWN",
      "text": "cubs_qo_eligible_players_2026",
      "status": "UNVERIFIED",
      "extractor": "line_grammar/v1"
    },
    {
      "id": "hd-20261009-212457-b02b8f798c1e/candidates/0/2/claim/24",
      "candidate_id": "hd-20261009-212457-b02b8f798c1e/candidates/0/2",
      "kind": "UNKNOWN",
      "text": "current_qo_amount_2026",
      "status": "UNVERIFIED",
      "extractor": "line_grammar/v1"
    },
    {
      "id": "hd-20261009-212457-b02b8f798c1e/candidates/0/2/claim/25",
      "candidate_id": "hd-20261009-212457-b02b8f798c1e/candidates/0/2",
      "kind": "ASSUMPTION",
      "text": "[QO 2] Public data on age, WAR, and market depth is available at decision time. Agent intent and private willingness to accept are not public, and they dominate the acceptance outcome.",
      "status": "UNVERIFIED",
      "extractor": "line_grammar/v1"
    },
    {
      "id": "hd-20261009-212457-b02b8f798c1e/candidates/0/2/claim/26",
      "candidate_id": "hd-20261009-212457-b02b8f798c1e/candidates/0/2",
      "kind": "ASSUMPTION",
      "text": "[QO 3] Public history since the system began is only on the order of a hundred or so offers in total. That is too small for a calibrated model with many features, and each outcome is binary, which makes calibration weak.",
      "status": "UNVERIFIED",
      "extractor": "line_grammar/v1"
    },
    {
      "id": "hd-20261009-212457-b02b8f798c1e/candidates/0/2/claim/27",
      "candidate_id": "hd-20261009-212457-b02b8f798c1e/candidates/0/2",
      "kind": "UNKNOWN",
      "text": "historical_qo_acceptance_count_by_year",
      "status": "UNVERIFIED",
      "extractor": "line_grammar/v1"
    },
    {
      "id": "hd-20261009-212457-b02b8f798c1e/candidates/0/2/claim/28",
      "candidate_id": "hd-20261009-212457-b02b8f798c1e/candidates/0/2",
      "kind": "ASSUMPTION",
      "text": "[QO 4] The CBA expires around December 2026 (unverified), so QO rules may change right when the model would be used, and backtests may not transfer.",
      "status": "UNVERIFIED",
      "extractor": "line_grammar/v1"
    },
    {
      "id": "hd-20261009-212457-b02b8f798c1e/candidates/0/2/claim/29",
      "candidate_id": "hd-20261009-212457-b02b8f798c1e/candidates/0/2",
      "kind": "UNKNOWN",
      "text": "cba_expiration_date_verification",
      "status": "UNVERIFIED",
      "extractor": "line_grammar/v1"
    },
    {
      "id": "hd-20261009-212457-b02b8f798c1e/candidates/0/2/claim/30",
      "candidate_id": "hd-20261009-212457-b02b8f798c1e/candidates/0/2",
      "kind": "ASSUMPTION",
      "text": "[QO 5] Clubs and public analysts already compare projected market AAV to the QO amount, so the mechanism is largely the baseline stated in the IDEA.",
      "status": "UNVERIFIED",
      "extractor": "line_grammar/v1"
    },
    {
      "id": "hd-20261009-212457-b02b8f798c1e/candidates/0/2/claim/31",
      "candidate_id": "hd-20261009-212457-b02b8f798c1e/candidates/0/2",
      "kind": "ASSUMPTION",
      "text": "[QO 6] It would look useful by overfitting a few dozen cases and by crediting hindsight on acceptance outcomes that were driven by market shocks.",
      "status": "UNVERIFIED",
      "extractor": "line_grammar/v1"
    },
    {
      "id": "hd-20261009-212457-b02b8f798c1e/candidates/0/2/claim/32",
      "candidate_id": "hd-20261009-212457-b02b8f798c1e/candidates/0/2",
      "kind": "ASSUMPTION",
      "text": "[Posting 1] Posting events per year are few, and the Cubs bid on a small fraction. Stake per signing is large, but the recurrence is thin.",
      "status": "UNVERIFIED",
      "extractor": "line_grammar/v1"
    },
    {
      "id": "hd-20261009-212457-b02b8f798c1e/candidates/0/2/claim/33",
      "candidate_id": "hd-20261009-212457-b02b8f798c1e/candidates/0/2",
      "kind": "UNKNOWN",
      "text": "count_of_posted_players_with_mlb_outcomes",
      "status": "UNVERIFIED",
      "extractor": "line_grammar/v1"
    },
    {
      "id": "hd-20261009-212457-b02b8f798c1e/candidates/0/2/claim/34",
      "candidate_id": "hd-20261009-212457-b02b8f798c1e/candidates/0/2",
      "kind": "ASSUMPTION",
      "text": "[Posting 2] Public NPB and KBO stats exist, but pitch-tracking and bat-tracking granularity may not be public or licensed. Whether posting timing and the player's availability are known at decision time varies by year.",
      "status": "UNVERIFIED",
      "extractor": "line_grammar/v1"
    },
    {
      "id": "hd-20261009-212457-b02b8f798c1e/candidates/0/2/claim/35",
      "candidate_id": "hd-20261009-212457-b02b8f798c1e/candidates/0/2",
      "kind": "UNKNOWN",
      "text": "public_availability_of_npb_kbo_pitch_tracking",
      "status": "UNVERIFIED",
      "extractor": "line_grammar/v1"
    },
    {
      "id": "hd-20261009-212457-b02b8f798c1e/candidates/0/2/claim/36",
      "candidate_id": "hd-20261009-212457-b02b8f798c1e/candidates/0/2",
      "kind": "ASSUMPTION",
      "text": "[Posting 3] The retrospective sample is small and heterogeneous across pitchers and hitters, ages, and ball and rule eras. MLB outcomes are observable but strongly censored by injury and playing time.",
      "status": "UNVERIFIED",
      "extractor": "line_grammar/v1"
    },
    {
      "id": "hd-20261009-212457-b02b8f798c1e/candidates/0/2/claim/37",
      "candidate_id": "hd-20261009-212457-b02b8f798c1e/candidates/0/2",
      "kind": "ASSUMPTION",
      "text": "[Posting 4] Actionability depends on posting fees, bid rules, and competition from other clubs. Any accuracy edge must also beat the winner's curse.",
      "status": "UNVERIFIED",
      "extractor": "line_grammar/v1"
    },
    {
      "id": "hd-20261009-212457-b02b8f798c1e/candidates/0/2/claim/38",
      "candidate_id": "hd-20261009-212457-b02b8f798c1e/candidates/0/2",
      "kind": "ASSUMPTION",
      "text": "[Posting 5] Clubs with international scouting and data feeds already run translation models. Public analysts publish translation factors, so the baseline \"simple ratios\" is probably weaker than actual club practice.",
      "status": "UNVERIFIED",
      "extractor": "line_grammar/v1"
    },
    {
      "id": "hd-20261009-212457-b02b8f798c1e/candidates/0/2/claim/39",
      "candidate_id": "hd-20261009-212457-b02b8f798c1e/candidates/0/2",
      "kind": "ASSUMPTION",
      "text": "[Posting 6] It would look useful through a handful of memorable hits and misses, and through fitting a model on survivors who were posted because they looked good. Narrow intervals from few cases would be false precision.",
      "status": "UNVERIFIED",
      "extractor": "line_grammar/v1"
    },
    {
      "id": "hd-20261009-212457-b02b8f798c1e/candidates/0/2/claim/40",
      "candidate_id": "hd-20261009-212457-b02b8f798c1e/candidates/0/2",
      "kind": "ASSUMPTION",
      "text": "[Postseason 1] The decision occurs only when the Cubs qualify, so expected annual value is discounted by playoff probability, and the number of roster slots that matter is small.",
      "status": "UNVERIFIED",
      "extractor": "line_grammar/v1"
    },
    {
      "id": "hd-20261009-212457-b02b8f798c1e/candidates/0/2/claim/41",
      "candidate_id": "hd-20261009-212457-b02b8f798c1e/candidates/0/2",
      "kind": "UNKNOWN",
      "text": "measured_win_probability_value_of_marginal_postseason_slot",
      "status": "UNVERIFIED",
      "extractor": "line_grammar/v1"
    },
    {
      "id": "hd-20261009-212457-b02b8f798c1e/candidates/0/2/claim/42",
      "candidate_id": "hd-20261009-212457-b02b8f798c1e/candidates/0/2",
      "kind": "ASSUMPTION",
      "text": "[Postseason 2] Opponent and roster information is public only close to the decision time. Injury status at the roster deadline is often incomplete.",
      "status": "UNVERIFIED",
      "extractor": "line_grammar/v1"
    },
    {
      "id": "hd-20261009-212457-b02b8f798c1e/candidates/0/2/claim/43",
      "candidate_id": "hd-20261009-212457-b02b8f798c1e/candidates/0/2",
      "kind": "UNKNOWN",
      "text": "public_injury_status_completeness_at_roster_deadline",
      "status": "UNVERIFIED",
      "extractor": "line_grammar/v1"
    },
    {
      "id": "hd-20261009-212457-b02b8f798c1e/candidates/0/2/claim/44",
      "candidate_id": "hd-20261009-212457-b02b8f798c1e/candidates/0/2",
      "kind": "ASSUMPTION",
      "text": "[Postseason 3] Public postseason series number only in the dozens each year, and outcomes are dominated by luck. A series win-probability difference of a fraction of a percentage point cannot be detected.",
      "status": "UNVERIFIED",
      "extractor": "line_grammar/v1"
    },
    {
      "id": "hd-20261009-212457-b02b8f798c1e/candidates/0/2/claim/45",
      "candidate_id": "hd-20261009-212457-b02b8f798c1e/candidates/0/2",
      "kind": "ASSUMPTION",
      "text": "[Postseason 4] Actionable, but constrained by health and by who is actually on the 40-man roster, which leaves few real choices.",
      "status": "UNVERIFIED",
      "extractor": "line_grammar/v1"
    },
    {
      "id": "hd-20261009-212457-b02b8f798c1e/candidates/0/2/claim/46",
      "candidate_id": "hd-20261009-212457-b02b8f798c1e/candidates/0/2",
      "kind": "ASSUMPTION",
      "text": "[Postseason 5] Contending clubs likely simulate matchups internally and have far better injury information than public sources.",
      "status": "UNVERIFIED",
      "extractor": "line_grammar/v1"
    },
    {
      "id": "hd-20261009-212457-b02b8f798c1e/candidates/0/2/claim/47",
      "candidate_id": "hd-20261009-212457-b02b8f798c1e/candidates/0/2",
      "kind": "ASSUMPTION",
      "text": "[Postseason 6] It would look useful by scoring simulator-recommended rosters against actual rosters on the same simulator, which only validates the model against itself. Post-hoc stories about a pinch runner are also misleading.",
      "status": "UNVERIFIED",
      "extractor": "line_grammar/v1"
    },
    {
      "id": "hd-20261009-212457-b02b8f798c1e/candidates/0/2/claim/48",
      "candidate_id": "hd-20261009-212457-b02b8f798c1e/candidates/0/2",
      "kind": "ASSUMPTION",
      "text": "[Arbitration 1] The decision recurs each January for every arbitration-eligible player, so many decisions per year, though hearings are a small subset. The stake is raise levels that compound, and the total is plausibly meaningful but unsized here.",
      "status": "UNVERIFIED",
      "extractor": "line_grammar/v1"
    },
    {
      "id": "hd-20261009-212457-b02b8f798c1e/candidates/0/2/claim/49",
      "candidate_id": "hd-20261009-212457-b02b8f798c1e/candidates/0/2",
      "kind": "UNKNOWN",
      "text": "annual_hearing_count_sample_size",
      "status": "UNVERIFIED",
      "extractor": "line_grammar/v1"
    },
    {
      "id": "hd-20261009-212457-b02b8f798c1e/candidates/0/2/claim/50",
      "candidate_id": "hd-20261009-212457-b02b8f798c1e/candidates/0/2",
      "kind": "ASSUMPTION",
      "text": "[Arbitration 2] Exchanged figures and hearing results are public. Panel reasoning, comparables admitted and club-specific hearing policy are less visible, and rules may change under a new CBA.",
      "status": "UNVERIFIED",
      "extractor": "line_grammar/v1"
    },
    {
      "id": "hd-20261009-212457-b02b8f798c1e/candidates/0/2/claim/51",
      "candidate_id": "hd-20261009-212457-b02b8f798c1e/candidates/0/2",
      "kind": "UNKNOWN",
      "text": "post_2026_cba_arbitration_rules",
      "status": "UNVERIFIED",
      "extractor": "line_grammar/v1"
    },
    {
      "id": "hd-20261009-212457-b02b8f798c1e/candidates/0/2/claim/52",
      "candidate_id": "hd-20261009-212457-b02b8f798c1e/candidates/0/2",
      "kind": "ASSUMPTION",
      "text": "[Arbitration 3] Hearings per year are few, so a panel-outcome predictor trained on public hearings has small n, and the outcome is binary (the panel picks one of two numbers), which carries little information per case.",
      "status": "UNVERIFIED",
      "extractor": "line_grammar/v1"
    },
    {
      "id": "hd-20261009-212457-b02b8f798c1e/candidates/0/2/claim/53",
      "candidate_id": "hd-20261009-212457-b02b8f798c1e/candidates/0/2",
      "kind": "ASSUMPTION",
      "text": "[Arbitration 4] Actionability is real for the file-and-trial and settlement choice, but a club policy choice (such as whether to go to hearings at all) can matter more than case-by-case prediction.",
      "status": "UNVERIFIED",
      "extractor": "line_grammar/v1"
    },
    {
      "id": "hd-20261009-212457-b02b8f798c1e/candidates/0/2/claim/54",
      "candidate_id": "hd-20261009-212457-b02b8f798c1e/candidates/0/2",
      "kind": "ASSUMPTION",
      "text": "[Arbitration 5] Clubs and outside counsel have studied hearings for decades, and settlement at midpoint is a well-known baseline. Public databases of arbitration results already exist.",
      "status": "UNVERIFIED",
      "extractor": "line_grammar/v1"
    },
    {
      "id": "hd-20261009-212457-b02b8f798c1e/candidates/0/2/claim/55",
      "candidate_id": "hd-20261009-212457-b02b8f798c1e/candidates/0/2",
      "kind": "ASSUMPTION",
      "text": "[Arbitration 6] It would look useful by fitting hearing results with too many features, and from selection: hearings are cases the sides could not settle, so they differ from the cases the model would need to price.",
      "status": "UNVERIFIED",
      "extractor": "line_grammar/v1"
    },
    {
      "id": "hd-20261009-212457-b02b8f798c1e/candidates/0/2/claim/56",
      "candidate_id": "hd-20261009-212457-b02b8f798c1e/candidates/0/2",
      "kind": "ASSUMPTION",
      "text": "[Blind spot 1] No candidate states expected dollars or wins per decision with a source, so ranking by size of stake is currently unsupported.",
      "status": "UNVERIFIED",
      "extractor": "line_grammar/v1"
    },
    {
      "id": "hd-20261009-212457-b02b8f798c1e/candidates/0/2/claim/57",
      "candidate_id": "hd-20261009-212457-b02b8f798c1e/candidates/0/2",
      "kind": "ASSUMPTION",
      "text": "[Blind spot 2] Every backtest compares against a simple rule, whereas the real competitor is internal staff with private data. Beating the strawman does not show an advantage.",
      "status": "UNVERIFIED",
      "extractor": "line_grammar/v1"
    },
    {
      "id": "hd-20261009-212457-b02b8f798c1e/candidates/0/2/claim/58",
      "candidate_id": "hd-20261009-212457-b02b8f798c1e/candidates/0/2",
      "kind": "ASSUMPTION",
      "text": "[Blind spot 3] Hindsight risk is shared by all six. Backtests need dated snapshots of what was public at the decision date (projections, rosters, rumors), and many public sources are overwritten.",
      "status": "UNVERIFIED",
      "extractor": "line_grammar/v1"
    },
    {
      "id": "hd-20261009-212457-b02b8f798c1e/candidates/0/2/claim/59",
      "candidate_id": "hd-20261009-212457-b02b8f798c1e/candidates/0/2",
      "kind": "ASSUMPTION",
      "text": "[Blind spot 4] Small n and multiple testing across features, years and subgroups will produce spurious wins for the QO, posting, postseason, and hearing candidates unless the test is pre-registered.",
      "status": "UNVERIFIED",
      "extractor": "line_grammar/v1"
    },
    {
      "id": "hd-20261009-212457-b02b8f798c1e/candidates/0/2/claim/60",
      "candidate_id": "hd-20261009-212457-b02b8f798c1e/candidates/0/2",
      "kind": "ASSUMPTION",
      "text": "[Blind spot 5] A CBA expiration around this offseason (unverified) could change arbitration, QO, draft and service rules, and could cause a lockout. Backtests before that date may not carry over.",
      "status": "UNVERIFIED",
      "extractor": "line_grammar/v1"
    },
    {
      "id": "hd-20261009-212457-b02b8f798c1e/candidates/0/2/claim/61",
      "candidate_id": "hd-20261009-212457-b02b8f798c1e/candidates/0/2",
      "kind": "ASSUMPTION",
      "text": "[Blind spot 6] Winner's curse and counterparty behavior (agents, other clubs) are common to QO, non-tender and posting, and a forecasting model alone does not solve them.",
      "status": "UNVERIFIED",
      "extractor": "line_grammar/v1"
    },
    {
      "id": "hd-20261009-212457-b02b8f798c1e/candidates/0/2/claim/62",
      "candidate_id": "hd-20261009-212457-b02b8f798c1e/candidates/0/2",
      "kind": "ASSUMPTION",
      "text": "[Blind spot 7] The set ignores organizational adoption: a tool matters only if decision owners would change their decisions, which is not tested by a backtest.",
      "status": "UNVERIFIED",
      "extractor": "line_grammar/v1"
    },
    {
      "id": "hd-20261009-212457-b02b8f798c1e/candidates/0/2/claim/63",
      "candidate_id": "hd-20261009-212457-b02b8f798c1e/candidates/0/2",
      "kind": "ASSUMPTION",
      "text": "[Blind spot 8] Terms of use for scraped public data (Statcast, transaction logs, foreign-league sites) were not checked, and public is not necessarily lawful to redistribute.",
      "status": "UNVERIFIED",
      "extractor": "line_grammar/v1"
    },
    {
      "id": "hd-20261009-212457-b02b8f798c1e/candidates/0/2/claim/64",
      "candidate_id": "hd-20261009-212457-b02b8f798c1e/candidates/0/2",
      "kind": "UNKNOWN",
      "text": "cubs_private_models_and_practices",
      "status": "UNVERIFIED",
      "extractor": "line_grammar/v1"
    },
    {
      "id": "hd-20261009-212457-b02b8f798c1e/candidates/0/2/claim/65",
      "candidate_id": "hd-20261009-212457-b02b8f798c1e/candidates/0/2",
      "kind": "IDEA",
      "text": "Replace the six with one pre-registered \"dated-snapshot decision audit\" on league-wide winter market decisions (non-tender, QO, posting), scoring forecast calibration against realized prices and outcomes. Cubs-specific tooling would be built only where it beats staff-style baselines out of sample.",
      "status": "UNVERIFIED",
      "extractor": "line_grammar/v1"
    },
    {
      "id": "hd-20261009-212457-b02b8f798c1e/candidates/0/2/claim/66",
      "candidate_id": "hd-20261009-212457-b02b8f798c1e/candidates/0/2",
      "kind": "IDEA",
      "text": "Narrow the arbitration idea to a settle-versus-hearing expected-value calculator that uses exchanged figures and public award history, reported with intervals. Stop if annual hearing counts are too low to bound the error.",
      "status": "UNVERIFIED",
      "extractor": "line_grammar/v1"
    },
    {
      "id": "hd-20261009-212457-b02b8f798c1e/candidates/0/2/claim/67",
      "candidate_id": "hd-20261009-212457-b02b8f798c1e/candidates/0/2",
      "kind": "IDEA",
      "text": "Run the coaching idea as a null-result test: check whether year-T coach ratings predict year-T+1 changes better than a tenure or reputation proxy, with matched controls. Fund it only if intervals are narrow enough to change a hire.",
      "status": "UNVERIFIED",
      "extractor": "line_grammar/v1"
    },
    {
      "id": "hd-20261009-212457-b02b8f798c1e/candidates/0/2/claim/68",
      "candidate_id": "hd-20261009-212457-b02b8f798c1e/candidates/0/2",
      "kind": "IDEA",
      "text": "Defer the postseason roster optimizer, and instead build a reusable matchup simulator only if the series win-probability gain from marginal slots is shown to exceed what noise could hide.",
      "status": "UNVERIFIED",
      "extractor": "line_grammar/v1"
    },
    {
      "id": "hd-20261009-212457-b02b8f798c1e/candidates/0/3/claim/1",
      "candidate_id": "hd-20261009-212457-b02b8f798c1e/candidates/0/3",
      "kind": "IDEA",
      "text": "Replace the six-candidate portfolio with one narrow, falsifiable pilot: a dated-snapshot backtest of tender/non-tender and qualifying-offer decisions pooled league-wide, scored against the \"projected WAR per dollar vs club threshold\" and \"offer if market AAV clearly exceeds QO\" baselines, with every input timestamped to the decision date.",
      "status": "UNVERIFIED",
      "extractor": "line_grammar/v1"
    },
    {
      "id": "hd-20261009-212457-b02b8f798c1e/candidates/0/3/claim/2",
      "candidate_id": "hd-20261009-212457-b02b8f798c1e/candidates/0/3",
      "kind": "ASSUMPTION",
      "text": "The supplied evidence contains no facts, so every size, count, and rate below is unverified; no statistic is asserted here.",
      "status": "UNVERIFIED",
      "extractor": "line_grammar/v1"
    },
    {
      "id": "hd-20261009-212457-b02b8f798c1e/candidates/0/3/claim/3",
      "candidate_id": "hd-20261009-212457-b02b8f798c1e/candidates/0/3",
      "kind": "UNKNOWN",
      "text": "cubs_private_models_and_practices",
      "status": "UNVERIFIED",
      "extractor": "line_grammar/v1"
    },
    {
      "id": "hd-20261009-212457-b02b8f798c1e/candidates/0/3/claim/4",
      "candidate_id": "hd-20261009-212457-b02b8f798c1e/candidates/0/3",
      "kind": "UNKNOWN",
      "text": "supplied_evidence_for_any_claim",
      "status": "UNVERIFIED",
      "extractor": "line_grammar/v1"
    },
    {
      "id": "hd-20261009-212457-b02b8f798c1e/candidates/0/3/claim/5",
      "candidate_id": "hd-20261009-212457-b02b8f798c1e/candidates/0/3",
      "kind": "IDEA",
      "text": "Candidate 1, coaching-hire evaluation. Keep only as a null-result study, not a decision tool: a coach-movement panel with matched non-moving controls and a pre-registered test of year-over-year persistence of coach effects.",
      "status": "UNVERIFIED",
      "extractor": "line_grammar/v1"
    },
    {
      "id": "hd-20261009-212457-b02b8f798c1e/candidates/0/3/claim/6",
      "candidate_id": "hd-20261009-212457-b02b8f798c1e/candidates/0/3",
      "kind": "ASSUMPTION",
      "text": "Recurrence is real but small (a handful of hires per offseason), and the value per hire is unknown; \"large and recurring\" is a hypothesis, not evidence.",
      "status": "UNVERIFIED",
      "extractor": "line_grammar/v1"
    },
    {
      "id": "hd-20261009-212457-b02b8f798c1e/candidates/0/3/claim/7",
      "candidate_id": "hd-20261009-212457-b02b8f798c1e/candidates/0/3",
      "kind": "ASSUMPTION",
      "text": "Staff tenure records (assistant and minor-league roles) are incomplete or inconsistently dated, which makes the linkage to players the weakest point.",
      "status": "UNVERIFIED",
      "extractor": "line_grammar/v1"
    },
    {
      "id": "hd-20261009-212457-b02b8f798c1e/candidates/0/3/claim/8",
      "candidate_id": "hd-20261009-212457-b02b8f798c1e/candidates/0/3",
      "kind": "ASSUMPTION",
      "text": "Confounds include selection (clubs hire coaches after improvements), regression to the mean, roster turnover, playing time, park, injury, and organizational infrastructure; a coach touching few players gives wide intervals.",
      "status": "UNVERIFIED",
      "extractor": "line_grammar/v1"
    },
    {
      "id": "hd-20261009-212457-b02b8f798c1e/candidates/0/3/claim/9",
      "candidate_id": "hd-20261009-212457-b02b8f798c1e/candidates/0/3",
      "kind": "ASSUMPTION",
      "text": "Outcomes are observable only with a lag and with heavy noise; a hindsight-free test must build ratings on seasons up to T and predict T+1 against a reputation proxy.",
      "status": "UNVERIFIED",
      "extractor": "line_grammar/v1"
    },
    {
      "id": "hd-20261009-212457-b02b8f798c1e/candidates/0/3/claim/10",
      "candidate_id": "hd-20261009-212457-b02b8f798c1e/candidates/0/3",
      "kind": "ASSUMPTION",
      "text": "Clubs likely already run private attribution, and public sources (Statcast leaderboards, media reporting) give partial versions.",
      "status": "UNVERIFIED",
      "extractor": "line_grammar/v1"
    },
    {
      "id": "hd-20261009-212457-b02b8f798c1e/candidates/0/3/claim/11",
      "candidate_id": "hd-20261009-212457-b02b8f798c1e/candidates/0/3",
      "kind": "ASSUMPTION",
      "text": "It will look useful through anecdotal success stories and in-sample rankings that vanish out of sample.",
      "status": "UNVERIFIED",
      "extractor": "line_grammar/v1"
    },
    {
      "id": "hd-20261009-212457-b02b8f798c1e/candidates/0/3/claim/12",
      "candidate_id": "hd-20261009-212457-b02b8f798c1e/candidates/0/3",
      "kind": "UNKNOWN",
      "text": "detectable_coach_effect_size",
      "status": "UNVERIFIED",
      "extractor": "line_grammar/v1"
    },
    {
      "id": "hd-20261009-212457-b02b8f798c1e/candidates/0/3/claim/13",
      "candidate_id": "hd-20261009-212457-b02b8f798c1e/candidates/0/3",
      "kind": "UNKNOWN",
      "text": "public_coach_tenure_dataset_completeness",
      "status": "UNVERIFIED",
      "extractor": "line_grammar/v1"
    },
    {
      "id": "hd-20261009-212457-b02b8f798c1e/candidates/0/3/claim/14",
      "candidate_id": "hd-20261009-212457-b02b8f798c1e/candidates/0/3",
      "kind": "IDEA",
      "text": "Candidate 2, non-tender decisions. This is the strongest candidate: it recurs every year, the decision date is fixed, and tender decisions, projected salaries, and later signings are public, so a pooled backtest across all clubs is possible.",
      "status": "UNVERIFIED",
      "extractor": "line_grammar/v1"
    },
    {
      "id": "hd-20261009-212457-b02b8f798c1e/candidates/0/3/claim/15",
      "candidate_id": "hd-20261009-212457-b02b8f798c1e/candidates/0/3",
      "kind": "ASSUMPTION",
      "text": "Value per club is plausibly material only for a few borderline players a year; the number of those is unknown.",
      "status": "UNVERIFIED",
      "extractor": "line_grammar/v1"
    },
    {
      "id": "hd-20261009-212457-b02b8f798c1e/candidates/0/3/claim/16",
      "candidate_id": "hd-20261009-212457-b02b8f798c1e/candidates/0/3",
      "kind": "ASSUMPTION",
      "text": "Projected arbitration salaries are public only as third-party estimates, whose vintage as of the deadline must be preserved to avoid hindsight.",
      "status": "UNVERIFIED",
      "extractor": "line_grammar/v1"
    },
    {
      "id": "hd-20261009-212457-b02b8f798c1e/candidates/0/3/claim/17",
      "candidate_id": "hd-20261009-212457-b02b8f798c1e/candidates/0/3",
      "kind": "ASSUMPTION",
      "text": "The outcome is only partially observable: you see what non-tendered players did elsewhere, but not what the tendered player would have done, so the counterfactual is asymmetric.",
      "status": "UNVERIFIED",
      "extractor": "line_grammar/v1"
    },
    {
      "id": "hd-20261009-212457-b02b8f798c1e/candidates/0/3/claim/18",
      "candidate_id": "hd-20261009-212457-b02b8f798c1e/candidates/0/3",
      "kind": "ASSUMPTION",
      "text": "Clubs already apply cost-per-WAR thresholds and public projections (e.g., projection systems, public salary estimators), so the edge over the baseline may be zero.",
      "status": "UNVERIFIED",
      "extractor": "line_grammar/v1"
    },
    {
      "id": "hd-20261009-212457-b02b8f798c1e/candidates/0/3/claim/19",
      "candidate_id": "hd-20261009-212457-b02b8f798c1e/candidates/0/3",
      "kind": "ASSUMPTION",
      "text": "Replacement-market forecasting depends on who is available only after the deadline, so the forecast may be no better than a generic replacement-level price.",
      "status": "UNVERIFIED",
      "extractor": "line_grammar/v1"
    },
    {
      "id": "hd-20261009-212457-b02b8f798c1e/candidates/0/3/claim/20",
      "candidate_id": "hd-20261009-212457-b02b8f798c1e/candidates/0/3",
      "kind": "ASSUMPTION",
      "text": "It will look useful by showing that non-tendered players sometimes produce well; that is survivorship, and the correct test compares against tendered peers at equal price.",
      "status": "UNVERIFIED",
      "extractor": "line_grammar/v1"
    },
    {
      "id": "hd-20261009-212457-b02b8f798c1e/candidates/0/3/claim/21",
      "candidate_id": "hd-20261009-212457-b02b8f798c1e/candidates/0/3",
      "kind": "UNKNOWN",
      "text": "historical_nontender_signing_outcomes_dataset",
      "status": "UNVERIFIED",
      "extractor": "line_grammar/v1"
    },
    {
      "id": "hd-20261009-212457-b02b8f798c1e/candidates/0/3/claim/22",
      "candidate_id": "hd-20261009-212457-b02b8f798c1e/candidates/0/3",
      "kind": "IDEA",
      "text": "Candidate 3, qualifying offers. Treat as a small-n calibration exercise embedded in the tender pilot, not a standalone product.",
      "status": "UNVERIFIED",
      "extractor": "line_grammar/v1"
    },
    {
      "id": "hd-20261009-212457-b02b8f798c1e/candidates/0/3/claim/23",
      "candidate_id": "hd-20261009-212457-b02b8f798c1e/candidates/0/3",
      "kind": "ASSUMPTION",
      "text": "The decision applies to only a few players in a given year and only when the club has eligible free agents, and the number of historical acceptances is small, so calibration is weak.",
      "status": "UNVERIFIED",
      "extractor": "line_grammar/v1"
    },
    {
      "id": "hd-20261009-212457-b02b8f798c1e/candidates/0/3/claim/24",
      "candidate_id": "hd-20261009-212457-b02b8f798c1e/candidates/0/3",
      "kind": "ASSUMPTION",
      "text": "Compensation value depends on CBA terms, which must be verified, and which may change at the next agreement.",
      "status": "UNVERIFIED",
      "extractor": "line_grammar/v1"
    },
    {
      "id": "hd-20261009-212457-b02b8f798c1e/candidates/0/3/claim/25",
      "candidate_id": "hd-20261009-212457-b02b8f798c1e/candidates/0/3",
      "kind": "ASSUMPTION",
      "text": "Acceptance depends on player preference and the market, which are not public at the decision time.",
      "status": "UNVERIFIED",
      "extractor": "line_grammar/v1"
    },
    {
      "id": "hd-20261009-212457-b02b8f798c1e/candidates/0/3/claim/26",
      "candidate_id": "hd-20261009-212457-b02b8f798c1e/candidates/0/3",
      "kind": "ASSUMPTION",
      "text": "Experienced executives and agents already use \"market AAV vs QO\" heuristics, and acceptance has historically been rare, so a rule of \"offer when market exceeds the QO\" is difficult to beat.",
      "status": "UNVERIFIED",
      "extractor": "line_grammar/v1"
    },
    {
      "id": "hd-20261009-212457-b02b8f798c1e/candidates/0/3/claim/27",
      "candidate_id": "hd-20261009-212457-b02b8f798c1e/candidates/0/3",
      "kind": "ASSUMPTION",
      "text": "It will look useful through a high accuracy score driven by the base rate of declined offers.",
      "status": "UNVERIFIED",
      "extractor": "line_grammar/v1"
    },
    {
      "id": "hd-20261009-212457-b02b8f798c1e/candidates/0/3/claim/28",
      "candidate_id": "hd-20261009-212457-b02b8f798c1e/candidates/0/3",
      "kind": "UNKNOWN",
      "text": "current_qo_amount_2026",
      "status": "UNVERIFIED",
      "extractor": "line_grammar/v1"
    },
    {
      "id": "hd-20261009-212457-b02b8f798c1e/candidates/0/3/claim/29",
      "candidate_id": "hd-20261009-212457-b02b8f798c1e/candidates/0/3",
      "kind": "UNKNOWN",
      "text": "historical_qo_acceptance_count_by_year",
      "status": "UNVERIFIED",
      "extractor": "line_grammar/v1"
    },
    {
      "id": "hd-20261009-212457-b02b8f798c1e/candidates/0/3/claim/30",
      "candidate_id": "hd-20261009-212457-b02b8f798c1e/candidates/0/3",
      "kind": "UNKNOWN",
      "text": "cubs_qo_eligible_players_2026",
      "status": "UNVERIFIED",
      "extractor": "line_grammar/v1"
    },
    {
      "id": "hd-20261009-212457-b02b8f798c1e/candidates/0/3/claim/31",
      "candidate_id": "hd-20261009-212457-b02b8f798c1e/candidates/0/3",
      "kind": "IDEA",
      "text": "Candidate 4, NPB/KBO posting bids. Use as a Bayesian translation with wide intervals, reporting where the model cannot separate itself from simple ratios plus scouting.",
      "status": "UNVERIFIED",
      "extractor": "line_grammar/v1"
    },
    {
      "id": "hd-20261009-212457-b02b8f798c1e/candidates/0/3/claim/32",
      "candidate_id": "hd-20261009-212457-b02b8f798c1e/candidates/0/3",
      "kind": "ASSUMPTION",
      "text": "Events are rare (a few relevant players per winter), so the value per signing may be large, but the annual aggregate for one club is small.",
      "status": "UNVERIFIED",
      "extractor": "line_grammar/v1"
    },
    {
      "id": "hd-20261009-212457-b02b8f798c1e/candidates/0/3/claim/33",
      "candidate_id": "hd-20261009-212457-b02b8f798c1e/candidates/0/3",
      "kind": "ASSUMPTION",
      "text": "Calibration cases are few, and the league environments (ball, rules, park) change, so out-of-sample error likely dominates.",
      "status": "UNVERIFIED",
      "extractor": "line_grammar/v1"
    },
    {
      "id": "hd-20261009-212457-b02b8f798c1e/candidates/0/3/claim/34",
      "candidate_id": "hd-20261009-212457-b02b8f798c1e/candidates/0/3",
      "kind": "ASSUMPTION",
      "text": "Pitch-tracking from foreign leagues is partially public at best, and scouting video is private to clubs.",
      "status": "UNVERIFIED",
      "extractor": "line_grammar/v1"
    },
    {
      "id": "hd-20261009-212457-b02b8f798c1e/candidates/0/3/claim/35",
      "candidate_id": "hd-20261009-212457-b02b8f798c1e/candidates/0/3",
      "kind": "ASSUMPTION",
      "text": "Prices come from competitive bidding and posting rules, so a more accurate forecast must still overcome the winner's curse and the cap/fee structure.",
      "status": "UNVERIFIED",
      "extractor": "line_grammar/v1"
    },
    {
      "id": "hd-20261009-212457-b02b8f798c1e/candidates/0/3/claim/36",
      "candidate_id": "hd-20261009-212457-b02b8f798c1e/candidates/0/3",
      "kind": "ASSUMPTION",
      "text": "The outcome is observable (MLB production), but only for those who were posted and signed, which creates selection bias.",
      "status": "UNVERIFIED",
      "extractor": "line_grammar/v1"
    },
    {
      "id": "hd-20261009-212457-b02b8f798c1e/candidates/0/3/claim/37",
      "candidate_id": "hd-20261009-212457-b02b8f798c1e/candidates/0/3",
      "kind": "ASSUMPTION",
      "text": "It will look useful by fitting a handful of famous players well.",
      "status": "UNVERIFIED",
      "extractor": "line_grammar/v1"
    },
    {
      "id": "hd-20261009-212457-b02b8f798c1e/candidates/0/3/claim/38",
      "candidate_id": "hd-20261009-212457-b02b8f798c1e/candidates/0/3",
      "kind": "UNKNOWN",
      "text": "count_of_posted_players_with_mlb_outcomes",
      "status": "UNVERIFIED",
      "extractor": "line_grammar/v1"
    },
    {
      "id": "hd-20261009-212457-b02b8f798c1e/candidates/0/3/claim/39",
      "candidate_id": "hd-20261009-212457-b02b8f798c1e/candidates/0/3",
      "kind": "UNKNOWN",
      "text": "public_availability_of_npb_kbo_pitch_tracking",
      "status": "UNVERIFIED",
      "extractor": "line_grammar/v1"
    },
    {
      "id": "hd-20261009-212457-b02b8f798c1e/candidates/0/3/claim/40",
      "candidate_id": "hd-20261009-212457-b02b8f798c1e/candidates/0/3",
      "kind": "IDEA",
      "text": "Candidate 5, postseason roster construction. Reframe as a one-time sensitivity analysis to bound the value of the 25th and 26th roster slots, and build nothing until that bound exceeds measurement noise.",
      "status": "UNVERIFIED",
      "extractor": "line_grammar/v1"
    },
    {
      "id": "hd-20261009-212457-b02b8f798c1e/candidates/0/3/claim/41",
      "candidate_id": "hd-20261009-212457-b02b8f798c1e/candidates/0/3",
      "kind": "ASSUMPTION",
      "text": "The decision recurs only when the club qualifies (zero to four times a year), so expected value per year is discounted by qualification probability.",
      "status": "UNVERIFIED",
      "extractor": "line_grammar/v1"
    },
    {
      "id": "hd-20261009-212457-b02b8f798c1e/candidates/0/3/claim/42",
      "candidate_id": "hd-20261009-212457-b02b8f798c1e/candidates/0/3",
      "kind": "ASSUMPTION",
      "text": "Marginal slots may see little playing time, and series-win-probability differences are likely small relative to noise.",
      "status": "UNVERIFIED",
      "extractor": "line_grammar/v1"
    },
    {
      "id": "hd-20261009-212457-b02b8f798c1e/candidates/0/3/claim/43",
      "candidate_id": "hd-20261009-212457-b02b8f798c1e/candidates/0/3",
      "kind": "ASSUMPTION",
      "text": "A retrospective test has few rounds per club and relies on league-wide pooling, which removes health and context; counterfactual rosters are not observed.",
      "status": "UNVERIFIED",
      "extractor": "line_grammar/v1"
    },
    {
      "id": "hd-20261009-212457-b02b8f798c1e/candidates/0/3/claim/44",
      "candidate_id": "hd-20261009-212457-b02b8f798c1e/candidates/0/3",
      "kind": "ASSUMPTION",
      "text": "Postseason rosters and transaction logs are public, but injury status at the deadline may not be.",
      "status": "UNVERIFIED",
      "extractor": "line_grammar/v1"
    },
    {
      "id": "hd-20261009-212457-b02b8f798c1e/candidates/0/3/claim/45",
      "candidate_id": "hd-20261009-212457-b02b8f798c1e/candidates/0/3",
      "kind": "ASSUMPTION",
      "text": "Sophisticated clubs already simulate this privately, and public playoff-odds tools cover the seeding part.",
      "status": "UNVERIFIED",
      "extractor": "line_grammar/v1"
    },
    {
      "id": "hd-20261009-212457-b02b8f798c1e/candidates/0/3/claim/46",
      "candidate_id": "hd-20261009-212457-b02b8f798c1e/candidates/0/3",
      "kind": "ASSUMPTION",
      "text": "It will look useful through vivid after-the-fact stories (a pinch runner who scored), which reflect hindsight.",
      "status": "UNVERIFIED",
      "extractor": "line_grammar/v1"
    },
    {
      "id": "hd-20261009-212457-b02b8f798c1e/candidates/0/3/claim/47",
      "candidate_id": "hd-20261009-212457-b02b8f798c1e/candidates/0/3",
      "kind": "UNKNOWN",
      "text": "measured_win_probability_value_of_marginal_postseason_slot",
      "status": "UNVERIFIED",
      "extractor": "line_grammar/v1"
    },
    {
      "id": "hd-20261009-212457-b02b8f798c1e/candidates/0/3/claim/48",
      "candidate_id": "hd-20261009-212457-b02b8f798c1e/candidates/0/3",
      "kind": "UNKNOWN",
      "text": "public_postseason_roster_archive_completeness",
      "status": "UNVERIFIED",
      "extractor": "line_grammar/v1"
    },
    {
      "id": "hd-20261009-212457-b02b8f798c1e/candidates/0/3/claim/49",
      "candidate_id": "hd-20261009-212457-b02b8f798c1e/candidates/0/3",
      "kind": "IDEA",
      "text": "Candidate 6, arbitration filing. Restrict to a settle-vs-hearing expected-value calculator built on public hearing results, and report the sample size before any modeling.",
      "status": "UNVERIFIED",
      "extractor": "line_grammar/v1"
    },
    {
      "id": "hd-20261009-212457-b02b8f798c1e/candidates/0/3/claim/50",
      "candidate_id": "hd-20261009-212457-b02b8f798c1e/candidates/0/3",
      "kind": "ASSUMPTION",
      "text": "The decision recurs every January across the eligible roster, so volume is the highest of the six, but contested hearings are few league-wide each year and typically few or none for one club.",
      "status": "UNVERIFIED",
      "extractor": "line_grammar/v1"
    },
    {
      "id": "hd-20261009-212457-b02b8f798c1e/candidates/0/3/claim/51",
      "candidate_id": "hd-20261009-212457-b02b8f798c1e/candidates/0/3",
      "kind": "ASSUMPTION",
      "text": "Many clubs follow a file-and-trial policy that is itself known to agents, so the strategy is a policy choice, not a prediction problem.",
      "status": "UNVERIFIED",
      "extractor": "line_grammar/v1"
    },
    {
      "id": "hd-20261009-212457-b02b8f798c1e/candidates/0/3/claim/52",
      "candidate_id": "hd-20261009-212457-b02b8f798c1e/candidates/0/3",
      "kind": "ASSUMPTION",
      "text": "Panels decide on a restricted set of criteria and comparables, so the filing midpoint plus comparables are strong baselines; the public record of the arguments and the outcomes may be too thin to beat them.",
      "status": "UNVERIFIED",
      "extractor": "line_grammar/v1"
    },
    {
      "id": "hd-20261009-212457-b02b8f798c1e/candidates/0/3/claim/53",
      "candidate_id": "hd-20261009-212457-b02b8f798c1e/candidates/0/3",
      "kind": "ASSUMPTION",
      "text": "The outcome is observable (a win or loss at the hearing), but settlements before the hearing hide the counterfactual, and selection into hearings biases the sample.",
      "status": "UNVERIFIED",
      "extractor": "line_grammar/v1"
    },
    {
      "id": "hd-20261009-212457-b02b8f798c1e/candidates/0/3/claim/54",
      "candidate_id": "hd-20261009-212457-b02b8f798c1e/candidates/0/3",
      "kind": "ASSUMPTION",
      "text": "Specialized staff and outside counsel already hold this knowledge, so the clubs are probably ahead.",
      "status": "UNVERIFIED",
      "extractor": "line_grammar/v1"
    },
    {
      "id": "hd-20261009-212457-b02b8f798c1e/candidates/0/3/claim/55",
      "candidate_id": "hd-20261009-212457-b02b8f798c1e/candidates/0/3",
      "kind": "ASSUMPTION",
      "text": "It will look useful through high in-sample fit with few observations and many predictors.",
      "status": "UNVERIFIED",
      "extractor": "line_grammar/v1"
    },
    {
      "id": "hd-20261009-212457-b02b8f798c1e/candidates/0/3/claim/56",
      "candidate_id": "hd-20261009-212457-b02b8f798c1e/candidates/0/3",
      "kind": "UNKNOWN",
      "text": "annual_hearing_count_sample_size",
      "status": "UNVERIFIED",
      "extractor": "line_grammar/v1"
    },
    {
      "id": "hd-20261009-212457-b02b8f798c1e/candidates/0/3/claim/57",
      "candidate_id": "hd-20261009-212457-b02b8f798c1e/candidates/0/3",
      "kind": "UNKNOWN",
      "text": "post_2026_cba_arbitration_rules",
      "status": "UNVERIFIED",
      "extractor": "line_grammar/v1"
    },
    {
      "id": "hd-20261009-212457-b02b8f798c1e/candidates/0/3/claim/58",
      "candidate_id": "hd-20261009-212457-b02b8f798c1e/candidates/0/3",
      "kind": "IDEA",
      "text": "Blind spot analysis across the set: add a shared evaluation protocol, with decision-date snapshots, a pooled league-wide test, a pre-registered simple baseline, and a reported minimum detectable effect, before any build decision.",
      "status": "UNVERIFIED",
      "extractor": "line_grammar/v1"
    },
    {
      "id": "hd-20261009-212457-b02b8f798c1e/candidates/0/3/claim/59",
      "candidate_id": "hd-20261009-212457-b02b8f798c1e/candidates/0/3",
      "kind": "ASSUMPTION",
      "text": "Blind spot 1 is that five of six candidates are rare, small-n decisions, so none is likely to show a statistically detectable edge in a retrospective test.",
      "status": "UNVERIFIED",
      "extractor": "line_grammar/v1"
    },
    {
      "id": "hd-20261009-212457-b02b8f798c1e/candidates/0/3/claim/60",
      "candidate_id": "hd-20261009-212457-b02b8f798c1e/candidates/0/3",
      "kind": "ASSUMPTION",
      "text": "Blind spot 2 is that the club-specific value is dominated by private information (medical, makeup, player preference, negotiation positions) that public data cannot capture.",
      "status": "UNVERIFIED",
      "extractor": "line_grammar/v1"
    },
    {
      "id": "hd-20261009-212457-b02b8f798c1e/candidates/0/3/claim/61",
      "candidate_id": "hd-20261009-212457-b02b8f798c1e/candidates/0/3",
      "kind": "ASSUMPTION",
      "text": "Blind spot 3 is that the CBA expiration and rule changes may invalidate the historical records; the dates and the terms are unverified.",
      "status": "UNVERIFIED",
      "extractor": "line_grammar/v1"
    },
    {
      "id": "hd-20261009-212457-b02b8f798c1e/candidates/0/3/claim/62",
      "candidate_id": "hd-20261009-212457-b02b8f798c1e/candidates/0/3",
      "kind": "ASSUMPTION",
      "text": "Blind spot 4 is that all six are one-off decisions, and the evidence suggests that recurring, high-volume, in-season decisions were not weighed at equal depth.",
      "status": "UNVERIFIED",
      "extractor": "line_grammar/v1"
    },
    {
      "id": "hd-20261009-212457-b02b8f798c1e/candidates/0/3/claim/63",
      "candidate_id": "hd-20261009-212457-b02b8f798c1e/candidates/0/3",
      "kind": "ASSUMPTION",
      "text": "Blind spot 5 is that the candidate assumptions are pooled from a larger batch, so many (draft, ticketing, rain delays) do not apply, and counting them as evidence would inflate the criticism.",
      "status": "UNVERIFIED",
      "extractor": "line_grammar/v1"
    },
    {
      "id": "hd-20261009-212457-b02b8f798c1e/candidates/0/3/claim/64",
      "candidate_id": "hd-20261009-212457-b02b8f798c1e/candidates/0/3",
      "kind": "ASSUMPTION",
      "text": "Blind spot 6 is that none of the six identifies the cost of building and maintaining the software against a likely modest gain, or whether the front office would act on a recommendation.",
      "status": "UNVERIFIED",
      "extractor": "line_grammar/v1"
    },
    {
      "id": "hd-20261009-212457-b02b8f798c1e/candidates/0/3/claim/65",
      "candidate_id": "hd-20261009-212457-b02b8f798c1e/candidates/0/3",
      "kind": "CONFLICT",
      "text": "none_identified_no_evidence_supplied",
      "status": "UNVERIFIED",
      "extractor": "line_grammar/v1"
    }
  ],
  "evidence": [
    {
      "id": "objective_context",
      "text": "Critique these six candidate software opportunities for the Chicago Cubs (coaching-hire evaluation, non-tender decisions, qualifying offers, NPB/KBO posting bids, postseason roster construction, arbitration filing). For EACH: (1) does the decision recur and how large is the value at stake per year for one club; (2) is the decision-relevant data lawfully public and available at decision time (no hindsight); (3) how many historical decisions exist for a retrospective test against the club's simple baseline, and is the outcome observable; (4) actionability; (5) what sophisticated clubs and public sources already do; (6) what would make it LOOK useful while giving little or no advantage, including small samples and confounding. Note that each candidate's attached assumptions are pooled from a larger batch; judge each on its own IDEA text. Then do a BLIND-SPOT analysis across the set. Use ASSUMPTION lines for challenges, UNKNOWN for missing evidence, and IDEA only for a sharpened replacement.",
      "facts": {},
      "provenance": {
        "source_type": "UNCLASSIFIED",
        "produced_by": "unknown",
        "source_ref": "",
        "independent_of_implementation": false,
        "represents_observed_reality": false
      }
    }
  ],
  "unresolved_assumptions": [
    "Every critique below is judgment from general baseball-operations structure. None is verified, and no figure is quoted because none was supplied.",
    "The attached assumptions are pooled across many ideas, and many (rain delays, stolen bases, draft pools, ticketing) are irrelevant to these six. Only those matching each IDEA text are used.",
    "[1 Coaching hire] The decision recurs only a few times a year, and each hire is a single, unrepeatable choice. The value at stake is unquantified, and the ledger's sign is unknown.",
    "[1] Public staff data is not point-in-time clean. Titles, assistant and minor-league roles and start dates in press releases and media guides are incomplete and revised after the fact.",
    "[1] Few players move organizations alongside a given coach. Movers are selected (acquired because the club expects improvement) and coach credit is shared among several staff. Playing time, health and the player's own regression to the mean are further confounders.",
    "[1] A retrospective test is possible if ratings built through year T predict player change under the same coach in T+1 better than a tenure-and-reputation proxy. The number of coaches with enough movers may be too small for intervals narrow enough to change a hire.",
    "[1] Outcome observability is weak because the counterfactual is missing. Clubs with private tracking and biomechanics data probably evaluate coaches better than any public panel can.",
    "[1] It would look useful by ranking coaches whose past-year gains are mostly regression to the mean. The ranking would look reasonable with no persistence, so year-over-year persistence is the key falsification test.",
    "[2 Non-tender] This recurs annually with a hard early-December deadline (unverified; the CBA may change it). The value at stake is each eligible player's projected arbitration salary minus replacement cost, which is real but unquantified.",
    "[2] Salary projections are public-ish and available at decision time. The replacement market (who will be non-tendered league-wide, and at what price) is not known when the Cubs decide, so the forecaster must predict other clubs' choices.",
    "[2] A backtest has many player-years, but price and next-season output are observed only for players who signed. Players who retired, went abroad or signed minor-league deals create survivorship bias.",
    "[2] The baseline (tender if WAR per dollar beats a threshold) is the same quantity the forecaster uses, so gains may be only a threshold re-tune. The prior finding that a simple rule captures most of the value in the low-attention pool suggests a ceiling here too.",
    "[2] It would look useful from post-hoc selection of bargain non-tendered players, where single-season WAR noise is large and winners are remembered. Sophisticated clubs already carry internal projection and arbitration models.",
    "[3 Qualifying offer] The decision is annual but applies only to the Cubs' own pending free agents who meet eligibility rules. The Cubs' eligible list is unknown, so expected value may be near zero in many years.",
    "[3] The QO amount, acceptances and signings are public, but the number of cases per year is small. The accepted and declined classes are lopsided, so calibration is weak and one executive's judgment may match it.",
    "[3] The idea's baseline (\"offer when market AAV clearly exceeds the QO\") already needs a market AAV estimate. The model replaces that estimate, so the claimed edge reduces to forecast accuracy on a handful of players.",
    "[3] The compensation-pick value depends on CBA terms that may change at expiration (unverified). Counterfactual value cannot be observed, and acceptance is driven by player preference, health and agent strategy that public signals miss.",
    "[3] It would look useful through rare, memorable accepted-QO cases and high accuracy on obvious calls such as a star who is declined.",
    "[4 NPB/KBO posting] This is a handful of events per year across the league, and the Cubs only matter when they pursue a given player. Per-signing value is plausibly large but unquantified.",
    "[4] The posting window is largely public. Ownership of NPB pitch-tracking and detailed batted-ball data is limited, and what is public may lag decision time.",
    "[4] Previously posted players with MLB outcomes are few, so the translation model has high variance and heterogeneous eras and league environments. Outcomes are observable but censored, because players who were not signed leave no MLB data.",
    "[4] The winner's curse means a more accurate public model still does not give an edge unless the Cubs bid below the consensus. Clubs with international scouting, video and private data are likely ahead, and the idea overlaps minor-league translation work.",
    "[4] It would look useful by fitting the few posted stars in hindsight, with overfit coefficients and nothing out of sample.",
    "[5 Postseason roster] The decision recurs only in years the Cubs qualify, one to four times a year by the candidate's own text. Expected annual value is discounted by qualification probability (unknown).",
    "[5] Rosters, opposing starters and platoon splits are public at the decision time. Injury status at the roster deadline may be incompletely public.",
    "[5] Pooled league-wide postseason rosters give a modest number of series, but each series outcome is dominated by noise. A series-win-probability difference from the 25th and 26th roster spots may be too small to detect with any realistic sample.",
    "[5] Alternatives are not observed, so the backtest is a simulation scored by its own model and can embed the biases it tests. Clubs likely already run internal series simulators.",
    "[5] It would look useful by retrofitting a few memorable pinch-runner or reliever moments in a winning run, which is outcome bias.",
    "[6 Arbitration filing] This recurs every January across the arbitration-eligible roster, and awards compound into later raises, so it is among the more regular decisions. The value is capped by the gap between the two filed numbers, since the panel picks one.",
    "[6] Filed numbers, results and the comparable-player rules are largely public. The exact arguments and the panel's reasoning are not, and hearings are rare because most cases settle. Settlements are not hearing outcomes, so the training labels come from a selected subset.",
    "[6] The count of historical hearings may be too small and shifts with CBA rule changes (expiration date and new rules unverified). Whether to settle or go to hearing is a strategic choice also tied to club policy and player relations, not just EV.",
    "[6] The baseline (midpoint settlement) is a hearing-free outcome, so the EV comparison needs an assumed hearing probability and a model of player willingness. Specialized staff and outside counsel probably already hold this knowledge.",
    "[6] It would look useful through a predictor tuned to hearing outcomes in which the filing midpoint alone already predicts the winner, and through ignoring that club-won and player-won cases are selected by who chose to go to hearing.",
    "[Blind spot] Dollar and win value at stake is unquantified for all six. Rank the candidates by value times decision count times the maximum plausible edge before building anything.",
    "[Blind spot] Sample size is the shared weakness (QO, posting, postseason, hearings, coach movers). Pooling league-wide raises n but strips Cubs-specific context, and no tool can beat a simple baseline with only a few dozen noisy labels.",
    "[Blind spot] Many of these decisions are driven by counterparties (agents, player preference, rival bidders, the league). A club-side prediction model does not control the outcome, and the rules may change at the CBA expiration (unverified).",
    "[Blind spot] Dated snapshots are a precondition. Any backtest must freeze the data as of the decision day (projections, injury status, staff titles), or hindsight leaks into every candidate.",
    "[Blind spot] Testing many candidates and many specifications without a pre-registered baseline comparison produces false positives. Any claimed edge needs out-of-sample results against the simple rule.",
    "[Blind spot] Non-tender, QO, arbitration and posting all draw on one payroll and 40-man budget, so evaluating them separately misses interactions. Private Cubs practice is unknown, and public-data parity with sophisticated clubs is plausible for every candidate.",
    "All evidence is UNVERIFIED and the facts map is empty, so every judgment below is a falsifiable critique drawn from general baseball knowledge, not a supported finding. CITE lines are omitted because no source supports any specific claim.",
    "Coaching-hire evaluation (1) The decision recurs every offseason but only a few hires per year, and the value per coach is unknown. UNKNOWN: detectable_coach_effect_size",
    "Coaching (2) Staff announcements are public, but assistant and minor-league tenure is patchy and inconsistently dated, so linking coaches to players at decision time may fail.",
    "Coaching (3) Coach moves between organizations are few, and most coaches touch few players, so a retrospective test has wide intervals. Outcomes are observable only as player stat changes, not as coach causation.",
    "Coaching (4,5) Hiring is driven by relationships, scheme fit and player buy-in that a panel cannot see. Rival clubs probably run private attribution with proprietary biomechanics and tracking data, so a public-data tool is likely behind.",
    "Coaching (6) It will look useful through regression to the mean, since players hired-for-after-a-bad-year improve anyway. Selection (teams acquire players they expect to improve), playing time, injuries and org infrastructure confound it. Post-hoc coach rankings that do not persist year over year would look good in-sample and fail out of sample.",
    "Non-tender (1) The decision recurs annually for roughly a handful of borderline players, so stakes are modest, bounded by the salary gap on a few roster spots. UNKNOWN: cubs_non_tender_candidates_2026",
    "Non-tender (2) Service time, projected arbitration salaries (public estimates exist) and the non-tender list are public, but the replacement pool is revealed only after the deadline. A forecast of who will be available must be made without hindsight, and that is the hard part.",
    "Non-tender (3) Roughly two decades of non-tender classes exist, but the CBA has changed salary and service rules, so older cases may not be comparable. Next-season output of non-tendered players is observable, but the output of the counterfactual tendered player is not, and survivorship in who signs where biases the comparison.",
    "Non-tender (4,5) It is actionable, since the club decides by the deadline. Clubs already use WAR-per-dollar thresholds, and public arbitration projection tools exist, so the marginal edge is likely small.",
    "Non-tender (6) A backtest looks good when it credits signed non-tendered players' production without netting out the many who flopped or were never signed, or when it uses the final arbitration salary instead of the projection known in November.",
    "Qualifying offers (1) The Cubs face the decision only for their own eligible free agents, which may be zero to a few per year. The stake is a one-year QO salary against a draft-pick change, so the value is moderate and lumpy. UNKNOWN: cubs_qo_eligible_players_2026",
    "Qualifying offers (2) Performance, age and the QO amount are public. Acceptance depends on private player preferences and agent strategy.",
    "Qualifying offers (3) The number of historical QOs is a few dozen per year at most, with an early period of nearly zero acceptances and a later period with some, so the pooled model is small and non-stationary. Acceptance is observable, but the counterfactual of not offering is not. UNKNOWN: historical_qo_acceptance_count_by_year",
    "Qualifying offers (4,5) It is actionable in a short window after the World Series. Clubs reason about this with simple market-versus-QO logic, and a sharper model probably adds little over an experienced executive.",
    "Qualifying offers (6) A high AUC in-sample may come from a few features (large AAV expectation means decline) that the baseline already uses. Rule changes to compensation across CBAs also confound the pooled history.",
    "NPB/KBO posting bids (1) Few relevant events per year, so recurrence is low, but the per-signing value can be large. Cubs interest in a given year is unknown. UNKNOWN: cubs_international_budget_2027",
    "NPB/KBO (2) Basic stats are public, but detailed pitch tracking is mostly proprietary or inconsistently published, so the translation tool may only have stats the baseline ratios already use. UNKNOWN: public_availability_of_npb_kbo_pitch_tracking",
    "NPB/KBO (3) The number of posted players with several MLB seasons is small, probably tens, split across hitters and pitchers and across ball and rule eras. A model with many parameters will overfit. Outcomes are observable but heterogeneous by role and injury. UNKNOWN: count_of_posted_players_with_mlb_outcomes",
    "NPB/KBO (4,5) Bids are actionable only in a short, rule-bound window and posting fees and caps depend on current agreements. Clubs with international scouts and data staff already model translation, and the price is set by multi-club competition, so the winner's curse may erase any accuracy edge.",
    "NPB/KBO (6) It looks useful through survivorship (only successes recalled), a few outlier stars driving fit, and comparing to the weakest ratio baseline instead of scouting-informed pricing.",
    "Postseason roster construction (1) It recurs only when the club qualifies, 1 to 4 times a year, so expected value is discounted by playoff probability. A marginal win may be worth more in October, but the number of slots that actually change outcomes is small. UNKNOWN: measured_win_probability_value_of_marginal_postseason_slot",
    "Postseason (2) Rosters, platoon and pitch-type splits are public, but injury status at the roster deadline is often incomplete or vague, which limits reconstruction of the true option set. UNKNOWN: public_injury_status_completeness_at_roster_deadline",
    "Postseason (3) Postseason rosters from many series exist league-wide, but the per-series sample is tiny and series outcomes are very noisy. A test would need to score recommendations by simulated expected win probability, and the simulation embeds the same assumptions it tests, so it is not an observed-outcome validation.",
    "Postseason (4,5) It is actionable and contenders already do this internally with staff judgment, so a public tool likely only matches.",
    "Postseason (6) It looks useful through hindsight-chosen anecdotes (a pinch runner who scored), unmeasurable gains of well under a percentage point of series win probability, and ignoring that managers concentrate innings on top pitchers whatever the 26th slot is. Note the candidate text supplied for this item lists only the decision, and the problem is narrower than its attached assumptions suggest.",
    "Arbitration filing (1) The Cubs file for each arbitration-eligible player every winter, which is several per year, with award differences per player in the range between filing numbers. Most cases settle, and hearings are rare for any one club.",
    "Arbitration (2) Hearing outcomes and filing figures are publicly reported, but the panel's reasoning is confidential, and settlement terms are inconsistently recorded. Comparable-player selection rules are set by the CBA, which may change after this offseason. UNKNOWN: post_2026_cba_arbitration_rules",
    "Arbitration (3) League-wide hearings are only a handful per year, so a predictor trained on hearings suffers from small samples and a selection effect: cases that reach hearing are those where the parties disagree, not a random draw. Outcome (win or loss against the two filed numbers) is observable. UNKNOWN: annual_hearing_count_sample_size",
    "Arbitration (4,5) Actionable by choosing the filing figure and deciding whether to settle. Clubs already employ specialized staff and outside counsel, and public salary-projection tools exist. A club-policy of avoiding hearings (a \"file and trial\" posture) also carries relationship costs a model does not capture.",
    "Arbitration (6) It looks useful through high accuracy that merely reflects the filing midpoint, hindsight about which stats panels reward, and treating the all-case outcome rate as if it applied to the cases a club would actually take to hearing.",
    "BLIND SPOT (a) All six are low-frequency, small-sample decisions. The set concentrates on offseason transactions and leaves out high-frequency decisions with larger samples, which the objective preferred.",
    "BLIND SPOT (b) Five of six depend on CBA rules that may change this offseason. The expiration timing is unverified. UNKNOWN: cba_expiration_date_verification",
    "BLIND SPOT (c) Every candidate's retrospective test measures outcomes of decisions made, not outcomes of the unchosen option. Counterfactuals are unobserved, and models validated on simulation inherit simulation bias.",
    "BLIND SPOT (d) No candidate states a baseline hit rate or dollar scale from supplied evidence, so the value-at-stake comparison is unsupported. UNKNOWN: cubs_private_models_and_practices",
    "BLIND SPOT (e) Software cost, adoption by decision-makers and the chance that clubs already run equivalent tools are not weighed against the possible edge. A null result is itself informative and cheap to get, so testing before building is the reasonable default.",
    "No numeric evidence was supplied (facts is empty), so everything below is critique to be checked, not established fact.",
    "The pooled assumptions attached to the candidates include many that belong to other ideas (rain delays, draft pools, stolen bases). I judged each candidate on its own IDEA text only.",
    "The postseason roster IDEA text (candidates/0/5/idea/1) states only owner, decision and frequency. Value, mechanism and baseline appear only in the unresolved-issues list, so that candidate is under-specified as written.",
    "[Coaching 1] The hire or retain decision recurs yearly, but only a handful of coaching slots turn over per club. Value per decision is plausibly large, yet no supplied evidence sizes it.",
    "[Coaching 2] Public inputs are Statcast, staff announcements and media guides. Assistant and minor-league role titles and dates are likely inconsistent, so the link from coach to player may be mislabeled.",
    "[Coaching 3] The number of coach-movement events with enough players per coach is probably small, and the outcome (player change) is observable but very noisy. Intervals may be too wide to change any hiring decision.",
    "[Coaching 4] Actionability is limited because the Cubs can hire only from available candidates, and coach quality is hard to separate from the hiring club's infrastructure.",
    "[Coaching 5] Sophisticated clubs probably already track player development outcomes by staff internally. Public sources give mostly anecdote and press narrative, not rigorous attribution.",
    "[Coaching 6] It would look useful through regression to the mean, survivorship (coaches get poached after good years), and teams acquiring players they already expect to improve. Pitch-mix changes may be driven by front-office strategy and not by the coach.",
    "[Non-tender 1] The decision recurs every November or December, but the Cubs' marginal cases (borderline tender candidates) are probably few per year. Stake per case is the gap between arbitration salary and replacement cost.",
    "[Non-tender 2] Public arbitration salary projections and the prior-year non-tender lists are public. The set of players other clubs will non-tender is not known when the Cubs decide, so any replacement-pool label built from the final list leaks hindsight unless it is forecast as of a dated snapshot.",
    "[Non-tender 3] Past decisions are many league-wide, and signing price and next-season output are observable. Players signed after non-tender are a selected sample, because injured or declining players are overrepresented.",
    "[Non-tender 4] Actionability is high and cheap to reverse. A club can tender, then trade or release, with partial cost, which weakens the need for a precise model.",
    "[Non-tender 5] Clubs already apply WAR-per-dollar thresholds with internal projections, and public arbitration projections are widely available.",
    "[Non-tender 6] It would look useful through hindsight-labeled replacement pools, and through backtests that count only the non-tendered players who succeeded. A comparison against a strawman threshold also flatters it.",
    "[QO 1] The decision recurs yearly only for players who are QO-eligible, so per-year count may be zero to a few. Stake is a compensation pick versus a one-year salary, and the pick's value depends on CBA terms I could not verify.",
    "[QO 2] Public data on age, WAR, and market depth is available at decision time. Agent intent and private willingness to accept are not public, and they dominate the acceptance outcome.",
    "[QO 3] Public history since the system began is only on the order of a hundred or so offers in total. That is too small for a calibrated model with many features, and each outcome is binary, which makes calibration weak.",
    "[QO 4] The CBA expires around December 2026 (unverified), so QO rules may change right when the model would be used, and backtests may not transfer.",
    "[QO 5] Clubs and public analysts already compare projected market AAV to the QO amount, so the mechanism is largely the baseline stated in the IDEA.",
    "[QO 6] It would look useful by overfitting a few dozen cases and by crediting hindsight on acceptance outcomes that were driven by market shocks.",
    "[Posting 1] Posting events per year are few, and the Cubs bid on a small fraction. Stake per signing is large, but the recurrence is thin.",
    "[Posting 2] Public NPB and KBO stats exist, but pitch-tracking and bat-tracking granularity may not be public or licensed. Whether posting timing and the player's availability are known at decision time varies by year.",
    "[Posting 3] The retrospective sample is small and heterogeneous across pitchers and hitters, ages, and ball and rule eras. MLB outcomes are observable but strongly censored by injury and playing time.",
    "[Posting 4] Actionability depends on posting fees, bid rules, and competition from other clubs. Any accuracy edge must also beat the winner's curse.",
    "[Posting 5] Clubs with international scouting and data feeds already run translation models. Public analysts publish translation factors, so the baseline \"simple ratios\" is probably weaker than actual club practice.",
    "[Posting 6] It would look useful through a handful of memorable hits and misses, and through fitting a model on survivors who were posted because they looked good. Narrow intervals from few cases would be false precision.",
    "[Postseason 1] The decision occurs only when the Cubs qualify, so expected annual value is discounted by playoff probability, and the number of roster slots that matter is small.",
    "[Postseason 2] Opponent and roster information is public only close to the decision time. Injury status at the roster deadline is often incomplete.",
    "[Postseason 3] Public postseason series number only in the dozens each year, and outcomes are dominated by luck. A series win-probability difference of a fraction of a percentage point cannot be detected.",
    "[Postseason 4] Actionable, but constrained by health and by who is actually on the 40-man roster, which leaves few real choices.",
    "[Postseason 5] Contending clubs likely simulate matchups internally and have far better injury information than public sources.",
    "[Postseason 6] It would look useful by scoring simulator-recommended rosters against actual rosters on the same simulator, which only validates the model against itself. Post-hoc stories about a pinch runner are also misleading.",
    "[Arbitration 1] The decision recurs each January for every arbitration-eligible player, so many decisions per year, though hearings are a small subset. The stake is raise levels that compound, and the total is plausibly meaningful but unsized here.",
    "[Arbitration 2] Exchanged figures and hearing results are public. Panel reasoning, comparables admitted and club-specific hearing policy are less visible, and rules may change under a new CBA.",
    "[Arbitration 3] Hearings per year are few, so a panel-outcome predictor trained on public hearings has small n, and the outcome is binary (the panel picks one of two numbers), which carries little information per case.",
    "[Arbitration 4] Actionability is real for the file-and-trial and settlement choice, but a club policy choice (such as whether to go to hearings at all) can matter more than case-by-case prediction.",
    "[Arbitration 5] Clubs and outside counsel have studied hearings for decades, and settlement at midpoint is a well-known baseline. Public databases of arbitration results already exist.",
    "[Arbitration 6] It would look useful by fitting hearing results with too many features, and from selection: hearings are cases the sides could not settle, so they differ from the cases the model would need to price.",
    "[Blind spot 1] No candidate states expected dollars or wins per decision with a source, so ranking by size of stake is currently unsupported.",
    "[Blind spot 2] Every backtest compares against a simple rule, whereas the real competitor is internal staff with private data. Beating the strawman does not show an advantage.",
    "[Blind spot 3] Hindsight risk is shared by all six. Backtests need dated snapshots of what was public at the decision date (projections, rosters, rumors), and many public sources are overwritten.",
    "[Blind spot 4] Small n and multiple testing across features, years and subgroups will produce spurious wins for the QO, posting, postseason, and hearing candidates unless the test is pre-registered.",
    "[Blind spot 5] A CBA expiration around this offseason (unverified) could change arbitration, QO, draft and service rules, and could cause a lockout. Backtests before that date may not carry over.",
    "[Blind spot 6] Winner's curse and counterparty behavior (agents, other clubs) are common to QO, non-tender and posting, and a forecasting model alone does not solve them.",
    "[Blind spot 7] The set ignores organizational adoption: a tool matters only if decision owners would change their decisions, which is not tested by a backtest.",
    "[Blind spot 8] Terms of use for scraped public data (Statcast, transaction logs, foreign-league sites) were not checked, and public is not necessarily lawful to redistribute.",
    "The supplied evidence contains no facts, so every size, count, and rate below is unverified; no statistic is asserted here.",
    "Recurrence is real but small (a handful of hires per offseason), and the value per hire is unknown; \"large and recurring\" is a hypothesis, not evidence.",
    "Staff tenure records (assistant and minor-league roles) are incomplete or inconsistently dated, which makes the linkage to players the weakest point.",
    "Confounds include selection (clubs hire coaches after improvements), regression to the mean, roster turnover, playing time, park, injury, and organizational infrastructure; a coach touching few players gives wide intervals.",
    "Outcomes are observable only with a lag and with heavy noise; a hindsight-free test must build ratings on seasons up to T and predict T+1 against a reputation proxy.",
    "Clubs likely already run private attribution, and public sources (Statcast leaderboards, media reporting) give partial versions.",
    "It will look useful through anecdotal success stories and in-sample rankings that vanish out of sample.",
    "Value per club is plausibly material only for a few borderline players a year; the number of those is unknown.",
    "Projected arbitration salaries are public only as third-party estimates, whose vintage as of the deadline must be preserved to avoid hindsight.",
    "The outcome is only partially observable: you see what non-tendered players did elsewhere, but not what the tendered player would have done, so the counterfactual is asymmetric.",
    "Clubs already apply cost-per-WAR thresholds and public projections (e.g., projection systems, public salary estimators), so the edge over the baseline may be zero.",
    "Replacement-market forecasting depends on who is available only after the deadline, so the forecast may be no better than a generic replacement-level price.",
    "It will look useful by showing that non-tendered players sometimes produce well; that is survivorship, and the correct test compares against tendered peers at equal price.",
    "The decision applies to only a few players in a given year and only when the club has eligible free agents, and the number of historical acceptances is small, so calibration is weak.",
    "Compensation value depends on CBA terms, which must be verified, and which may change at the next agreement.",
    "Acceptance depends on player preference and the market, which are not public at the decision time.",
    "Experienced executives and agents already use \"market AAV vs QO\" heuristics, and acceptance has historically been rare, so a rule of \"offer when market exceeds the QO\" is difficult to beat.",
    "It will look useful through a high accuracy score driven by the base rate of declined offers.",
    "Events are rare (a few relevant players per winter), so the value per signing may be large, but the annual aggregate for one club is small.",
    "Calibration cases are few, and the league environments (ball, rules, park) change, so out-of-sample error likely dominates.",
    "Pitch-tracking from foreign leagues is partially public at best, and scouting video is private to clubs.",
    "Prices come from competitive bidding and posting rules, so a more accurate forecast must still overcome the winner's curse and the cap/fee structure.",
    "The outcome is observable (MLB production), but only for those who were posted and signed, which creates selection bias.",
    "It will look useful by fitting a handful of famous players well.",
    "The decision recurs only when the club qualifies (zero to four times a year), so expected value per year is discounted by qualification probability.",
    "Marginal slots may see little playing time, and series-win-probability differences are likely small relative to noise.",
    "A retrospective test has few rounds per club and relies on league-wide pooling, which removes health and context; counterfactual rosters are not observed.",
    "Postseason rosters and transaction logs are public, but injury status at the deadline may not be.",
    "Sophisticated clubs already simulate this privately, and public playoff-odds tools cover the seeding part.",
    "It will look useful through vivid after-the-fact stories (a pinch runner who scored), which reflect hindsight.",
    "The decision recurs every January across the eligible roster, so volume is the highest of the six, but contested hearings are few league-wide each year and typically few or none for one club.",
    "Many clubs follow a file-and-trial policy that is itself known to agents, so the strategy is a policy choice, not a prediction problem.",
    "Panels decide on a restricted set of criteria and comparables, so the filing midpoint plus comparables are strong baselines; the public record of the arguments and the outcomes may be too thin to beat them.",
    "The outcome is observable (a win or loss at the hearing), but settlements before the hearing hide the counterfactual, and selection into hearings biases the sample.",
    "Specialized staff and outside counsel already hold this knowledge, so the clubs are probably ahead.",
    "It will look useful through high in-sample fit with few observations and many predictors.",
    "Blind spot 1 is that five of six candidates are rare, small-n decisions, so none is likely to show a statistically detectable edge in a retrospective test.",
    "Blind spot 2 is that the club-specific value is dominated by private information (medical, makeup, player preference, negotiation positions) that public data cannot capture.",
    "Blind spot 3 is that the CBA expiration and rule changes may invalidate the historical records; the dates and the terms are unverified.",
    "Blind spot 4 is that all six are one-off decisions, and the evidence suggests that recurring, high-volume, in-season decisions were not weighed at equal depth.",
    "Blind spot 5 is that the candidate assumptions are pooled from a larger batch, so many (draft, ticketing, rain delays) do not apply, and counting them as evidence would inflate the criticism.",
    "Blind spot 6 is that none of the six identifies the cost of building and maintaining the software against a likely modest gain, or whether the front office would act on a recommendation."
  ],
  "contradictions": [],
  "scores": [
    {
      "candidate_id": "hd-20261009-212457-b02b8f798c1e/candidates/0/0",
      "duplicate_of": null,
      "cluster_id": "hd-20261009-212457-b02b8f798c1e/candidates/0/0",
      "novelty": {
        "value": 0.6120092378752886,
        "scorer_type": "heuristic"
      },
      "relevance": {
        "value": true,
        "scorer_type": "heuristic",
        "method": "objective_content_token_overlap"
      },
      "failure_count": 0,
      "blocking_failure_count": 0,
      "claim_status_counts": {
        "SUPPORTED": 1,
        "ECHO": 0,
        "CONTRADICTED": 0,
        "UNCERTAIN": 50,
        "UNSUPPORTED": 0
      },
      "citation_error_count": 0,
      "unresolved_count": 50,
      "measurement_version": 2,
      "supported_count": 1,
      "false_premise_rejection_count": 0,
      "measurement_type": "deterministic",
      "decision": "INVESTIGATE",
      "decision_type": "heuristic",
      "reason": "Proposal merits investigation only; feasibility and assumptions remain unverified."
    },
    {
      "candidate_id": "hd-20261009-212457-b02b8f798c1e/candidates/0/1",
      "duplicate_of": null,
      "cluster_id": "hd-20261009-212457-b02b8f798c1e/candidates/0/1",
      "novelty": {
        "value": 0.6067415730337078,
        "scorer_type": "heuristic"
      },
      "relevance": {
        "value": true,
        "scorer_type": "heuristic",
        "method": "objective_content_token_overlap"
      },
      "failure_count": 0,
      "blocking_failure_count": 0,
      "claim_status_counts": {
        "SUPPORTED": 0,
        "ECHO": 0,
        "CONTRADICTED": 0,
        "UNCERTAIN": 39,
        "UNSUPPORTED": 0
      },
      "citation_error_count": 0,
      "unresolved_count": 39,
      "measurement_version": 2,
      "supported_count": 0,
      "false_premise_rejection_count": 0,
      "measurement_type": "deterministic",
      "decision": "INVESTIGATE",
      "decision_type": "heuristic",
      "reason": "Proposal merits investigation only; feasibility and assumptions remain unverified."
    },
    {
      "candidate_id": "hd-20261009-212457-b02b8f798c1e/candidates/0/2",
      "duplicate_of": null,
      "cluster_id": "hd-20261009-212457-b02b8f798c1e/candidates/0/2",
      "novelty": {
        "value": 0.5988571428571429,
        "scorer_type": "heuristic"
      },
      "relevance": {
        "value": true,
        "scorer_type": "heuristic",
        "method": "objective_content_token_overlap"
      },
      "failure_count": 0,
      "blocking_failure_count": 0,
      "claim_status_counts": {
        "SUPPORTED": 1,
        "ECHO": 0,
        "CONTRADICTED": 0,
        "UNCERTAIN": 67,
        "UNSUPPORTED": 0
      },
      "citation_error_count": 0,
      "unresolved_count": 67,
      "measurement_version": 2,
      "supported_count": 1,
      "false_premise_rejection_count": 0,
      "measurement_type": "deterministic",
      "decision": "INVESTIGATE",
      "decision_type": "heuristic",
      "reason": "Proposal merits investigation only; feasibility and assumptions remain unverified."
    },
    {
      "candidate_id": "hd-20261009-212457-b02b8f798c1e/candidates/0/3",
      "duplicate_of": null,
      "cluster_id": "hd-20261009-212457-b02b8f798c1e/candidates/0/3",
      "novelty": {
        "value": 0.6122715404699739,
        "scorer_type": "heuristic"
      },
      "relevance": {
        "value": true,
        "scorer_type": "heuristic",
        "method": "objective_content_token_overlap"
      },
      "failure_count": 0,
      "blocking_failure_count": 0,
      "claim_status_counts": {
        "SUPPORTED": 0,
        "ECHO": 0,
        "CONTRADICTED": 0,
        "UNCERTAIN": 65,
        "UNSUPPORTED": 0
      },
      "citation_error_count": 0,
      "unresolved_count": 65,
      "measurement_version": 2,
      "supported_count": 0,
      "false_premise_rejection_count": 0,
      "measurement_type": "deterministic",
      "decision": "INVESTIGATE",
      "decision_type": "heuristic",
      "reason": "Proposal merits investigation only; feasibility and assumptions remain unverified."
    }
  ],
  "verification_status": "REQUIRES_DOWNSTREAM_REVIEW",
  "recommended_disposition": "DEFER",
  "provenance": {
    "run_id": "hd-20261009-212457-b02b8f798c1e",
    "producer_component": "howldream",
    "producer_version": "0.4.4",
    "model_or_provider": null,
    "observation_kind": "EXTERNALLY_OBSERVED",
    "created_at": "2026-10-09T21:28:17.667094+00:00",
    "transformations": [
      "explored"
    ],
    "request_id": "cubs-r003-p2-critique",
    "request_provenance": {
      "run_id": null,
      "producer_component": null,
      "producer_version": null,
      "model_or_provider": null,
      "observation_kind": null,
      "created_at": "2026-10-09T21:24:57.285444+00:00",
      "transformations": []
    },
    "source_candidates": [
      {
        "schema_version": "howl.candidate/v1",
        "candidate_id": "hd-20261009-211812-efe1740f0c77/candidates/0/0/idea/2",
        "source_run_id": "hd-20261009-211812-efe1740f0c77",
        "parent_request_id": "cubs-r003-p1-divergent",
        "objective": "Where could software create a meaningful baseball advantage for the Chicago Cubs? The current date is early October 2026, in the Cubs' offseason (their 2026 season ended in the Wild Card Series). A prior experiment found that triaging the November minor-league free-agent pool offers little: the low-attention pool holds under one next-season contributor per club per year, and a simple 'played in MLB last year' rule already finds most value. Prefer recurring decisions where the value at stake is large enough to matter, where public information available at decision time could plausibly beat a simple rule, and where a retrospective test on public history is possible. Consider front office, player development, scouting, coaching and business-of-baseball decisions, and name where software is unnecessary or clubs are already ahead. OUTPUT GUIDANCE (format only): Each IDEA names one problem, the decision owner, the concrete recurring decision and its timing, the size of value at stake, the mechanism of advantage, the simple baseline a club already uses, and the software intervention. Follow with ASSUMPTION and UNKNOWN lines. Do not invent statistics or private Cubs information.",
        "text": "IDEA: Problem=salary arbitration filing and hearing strategy; owner=baseball operations and legal or contract staff; decision=the filing number and whether to go \"file-and-trial\" or settle, made each January; value at stake=individual awards across the arbitration-eligible roster, plus effects on later raises because arbitration salaries compound; mechanism=predict the panel outcome from the public history of hearings, filing midpoints and the platform statistics panels historically reward, and quantify the expected value of settling versus a hearing; baseline=midpoint settlement using comparables chosen by staff; intervention=a hearing-outcome predictor tested on public hearing records.",
        "condition": "dream",
        "trust": "UNVERIFIED",
        "status": "UNRESOLVED",
        "authority": {
          "type": "ADVISORY",
          "executable": false
        },
        "claims": [
          {
            "id": "hd-20261009-211812-efe1740f0c77/candidates/0/0/idea/2/claim/1",
            "candidate_id": "hd-20261009-211812-efe1740f0c77/candidates/0/0/idea/2",
            "kind": "IDEA",
            "text": "Problem=salary arbitration filing and hearing strategy; owner=baseball operations and legal or contract staff; decision=the filing number and whether to go \"file-and-trial\" or settle, made each January; value at stake=individual awards across the arbitration-eligible roster, plus effects on later raises because arbitration salaries compound; mechanism=predict the panel outcome from the public history of hearings, filing midpoints and the platform statistics panels historically reward, and quantify the expected value of settling versus a hearing; baseline=midpoint settlement using comparables chosen by staff; intervention=a hearing-outcome predictor tested on public hearing records.",
            "status": "UNVERIFIED",
            "extractor": "line_grammar/v1"
          }
        ],
        "evidence_refs": [
          "objective_context"
        ],
        "assumptions": [
          "Public extension terms such as guarantees, option years and buyouts are reported completely and accurately enough to reconstruct contract value.",
          "The edge comes from timing and price, but the player's willingness to sign may dominate any club-side model.",
          "Clubs likely already run contract surplus models, so the marginal edge may be small.",
          "Public hearing outcomes, filing figures and settlements are recorded consistently across years.",
          "The number of hearings per year may be too small for a reliable model, which caps the edge.",
          "Specialized arbitration staff and outside firms likely already hold this knowledge, so clubs may be ahead.",
          "The non-tender market is predictable enough in size and quality from public information available in late November.",
          "This overlaps the roster-rules family, so it must show a distinct valuation edge to count as new.",
          "Public slot values and signed bonuses are available historically, but true asking prices are private, which limits the training labels.",
          "Career value from the draft takes years to observe, so a retrospective test may only validate bonus prediction, not talent selection.",
          "Most clubs already use pool-manipulation strategies, so the remaining edge may be thin.",
          "Public box-score-level college data covers enough games and opponents to estimate strength of schedule.",
          "Clubs with private college tracking data are likely already ahead, so this may matter only for low-coverage conferences.",
          "Like the minor-league free agent result, a \"recent MLB time\" rule may already capture most value, which would make this low-ceiling.",
          "Waiver priority and other clubs' claims limit the club's access to the top-ranked players.",
          "Public playoff-odds models are close enough to private ones that the edge lies in pricing discipline rather than better forecasts.",
          "Prospect value at trade time is hard to label retrospectively without hindsight bias.",
          "This may overlap the travel and rest planning family and must be framed specifically around day-night sequencing to be distinct.",
          "The effect may be too small or too noisy to detect in public data.",
          "Dynamic ticket pricing vendors already capture most of the available revenue edge for MLB clubs.",
          "Lineup-order optimization yields a marginal gain that is unlikely to justify new software.",
          "The current collective bargaining agreement expires around this offseason; this is unverified and must be confirmed.",
          "A retrospective test is only partly possible, by replaying past agreement transitions, which may be too few to validate."
        ],
        "unresolved_issues": [
          "Public extension terms such as guarantees, option years and buyouts are reported completely and accurately enough to reconstruct contract value.",
          "The edge comes from timing and price, but the player's willingness to sign may dominate any club-side model.",
          "Clubs likely already run contract surplus models, so the marginal edge may be small.",
          "Public hearing outcomes, filing figures and settlements are recorded consistently across years.",
          "The number of hearings per year may be too small for a reliable model, which caps the edge.",
          "Specialized arbitration staff and outside firms likely already hold this knowledge, so clubs may be ahead.",
          "The non-tender market is predictable enough in size and quality from public information available in late November.",
          "This overlaps the roster-rules family, so it must show a distinct valuation edge to count as new.",
          "Public slot values and signed bonuses are available historically, but true asking prices are private, which limits the training labels.",
          "Career value from the draft takes years to observe, so a retrospective test may only validate bonus prediction, not talent selection.",
          "Most clubs already use pool-manipulation strategies, so the remaining edge may be thin.",
          "Public box-score-level college data covers enough games and opponents to estimate strength of schedule.",
          "Clubs with private college tracking data are likely already ahead, so this may matter only for low-coverage conferences.",
          "Like the minor-league free agent result, a \"recent MLB time\" rule may already capture most value, which would make this low-ceiling.",
          "Waiver priority and other clubs' claims limit the club's access to the top-ranked players.",
          "Public playoff-odds models are close enough to private ones that the edge lies in pricing discipline rather than better forecasts.",
          "Prospect value at trade time is hard to label retrospectively without hindsight bias.",
          "This may overlap the travel and rest planning family and must be framed specifically around day-night sequencing to be distinct.",
          "The effect may be too small or too noisy to detect in public data.",
          "Dynamic ticket pricing vendors already capture most of the available revenue edge for MLB clubs.",
          "Lineup-order optimization yields a marginal gain that is unlikely to justify new software.",
          "The current collective bargaining agreement expires around this offseason; this is unverified and must be confirmed.",
          "A retrospective test is only partly possible, by replaying past agreement transitions, which may be too few to validate.",
          "Problem=pre-arbitration extension timing; owner=GM and baseball operations contract staff; decision=whether, when, and at what price to offer long-term extensions to players with under three years of service, recurring each spring and offseason; value at stake=multi-year salary commitments plus surplus value if the player outperforms the deal; mechanism=model a player's arbitration salary path and free-agent value under uncertainty using public performance, service time and past extension terms, then price the option value of waiting one more season; baseline=negotiate from recent comparable extensions and agent anchors; intervention=a retrospective simulator that replays past public extensions against \"wait one year\" counterfactuals.",
          "public_extension_dataset_completeness",
          "post_2026_cba_service_time_rules",
          "Problem=salary arbitration filing and hearing strategy; owner=baseball operations and legal or contract staff; decision=the filing number and whether to go \"file-and-trial\" or settle, made each January; value at stake=individual awards across the arbitration-eligible roster, plus effects on later raises because arbitration salaries compound; mechanism=predict the panel outcome from the public history of hearings, filing midpoints and the platform statistics panels historically reward, and quantify the expected value of settling versus a hearing; baseline=midpoint settlement using comparables chosen by staff; intervention=a hearing-outcome predictor tested on public hearing records.",
          "annual_hearing_count_sample_size",
          "post_2026_cba_arbitration_rules",
          "Problem=non-tender and tender decisions; owner=GM; decision=tender or non-tender arbitration-eligible players at the late-November or early-December deadline; value at stake=projected arbitration salary versus the cost of replacing the player on the open market; mechanism=pair projected arbitration salaries with a forecast of comparable non-tendered and free-agent replacements available that winter at known prices; baseline=tender if projected WAR per dollar beats a club threshold; intervention=a replacement-market forecaster backtested on which past non-tendered players signed, at what price and with what next-season output.",
          "historical_nontender_signing_outcomes_dataset",
          "Problem=amateur draft bonus pool allocation; owner=amateur scouting director; decision=draft order and bonus allocation across the first ten rounds, made each July; value at stake=pool dollars, the risk of exceeding the pool, and value from later rounds; mechanism=model signability and likely bonus relative to slot from public signals such as college eligibility year, prior draft status and public commitments, so the club can spend under slot early and redirect money to later high-ceiling picks; baseline=board ranking plus area scout signability notes; intervention=a signability and bonus predictor backtested on public draft bonus data.",
          "post_2026_cba_draft_and_pool_rules",
          "public_signability_signal_quality",
          "Problem=college hitter evaluation across uneven competition; owner=amateur scouting director; decision=pre-draft board ranking each spring; value at stake=early-round picks with high expected surplus; mechanism=adjust public college statistics for opponent strength, park and conference, then test which adjustments best predicted later professional outcomes for past draft classes; baseline=raw college statistics plus scout grades; intervention=a strength-of-schedule adjustment layer with retrospective validation against minor-league outcomes.",
          "public_college_data_coverage_by_conference",
          "Problem=waiver claim and designated-for-assignment pickup decisions; owner=pro scouting and GM; decision=whether to claim or trade for players designated for assignment, happening throughout the year in a recurring stream; value at stake=low acquisition cost per player but high frequency, with occasional breakout players; mechanism=rank DFA players at the time of designation using only public data available then, such as underlying contact quality, velocity trends and option status, and target players whose skills are undervalued by their surface results; baseline=claim if the player fits a 40-man need and has recent MLB time; intervention=a dated-snapshot ranker backtested on public transaction logs.",
          "historical_dfa_outcome_base_rate",
          "Problem=the trade-deadline buy, sell or hold posture; owner=president of baseball operations; decision=posture and the price of rentals in late July; value at stake=prospect capital spent versus a change in playoff probability; mechanism=translate marginal WAR into change in playoff and series-win probability under the current playoff format, using public projection systems, and price acquisitions per point of playoff odds; baseline=a judgment of standings position plus playoff-odds websites; intervention=a marginal playoff-value calculator backtested on public deadline trades.",
          "public_prospect_value_at_trade_time_dataset",
          "Problem=day-game-heavy home scheduling effects on player performance; owner=manager and performance staff; decision=rest days and lineup choices around day games after night games, made weekly in season; value at stake=small per game but recurring across the season; mechanism=estimate from public game logs whether performance drops in day-after-night games and whether rest timing reduces the drop; baseline=veteran rest by feel and fixed rest rotations; intervention=a rest-scheduling recommender tested on public game-level history.",
          "day_after_night_performance_effect_size",
          "Problem=places where software is likely unnecessary or clubs and vendors are already ahead; owner=business operations; decision=dynamic ticket pricing, concessions demand forecasting and lineup batting order; value at stake=real for ticketing, small for batting order; mechanism=none clearly available to a new public-data tool, since ticketing vendors already run dynamic pricing and batting-order gains are known to be small; baseline=existing vendor platforms and conventional lineup heuristics; intervention=deprioritize these.",
          "club_specific_ticketing_vendor_capabilities",
          "Problem=a rules-transition scenario engine; owner=president of baseball operations; decision=contract structures, arbitration and draft strategy across an expected collective bargaining transition, at a one-time but high-stakes moment this offseason; value at stake=multiple contract and roster decisions made under rule uncertainty; mechanism=simulate outcomes under several plausible rule scenarios so commitments made now are robust to rule changes; baseline=wait for the new agreement or rely on legal staff judgment; intervention=a scenario model that reprices extensions, qualifying offers and pool strategy under each rule set.",
          "none_identified_no_evidence_supplied",
          "cba_expiration_date_verification",
          "cubs_private_models_and_practices"
        ],
        "contradictions": [],
        "verified_constraints": [],
        "provenance": {
          "run_id": "hd-20261009-211812-efe1740f0c77",
          "producer_component": "howldream",
          "producer_version": "0.4.4",
          "model_or_provider": "claude-opus-5-5",
          "observation_kind": "EXTERNALLY_OBSERVED",
          "created_at": "2026-10-09T21:24:32.107168+00:00",
          "transformations": [
            "generated",
            "idea_unit_selection"
          ],
          "participation": [
            {
              "operation": "GENERATED",
              "transforming_component": "howldream",
              "origin_component": "howldream",
              "origin_provider": "claude",
              "origin_model": "claude-opus-5-5",
              "subject_count": 1,
              "inference_occurred": true,
              "note": "Dream prompted the provider; the provider authored the text."
            },
            {
              "operation": "CLUSTERED",
              "transforming_component": "howldream",
              "origin_component": "howldream",
              "origin_provider": null,
              "origin_model": null,
              "subject_count": 53,
              "inference_occurred": false,
              "note": "Deterministic concept-token clustering; no inference."
            },
            {
              "operation": "SELECTED",
              "transforming_component": "howldream",
              "origin_component": "howldream",
              "origin_provider": "claude",
              "origin_model": "claude-opus-5-5",
              "subject_count": 1,
              "inference_occurred": false,
              "note": "Operator selected this idea unit through `howldream export`."
            }
          ],
          "request_id": "cubs-r003-p1-divergent",
          "originating_component": "operator",
          "execution": {
            "requested_provider": "command",
            "selected_provider": "command",
            "actual_provider": "claude",
            "adapter": "claude-json",
            "model": "claude-opus-5-5",
            "requested_model": "claude-opus-5-5",
            "deterministic": false,
            "mocked": false,
            "inference_occurred": true,
            "remote": true,
            "remote_observation": "OPERATOR_DECLARED",
            "fallback_reason": null,
            "elapsed_seconds": 56.089120525,
            "usage": {
              "input_tokens": 2,
              "cache_creation_input_tokens": 1721,
              "cache_read_input_tokens": 0,
              "output_tokens": 4239,
              "output_tokens_details": {
                "thinking_tokens": 959
              },
              "server_tool_use": {
                "web_search_requests": 0,
                "web_fetch_requests": 0
              },
              "cache_creation": {
                "ephemeral_1h_input_tokens": 1721,
                "ephemeral_5m_input_tokens": 0
              }
            },
            "cost": 0.09855599999999999,
            "request_id": "ecad0590-99c8-4b02-8f76-f4c1999075d7",
            "raw_output_received": true,
            "parse_status": "VALID",
            "repair_attempted": false,
            "sampling": null
          },
          "source_candidate_refs": [],
          "source_candidates_location": "exploration_envelope.json#/provenance/source_candidates",
          "hard_constraints": [
            "Do not assume the problem or the solution.",
            "Lawfully accessible public, historical, or clearly labeled synthetic data only.",
            "Do not invent private Chicago Cubs information or statistics.",
            "Distinguish fact, assumption, hypothesis, and speculation."
          ],
          "constraint_scope": "UNVERIFIED_GENERATION_GUIDANCE",
          "purpose": "discovery",
          "candidate_index": 0,
          "trial": 0,
          "prompt_hash": "ca62b50a13d8024f61fb1769f5609e36f7058d8d53a04379b45f97e1a96c4d57",
          "output_hash": "ad5190e40727b83f287bf3d71b7f778f334bc4104316d257973ffdc7537c2016",
          "selection": {
            "selected_by": "operator",
            "operation": "SELECTED",
            "via": "howldream export"
          },
          "parent_candidate_id": "hd-20261009-211812-efe1740f0c77/candidates/0/0",
          "source_unit": {
            "id": "hd-20261009-211812-efe1740f0c77/candidates/0/0/idea/2",
            "source_span": [
              1215,
              1911
            ],
            "source_hash": "ad5190e40727b83f287bf3d71b7f778f334bc4104316d257973ffdc7537c2016",
            "cluster": "cluster-2"
          },
          "parent_verification_ref": "verification.jsonl#candidate=hd-20261009-211812-efe1740f0c77/candidates/0/0",
          "unit_selection_scope": "Single IDEA line; batch assumptions/unresolved issues retained without claim-specific association. Parent rejection/contradiction gates retained."
        }
      },
      {
        "schema_version": "howl.candidate/v1",
        "candidate_id": "hd-20261009-211812-efe1740f0c77/candidates/0/0/idea/3",
        "source_run_id": "hd-20261009-211812-efe1740f0c77",
        "parent_request_id": "cubs-r003-p1-divergent",
        "objective": "Where could software create a meaningful baseball advantage for the Chicago Cubs? The current date is early October 2026, in the Cubs' offseason (their 2026 season ended in the Wild Card Series). A prior experiment found that triaging the November minor-league free-agent pool offers little: the low-attention pool holds under one next-season contributor per club per year, and a simple 'played in MLB last year' rule already finds most value. Prefer recurring decisions where the value at stake is large enough to matter, where public information available at decision time could plausibly beat a simple rule, and where a retrospective test on public history is possible. Consider front office, player development, scouting, coaching and business-of-baseball decisions, and name where software is unnecessary or clubs are already ahead. OUTPUT GUIDANCE (format only): Each IDEA names one problem, the decision owner, the concrete recurring decision and its timing, the size of value at stake, the mechanism of advantage, the simple baseline a club already uses, and the software intervention. Follow with ASSUMPTION and UNKNOWN lines. Do not invent statistics or private Cubs information.",
        "text": "IDEA: Problem=non-tender and tender decisions; owner=GM; decision=tender or non-tender arbitration-eligible players at the late-November or early-December deadline; value at stake=projected arbitration salary versus the cost of replacing the player on the open market; mechanism=pair projected arbitration salaries with a forecast of comparable non-tendered and free-agent replacements available that winter at known prices; baseline=tender if projected WAR per dollar beats a club threshold; intervention=a replacement-market forecaster backtested on which past non-tendered players signed, at what price and with what next-season output.",
        "condition": "dream",
        "trust": "UNVERIFIED",
        "status": "UNRESOLVED",
        "authority": {
          "type": "ADVISORY",
          "executable": false
        },
        "claims": [
          {
            "id": "hd-20261009-211812-efe1740f0c77/candidates/0/0/idea/3/claim/1",
            "candidate_id": "hd-20261009-211812-efe1740f0c77/candidates/0/0/idea/3",
            "kind": "IDEA",
            "text": "Problem=non-tender and tender decisions; owner=GM; decision=tender or non-tender arbitration-eligible players at the late-November or early-December deadline; value at stake=projected arbitration salary versus the cost of replacing the player on the open market; mechanism=pair projected arbitration salaries with a forecast of comparable non-tendered and free-agent replacements available that winter at known prices; baseline=tender if projected WAR per dollar beats a club threshold; intervention=a replacement-market forecaster backtested on which past non-tendered players signed, at what price and with what next-season output.",
            "status": "UNVERIFIED",
            "extractor": "line_grammar/v1"
          }
        ],
        "evidence_refs": [
          "objective_context"
        ],
        "assumptions": [
          "Public extension terms such as guarantees, option years and buyouts are reported completely and accurately enough to reconstruct contract value.",
          "The edge comes from timing and price, but the player's willingness to sign may dominate any club-side model.",
          "Clubs likely already run contract surplus models, so the marginal edge may be small.",
          "Public hearing outcomes, filing figures and settlements are recorded consistently across years.",
          "The number of hearings per year may be too small for a reliable model, which caps the edge.",
          "Specialized arbitration staff and outside firms likely already hold this knowledge, so clubs may be ahead.",
          "The non-tender market is predictable enough in size and quality from public information available in late November.",
          "This overlaps the roster-rules family, so it must show a distinct valuation edge to count as new.",
          "Public slot values and signed bonuses are available historically, but true asking prices are private, which limits the training labels.",
          "Career value from the draft takes years to observe, so a retrospective test may only validate bonus prediction, not talent selection.",
          "Most clubs already use pool-manipulation strategies, so the remaining edge may be thin.",
          "Public box-score-level college data covers enough games and opponents to estimate strength of schedule.",
          "Clubs with private college tracking data are likely already ahead, so this may matter only for low-coverage conferences.",
          "Like the minor-league free agent result, a \"recent MLB time\" rule may already capture most value, which would make this low-ceiling.",
          "Waiver priority and other clubs' claims limit the club's access to the top-ranked players.",
          "Public playoff-odds models are close enough to private ones that the edge lies in pricing discipline rather than better forecasts.",
          "Prospect value at trade time is hard to label retrospectively without hindsight bias.",
          "This may overlap the travel and rest planning family and must be framed specifically around day-night sequencing to be distinct.",
          "The effect may be too small or too noisy to detect in public data.",
          "Dynamic ticket pricing vendors already capture most of the available revenue edge for MLB clubs.",
          "Lineup-order optimization yields a marginal gain that is unlikely to justify new software.",
          "The current collective bargaining agreement expires around this offseason; this is unverified and must be confirmed.",
          "A retrospective test is only partly possible, by replaying past agreement transitions, which may be too few to validate."
        ],
        "unresolved_issues": [
          "Public extension terms such as guarantees, option years and buyouts are reported completely and accurately enough to reconstruct contract value.",
          "The edge comes from timing and price, but the player's willingness to sign may dominate any club-side model.",
          "Clubs likely already run contract surplus models, so the marginal edge may be small.",
          "Public hearing outcomes, filing figures and settlements are recorded consistently across years.",
          "The number of hearings per year may be too small for a reliable model, which caps the edge.",
          "Specialized arbitration staff and outside firms likely already hold this knowledge, so clubs may be ahead.",
          "The non-tender market is predictable enough in size and quality from public information available in late November.",
          "This overlaps the roster-rules family, so it must show a distinct valuation edge to count as new.",
          "Public slot values and signed bonuses are available historically, but true asking prices are private, which limits the training labels.",
          "Career value from the draft takes years to observe, so a retrospective test may only validate bonus prediction, not talent selection.",
          "Most clubs already use pool-manipulation strategies, so the remaining edge may be thin.",
          "Public box-score-level college data covers enough games and opponents to estimate strength of schedule.",
          "Clubs with private college tracking data are likely already ahead, so this may matter only for low-coverage conferences.",
          "Like the minor-league free agent result, a \"recent MLB time\" rule may already capture most value, which would make this low-ceiling.",
          "Waiver priority and other clubs' claims limit the club's access to the top-ranked players.",
          "Public playoff-odds models are close enough to private ones that the edge lies in pricing discipline rather than better forecasts.",
          "Prospect value at trade time is hard to label retrospectively without hindsight bias.",
          "This may overlap the travel and rest planning family and must be framed specifically around day-night sequencing to be distinct.",
          "The effect may be too small or too noisy to detect in public data.",
          "Dynamic ticket pricing vendors already capture most of the available revenue edge for MLB clubs.",
          "Lineup-order optimization yields a marginal gain that is unlikely to justify new software.",
          "The current collective bargaining agreement expires around this offseason; this is unverified and must be confirmed.",
          "A retrospective test is only partly possible, by replaying past agreement transitions, which may be too few to validate.",
          "Problem=pre-arbitration extension timing; owner=GM and baseball operations contract staff; decision=whether, when, and at what price to offer long-term extensions to players with under three years of service, recurring each spring and offseason; value at stake=multi-year salary commitments plus surplus value if the player outperforms the deal; mechanism=model a player's arbitration salary path and free-agent value under uncertainty using public performance, service time and past extension terms, then price the option value of waiting one more season; baseline=negotiate from recent comparable extensions and agent anchors; intervention=a retrospective simulator that replays past public extensions against \"wait one year\" counterfactuals.",
          "public_extension_dataset_completeness",
          "post_2026_cba_service_time_rules",
          "Problem=salary arbitration filing and hearing strategy; owner=baseball operations and legal or contract staff; decision=the filing number and whether to go \"file-and-trial\" or settle, made each January; value at stake=individual awards across the arbitration-eligible roster, plus effects on later raises because arbitration salaries compound; mechanism=predict the panel outcome from the public history of hearings, filing midpoints and the platform statistics panels historically reward, and quantify the expected value of settling versus a hearing; baseline=midpoint settlement using comparables chosen by staff; intervention=a hearing-outcome predictor tested on public hearing records.",
          "annual_hearing_count_sample_size",
          "post_2026_cba_arbitration_rules",
          "Problem=non-tender and tender decisions; owner=GM; decision=tender or non-tender arbitration-eligible players at the late-November or early-December deadline; value at stake=projected arbitration salary versus the cost of replacing the player on the open market; mechanism=pair projected arbitration salaries with a forecast of comparable non-tendered and free-agent replacements available that winter at known prices; baseline=tender if projected WAR per dollar beats a club threshold; intervention=a replacement-market forecaster backtested on which past non-tendered players signed, at what price and with what next-season output.",
          "historical_nontender_signing_outcomes_dataset",
          "Problem=amateur draft bonus pool allocation; owner=amateur scouting director; decision=draft order and bonus allocation across the first ten rounds, made each July; value at stake=pool dollars, the risk of exceeding the pool, and value from later rounds; mechanism=model signability and likely bonus relative to slot from public signals such as college eligibility year, prior draft status and public commitments, so the club can spend under slot early and redirect money to later high-ceiling picks; baseline=board ranking plus area scout signability notes; intervention=a signability and bonus predictor backtested on public draft bonus data.",
          "post_2026_cba_draft_and_pool_rules",
          "public_signability_signal_quality",
          "Problem=college hitter evaluation across uneven competition; owner=amateur scouting director; decision=pre-draft board ranking each spring; value at stake=early-round picks with high expected surplus; mechanism=adjust public college statistics for opponent strength, park and conference, then test which adjustments best predicted later professional outcomes for past draft classes; baseline=raw college statistics plus scout grades; intervention=a strength-of-schedule adjustment layer with retrospective validation against minor-league outcomes.",
          "public_college_data_coverage_by_conference",
          "Problem=waiver claim and designated-for-assignment pickup decisions; owner=pro scouting and GM; decision=whether to claim or trade for players designated for assignment, happening throughout the year in a recurring stream; value at stake=low acquisition cost per player but high frequency, with occasional breakout players; mechanism=rank DFA players at the time of designation using only public data available then, such as underlying contact quality, velocity trends and option status, and target players whose skills are undervalued by their surface results; baseline=claim if the player fits a 40-man need and has recent MLB time; intervention=a dated-snapshot ranker backtested on public transaction logs.",
          "historical_dfa_outcome_base_rate",
          "Problem=the trade-deadline buy, sell or hold posture; owner=president of baseball operations; decision=posture and the price of rentals in late July; value at stake=prospect capital spent versus a change in playoff probability; mechanism=translate marginal WAR into change in playoff and series-win probability under the current playoff format, using public projection systems, and price acquisitions per point of playoff odds; baseline=a judgment of standings position plus playoff-odds websites; intervention=a marginal playoff-value calculator backtested on public deadline trades.",
          "public_prospect_value_at_trade_time_dataset",
          "Problem=day-game-heavy home scheduling effects on player performance; owner=manager and performance staff; decision=rest days and lineup choices around day games after night games, made weekly in season; value at stake=small per game but recurring across the season; mechanism=estimate from public game logs whether performance drops in day-after-night games and whether rest timing reduces the drop; baseline=veteran rest by feel and fixed rest rotations; intervention=a rest-scheduling recommender tested on public game-level history.",
          "day_after_night_performance_effect_size",
          "Problem=places where software is likely unnecessary or clubs and vendors are already ahead; owner=business operations; decision=dynamic ticket pricing, concessions demand forecasting and lineup batting order; value at stake=real for ticketing, small for batting order; mechanism=none clearly available to a new public-data tool, since ticketing vendors already run dynamic pricing and batting-order gains are known to be small; baseline=existing vendor platforms and conventional lineup heuristics; intervention=deprioritize these.",
          "club_specific_ticketing_vendor_capabilities",
          "Problem=a rules-transition scenario engine; owner=president of baseball operations; decision=contract structures, arbitration and draft strategy across an expected collective bargaining transition, at a one-time but high-stakes moment this offseason; value at stake=multiple contract and roster decisions made under rule uncertainty; mechanism=simulate outcomes under several plausible rule scenarios so commitments made now are robust to rule changes; baseline=wait for the new agreement or rely on legal staff judgment; intervention=a scenario model that reprices extensions, qualifying offers and pool strategy under each rule set.",
          "none_identified_no_evidence_supplied",
          "cba_expiration_date_verification",
          "cubs_private_models_and_practices"
        ],
        "contradictions": [],
        "verified_constraints": [],
        "provenance": {
          "run_id": "hd-20261009-211812-efe1740f0c77",
          "producer_component": "howldream",
          "producer_version": "0.4.4",
          "model_or_provider": "claude-opus-5-5",
          "observation_kind": "EXTERNALLY_OBSERVED",
          "created_at": "2026-10-09T21:24:32.107168+00:00",
          "transformations": [
            "generated",
            "idea_unit_selection"
          ],
          "participation": [
            {
              "operation": "GENERATED",
              "transforming_component": "howldream",
              "origin_component": "howldream",
              "origin_provider": "claude",
              "origin_model": "claude-opus-5-5",
              "subject_count": 1,
              "inference_occurred": true,
              "note": "Dream prompted the provider; the provider authored the text."
            },
            {
              "operation": "CLUSTERED",
              "transforming_component": "howldream",
              "origin_component": "howldream",
              "origin_provider": null,
              "origin_model": null,
              "subject_count": 53,
              "inference_occurred": false,
              "note": "Deterministic concept-token clustering; no inference."
            },
            {
              "operation": "SELECTED",
              "transforming_component": "howldream",
              "origin_component": "howldream",
              "origin_provider": "claude",
              "origin_model": "claude-opus-5-5",
              "subject_count": 1,
              "inference_occurred": false,
              "note": "Operator selected this idea unit through `howldream export`."
            }
          ],
          "request_id": "cubs-r003-p1-divergent",
          "originating_component": "operator",
          "execution": {
            "requested_provider": "command",
            "selected_provider": "command",
            "actual_provider": "claude",
            "adapter": "claude-json",
            "model": "claude-opus-5-5",
            "requested_model": "claude-opus-5-5",
            "deterministic": false,
            "mocked": false,
            "inference_occurred": true,
            "remote": true,
            "remote_observation": "OPERATOR_DECLARED",
            "fallback_reason": null,
            "elapsed_seconds": 56.089120525,
            "usage": {
              "input_tokens": 2,
              "cache_creation_input_tokens": 1721,
              "cache_read_input_tokens": 0,
              "output_tokens": 4239,
              "output_tokens_details": {
                "thinking_tokens": 959
              },
              "server_tool_use": {
                "web_search_requests": 0,
                "web_fetch_requests": 0
              },
              "cache_creation": {
                "ephemeral_1h_input_tokens": 1721,
                "ephemeral_5m_input_tokens": 0
              }
            },
            "cost": 0.09855599999999999,
            "request_id": "ecad0590-99c8-4b02-8f76-f4c1999075d7",
            "raw_output_received": true,
            "parse_status": "VALID",
            "repair_attempted": false,
            "sampling": null
          },
          "source_candidate_refs": [],
          "source_candidates_location": "exploration_envelope.json#/provenance/source_candidates",
          "hard_constraints": [
            "Do not assume the problem or the solution.",
            "Lawfully accessible public, historical, or clearly labeled synthetic data only.",
            "Do not invent private Chicago Cubs information or statistics.",
            "Distinguish fact, assumption, hypothesis, and speculation."
          ],
          "constraint_scope": "UNVERIFIED_GENERATION_GUIDANCE",
          "purpose": "discovery",
          "candidate_index": 0,
          "trial": 0,
          "prompt_hash": "ca62b50a13d8024f61fb1769f5609e36f7058d8d53a04379b45f97e1a96c4d57",
          "output_hash": "ad5190e40727b83f287bf3d71b7f778f334bc4104316d257973ffdc7537c2016",
          "selection": {
            "selected_by": "operator",
            "operation": "SELECTED",
            "via": "howldream export"
          },
          "parent_candidate_id": "hd-20261009-211812-efe1740f0c77/candidates/0/0",
          "source_unit": {
            "id": "hd-20261009-211812-efe1740f0c77/candidates/0/0/idea/3",
            "source_span": [
              2326,
              2965
            ],
            "source_hash": "ad5190e40727b83f287bf3d71b7f778f334bc4104316d257973ffdc7537c2016",
            "cluster": "cluster-1"
          },
          "parent_verification_ref": "verification.jsonl#candidate=hd-20261009-211812-efe1740f0c77/candidates/0/0",
          "unit_selection_scope": "Single IDEA line; batch assumptions/unresolved issues retained without claim-specific association. Parent rejection/contradiction gates retained."
        }
      },
      {
        "schema_version": "howl.candidate/v1",
        "candidate_id": "hd-20261009-211812-efe1740f0c77/candidates/0/1/idea/1",
        "source_run_id": "hd-20261009-211812-efe1740f0c77",
        "parent_request_id": "cubs-r003-p1-divergent",
        "objective": "Where could software create a meaningful baseball advantage for the Chicago Cubs? The current date is early October 2026, in the Cubs' offseason (their 2026 season ended in the Wild Card Series). A prior experiment found that triaging the November minor-league free-agent pool offers little: the low-attention pool holds under one next-season contributor per club per year, and a simple 'played in MLB last year' rule already finds most value. Prefer recurring decisions where the value at stake is large enough to matter, where public information available at decision time could plausibly beat a simple rule, and where a retrospective test on public history is possible. Consider front office, player development, scouting, coaching and business-of-baseball decisions, and name where software is unnecessary or clubs are already ahead. OUTPUT GUIDANCE (format only): Each IDEA names one problem, the decision owner, the concrete recurring decision and its timing, the size of value at stake, the mechanism of advantage, the simple baseline a club already uses, and the software intervention. Follow with ASSUMPTION and UNKNOWN lines. Do not invent statistics or private Cubs information.",
        "text": "IDEA: Qualifying offer decisions; owner: GM/president of baseball operations; decision: whether to extend a qualifying offer to each eligible departing free agent, made yearly in the days after the World Series; value at stake: a one-year salary at the QO amount if accepted versus a compensation draft pick if declined; mechanism: estimate acceptance probability and market AAV from public signals at decision time (age, recent WAR, injury history, agent, market depth at the position) instead of a binary rule; baseline: offer when expected market AAV clearly exceeds the QO amount; software: a calibrated acceptance and market-value model backtested on public QO outcomes since the system began.",
        "condition": "dream",
        "trust": "UNVERIFIED",
        "status": "UNRESOLVED",
        "authority": {
          "type": "ADVISORY",
          "executable": false
        },
        "claims": [
          {
            "id": "hd-20261009-211812-efe1740f0c77/candidates/0/1/idea/1/claim/1",
            "candidate_id": "hd-20261009-211812-efe1740f0c77/candidates/0/1/idea/1",
            "kind": "IDEA",
            "text": "Qualifying offer decisions; owner: GM/president of baseball operations; decision: whether to extend a qualifying offer to each eligible departing free agent, made yearly in the days after the World Series; value at stake: a one-year salary at the QO amount if accepted versus a compensation draft pick if declined; mechanism: estimate acceptance probability and market AAV from public signals at decision time (age, recent WAR, injury history, agent, market depth at the position) instead of a binary rule; baseline: offer when expected market AAV clearly exceeds the QO amount; software: a calibrated acceptance and market-value model backtested on public QO outcomes since the system began.",
            "status": "UNVERIFIED",
            "extractor": "line_grammar/v1"
          }
        ],
        "evidence_refs": [
          "objective_context"
        ],
        "assumptions": [
          "The QO decision may overlap previously explored arbitration or free-agent commitment families, so its novelty needs checking before investment.",
          "Public QO history has few cases per year, so a model may not separate from an experienced executive's judgment.",
          "The value of the compensation pick depends on the club's revenue-sharing and tax status under the CBA, which must be verified rather than assumed.",
          "The decision only recurs when the club qualifies, so annual expected value is discounted by playoff probability.",
          "Counterfactual roster value cannot be observed directly, so the retrospective test relies on simulation that may embed the same biases it is meant to test.",
          "Contending clubs likely already run such simulations internally, which would make the edge small.",
          "Coach effects may be confounded by roster turnover, front-office philosophy, and regression to the mean, making them unidentifiable from public data.",
          "Public staff records may be incomplete or inconsistently dated, especially for assistant and minor-league roles.",
          "This is unconventional precisely because it may not work, and a null result would itself be useful for avoiding overpaying for perceived coaching reputations.",
          "The per-attempt run value is small, so a season-level gain may be a fraction of a win.",
          "Leading clubs likely already exploit this, which would leave limited edge.",
          "Pitcher time-to-plate data may not be fully public, which would weaken the model.",
          "This may overlap the explored travel and rest planning family, which would need deduplication.",
          "The effects of rest days are confounded by selection, since teams rest pitchers who already show fatigue.",
          "The value is probably small and clubs likely already have such tools, so this may be a case where software adds little.",
          "Catcher framing value is likely to shrink under the ABS challenge system, so framing-based catcher decisions should be checked against the explored ABS family."
        ],
        "unresolved_issues": [
          "The QO decision may overlap previously explored arbitration or free-agent commitment families, so its novelty needs checking before investment.",
          "Public QO history has few cases per year, so a model may not separate from an experienced executive's judgment.",
          "The value of the compensation pick depends on the club's revenue-sharing and tax status under the CBA, which must be verified rather than assumed.",
          "The decision only recurs when the club qualifies, so annual expected value is discounted by playoff probability.",
          "Counterfactual roster value cannot be observed directly, so the retrospective test relies on simulation that may embed the same biases it is meant to test.",
          "Contending clubs likely already run such simulations internally, which would make the edge small.",
          "Coach effects may be confounded by roster turnover, front-office philosophy, and regression to the mean, making them unidentifiable from public data.",
          "Public staff records may be incomplete or inconsistently dated, especially for assistant and minor-league roles.",
          "This is unconventional precisely because it may not work, and a null result would itself be useful for avoiding overpaying for perceived coaching reputations.",
          "The per-attempt run value is small, so a season-level gain may be a fraction of a win.",
          "Leading clubs likely already exploit this, which would leave limited edge.",
          "Pitcher time-to-plate data may not be fully public, which would weaken the model.",
          "This may overlap the explored travel and rest planning family, which would need deduplication.",
          "The effects of rest days are confounded by selection, since teams rest pitchers who already show fatigue.",
          "The value is probably small and clubs likely already have such tools, so this may be a case where software adds little.",
          "Catcher framing value is likely to shrink under the ABS challenge system, so framing-based catcher decisions should be checked against the explored ABS family.",
          "Qualifying offer decisions; owner: GM/president of baseball operations; decision: whether to extend a qualifying offer to each eligible departing free agent, made yearly in the days after the World Series; value at stake: a one-year salary at the QO amount if accepted versus a compensation draft pick if declined; mechanism: estimate acceptance probability and market AAV from public signals at decision time (age, recent WAR, injury history, agent, market depth at the position) instead of a binary rule; baseline: offer when expected market AAV clearly exceeds the QO amount; software: a calibrated acceptance and market-value model backtested on public QO outcomes since the system began.",
          "cubs_qo_eligible_players_2026",
          "current_qo_amount_2026",
          "historical_qo_acceptance_count_by_year",
          "Postseason series roster construction; owner: baseball operations plus manager; decision: choosing the 26-man roster for each playoff round, made in the days before each series; value at stake: elimination games where a single roster slot such as a pinch runner, an extra reliever, or a platoon bat can swing leverage; mechanism: simulate the series using the opponent's projected starters, bullpen depth, and handedness mix to value marginal slots; baseline: carry the regular-season active roster with minor swaps based on health and intuition; software: a series-specific roster optimizer, backtested by replaying public postseason rosters against their alternatives.",
          "public_postseason_roster_archive_completeness",
          "measured_win_probability_value_of_marginal_postseason_slot",
          "Coaching hire evaluation; owner: president of baseball operations and manager; decision: hiring or retaining major-league and upper-minors hitting, pitching, and assistant coaches, made mainly in October and November; value at stake: staff who may influence many players at once across multiple seasons; mechanism: estimate a coach-associated change in player outcomes (for example plate discipline or pitch-mix shifts) from public data across all clubs when coaches move between organizations; baseline: reputation, referrals, and interviews; software: a coach-movement panel built from public staff announcements linked to player-level Statcast changes, with controls for aging and regression.",
          "public_coaching_staff_history_dataset",
          "detectable_coach_effect_size",
          "Stolen-base attempt policy under pitch-clock and disengagement limits; owner: manager and first-base and third-base coaches; decision: green-light or hold calls by runner, pitcher, catcher, count, and disengagement state, made every game; value at stake: run expectancy from many attempts over a season; mechanism: combine public sprint speed, catcher pop time, pitcher pickoff and disengagement history, and count to estimate break-even success probability in each situation; baseline: give fast runners a standing green light and hold everyone else; software: a situational attempt chart, backtested on public play-by-play and Statcast baserunning data since the 2023 rule changes.",
          "public_pitcher_time_to_plate_availability",
          "league_sb_breakeven_by_disengagement_state",
          "Rotation sequencing around off-days; owner: manager and pitching coach; decision: whether to keep a strict rotation order, skip a starter, or insert a sixth starter around scheduled off-days, made weekly during the season; value at stake: allocation of starts among starters of different quality, plus fatigue costs; mechanism: model the quality gained by giving the best starters more starts against public evidence of rest-day effects on velocity and results; baseline: a fixed five-man order, with skips only for injury; software: a schedule-aware start allocator, backtested on public game logs and Statcast velocity by days of rest.",
          "public_rest_day_velocity_effect_estimate",
          "Pinch-hitting and defensive substitution timing; owner: manager; decision: when to use a bench bat or defensive replacement in late innings, made daily; value at stake: win probability added in high-leverage situations; mechanism: compare the leverage-weighted value of using a bench player now against keeping him for a likely later spot; baseline: platoon-advantage substitutions plus routine late-inning defensive swaps; software: an in-game bench-usage model, backtested on public play-by-play by replaying substitution decisions.",
          "Lineup batting-order optimization; this is likely a domain where software is unnecessary, because public research suggests the gap between a sensible order and an optimal one is small.",
          "Spring training statistics; this is likely a domain where software is unnecessary, because samples are small and opponent quality varies, so the simple baseline of largely ignoring spring results is hard to beat.",
          "cubs_internal_tools_in_any_family",
          "supplied_evidence_for_any_claim"
        ],
        "contradictions": [],
        "verified_constraints": [],
        "provenance": {
          "run_id": "hd-20261009-211812-efe1740f0c77",
          "producer_component": "howldream",
          "producer_version": "0.4.4",
          "model_or_provider": "claude-opus-5-5",
          "observation_kind": "EXTERNALLY_OBSERVED",
          "created_at": "2026-10-09T21:24:32.107490+00:00",
          "transformations": [
            "generated",
            "idea_unit_selection"
          ],
          "participation": [
            {
              "operation": "GENERATED",
              "transforming_component": "howldream",
              "origin_component": "howldream",
              "origin_provider": "claude",
              "origin_model": "claude-opus-5-5",
              "subject_count": 1,
              "inference_occurred": true,
              "note": "Dream prompted the provider; the provider authored the text."
            },
            {
              "operation": "CLUSTERED",
              "transforming_component": "howldream",
              "origin_component": "howldream",
              "origin_provider": null,
              "origin_model": null,
              "subject_count": 53,
              "inference_occurred": false,
              "note": "Deterministic concept-token clustering; no inference."
            },
            {
              "operation": "SELECTED",
              "transforming_component": "howldream",
              "origin_component": "howldream",
              "origin_provider": "claude",
              "origin_model": "claude-opus-5-5",
              "subject_count": 1,
              "inference_occurred": false,
              "note": "Operator selected this idea unit through `howldream export`."
            }
          ],
          "request_id": "cubs-r003-p1-divergent",
          "originating_component": "operator",
          "execution": {
            "requested_provider": "command",
            "selected_provider": "command",
            "actual_provider": "claude",
            "adapter": "claude-json",
            "model": "claude-opus-5-5",
            "requested_model": "claude-opus-5-5",
            "deterministic": false,
            "mocked": false,
            "inference_occurred": true,
            "remote": true,
            "remote_observation": "OPERATOR_DECLARED",
            "fallback_reason": null,
            "elapsed_seconds": 48.513275393000185,
            "usage": {
              "input_tokens": 2,
              "cache_creation_input_tokens": 1991,
              "cache_read_input_tokens": 0,
              "output_tokens": 4156,
              "output_tokens_details": {
                "thinking_tokens": 1778
              },
              "server_tool_use": {
                "web_search_requests": 0,
                "web_fetch_requests": 0
              },
              "cache_creation": {
                "ephemeral_1h_input_tokens": 1991,
                "ephemeral_5m_input_tokens": 0
              }
            },
            "cost": 0.09905599999999999,
            "request_id": "33fe733e-5e9f-4ea7-9e63-91fe19d854ff",
            "raw_output_received": true,
            "parse_status": "VALID",
            "repair_attempted": false,
            "sampling": null
          },
          "source_candidate_refs": [],
          "source_candidates_location": "exploration_envelope.json#/provenance/source_candidates",
          "hard_constraints": [
            "Do not assume the problem or the solution.",
            "Lawfully accessible public, historical, or clearly labeled synthetic data only.",
            "Do not invent private Chicago Cubs information or statistics.",
            "Distinguish fact, assumption, hypothesis, and speculation."
          ],
          "constraint_scope": "UNVERIFIED_GENERATION_GUIDANCE",
          "purpose": "discovery",
          "candidate_index": 1,
          "trial": 0,
          "prompt_hash": "4f2e3c9e6ebc7f12e5531140b9a074e83b0fa2019ff9ac8bb0e72efe8ff9732d",
          "output_hash": "8b2e84e118a2d0e562ffeca33eb7db0f42198d4c348521d463f4d16f2ab4c8d8",
          "selection": {
            "selected_by": "operator",
            "operation": "SELECTED",
            "via": "howldream export"
          },
          "parent_candidate_id": "hd-20261009-211812-efe1740f0c77/candidates/0/1",
          "source_unit": {
            "id": "hd-20261009-211812-efe1740f0c77/candidates/0/1/idea/1",
            "source_span": [
              0,
              698
            ],
            "source_hash": "8b2e84e118a2d0e562ffeca33eb7db0f42198d4c348521d463f4d16f2ab4c8d8",
            "cluster": "cluster-1"
          },
          "parent_verification_ref": "verification.jsonl#candidate=hd-20261009-211812-efe1740f0c77/candidates/0/1",
          "unit_selection_scope": "Single IDEA line; batch assumptions/unresolved issues retained without claim-specific association. Parent rejection/contradiction gates retained."
        }
      },
      {
        "schema_version": "howl.candidate/v1",
        "candidate_id": "hd-20261009-211812-efe1740f0c77/candidates/0/1/idea/3",
        "source_run_id": "hd-20261009-211812-efe1740f0c77",
        "parent_request_id": "cubs-r003-p1-divergent",
        "objective": "Where could software create a meaningful baseball advantage for the Chicago Cubs? The current date is early October 2026, in the Cubs' offseason (their 2026 season ended in the Wild Card Series). A prior experiment found that triaging the November minor-league free-agent pool offers little: the low-attention pool holds under one next-season contributor per club per year, and a simple 'played in MLB last year' rule already finds most value. Prefer recurring decisions where the value at stake is large enough to matter, where public information available at decision time could plausibly beat a simple rule, and where a retrospective test on public history is possible. Consider front office, player development, scouting, coaching and business-of-baseball decisions, and name where software is unnecessary or clubs are already ahead. OUTPUT GUIDANCE (format only): Each IDEA names one problem, the decision owner, the concrete recurring decision and its timing, the size of value at stake, the mechanism of advantage, the simple baseline a club already uses, and the software intervention. Follow with ASSUMPTION and UNKNOWN lines. Do not invent statistics or private Cubs information.",
        "text": "IDEA: Coaching hire evaluation; owner: president of baseball operations and manager; decision: hiring or retaining major-league and upper-minors hitting, pitching, and assistant coaches, made mainly in October and November; value at stake: staff who may influence many players at once across multiple seasons; mechanism: estimate a coach-associated change in player outcomes (for example plate discipline or pitch-mix shifts) from public data across all clubs when coaches move between organizations; baseline: reputation, referrals, and interviews; software: a coach-movement panel built from public staff announcements linked to player-level Statcast changes, with controls for aging and regression.",
        "condition": "dream",
        "trust": "UNVERIFIED",
        "status": "UNRESOLVED",
        "authority": {
          "type": "ADVISORY",
          "executable": false
        },
        "claims": [
          {
            "id": "hd-20261009-211812-efe1740f0c77/candidates/0/1/idea/3/claim/1",
            "candidate_id": "hd-20261009-211812-efe1740f0c77/candidates/0/1/idea/3",
            "kind": "IDEA",
            "text": "Coaching hire evaluation; owner: president of baseball operations and manager; decision: hiring or retaining major-league and upper-minors hitting, pitching, and assistant coaches, made mainly in October and November; value at stake: staff who may influence many players at once across multiple seasons; mechanism: estimate a coach-associated change in player outcomes (for example plate discipline or pitch-mix shifts) from public data across all clubs when coaches move between organizations; baseline: reputation, referrals, and interviews; software: a coach-movement panel built from public staff announcements linked to player-level Statcast changes, with controls for aging and regression.",
            "status": "UNVERIFIED",
            "extractor": "line_grammar/v1"
          }
        ],
        "evidence_refs": [
          "objective_context"
        ],
        "assumptions": [
          "The QO decision may overlap previously explored arbitration or free-agent commitment families, so its novelty needs checking before investment.",
          "Public QO history has few cases per year, so a model may not separate from an experienced executive's judgment.",
          "The value of the compensation pick depends on the club's revenue-sharing and tax status under the CBA, which must be verified rather than assumed.",
          "The decision only recurs when the club qualifies, so annual expected value is discounted by playoff probability.",
          "Counterfactual roster value cannot be observed directly, so the retrospective test relies on simulation that may embed the same biases it is meant to test.",
          "Contending clubs likely already run such simulations internally, which would make the edge small.",
          "Coach effects may be confounded by roster turnover, front-office philosophy, and regression to the mean, making them unidentifiable from public data.",
          "Public staff records may be incomplete or inconsistently dated, especially for assistant and minor-league roles.",
          "This is unconventional precisely because it may not work, and a null result would itself be useful for avoiding overpaying for perceived coaching reputations.",
          "The per-attempt run value is small, so a season-level gain may be a fraction of a win.",
          "Leading clubs likely already exploit this, which would leave limited edge.",
          "Pitcher time-to-plate data may not be fully public, which would weaken the model.",
          "This may overlap the explored travel and rest planning family, which would need deduplication.",
          "The effects of rest days are confounded by selection, since teams rest pitchers who already show fatigue.",
          "The value is probably small and clubs likely already have such tools, so this may be a case where software adds little.",
          "Catcher framing value is likely to shrink under the ABS challenge system, so framing-based catcher decisions should be checked against the explored ABS family."
        ],
        "unresolved_issues": [
          "The QO decision may overlap previously explored arbitration or free-agent commitment families, so its novelty needs checking before investment.",
          "Public QO history has few cases per year, so a model may not separate from an experienced executive's judgment.",
          "The value of the compensation pick depends on the club's revenue-sharing and tax status under the CBA, which must be verified rather than assumed.",
          "The decision only recurs when the club qualifies, so annual expected value is discounted by playoff probability.",
          "Counterfactual roster value cannot be observed directly, so the retrospective test relies on simulation that may embed the same biases it is meant to test.",
          "Contending clubs likely already run such simulations internally, which would make the edge small.",
          "Coach effects may be confounded by roster turnover, front-office philosophy, and regression to the mean, making them unidentifiable from public data.",
          "Public staff records may be incomplete or inconsistently dated, especially for assistant and minor-league roles.",
          "This is unconventional precisely because it may not work, and a null result would itself be useful for avoiding overpaying for perceived coaching reputations.",
          "The per-attempt run value is small, so a season-level gain may be a fraction of a win.",
          "Leading clubs likely already exploit this, which would leave limited edge.",
          "Pitcher time-to-plate data may not be fully public, which would weaken the model.",
          "This may overlap the explored travel and rest planning family, which would need deduplication.",
          "The effects of rest days are confounded by selection, since teams rest pitchers who already show fatigue.",
          "The value is probably small and clubs likely already have such tools, so this may be a case where software adds little.",
          "Catcher framing value is likely to shrink under the ABS challenge system, so framing-based catcher decisions should be checked against the explored ABS family.",
          "Qualifying offer decisions; owner: GM/president of baseball operations; decision: whether to extend a qualifying offer to each eligible departing free agent, made yearly in the days after the World Series; value at stake: a one-year salary at the QO amount if accepted versus a compensation draft pick if declined; mechanism: estimate acceptance probability and market AAV from public signals at decision time (age, recent WAR, injury history, agent, market depth at the position) instead of a binary rule; baseline: offer when expected market AAV clearly exceeds the QO amount; software: a calibrated acceptance and market-value model backtested on public QO outcomes since the system began.",
          "cubs_qo_eligible_players_2026",
          "current_qo_amount_2026",
          "historical_qo_acceptance_count_by_year",
          "Postseason series roster construction; owner: baseball operations plus manager; decision: choosing the 26-man roster for each playoff round, made in the days before each series; value at stake: elimination games where a single roster slot such as a pinch runner, an extra reliever, or a platoon bat can swing leverage; mechanism: simulate the series using the opponent's projected starters, bullpen depth, and handedness mix to value marginal slots; baseline: carry the regular-season active roster with minor swaps based on health and intuition; software: a series-specific roster optimizer, backtested by replaying public postseason rosters against their alternatives.",
          "public_postseason_roster_archive_completeness",
          "measured_win_probability_value_of_marginal_postseason_slot",
          "Coaching hire evaluation; owner: president of baseball operations and manager; decision: hiring or retaining major-league and upper-minors hitting, pitching, and assistant coaches, made mainly in October and November; value at stake: staff who may influence many players at once across multiple seasons; mechanism: estimate a coach-associated change in player outcomes (for example plate discipline or pitch-mix shifts) from public data across all clubs when coaches move between organizations; baseline: reputation, referrals, and interviews; software: a coach-movement panel built from public staff announcements linked to player-level Statcast changes, with controls for aging and regression.",
          "public_coaching_staff_history_dataset",
          "detectable_coach_effect_size",
          "Stolen-base attempt policy under pitch-clock and disengagement limits; owner: manager and first-base and third-base coaches; decision: green-light or hold calls by runner, pitcher, catcher, count, and disengagement state, made every game; value at stake: run expectancy from many attempts over a season; mechanism: combine public sprint speed, catcher pop time, pitcher pickoff and disengagement history, and count to estimate break-even success probability in each situation; baseline: give fast runners a standing green light and hold everyone else; software: a situational attempt chart, backtested on public play-by-play and Statcast baserunning data since the 2023 rule changes.",
          "public_pitcher_time_to_plate_availability",
          "league_sb_breakeven_by_disengagement_state",
          "Rotation sequencing around off-days; owner: manager and pitching coach; decision: whether to keep a strict rotation order, skip a starter, or insert a sixth starter around scheduled off-days, made weekly during the season; value at stake: allocation of starts among starters of different quality, plus fatigue costs; mechanism: model the quality gained by giving the best starters more starts against public evidence of rest-day effects on velocity and results; baseline: a fixed five-man order, with skips only for injury; software: a schedule-aware start allocator, backtested on public game logs and Statcast velocity by days of rest.",
          "public_rest_day_velocity_effect_estimate",
          "Pinch-hitting and defensive substitution timing; owner: manager; decision: when to use a bench bat or defensive replacement in late innings, made daily; value at stake: win probability added in high-leverage situations; mechanism: compare the leverage-weighted value of using a bench player now against keeping him for a likely later spot; baseline: platoon-advantage substitutions plus routine late-inning defensive swaps; software: an in-game bench-usage model, backtested on public play-by-play by replaying substitution decisions.",
          "Lineup batting-order optimization; this is likely a domain where software is unnecessary, because public research suggests the gap between a sensible order and an optimal one is small.",
          "Spring training statistics; this is likely a domain where software is unnecessary, because samples are small and opponent quality varies, so the simple baseline of largely ignoring spring results is hard to beat.",
          "cubs_internal_tools_in_any_family",
          "supplied_evidence_for_any_claim"
        ],
        "contradictions": [],
        "verified_constraints": [],
        "provenance": {
          "run_id": "hd-20261009-211812-efe1740f0c77",
          "producer_component": "howldream",
          "producer_version": "0.4.4",
          "model_or_provider": "claude-opus-5-5",
          "observation_kind": "EXTERNALLY_OBSERVED",
          "created_at": "2026-10-09T21:24:32.107490+00:00",
          "transformations": [
            "generated",
            "idea_unit_selection"
          ],
          "participation": [
            {
              "operation": "GENERATED",
              "transforming_component": "howldream",
              "origin_component": "howldream",
              "origin_provider": "claude",
              "origin_model": "claude-opus-5-5",
              "subject_count": 1,
              "inference_occurred": true,
              "note": "Dream prompted the provider; the provider authored the text."
            },
            {
              "operation": "CLUSTERED",
              "transforming_component": "howldream",
              "origin_component": "howldream",
              "origin_provider": null,
              "origin_model": null,
              "subject_count": 53,
              "inference_occurred": false,
              "note": "Deterministic concept-token clustering; no inference."
            },
            {
              "operation": "SELECTED",
              "transforming_component": "howldream",
              "origin_component": "howldream",
              "origin_provider": "claude",
              "origin_model": "claude-opus-5-5",
              "subject_count": 1,
              "inference_occurred": false,
              "note": "Operator selected this idea unit through `howldream export`."
            }
          ],
          "request_id": "cubs-r003-p1-divergent",
          "originating_component": "operator",
          "execution": {
            "requested_provider": "command",
            "selected_provider": "command",
            "actual_provider": "claude",
            "adapter": "claude-json",
            "model": "claude-opus-5-5",
            "requested_model": "claude-opus-5-5",
            "deterministic": false,
            "mocked": false,
            "inference_occurred": true,
            "remote": true,
            "remote_observation": "OPERATOR_DECLARED",
            "fallback_reason": null,
            "elapsed_seconds": 48.513275393000185,
            "usage": {
              "input_tokens": 2,
              "cache_creation_input_tokens": 1991,
              "cache_read_input_tokens": 0,
              "output_tokens": 4156,
              "output_tokens_details": {
                "thinking_tokens": 1778
              },
              "server_tool_use": {
                "web_search_requests": 0,
                "web_fetch_requests": 0
              },
              "cache_creation": {
                "ephemeral_1h_input_tokens": 1991,
                "ephemeral_5m_input_tokens": 0
              }
            },
            "cost": 0.09905599999999999,
            "request_id": "33fe733e-5e9f-4ea7-9e63-91fe19d854ff",
            "raw_output_received": true,
            "parse_status": "VALID",
            "repair_attempted": false,
            "sampling": null
          },
          "source_candidate_refs": [],
          "source_candidates_location": "exploration_envelope.json#/provenance/source_candidates",
          "hard_constraints": [
            "Do not assume the problem or the solution.",
            "Lawfully accessible public, historical, or clearly labeled synthetic data only.",
            "Do not invent private Chicago Cubs information or statistics.",
            "Distinguish fact, assumption, hypothesis, and speculation."
          ],
          "constraint_scope": "UNVERIFIED_GENERATION_GUIDANCE",
          "purpose": "discovery",
          "candidate_index": 1,
          "trial": 0,
          "prompt_hash": "4f2e3c9e6ebc7f12e5531140b9a074e83b0fa2019ff9ac8bb0e72efe8ff9732d",
          "output_hash": "8b2e84e118a2d0e562ffeca33eb7db0f42198d4c348521d463f4d16f2ab4c8d8",
          "selection": {
            "selected_by": "operator",
            "operation": "SELECTED",
            "via": "howldream export"
          },
          "parent_candidate_id": "hd-20261009-211812-efe1740f0c77/candidates/0/1",
          "source_unit": {
            "id": "hd-20261009-211812-efe1740f0c77/candidates/0/1/idea/3",
            "source_span": [
              2460,
              3161
            ],
            "source_hash": "8b2e84e118a2d0e562ffeca33eb7db0f42198d4c348521d463f4d16f2ab4c8d8",
            "cluster": "cluster-9"
          },
          "parent_verification_ref": "verification.jsonl#candidate=hd-20261009-211812-efe1740f0c77/candidates/0/1",
          "unit_selection_scope": "Single IDEA line; batch assumptions/unresolved issues retained without claim-specific association. Parent rejection/contradiction gates retained."
        }
      },
      {
        "schema_version": "howl.candidate/v1",
        "candidate_id": "hd-20261009-211812-efe1740f0c77/candidates/0/2/idea/2",
        "source_run_id": "hd-20261009-211812-efe1740f0c77",
        "parent_request_id": "cubs-r003-p1-divergent",
        "objective": "Where could software create a meaningful baseball advantage for the Chicago Cubs? The current date is early October 2026, in the Cubs' offseason (their 2026 season ended in the Wild Card Series). A prior experiment found that triaging the November minor-league free-agent pool offers little: the low-attention pool holds under one next-season contributor per club per year, and a simple 'played in MLB last year' rule already finds most value. Prefer recurring decisions where the value at stake is large enough to matter, where public information available at decision time could plausibly beat a simple rule, and where a retrospective test on public history is possible. Consider front office, player development, scouting, coaching and business-of-baseball decisions, and name where software is unnecessary or clubs are already ahead. OUTPUT GUIDANCE (format only): Each IDEA names one problem, the decision owner, the concrete recurring decision and its timing, the size of value at stake, the mechanism of advantage, the simple baseline a club already uses, and the software intervention. Follow with ASSUMPTION and UNKNOWN lines. Do not invent statistics or private Cubs information.",
        "text": "IDEA: Problem=pricing players posted from NPB and KBO and signed internationally as free agents; owner=GM, international scouting director and pro scouting director; decision=whether to bid on posted players and how much, during posting windows that usually run November to January; value at stake=potentially large per signing, since these are multi-year major-league contracts, but the number of events per year is small; mechanism=translation models that use public foreign-league stats, including pitch-tracking where it is published, along with age and league-environment adjustments, calibrated on the MLB outcomes of previously posted players; baseline=scouting reports combined with simple ratios of foreign-league stats to MLB stats and agent-driven market comparables; software=a probabilistic translation tool with explicit uncertainty that is updated as each new posting cohort produces MLB results.",
        "condition": "dream",
        "trust": "UNVERIFIED",
        "status": "UNRESOLVED",
        "authority": {
          "type": "ADVISORY",
          "executable": false
        },
        "claims": [
          {
            "id": "hd-20261009-211812-efe1740f0c77/candidates/0/2/idea/2/claim/1",
            "candidate_id": "hd-20261009-211812-efe1740f0c77/candidates/0/2/idea/2",
            "kind": "IDEA",
            "text": "Problem=pricing players posted from NPB and KBO and signed internationally as free agents; owner=GM, international scouting director and pro scouting director; decision=whether to bid on posted players and how much, during posting windows that usually run November to January; value at stake=potentially large per signing, since these are multi-year major-league contracts, but the number of events per year is small; mechanism=translation models that use public foreign-league stats, including pitch-tracking where it is published, along with age and league-environment adjustments, calibrated on the MLB outcomes of previously posted players; baseline=scouting reports combined with simple ratios of foreign-league stats to MLB stats and agent-driven market comparables; software=a probabilistic translation tool with explicit uncertainty that is updated as each new posting cohort produces MLB results.",
            "status": "UNVERIFIED",
            "extractor": "line_grammar/v1"
          }
        ],
        "evidence_refs": [
          "objective_context"
        ],
        "assumptions": [
          "Public records of coach tenure, including assistant and minor-league roles, are complete and dated accurately enough to link coaches to players.",
          "Coach effects can be separated from organizational infrastructure, playing time, park, injury and selection effects, given that teams acquire players they already expect to improve.",
          "Sample sizes per coach are large enough that intervals are not too wide to change a hiring decision; this is a major challenge, because most coaches touch few players.",
          "A retrospective test is possible by asking whether coach ratings built on seasons up to year T predict player changes under the same coach in year T+1 better than a reputation proxy such as prior big-league coaching tenure.",
          "Clubs may already do this privately, so the edge could be zero; this cannot be verified from public information.",
          "Enough historical posted players with MLB outcomes exist to calibrate a model that beats simple ratios; the small number of cases is the main threat.",
          "Public foreign-league data at decision time is detailed enough, and changes in league environment, such as the ball or rules, can be adjusted for.",
          "Market prices for posted players are set by bidding among several clubs, so any edge in accuracy must also overcome the winner's curse.",
          "This differs from the already-explored minor-league call-up translation because the source leagues and market mechanics differ; reviewers should check for overlap.",
          "Historical game-delay times and forecasts as issued at the time can be reconstructed from public sources for a retrospective test.",
          "Decisions about delays and postponements are partly controlled by the league and umpires, which limits how much the club can act on the forecast.",
          "The value may be too small to matter, which challenges the idea itself.",
          "Clubs are already at or near the frontier on decisions that use public stats and occur daily, so marginal software adds little."
        ],
        "unresolved_issues": [
          "Public records of coach tenure, including assistant and minor-league roles, are complete and dated accurately enough to link coaches to players.",
          "Coach effects can be separated from organizational infrastructure, playing time, park, injury and selection effects, given that teams acquire players they already expect to improve.",
          "Sample sizes per coach are large enough that intervals are not too wide to change a hiring decision; this is a major challenge, because most coaches touch few players.",
          "A retrospective test is possible by asking whether coach ratings built on seasons up to year T predict player changes under the same coach in year T+1 better than a reputation proxy such as prior big-league coaching tenure.",
          "Clubs may already do this privately, so the edge could be zero; this cannot be verified from public information.",
          "Enough historical posted players with MLB outcomes exist to calibrate a model that beats simple ratios; the small number of cases is the main threat.",
          "Public foreign-league data at decision time is detailed enough, and changes in league environment, such as the ball or rules, can be adjusted for.",
          "Market prices for posted players are set by bidding among several clubs, so any edge in accuracy must also overcome the winner's curse.",
          "This differs from the already-explored minor-league call-up translation because the source leagues and market mechanics differ; reviewers should check for overlap.",
          "Historical game-delay times and forecasts as issued at the time can be reconstructed from public sources for a retrospective test.",
          "Decisions about delays and postponements are partly controlled by the league and umpires, which limits how much the club can act on the forecast.",
          "The value may be too small to matter, which challenges the idea itself.",
          "Clubs are already at or near the frontier on decisions that use public stats and occur daily, so marginal software adds little.",
          "Problem=coaching-staff hiring is decided by reputation and interviews rather than evidence of player improvement; owner=President of Baseball Operations, GM and manager; decision=hiring or retaining MLB and upper-minors hitting, pitching and catching coaches each October to December, with this offseason's window open now; value at stake=hypothesized as large and recurring because one coach touches many players' outcomes for several seasons, size unknown; mechanism=build a public coach-tenure ledger from press releases and media guides, then estimate each coach's effect on players who changed organizations, comparing the year before arrival with the year after and against matched players who did not move; baseline=network referrals, reputation from players, and interview impressions; software=a coach-attribution tool that ranks candidates with uncertainty intervals and flags coaches whose apparent effect is just regression to the mean.",
          "public_coach_tenure_dataset_completeness",
          "persistence_of_coach_effects_year_over_year",
          "cubs_current_coaching_vacancies_2026_offseason",
          "whether_rival_clubs_use_coach_attribution_models",
          "Problem=pricing players posted from NPB and KBO and signed internationally as free agents; owner=GM, international scouting director and pro scouting director; decision=whether to bid on posted players and how much, during posting windows that usually run November to January; value at stake=potentially large per signing, since these are multi-year major-league contracts, but the number of events per year is small; mechanism=translation models that use public foreign-league stats, including pitch-tracking where it is published, along with age and league-environment adjustments, calibrated on the MLB outcomes of previously posted players; baseline=scouting reports combined with simple ratios of foreign-league stats to MLB stats and agent-driven market comparables; software=a probabilistic translation tool with explicit uncertainty that is updated as each new posting cohort produces MLB results.",
          "count_of_posted_players_with_mlb_outcomes",
          "public_availability_of_npb_kbo_pitch_tracking",
          "cubs_international_budget_2027",
          "Problem=managing starters around expected rain delays at a home park without a roof; owner=manager, pitching coach and head of game operations; decision=on game days with uncertain weather, whether to start the scheduled starter, use an opener or delay the start, decided in the hours before first pitch; value at stake=hypothesized as modest per event but recurring, through avoided wasted starts and short outings that tax the bullpen; mechanism=combine public precipitation forecasts with historical delay records to estimate the probability of a delay longer than a starter can wait out; baseline=staff judgment plus the umpire crew and league's consultation on weather; software=a delay-risk forecast linked to a rule for choosing the starter.",
          "wrigley_historical_rain_delay_frequency",
          "archived_hourly_forecast_availability",
          "Problem=where software is likely unnecessary: routine decisions such as setting the order of everyday lineups, or a dashboard of public leaderboards; owner=manager and analysts; decision=daily; value at stake=likely small, based on the earlier exploration finding a domain gap in lineup optimization; mechanism=none beyond existing tools; baseline=current practice is probably close to optimal; software=recommend not building, and redirect the effort toward coach attribution or the translation of posted foreign-league players.",
          "magnitude_of_remaining_edge_in_daily_tactical_decisions"
        ],
        "contradictions": [],
        "verified_constraints": [],
        "provenance": {
          "run_id": "hd-20261009-211812-efe1740f0c77",
          "producer_component": "howldream",
          "producer_version": "0.4.4",
          "model_or_provider": "claude-opus-5-5",
          "observation_kind": "EXTERNALLY_OBSERVED",
          "created_at": "2026-10-09T21:24:32.107738+00:00",
          "transformations": [
            "generated",
            "idea_unit_selection"
          ],
          "participation": [
            {
              "operation": "GENERATED",
              "transforming_component": "howldream",
              "origin_component": "howldream",
              "origin_provider": "claude",
              "origin_model": "claude-opus-5-5",
              "subject_count": 1,
              "inference_occurred": true,
              "note": "Dream prompted the provider; the provider authored the text."
            },
            {
              "operation": "CLUSTERED",
              "transforming_component": "howldream",
              "origin_component": "howldream",
              "origin_provider": null,
              "origin_model": null,
              "subject_count": 53,
              "inference_occurred": false,
              "note": "Deterministic concept-token clustering; no inference."
            },
            {
              "operation": "SELECTED",
              "transforming_component": "howldream",
              "origin_component": "howldream",
              "origin_provider": "claude",
              "origin_model": "claude-opus-5-5",
              "subject_count": 1,
              "inference_occurred": false,
              "note": "Operator selected this idea unit through `howldream export`."
            }
          ],
          "request_id": "cubs-r003-p1-divergent",
          "originating_component": "operator",
          "execution": {
            "requested_provider": "command",
            "selected_provider": "command",
            "actual_provider": "claude",
            "adapter": "claude-json",
            "model": "claude-opus-5-5",
            "requested_model": "claude-opus-5-5",
            "deterministic": false,
            "mocked": false,
            "inference_occurred": true,
            "remote": true,
            "remote_observation": "OPERATOR_DECLARED",
            "fallback_reason": null,
            "elapsed_seconds": 39.509880242000236,
            "usage": {
              "input_tokens": 2,
              "cache_creation_input_tokens": 2195,
              "cache_read_input_tokens": 0,
              "output_tokens": 3213,
              "output_tokens_details": {
                "thinking_tokens": 1307
              },
              "server_tool_use": {
                "web_search_requests": 0,
                "web_fetch_requests": 0
              },
              "cache_creation": {
                "ephemeral_1h_input_tokens": 2195,
                "ephemeral_5m_input_tokens": 0
              }
            },
            "cost": 0.08182799999999998,
            "request_id": "09db2d7d-7a91-441d-9278-4f0282cec8c0",
            "raw_output_received": true,
            "parse_status": "VALID",
            "repair_attempted": false,
            "sampling": null
          },
          "source_candidate_refs": [],
          "source_candidates_location": "exploration_envelope.json#/provenance/source_candidates",
          "hard_constraints": [
            "Do not assume the problem or the solution.",
            "Lawfully accessible public, historical, or clearly labeled synthetic data only.",
            "Do not invent private Chicago Cubs information or statistics.",
            "Distinguish fact, assumption, hypothesis, and speculation."
          ],
          "constraint_scope": "UNVERIFIED_GENERATION_GUIDANCE",
          "purpose": "discovery",
          "candidate_index": 2,
          "trial": 0,
          "prompt_hash": "701967656eb754c804aa588be31c6cfc40ca44d8faf56474ffa65f5bc96867b7",
          "output_hash": "a4011c051e891f06466e4319c6b163c79272455ee27933df82d01ce66a0cb216",
          "selection": {
            "selected_by": "operator",
            "operation": "SELECTED",
            "via": "howldream export"
          },
          "parent_candidate_id": "hd-20261009-211812-efe1740f0c77/candidates/0/2",
          "source_unit": {
            "id": "hd-20261009-211812-efe1740f0c77/candidates/0/2/idea/2",
            "source_span": [
              2064,
              2975
            ],
            "source_hash": "a4011c051e891f06466e4319c6b163c79272455ee27933df82d01ce66a0cb216",
            "cluster": "cluster-14"
          },
          "parent_verification_ref": "verification.jsonl#candidate=hd-20261009-211812-efe1740f0c77/candidates/0/2",
          "unit_selection_scope": "Single IDEA line; batch assumptions/unresolved issues retained without claim-specific association. Parent rejection/contradiction gates retained."
        }
      },
      {
        "schema_version": "howl.candidate/v1",
        "candidate_id": "hd-20261009-211812-efe1740f0c77/candidates/0/5/idea/1",
        "source_run_id": "hd-20261009-211812-efe1740f0c77",
        "parent_request_id": "cubs-r003-p1-divergent",
        "objective": "Where could software create a meaningful baseball advantage for the Chicago Cubs? The current date is early October 2026, in the Cubs' offseason (their 2026 season ended in the Wild Card Series). A prior experiment found that triaging the November minor-league free-agent pool offers little: the low-attention pool holds under one next-season contributor per club per year, and a simple 'played in MLB last year' rule already finds most value. Prefer recurring decisions where the value at stake is large enough to matter, where public information available at decision time could plausibly beat a simple rule, and where a retrospective test on public history is possible. Consider front office, player development, scouting, coaching and business-of-baseball decisions, and name where software is unnecessary or clubs are already ahead. OUTPUT GUIDANCE (format only): Each IDEA names one problem, the decision owner, the concrete recurring decision and its timing, the size of value at stake, the mechanism of advantage, the simple baseline a club already uses, and the software intervention. Follow with ASSUMPTION and UNKNOWN lines. Do not invent statistics or private Cubs information.",
        "text": "IDEA: Problem: building the postseason roster. Owner: GM and manager, with input from the analytics and pitching staff. Decision: who fills the 26 spots for each round, set before each series and reset between rounds, about 1 to 4 times per year when the club qualifies.",
        "condition": "dream",
        "trust": "UNVERIFIED",
        "status": "UNRESOLVED",
        "authority": {
          "type": "ADVISORY",
          "executable": false
        },
        "claims": [
          {
            "id": "hd-20261009-211812-efe1740f0c77/candidates/0/5/idea/1/claim/1",
            "candidate_id": "hd-20261009-211812-efe1740f0c77/candidates/0/5/idea/1",
            "kind": "IDEA",
            "text": "Problem: building the postseason roster. Owner: GM and manager, with input from the analytics and pitching staff. Decision: who fills the 26 spots for each round, set before each series and reset between rounds, about 1 to 4 times per year when the club qualifies.",
            "status": "UNVERIFIED",
            "extractor": "line_grammar/v1"
          }
        ],
        "evidence_refs": [
          "objective_context"
        ],
        "assumptions": [
          "The difference in series win probability between a well-built roster and the baseline is large enough to measure. It may be well under one percentage point and lost in noise.",
          "The 25th and 26th players get enough playing time in a series to matter. Postseason managers may concentrate innings on the top 8 to 10 pitchers regardless of roster choice.",
          "Contending clubs, including the Cubs, already run private versions of this simulation, so a public tool may only match current practice.",
          "Retrospective validation will suffer from very small samples, since each club plays few postseason series per decade. League-wide pooling is needed, and it removes club-specific context such as health.",
          "Rotation alignment changes series outcomes enough to matter. Pitcher quality gaps within a playoff rotation may be smaller than the value of a top seed.",
          "Public seeding-odds models are already widely used, so the advantage may lie only in combining seeding odds with rotation choices, not in either piece alone.",
          "Clubs may already handle this through staff judgment, and the decision is often forced by health or by how the race unfolds rather than chosen freely.",
          "Both ideas above may fail the objective's \"large enough to matter\" test because the decisions happen rarely. They are offered as a challenge to the preference for high-volume decisions, not as validated opportunities."
        ],
        "unresolved_issues": [
          "The difference in series win probability between a well-built roster and the baseline is large enough to measure. It may be well under one percentage point and lost in noise.",
          "The 25th and 26th players get enough playing time in a series to matter. Postseason managers may concentrate innings on the top 8 to 10 pitchers regardless of roster choice.",
          "Contending clubs, including the Cubs, already run private versions of this simulation, so a public tool may only match current practice.",
          "Retrospective validation will suffer from very small samples, since each club plays few postseason series per decade. League-wide pooling is needed, and it removes club-specific context such as health.",
          "Rotation alignment changes series outcomes enough to matter. Pitcher quality gaps within a playoff rotation may be smaller than the value of a top seed.",
          "Public seeding-odds models are already widely used, so the advantage may lie only in combining seeding odds with rotation choices, not in either piece alone.",
          "Clubs may already handle this through staff judgment, and the decision is often forced by health or by how the race unfolds rather than chosen freely.",
          "Both ideas above may fail the objective's \"large enough to matter\" test because the decisions happen rarely. They are offered as a challenge to the preference for high-volume decisions, not as validated opportunities.",
          "Problem: building the postseason roster. Owner: GM and manager, with input from the analytics and pitching staff. Decision: who fills the 26 spots for each round, set before each series and reset between rounds, about 1 to 4 times per year when the club qualifies.",
          "Value at stake: in October one marginal win carries far more championship probability and revenue than a regular-season win, so small roster gains may be worth more than their run value suggests.",
          "Mechanism: short series with off-days need fewer starters and favor high-leverage relief depth, platoon bats against a known small set of opposing pitchers, and specialists such as a pinch runner or defensive replacement whose regular-season value was low.",
          "Baseline: carry the top 26 players by regular-season value, then adjust by staff judgment for health and matchups.",
          "Intervention: a series-specific simulator. Inputs are the public opponent rotation and bullpen, the off-day schedule, and public platoon and pitch-type splits. Output is the expected series win probability for each candidate roster compared with the baseline roster.",
          "Retrospective test: rebuild past postseason rosters league-wide from public transaction records and box scores, then score the alternatives a simulator would have recommended against the rosters actually used.",
          "postseason_marginal_win_value_cubs",
          "cubs_current_postseason_roster_process",
          "public_injury_status_completeness_at_roster_deadline",
          "Problem: setting up the late-season pitching rotation for the playoffs. Owner: manager and pitching coach, with front office input. Decision: in roughly the final 10 to 14 days, whether to keep using top starters to chase seeding or a bye, or to line them up for Game 1 of the Wild Card Series.",
          "Mechanism: weigh the change in odds of securing a bye or home field against the series win probability gained by starting the best pitcher in an elimination game. Feed live public standings and remaining schedules into a seeding simulation.",
          "Baseline: chase the best seed until it is clinched or out of reach, then line up the ace. Alternatively, rest regulars once the club has clinched.",
          "Retrospective test: from public game logs, reconstruct each contender's rotation choices in the final two weeks. Simulate alternative alignments using projected seeding odds as of each date, and compare.",
          "magnitude_of_bye_value_under_current_playoff_format",
          "how_often_cubs_face_this_decision_per_decade",
          "Where software is likely unnecessary: legal roster eligibility and deadline rules for the postseason. Checklists and league office review already cover this, and the value is avoiding errors, not gaining an edge."
        ],
        "contradictions": [],
        "verified_constraints": [],
        "provenance": {
          "run_id": "hd-20261009-211812-efe1740f0c77",
          "producer_component": "howldream",
          "producer_version": "0.4.4",
          "model_or_provider": "claude-opus-5-5",
          "observation_kind": "EXTERNALLY_OBSERVED",
          "created_at": "2026-10-09T21:24:32.108594+00:00",
          "transformations": [
            "generated",
            "idea_unit_selection"
          ],
          "participation": [
            {
              "operation": "GENERATED",
              "transforming_component": "howldream",
              "origin_component": "howldream",
              "origin_provider": "claude",
              "origin_model": "claude-opus-5-5",
              "subject_count": 1,
              "inference_occurred": true,
              "note": "Dream prompted the provider; the provider authored the text."
            },
            {
              "operation": "CLUSTERED",
              "transforming_component": "howldream",
              "origin_component": "howldream",
              "origin_provider": null,
              "origin_model": null,
              "subject_count": 53,
              "inference_occurred": false,
              "note": "Deterministic concept-token clustering; no inference."
            },
            {
              "operation": "SELECTED",
              "transforming_component": "howldream",
              "origin_component": "howldream",
              "origin_provider": "claude",
              "origin_model": "claude-opus-5-5",
              "subject_count": 1,
              "inference_occurred": false,
              "note": "Operator selected this idea unit through `howldream export`."
            }
          ],
          "request_id": "cubs-r003-p1-divergent",
          "originating_component": "operator",
          "execution": {
            "requested_provider": "command",
            "selected_provider": "command",
            "actual_provider": "claude",
            "adapter": "claude-json",
            "model": "claude-opus-5-5",
            "requested_model": "claude-opus-5-5",
            "deterministic": false,
            "mocked": false,
            "inference_occurred": true,
            "remote": true,
            "remote_observation": "OPERATOR_DECLARED",
            "fallback_reason": null,
            "elapsed_seconds": 30.256485371000053,
            "usage": {
              "input_tokens": 2,
              "cache_creation_input_tokens": 2809,
              "cache_read_input_tokens": 0,
              "output_tokens": 2366,
              "output_tokens_details": {
                "thinking_tokens": 945
              },
              "server_tool_use": {
                "web_search_requests": 0,
                "web_fetch_requests": 0
              },
              "cache_creation": {
                "ephemeral_1h_input_tokens": 2809,
                "ephemeral_5m_input_tokens": 0
              }
            },
            "cost": 0.0698,
            "request_id": "8faca56e-f2f4-4f08-834c-1fa47aec1c16",
            "raw_output_received": true,
            "parse_status": "VALID",
            "repair_attempted": false,
            "sampling": null
          },
          "source_candidate_refs": [],
          "source_candidates_location": "exploration_envelope.json#/provenance/source_candidates",
          "hard_constraints": [
            "Do not assume the problem or the solution.",
            "Lawfully accessible public, historical, or clearly labeled synthetic data only.",
            "Do not invent private Chicago Cubs information or statistics.",
            "Distinguish fact, assumption, hypothesis, and speculation."
          ],
          "constraint_scope": "UNVERIFIED_GENERATION_GUIDANCE",
          "purpose": "discovery",
          "candidate_index": 5,
          "trial": 0,
          "prompt_hash": "28d7f1939599e96493b943f2c0d20db401377a8f3cb42338642d69b9845fc0a5",
          "output_hash": "d3932a1a2a4726ca4fcb6cfc6d900112a484a1c85d2dd221fc8ffd77084b782a",
          "selection": {
            "selected_by": "operator",
            "operation": "SELECTED",
            "via": "howldream export"
          },
          "parent_candidate_id": "hd-20261009-211812-efe1740f0c77/candidates/0/5",
          "source_unit": {
            "id": "hd-20261009-211812-efe1740f0c77/candidates/0/5/idea/1",
            "source_span": [
              0,
              270
            ],
            "source_hash": "d3932a1a2a4726ca4fcb6cfc6d900112a484a1c85d2dd221fc8ffd77084b782a",
            "cluster": "cluster-1"
          },
          "parent_verification_ref": "verification.jsonl#candidate=hd-20261009-211812-efe1740f0c77/candidates/0/5",
          "unit_selection_scope": "Single IDEA line; batch assumptions/unresolved issues retained without claim-specific association. Parent rejection/contradiction gates retained."
        }
      }
    ],
    "discovery_analysis": {
      "metrics": {
        "context_echo_ratio": 0.5625,
        "evidence_echo_ratio": 0.5625,
        "novel_concept_ratio": 0.75,
        "repeated_family_ratio": 0.375,
        "idea_count": 16,
        "cluster_count": 10,
        "warnings": [],
        "method": "concept_tokens_and_leading_phrases/v3; Jaccard cluster threshold 0.5 or first-8-content-word phrase link; echo coverage 0.6 or first-16-word phrase link",
        "measurement_type": "ADVISORY_HEURISTIC",
        "limitations": "Not semantic equivalence, calibrated novelty, entailment or usefulness"
      },
      "artifact": "discovery.json"
    },
    "purpose": "verification",
    "constraints": [
      "Public or clearly labeled synthetic data only.",
      "Do not invent statistics or private Cubs information.",
      "Prefer falsifiable criticism."
    ],
    "diversity_memory": false,
    "risk_class": "EXPLORATORY",
    "parent_run_id": null,
    "originating_component": "operator"
  },
  "descent_dag": {
    "nodes": {
      "obj-cubs-r003-p2-critique": {
        "node_id": "obj-cubs-r003-p2-critique",
        "node_type": "OBJECTIVE",
        "label": "Objective: Critique these six candidate software opportunities for the Chicago Cubs (coachi",
        "details": {
          "objective": "Critique these six candidate software opportunities for the Chicago Cubs (coaching-hire evaluation, non-tender decisions, qualifying offers, NPB/KBO posting bids, postseason roster construction, arbitration filing). For EACH: (1) does the decision recur and how large is the value at stake per year for one club; (2) is the decision-relevant data lawfully public and available at decision time (no hindsight); (3) how many historical decisions exist for a retrospective test against the club's simple baseline, and is the outcome observable; (4) actionability; (5) what sophisticated clubs and public sources already do; (6) what would make it LOOK useful while giving little or no advantage, including small samples and confounding. Note that each candidate's attached assumptions are pooled from a larger batch; judge each on its own IDEA text. Then do a BLIND-SPOT analysis across the set. Use ASSUMPTION lines for challenges, UNKNOWN for missing evidence, and IDEA only for a sharpened replacement.",
          "originating_component": "operator"
        },
        "created_at": "2026-10-09T21:28:17.613996+00:00"
      },
      "hd-20261009-212457-b02b8f798c1e/baseline": {
        "node_id": "hd-20261009-212457-b02b8f798c1e/baseline",
        "node_type": "BASELINE",
        "label": "Baseline Generation",
        "details": {
          "count": 2
        },
        "created_at": "2026-10-09T21:28:17.614026+00:00"
      },
      "hd-20261009-212457-b02b8f798c1e/dream": {
        "node_id": "hd-20261009-212457-b02b8f798c1e/dream",
        "node_type": "DREAM_RUN",
        "label": "DREAM Run hd-20261009-212457-b02b8f798c1e",
        "details": {
          "mode": "dream",
          "run_id": "hd-20261009-212457-b02b8f798c1e"
        },
        "created_at": "2026-10-09T21:28:17.614067+00:00"
      },
      "hd-20261009-212457-b02b8f798c1e/candidates/0/0": {
        "node_id": "hd-20261009-212457-b02b8f798c1e/candidates/0/0",
        "node_type": "CANDIDATE",
        "label": "Candidate 0: UNKNOWN: supplied_facts_for_any_claim (the evidence list hol",
        "details": {
          "text_hash": "c30d163886d01e9e50ac210f4118eaf7a23b5e1572200209c62edadce2fc0766",
          "trial": 0,
          "index": 0
        },
        "created_at": "2026-10-09T21:28:17.614096+00:00"
      },
      "hd-20261009-212457-b02b8f798c1e/candidates/0/0/challenge": {
        "node_id": "hd-20261009-212457-b02b8f798c1e/candidates/0/0/challenge",
        "node_type": "NIGHTMARE_CHALLENGE",
        "label": "Nightmare Challenge for Candidate 0",
        "details": {
          "perturbations": []
        },
        "created_at": "2026-10-09T21:28:17.614117+00:00"
      },
      "hd-20261009-212457-b02b8f798c1e/candidates/0/0/wake": {
        "node_id": "hd-20261009-212457-b02b8f798c1e/candidates/0/0/wake",
        "node_type": "WAKE_VERIFICATION",
        "label": "Wake Verification for Candidate 0",
        "details": {
          "trust": "UNVERIFIED"
        },
        "created_at": "2026-10-09T21:28:17.614136+00:00"
      },
      "hd-20261009-212457-b02b8f798c1e/candidates/0/1": {
        "node_id": "hd-20261009-212457-b02b8f798c1e/candidates/0/1",
        "node_type": "CANDIDATE",
        "label": "Candidate 1: UNKNOWN: supplied_facts_for_any_candidate\nASSUMPTION: All ev",
        "details": {
          "text_hash": "26f3c7805fa03de2fe26f3da066945863c42282885ea97ce53162aad15dac8e6",
          "trial": 0,
          "index": 1
        },
        "created_at": "2026-10-09T21:28:17.627322+00:00"
      },
      "hd-20261009-212457-b02b8f798c1e/candidates/0/1/challenge": {
        "node_id": "hd-20261009-212457-b02b8f798c1e/candidates/0/1/challenge",
        "node_type": "NIGHTMARE_CHALLENGE",
        "label": "Nightmare Challenge for Candidate 1",
        "details": {
          "perturbations": []
        },
        "created_at": "2026-10-09T21:28:17.627374+00:00"
      },
      "hd-20261009-212457-b02b8f798c1e/candidates/0/1/wake": {
        "node_id": "hd-20261009-212457-b02b8f798c1e/candidates/0/1/wake",
        "node_type": "WAKE_VERIFICATION",
        "label": "Wake Verification for Candidate 1",
        "details": {
          "trust": "UNVERIFIED"
        },
        "created_at": "2026-10-09T21:28:17.627396+00:00"
      },
      "hd-20261009-212457-b02b8f798c1e/candidates/0/2": {
        "node_id": "hd-20261009-212457-b02b8f798c1e/candidates/0/2",
        "node_type": "CANDIDATE",
        "label": "Candidate 2: ASSUMPTION: No numeric evidence was supplied (facts is empty",
        "details": {
          "text_hash": "a642fdc656152738482d21bfea0920ec51ea81b1722035adca76011b336eeabc",
          "trial": 0,
          "index": 2
        },
        "created_at": "2026-10-09T21:28:17.640431+00:00"
      },
      "hd-20261009-212457-b02b8f798c1e/candidates/0/2/challenge": {
        "node_id": "hd-20261009-212457-b02b8f798c1e/candidates/0/2/challenge",
        "node_type": "NIGHTMARE_CHALLENGE",
        "label": "Nightmare Challenge for Candidate 2",
        "details": {
          "perturbations": []
        },
        "created_at": "2026-10-09T21:28:17.640478+00:00"
      },
      "hd-20261009-212457-b02b8f798c1e/candidates/0/2/wake": {
        "node_id": "hd-20261009-212457-b02b8f798c1e/candidates/0/2/wake",
        "node_type": "WAKE_VERIFICATION",
        "label": "Wake Verification for Candidate 2",
        "details": {
          "trust": "UNVERIFIED"
        },
        "created_at": "2026-10-09T21:28:17.640501+00:00"
      },
      "hd-20261009-212457-b02b8f798c1e/candidates/0/3": {
        "node_id": "hd-20261009-212457-b02b8f798c1e/candidates/0/3",
        "node_type": "CANDIDATE",
        "label": "Candidate 3: IDEA: Replace the six-candidate portfolio with one narrow, f",
        "details": {
          "text_hash": "10fe7a92f9895a4392bdf447effefde1ee139c578210a92b569e5e90df6b8d39",
          "trial": 0,
          "index": 3
        },
        "created_at": "2026-10-09T21:28:17.653571+00:00"
      },
      "hd-20261009-212457-b02b8f798c1e/candidates/0/3/challenge": {
        "node_id": "hd-20261009-212457-b02b8f798c1e/candidates/0/3/challenge",
        "node_type": "NIGHTMARE_CHALLENGE",
        "label": "Nightmare Challenge for Candidate 3",
        "details": {
          "perturbations": []
        },
        "created_at": "2026-10-09T21:28:17.653624+00:00"
      },
      "hd-20261009-212457-b02b8f798c1e/candidates/0/3/wake": {
        "node_id": "hd-20261009-212457-b02b8f798c1e/candidates/0/3/wake",
        "node_type": "WAKE_VERIFICATION",
        "label": "Wake Verification for Candidate 3",
        "details": {
          "trust": "UNVERIFIED"
        },
        "created_at": "2026-10-09T21:28:17.653659+00:00"
      }
    },
    "edges": [
      {
        "source": "obj-cubs-r003-p2-critique",
        "target": "hd-20261009-212457-b02b8f798c1e/baseline",
        "relation": "baseline_for"
      },
      {
        "source": "obj-cubs-r003-p2-critique",
        "target": "hd-20261009-212457-b02b8f798c1e/dream",
        "relation": "explored_by"
      },
      {
        "source": "hd-20261009-212457-b02b8f798c1e/dream",
        "target": "hd-20261009-212457-b02b8f798c1e/candidates/0/0",
        "relation": "generated"
      },
      {
        "source": "hd-20261009-212457-b02b8f798c1e/candidates/0/0",
        "target": "hd-20261009-212457-b02b8f798c1e/candidates/0/0/challenge",
        "relation": "challenged_by"
      },
      {
        "source": "hd-20261009-212457-b02b8f798c1e/candidates/0/0/challenge",
        "target": "hd-20261009-212457-b02b8f798c1e/candidates/0/0/wake",
        "relation": "verified_at"
      },
      {
        "source": "hd-20261009-212457-b02b8f798c1e/dream",
        "target": "hd-20261009-212457-b02b8f798c1e/candidates/0/1",
        "relation": "generated"
      },
      {
        "source": "hd-20261009-212457-b02b8f798c1e/candidates/0/1",
        "target": "hd-20261009-212457-b02b8f798c1e/candidates/0/1/challenge",
        "relation": "challenged_by"
      },
      {
        "source": "hd-20261009-212457-b02b8f798c1e/candidates/0/1/challenge",
        "target": "hd-20261009-212457-b02b8f798c1e/candidates/0/1/wake",
        "relation": "verified_at"
      },
      {
        "source": "hd-20261009-212457-b02b8f798c1e/dream",
        "target": "hd-20261009-212457-b02b8f798c1e/candidates/0/2",
        "relation": "generated"
      },
      {
        "source": "hd-20261009-212457-b02b8f798c1e/candidates/0/2",
        "target": "hd-20261009-212457-b02b8f798c1e/candidates/0/2/challenge",
        "relation": "challenged_by"
      },
      {
        "source": "hd-20261009-212457-b02b8f798c1e/candidates/0/2/challenge",
        "target": "hd-20261009-212457-b02b8f798c1e/candidates/0/2/wake",
        "relation": "verified_at"
      },
      {
        "source": "hd-20261009-212457-b02b8f798c1e/dream",
        "target": "hd-20261009-212457-b02b8f798c1e/candidates/0/3",
        "relation": "generated"
      },
      {
        "source": "hd-20261009-212457-b02b8f798c1e/candidates/0/3",
        "target": "hd-20261009-212457-b02b8f798c1e/candidates/0/3/challenge",
        "relation": "challenged_by"
      },
      {
        "source": "hd-20261009-212457-b02b8f798c1e/candidates/0/3/challenge",
        "target": "hd-20261009-212457-b02b8f798c1e/candidates/0/3/wake",
        "relation": "verified_at"
      }
    ],
    "max_depth": 20,
    "max_branching_factor": 50
  }
}
