{
  "schema_version": "howl.exploration_result/v1",
  "exploration_id": "hd-20261009-212841-eccdc1b3971d",
  "parent_request_id": "cubs-r003-p4-divergent2",
  "objective": "Where could software create a meaningful baseball advantage for the Chicago Cubs? Second pass. A critique of the first pass found that most candidate decisions (qualifying offers, posting bids, arbitration hearings, postseason rosters, coach moves) have too few historical cases to test any tool against a club's simple rule, and many outcomes are driven by counterparties. Find decisions that combine: (a) many historical cases per season league-wide, so a retrospective test has statistical power; (b) an outcome that is publicly observable after the decision; (c) value at stake that adds up to something meaningful for one club over a season; (d) public information available before the decision that a simple rule might underuse. Include player-development, in-season management and roster decisions, and say where (a) to (d) would fail. OUTPUT GUIDANCE (format only): Each IDEA names the problem, owner, decision and its frequency, an estimate-free description of the number of historical cases, the observable outcome, the simple baseline, and the intervention. Follow with ASSUMPTION and UNKNOWN lines. Do not invent statistics or private Cubs information.",
  "originating_component": "operator",
  "authority": {
    "type": "ADVISORY",
    "executable": false
  },
  "candidates": [
    {
      "schema_version": "howl.candidate/v1",
      "candidate_id": "hd-20261009-212841-eccdc1b3971d/candidates/0/0",
      "source_run_id": "hd-20261009-212841-eccdc1b3971d",
      "parent_request_id": "cubs-r003-p4-divergent2",
      "objective": "Where could software create a meaningful baseball advantage for the Chicago Cubs? Second pass. A critique of the first pass found that most candidate decisions (qualifying offers, posting bids, arbitration hearings, postseason rosters, coach moves) have too few historical cases to test any tool against a club's simple rule, and many outcomes are driven by counterparties. Find decisions that combine: (a) many historical cases per season league-wide, so a retrospective test has statistical power; (b) an outcome that is publicly observable after the decision; (c) value at stake that adds up to something meaningful for one club over a season; (d) public information available before the decision that a simple rule might underuse. Include player-development, in-season management and roster decisions, and say where (a) to (d) would fail. OUTPUT GUIDANCE (format only): Each IDEA names the problem, owner, decision and its frequency, an estimate-free description of the number of historical cases, the observable outcome, the simple baseline, and the intervention. Follow with ASSUMPTION and UNKNOWN lines. Do not invent statistics or private Cubs information.",
      "text": "IDEA: Third-base coach send/hold decisions; owner is the third-base coach with an advance and analytics staff; the decision comes up in nearly every game whenever a runner could try for home on a single or fly ball; league-wide historical cases number in the thousands per season through public play-by-play and tracking feeds; the observable outcome is safe, out, or held and the scoring that followed; the simple baseline is the coach's judgment plus a fixed rule like \"send with two outs\"; the intervention is a pregame card estimating break-even send probability by out, score, inning, runner sprint speed, fielder arm strength and fielder distance.\nASSUMPTION: Public tracking data records fielder throw distance, arm strength and runner position at the moment of the send decision accurately enough to rebuild the counterfactual for held runners.\nASSUMPTION: Held runners are a selected sample, so retrospective tests will be biased unless they model what would have happened on holds.\nASSUMPTION: Criterion (c) may fail if sends with a real edge are rare per club-season and most decisions are already obvious.\nUNKNOWN: club_send_hold_baseline_policy\nUNKNOWN: public_tracking_coverage_for_held_runners\n\nIDEA: Starting pitcher removal timing; owner is the manager and pitching coach; the decision comes up every game, with several candidate moments per start; league-wide cases number in the thousands of starts per season, each with many decision points, in public pitch-by-pitch data; the observable outcome is run expectancy change after the pull or stay, plus later reliever workload; the simple baseline is a pitch-count or times-through-order rule; the intervention is a live estimate of the starter's current effectiveness from velocity, release and command drift compared with the specific available reliever.\nASSUMPTION: Within-game velocity and command decline predicts near-term run prevention beyond what times-through-order already captures.\nASSUMPTION: Counterfactual outcomes for the pitcher not used cannot be observed, so the evaluation relies on modeled rather than observed outcomes; this weakens (b).\nASSUMPTION: Workload carryover to later games, and the resulting injury risk, may outweigh single-game gains and is poorly observable in public data.\nUNKNOWN: club_current_pull_rule\nUNKNOWN: reliever_availability_ground_truth_for_own_club\n\nIDEA: Stolen base and pickoff attempt choices under the pitch-clock disengagement limits; owners are the first-base coach, the manager and the runner; the decision comes up many times per game; league-wide cases number in the thousands of attempts and far more non-attempts per season in public data; the observable outcome is success, caught, pickoff or balk, plus the base-out state; the simple baseline is a green light for runners above a sprint-speed threshold; the intervention is a per-matchup estimate combining pitcher time to plate, catcher pop time, disengagements remaining, count and lead distance.\nASSUMPTION: Lead distance and jump data are publicly available at enough resolution to model non-attempts, not just attempts.\nASSUMPTION: League-wide adaptation since the rule change may have already removed most of the edge, which threatens (c).\nUNKNOWN: public_lead_distance_data_availability\nUNKNOWN: club_baserunning_green_light_policy\n\nIDEA: Daily lineup rest-day selection for position players; owner is the manager with the performance staff; the decision comes up daily across a 162-game season; league-wide cases number in the thousands of player-days rested or played per season through public lineup cards; the observable outcome is next-game and next-week batted-ball quality, sprint speed trends, and later injured-list placements; the simple baseline is a fixed rest cadence or day-game-after-night-game rule; the intervention is a fatigue signal from public sprint speed, bat speed and exit velocity trends that suggests which days to rest.\nASSUMPTION: Public bat-speed and sprint-speed drift reflects fatigue rather than noise, swing changes or undisclosed minor injuries.\nASSUMPTION: Without private workload and medical data, (d) may fail because the club already holds much better information than the public signal.\nASSUMPTION: The value per correctly timed rest day may be too small to reach (c) unless it prevents injured-list stints.\nUNKNOWN: link_between_public_fatigue_signal_and_injury\nUNKNOWN: club_internal_rest_protocol\n\nIDEA: Promotions between minor-league levels; owner is the farm director; the decision comes up continuously across the season; league-wide cases number in the hundreds to thousands of promotions per season through public MiLB transactions; the observable outcome is performance at the new level and time to the next promotion or demotion; the simple baseline is promoting on surface stats or age-for-level; the intervention ranks promotion readiness using public Statcast-style minor-league tracking (where it exists), plate discipline and contact quality rather than surface outcomes.\nASSUMPTION: Promotion outcomes are confounded because only players already judged ready get promoted, so a retrospective test needs a quasi-experimental design.\nASSUMPTION: Public minor-league tracking coverage differs by level and year, which may break (d) at the lower levels.\nASSUMPTION: The value of better promotion timing may only show up years later, which delays observing (b).\nUNKNOWN: public_milb_tracking_coverage_by_level_year\nUNKNOWN: club_promotion_criteria\n\nIDEA: Waiver claims on designated-for-assignment players; owner is the front office; the decision comes up weekly or more often during the season; league-wide cases number in the hundreds of DFAs per season in public transaction logs; the observable outcome is whether claimed players produce value or are quickly DFA'd again; the simple baseline is claiming based on prior MLB results and options remaining; the intervention flags DFA'd players whose underlying pitch quality or contact metrics far exceed their surface results.\nASSUMPTION: Waiver priority and counterparty claims limit which players a club can actually acquire, which weakens control over the outcome.\nASSUMPTION: This overlaps the minor-league free agent triage family, which tied a prior-MLB-time rule, so the edge may again be small.\nUNKNOWN: claim_success_rate_given_waiver_priority\nUNKNOWN: differentiation_from_R001_result\n\nIDEA: Bullpen warm-up decisions, including relievers who warm but do not enter; owner is the manager and bullpen coach; the decision comes up most games; league-wide historical cases are poorly recorded in public data; the outcome is reliever effectiveness and availability on following days; the simple baseline is warming on fixed triggers like a baserunner in a late close game; the intervention estimates the cost of a warm-up against the likelihood the reliever will be needed.\nASSUMPTION: Criterion (b) likely fails because public data rarely records warm-ups that do not lead to an appearance.\nASSUMPTION: This could only be tested on the club's own private logs, which limits league-wide statistical power under (a).\nUNKNOWN: public_warmup_records_existence\n\nIDEA: Catcher assignment for each starting pitcher; owner is the manager; the decision comes up daily; league-wide cases number in the thousands of pitcher-catcher pairings per season through public lineups and pitch data; the observable outcome is called-strike rate, pitch results and runs allowed for each pairing; the simple baseline is a fixed personal-catcher arrangement or the regular starter catching; the intervention estimates pairing-specific effects on called strikes and pitch-mix execution.\nASSUMPTION: Pairing effects are distinct and stable beyond each catcher's individual framing skill; this may not hold.\nASSUMPTION: The automated ball-strike challenge system could shrink framing value, which threatens (c) going forward.\nUNKNOWN: pairing_effect_stability\nUNKNOWN: abs_impact_on_framing_value\n\nIDEA: Intentional walk, infield-in and bunt choices in close late-game situations; owner is the manager; the decision comes up a few times per week; league-wide cases number in the thousands per season in public play-by-play; the observable outcome is the change in win expectancy; the simple baseline is a generic win-expectancy chart; the intervention adjusts for the specific batter, on-deck hitter, pitcher and fielder ranges.\nASSUMPTION: Criterion (c) may fail because these decisions are already well studied and the gains left at the margin are small.\nASSUMPTION: Treating many small decisions as summing to a meaningful season value assumes they are independent and the effects do not cancel; this is unverified.\nUNKNOWN: residual_edge_over_public_win_expectancy_tables\n\nASSUMPTION: Across all families, a high number of league-wide cases does not guarantee power if the true edge per decision is tiny compared with game-outcome noise.\nASSUMPTION: The club may already run equivalent tools, so the real baseline may be stronger than any simple rule assumed here.\nUNKNOWN: cubs_existing_tooling_for_in_game_decisions\nUNKNOWN: supplied_evidence",
      "condition": "dream",
      "trust": "UNVERIFIED",
      "status": "UNRESOLVED",
      "authority": {
        "type": "ADVISORY",
        "executable": false
      },
      "claims": [
        {
          "id": "hd-20261009-212841-eccdc1b3971d/candidates/0/0/claim/1",
          "candidate_id": "hd-20261009-212841-eccdc1b3971d/candidates/0/0",
          "kind": "IDEA",
          "text": "Third-base coach send/hold decisions; owner is the third-base coach with an advance and analytics staff; the decision comes up in nearly every game whenever a runner could try for home on a single or fly ball; league-wide historical cases number in the thousands per season through public play-by-play and tracking feeds; the observable outcome is safe, out, or held and the scoring that followed; the simple baseline is the coach's judgment plus a fixed rule like \"send with two outs\"; the intervention is a pregame card estimating break-even send probability by out, score, inning, runner sprint speed, fielder arm strength and fielder distance.",
          "status": "UNVERIFIED",
          "extractor": "line_grammar/v1"
        },
        {
          "id": "hd-20261009-212841-eccdc1b3971d/candidates/0/0/claim/2",
          "candidate_id": "hd-20261009-212841-eccdc1b3971d/candidates/0/0",
          "kind": "ASSUMPTION",
          "text": "Public tracking data records fielder throw distance, arm strength and runner position at the moment of the send decision accurately enough to rebuild the counterfactual for held runners.",
          "status": "UNVERIFIED",
          "extractor": "line_grammar/v1"
        },
        {
          "id": "hd-20261009-212841-eccdc1b3971d/candidates/0/0/claim/3",
          "candidate_id": "hd-20261009-212841-eccdc1b3971d/candidates/0/0",
          "kind": "ASSUMPTION",
          "text": "Held runners are a selected sample, so retrospective tests will be biased unless they model what would have happened on holds.",
          "status": "UNVERIFIED",
          "extractor": "line_grammar/v1"
        },
        {
          "id": "hd-20261009-212841-eccdc1b3971d/candidates/0/0/claim/4",
          "candidate_id": "hd-20261009-212841-eccdc1b3971d/candidates/0/0",
          "kind": "ASSUMPTION",
          "text": "Criterion (c) may fail if sends with a real edge are rare per club-season and most decisions are already obvious.",
          "status": "UNVERIFIED",
          "extractor": "line_grammar/v1"
        },
        {
          "id": "hd-20261009-212841-eccdc1b3971d/candidates/0/0/claim/5",
          "candidate_id": "hd-20261009-212841-eccdc1b3971d/candidates/0/0",
          "kind": "UNKNOWN",
          "text": "club_send_hold_baseline_policy",
          "status": "UNVERIFIED",
          "extractor": "line_grammar/v1"
        },
        {
          "id": "hd-20261009-212841-eccdc1b3971d/candidates/0/0/claim/6",
          "candidate_id": "hd-20261009-212841-eccdc1b3971d/candidates/0/0",
          "kind": "UNKNOWN",
          "text": "public_tracking_coverage_for_held_runners",
          "status": "UNVERIFIED",
          "extractor": "line_grammar/v1"
        },
        {
          "id": "hd-20261009-212841-eccdc1b3971d/candidates/0/0/claim/7",
          "candidate_id": "hd-20261009-212841-eccdc1b3971d/candidates/0/0",
          "kind": "IDEA",
          "text": "Starting pitcher removal timing; owner is the manager and pitching coach; the decision comes up every game, with several candidate moments per start; league-wide cases number in the thousands of starts per season, each with many decision points, in public pitch-by-pitch data; the observable outcome is run expectancy change after the pull or stay, plus later reliever workload; the simple baseline is a pitch-count or times-through-order rule; the intervention is a live estimate of the starter's current effectiveness from velocity, release and command drift compared with the specific available reliever.",
          "status": "UNVERIFIED",
          "extractor": "line_grammar/v1"
        },
        {
          "id": "hd-20261009-212841-eccdc1b3971d/candidates/0/0/claim/8",
          "candidate_id": "hd-20261009-212841-eccdc1b3971d/candidates/0/0",
          "kind": "ASSUMPTION",
          "text": "Within-game velocity and command decline predicts near-term run prevention beyond what times-through-order already captures.",
          "status": "UNVERIFIED",
          "extractor": "line_grammar/v1"
        },
        {
          "id": "hd-20261009-212841-eccdc1b3971d/candidates/0/0/claim/9",
          "candidate_id": "hd-20261009-212841-eccdc1b3971d/candidates/0/0",
          "kind": "ASSUMPTION",
          "text": "Counterfactual outcomes for the pitcher not used cannot be observed, so the evaluation relies on modeled rather than observed outcomes; this weakens (b).",
          "status": "UNVERIFIED",
          "extractor": "line_grammar/v1"
        },
        {
          "id": "hd-20261009-212841-eccdc1b3971d/candidates/0/0/claim/10",
          "candidate_id": "hd-20261009-212841-eccdc1b3971d/candidates/0/0",
          "kind": "ASSUMPTION",
          "text": "Workload carryover to later games, and the resulting injury risk, may outweigh single-game gains and is poorly observable in public data.",
          "status": "UNVERIFIED",
          "extractor": "line_grammar/v1"
        },
        {
          "id": "hd-20261009-212841-eccdc1b3971d/candidates/0/0/claim/11",
          "candidate_id": "hd-20261009-212841-eccdc1b3971d/candidates/0/0",
          "kind": "UNKNOWN",
          "text": "club_current_pull_rule",
          "status": "UNVERIFIED",
          "extractor": "line_grammar/v1"
        },
        {
          "id": "hd-20261009-212841-eccdc1b3971d/candidates/0/0/claim/12",
          "candidate_id": "hd-20261009-212841-eccdc1b3971d/candidates/0/0",
          "kind": "UNKNOWN",
          "text": "reliever_availability_ground_truth_for_own_club",
          "status": "UNVERIFIED",
          "extractor": "line_grammar/v1"
        },
        {
          "id": "hd-20261009-212841-eccdc1b3971d/candidates/0/0/claim/13",
          "candidate_id": "hd-20261009-212841-eccdc1b3971d/candidates/0/0",
          "kind": "IDEA",
          "text": "Stolen base and pickoff attempt choices under the pitch-clock disengagement limits; owners are the first-base coach, the manager and the runner; the decision comes up many times per game; league-wide cases number in the thousands of attempts and far more non-attempts per season in public data; the observable outcome is success, caught, pickoff or balk, plus the base-out state; the simple baseline is a green light for runners above a sprint-speed threshold; the intervention is a per-matchup estimate combining pitcher time to plate, catcher pop time, disengagements remaining, count and lead distance.",
          "status": "UNVERIFIED",
          "extractor": "line_grammar/v1"
        },
        {
          "id": "hd-20261009-212841-eccdc1b3971d/candidates/0/0/claim/14",
          "candidate_id": "hd-20261009-212841-eccdc1b3971d/candidates/0/0",
          "kind": "ASSUMPTION",
          "text": "Lead distance and jump data are publicly available at enough resolution to model non-attempts, not just attempts.",
          "status": "UNVERIFIED",
          "extractor": "line_grammar/v1"
        },
        {
          "id": "hd-20261009-212841-eccdc1b3971d/candidates/0/0/claim/15",
          "candidate_id": "hd-20261009-212841-eccdc1b3971d/candidates/0/0",
          "kind": "ASSUMPTION",
          "text": "League-wide adaptation since the rule change may have already removed most of the edge, which threatens (c).",
          "status": "UNVERIFIED",
          "extractor": "line_grammar/v1"
        },
        {
          "id": "hd-20261009-212841-eccdc1b3971d/candidates/0/0/claim/16",
          "candidate_id": "hd-20261009-212841-eccdc1b3971d/candidates/0/0",
          "kind": "UNKNOWN",
          "text": "public_lead_distance_data_availability",
          "status": "UNVERIFIED",
          "extractor": "line_grammar/v1"
        },
        {
          "id": "hd-20261009-212841-eccdc1b3971d/candidates/0/0/claim/17",
          "candidate_id": "hd-20261009-212841-eccdc1b3971d/candidates/0/0",
          "kind": "UNKNOWN",
          "text": "club_baserunning_green_light_policy",
          "status": "UNVERIFIED",
          "extractor": "line_grammar/v1"
        },
        {
          "id": "hd-20261009-212841-eccdc1b3971d/candidates/0/0/claim/18",
          "candidate_id": "hd-20261009-212841-eccdc1b3971d/candidates/0/0",
          "kind": "IDEA",
          "text": "Daily lineup rest-day selection for position players; owner is the manager with the performance staff; the decision comes up daily across a 162-game season; league-wide cases number in the thousands of player-days rested or played per season through public lineup cards; the observable outcome is next-game and next-week batted-ball quality, sprint speed trends, and later injured-list placements; the simple baseline is a fixed rest cadence or day-game-after-night-game rule; the intervention is a fatigue signal from public sprint speed, bat speed and exit velocity trends that suggests which days to rest.",
          "status": "UNVERIFIED",
          "extractor": "line_grammar/v1"
        },
        {
          "id": "hd-20261009-212841-eccdc1b3971d/candidates/0/0/claim/19",
          "candidate_id": "hd-20261009-212841-eccdc1b3971d/candidates/0/0",
          "kind": "ASSUMPTION",
          "text": "Public bat-speed and sprint-speed drift reflects fatigue rather than noise, swing changes or undisclosed minor injuries.",
          "status": "UNVERIFIED",
          "extractor": "line_grammar/v1"
        },
        {
          "id": "hd-20261009-212841-eccdc1b3971d/candidates/0/0/claim/20",
          "candidate_id": "hd-20261009-212841-eccdc1b3971d/candidates/0/0",
          "kind": "ASSUMPTION",
          "text": "Without private workload and medical data, (d) may fail because the club already holds much better information than the public signal.",
          "status": "UNVERIFIED",
          "extractor": "line_grammar/v1"
        },
        {
          "id": "hd-20261009-212841-eccdc1b3971d/candidates/0/0/claim/21",
          "candidate_id": "hd-20261009-212841-eccdc1b3971d/candidates/0/0",
          "kind": "ASSUMPTION",
          "text": "The value per correctly timed rest day may be too small to reach (c) unless it prevents injured-list stints.",
          "status": "UNVERIFIED",
          "extractor": "line_grammar/v1"
        },
        {
          "id": "hd-20261009-212841-eccdc1b3971d/candidates/0/0/claim/22",
          "candidate_id": "hd-20261009-212841-eccdc1b3971d/candidates/0/0",
          "kind": "UNKNOWN",
          "text": "link_between_public_fatigue_signal_and_injury",
          "status": "UNVERIFIED",
          "extractor": "line_grammar/v1"
        },
        {
          "id": "hd-20261009-212841-eccdc1b3971d/candidates/0/0/claim/23",
          "candidate_id": "hd-20261009-212841-eccdc1b3971d/candidates/0/0",
          "kind": "UNKNOWN",
          "text": "club_internal_rest_protocol",
          "status": "UNVERIFIED",
          "extractor": "line_grammar/v1"
        },
        {
          "id": "hd-20261009-212841-eccdc1b3971d/candidates/0/0/claim/24",
          "candidate_id": "hd-20261009-212841-eccdc1b3971d/candidates/0/0",
          "kind": "IDEA",
          "text": "Promotions between minor-league levels; owner is the farm director; the decision comes up continuously across the season; league-wide cases number in the hundreds to thousands of promotions per season through public MiLB transactions; the observable outcome is performance at the new level and time to the next promotion or demotion; the simple baseline is promoting on surface stats or age-for-level; the intervention ranks promotion readiness using public Statcast-style minor-league tracking (where it exists), plate discipline and contact quality rather than surface outcomes.",
          "status": "UNVERIFIED",
          "extractor": "line_grammar/v1"
        },
        {
          "id": "hd-20261009-212841-eccdc1b3971d/candidates/0/0/claim/25",
          "candidate_id": "hd-20261009-212841-eccdc1b3971d/candidates/0/0",
          "kind": "ASSUMPTION",
          "text": "Promotion outcomes are confounded because only players already judged ready get promoted, so a retrospective test needs a quasi-experimental design.",
          "status": "UNVERIFIED",
          "extractor": "line_grammar/v1"
        },
        {
          "id": "hd-20261009-212841-eccdc1b3971d/candidates/0/0/claim/26",
          "candidate_id": "hd-20261009-212841-eccdc1b3971d/candidates/0/0",
          "kind": "ASSUMPTION",
          "text": "Public minor-league tracking coverage differs by level and year, which may break (d) at the lower levels.",
          "status": "UNVERIFIED",
          "extractor": "line_grammar/v1"
        },
        {
          "id": "hd-20261009-212841-eccdc1b3971d/candidates/0/0/claim/27",
          "candidate_id": "hd-20261009-212841-eccdc1b3971d/candidates/0/0",
          "kind": "ASSUMPTION",
          "text": "The value of better promotion timing may only show up years later, which delays observing (b).",
          "status": "UNVERIFIED",
          "extractor": "line_grammar/v1"
        },
        {
          "id": "hd-20261009-212841-eccdc1b3971d/candidates/0/0/claim/28",
          "candidate_id": "hd-20261009-212841-eccdc1b3971d/candidates/0/0",
          "kind": "UNKNOWN",
          "text": "public_milb_tracking_coverage_by_level_year",
          "status": "UNVERIFIED",
          "extractor": "line_grammar/v1"
        },
        {
          "id": "hd-20261009-212841-eccdc1b3971d/candidates/0/0/claim/29",
          "candidate_id": "hd-20261009-212841-eccdc1b3971d/candidates/0/0",
          "kind": "UNKNOWN",
          "text": "club_promotion_criteria",
          "status": "UNVERIFIED",
          "extractor": "line_grammar/v1"
        },
        {
          "id": "hd-20261009-212841-eccdc1b3971d/candidates/0/0/claim/30",
          "candidate_id": "hd-20261009-212841-eccdc1b3971d/candidates/0/0",
          "kind": "IDEA",
          "text": "Waiver claims on designated-for-assignment players; owner is the front office; the decision comes up weekly or more often during the season; league-wide cases number in the hundreds of DFAs per season in public transaction logs; the observable outcome is whether claimed players produce value or are quickly DFA'd again; the simple baseline is claiming based on prior MLB results and options remaining; the intervention flags DFA'd players whose underlying pitch quality or contact metrics far exceed their surface results.",
          "status": "UNVERIFIED",
          "extractor": "line_grammar/v1"
        },
        {
          "id": "hd-20261009-212841-eccdc1b3971d/candidates/0/0/claim/31",
          "candidate_id": "hd-20261009-212841-eccdc1b3971d/candidates/0/0",
          "kind": "ASSUMPTION",
          "text": "Waiver priority and counterparty claims limit which players a club can actually acquire, which weakens control over the outcome.",
          "status": "UNVERIFIED",
          "extractor": "line_grammar/v1"
        },
        {
          "id": "hd-20261009-212841-eccdc1b3971d/candidates/0/0/claim/32",
          "candidate_id": "hd-20261009-212841-eccdc1b3971d/candidates/0/0",
          "kind": "ASSUMPTION",
          "text": "This overlaps the minor-league free agent triage family, which tied a prior-MLB-time rule, so the edge may again be small.",
          "status": "UNVERIFIED",
          "extractor": "line_grammar/v1"
        },
        {
          "id": "hd-20261009-212841-eccdc1b3971d/candidates/0/0/claim/33",
          "candidate_id": "hd-20261009-212841-eccdc1b3971d/candidates/0/0",
          "kind": "UNKNOWN",
          "text": "claim_success_rate_given_waiver_priority",
          "status": "UNVERIFIED",
          "extractor": "line_grammar/v1"
        },
        {
          "id": "hd-20261009-212841-eccdc1b3971d/candidates/0/0/claim/34",
          "candidate_id": "hd-20261009-212841-eccdc1b3971d/candidates/0/0",
          "kind": "UNKNOWN",
          "text": "differentiation_from_R001_result",
          "status": "UNVERIFIED",
          "extractor": "line_grammar/v1"
        },
        {
          "id": "hd-20261009-212841-eccdc1b3971d/candidates/0/0/claim/35",
          "candidate_id": "hd-20261009-212841-eccdc1b3971d/candidates/0/0",
          "kind": "IDEA",
          "text": "Bullpen warm-up decisions, including relievers who warm but do not enter; owner is the manager and bullpen coach; the decision comes up most games; league-wide historical cases are poorly recorded in public data; the outcome is reliever effectiveness and availability on following days; the simple baseline is warming on fixed triggers like a baserunner in a late close game; the intervention estimates the cost of a warm-up against the likelihood the reliever will be needed.",
          "status": "UNVERIFIED",
          "extractor": "line_grammar/v1"
        },
        {
          "id": "hd-20261009-212841-eccdc1b3971d/candidates/0/0/claim/36",
          "candidate_id": "hd-20261009-212841-eccdc1b3971d/candidates/0/0",
          "kind": "ASSUMPTION",
          "text": "Criterion (b) likely fails because public data rarely records warm-ups that do not lead to an appearance.",
          "status": "UNVERIFIED",
          "extractor": "line_grammar/v1"
        },
        {
          "id": "hd-20261009-212841-eccdc1b3971d/candidates/0/0/claim/37",
          "candidate_id": "hd-20261009-212841-eccdc1b3971d/candidates/0/0",
          "kind": "ASSUMPTION",
          "text": "This could only be tested on the club's own private logs, which limits league-wide statistical power under (a).",
          "status": "UNVERIFIED",
          "extractor": "line_grammar/v1"
        },
        {
          "id": "hd-20261009-212841-eccdc1b3971d/candidates/0/0/claim/38",
          "candidate_id": "hd-20261009-212841-eccdc1b3971d/candidates/0/0",
          "kind": "UNKNOWN",
          "text": "public_warmup_records_existence",
          "status": "UNVERIFIED",
          "extractor": "line_grammar/v1"
        },
        {
          "id": "hd-20261009-212841-eccdc1b3971d/candidates/0/0/claim/39",
          "candidate_id": "hd-20261009-212841-eccdc1b3971d/candidates/0/0",
          "kind": "IDEA",
          "text": "Catcher assignment for each starting pitcher; owner is the manager; the decision comes up daily; league-wide cases number in the thousands of pitcher-catcher pairings per season through public lineups and pitch data; the observable outcome is called-strike rate, pitch results and runs allowed for each pairing; the simple baseline is a fixed personal-catcher arrangement or the regular starter catching; the intervention estimates pairing-specific effects on called strikes and pitch-mix execution.",
          "status": "UNVERIFIED",
          "extractor": "line_grammar/v1"
        },
        {
          "id": "hd-20261009-212841-eccdc1b3971d/candidates/0/0/claim/40",
          "candidate_id": "hd-20261009-212841-eccdc1b3971d/candidates/0/0",
          "kind": "ASSUMPTION",
          "text": "Pairing effects are distinct and stable beyond each catcher's individual framing skill; this may not hold.",
          "status": "UNVERIFIED",
          "extractor": "line_grammar/v1"
        },
        {
          "id": "hd-20261009-212841-eccdc1b3971d/candidates/0/0/claim/41",
          "candidate_id": "hd-20261009-212841-eccdc1b3971d/candidates/0/0",
          "kind": "ASSUMPTION",
          "text": "The automated ball-strike challenge system could shrink framing value, which threatens (c) going forward.",
          "status": "UNVERIFIED",
          "extractor": "line_grammar/v1"
        },
        {
          "id": "hd-20261009-212841-eccdc1b3971d/candidates/0/0/claim/42",
          "candidate_id": "hd-20261009-212841-eccdc1b3971d/candidates/0/0",
          "kind": "UNKNOWN",
          "text": "pairing_effect_stability",
          "status": "UNVERIFIED",
          "extractor": "line_grammar/v1"
        },
        {
          "id": "hd-20261009-212841-eccdc1b3971d/candidates/0/0/claim/43",
          "candidate_id": "hd-20261009-212841-eccdc1b3971d/candidates/0/0",
          "kind": "UNKNOWN",
          "text": "abs_impact_on_framing_value",
          "status": "UNVERIFIED",
          "extractor": "line_grammar/v1"
        },
        {
          "id": "hd-20261009-212841-eccdc1b3971d/candidates/0/0/claim/44",
          "candidate_id": "hd-20261009-212841-eccdc1b3971d/candidates/0/0",
          "kind": "IDEA",
          "text": "Intentional walk, infield-in and bunt choices in close late-game situations; owner is the manager; the decision comes up a few times per week; league-wide cases number in the thousands per season in public play-by-play; the observable outcome is the change in win expectancy; the simple baseline is a generic win-expectancy chart; the intervention adjusts for the specific batter, on-deck hitter, pitcher and fielder ranges.",
          "status": "UNVERIFIED",
          "extractor": "line_grammar/v1"
        },
        {
          "id": "hd-20261009-212841-eccdc1b3971d/candidates/0/0/claim/45",
          "candidate_id": "hd-20261009-212841-eccdc1b3971d/candidates/0/0",
          "kind": "ASSUMPTION",
          "text": "Criterion (c) may fail because these decisions are already well studied and the gains left at the margin are small.",
          "status": "UNVERIFIED",
          "extractor": "line_grammar/v1"
        },
        {
          "id": "hd-20261009-212841-eccdc1b3971d/candidates/0/0/claim/46",
          "candidate_id": "hd-20261009-212841-eccdc1b3971d/candidates/0/0",
          "kind": "ASSUMPTION",
          "text": "Treating many small decisions as summing to a meaningful season value assumes they are independent and the effects do not cancel; this is unverified.",
          "status": "UNVERIFIED",
          "extractor": "line_grammar/v1"
        },
        {
          "id": "hd-20261009-212841-eccdc1b3971d/candidates/0/0/claim/47",
          "candidate_id": "hd-20261009-212841-eccdc1b3971d/candidates/0/0",
          "kind": "UNKNOWN",
          "text": "residual_edge_over_public_win_expectancy_tables",
          "status": "UNVERIFIED",
          "extractor": "line_grammar/v1"
        },
        {
          "id": "hd-20261009-212841-eccdc1b3971d/candidates/0/0/claim/48",
          "candidate_id": "hd-20261009-212841-eccdc1b3971d/candidates/0/0",
          "kind": "ASSUMPTION",
          "text": "Across all families, a high number of league-wide cases does not guarantee power if the true edge per decision is tiny compared with game-outcome noise.",
          "status": "UNVERIFIED",
          "extractor": "line_grammar/v1"
        },
        {
          "id": "hd-20261009-212841-eccdc1b3971d/candidates/0/0/claim/49",
          "candidate_id": "hd-20261009-212841-eccdc1b3971d/candidates/0/0",
          "kind": "ASSUMPTION",
          "text": "The club may already run equivalent tools, so the real baseline may be stronger than any simple rule assumed here.",
          "status": "UNVERIFIED",
          "extractor": "line_grammar/v1"
        },
        {
          "id": "hd-20261009-212841-eccdc1b3971d/candidates/0/0/claim/50",
          "candidate_id": "hd-20261009-212841-eccdc1b3971d/candidates/0/0",
          "kind": "UNKNOWN",
          "text": "cubs_existing_tooling_for_in_game_decisions",
          "status": "UNVERIFIED",
          "extractor": "line_grammar/v1"
        },
        {
          "id": "hd-20261009-212841-eccdc1b3971d/candidates/0/0/claim/51",
          "candidate_id": "hd-20261009-212841-eccdc1b3971d/candidates/0/0",
          "kind": "UNKNOWN",
          "text": "supplied_evidence",
          "status": "UNVERIFIED",
          "extractor": "line_grammar/v1"
        }
      ],
      "evidence_refs": [
        "objective_context"
      ],
      "assumptions": [
        "Public tracking data records fielder throw distance, arm strength and runner position at the moment of the send decision accurately enough to rebuild the counterfactual for held runners.",
        "Held runners are a selected sample, so retrospective tests will be biased unless they model what would have happened on holds.",
        "Criterion (c) may fail if sends with a real edge are rare per club-season and most decisions are already obvious.",
        "Within-game velocity and command decline predicts near-term run prevention beyond what times-through-order already captures.",
        "Counterfactual outcomes for the pitcher not used cannot be observed, so the evaluation relies on modeled rather than observed outcomes; this weakens (b).",
        "Workload carryover to later games, and the resulting injury risk, may outweigh single-game gains and is poorly observable in public data.",
        "Lead distance and jump data are publicly available at enough resolution to model non-attempts, not just attempts.",
        "League-wide adaptation since the rule change may have already removed most of the edge, which threatens (c).",
        "Public bat-speed and sprint-speed drift reflects fatigue rather than noise, swing changes or undisclosed minor injuries.",
        "Without private workload and medical data, (d) may fail because the club already holds much better information than the public signal.",
        "The value per correctly timed rest day may be too small to reach (c) unless it prevents injured-list stints.",
        "Promotion outcomes are confounded because only players already judged ready get promoted, so a retrospective test needs a quasi-experimental design.",
        "Public minor-league tracking coverage differs by level and year, which may break (d) at the lower levels.",
        "The value of better promotion timing may only show up years later, which delays observing (b).",
        "Waiver priority and counterparty claims limit which players a club can actually acquire, which weakens control over the outcome.",
        "This overlaps the minor-league free agent triage family, which tied a prior-MLB-time rule, so the edge may again be small.",
        "Criterion (b) likely fails because public data rarely records warm-ups that do not lead to an appearance.",
        "This could only be tested on the club's own private logs, which limits league-wide statistical power under (a).",
        "Pairing effects are distinct and stable beyond each catcher's individual framing skill; this may not hold.",
        "The automated ball-strike challenge system could shrink framing value, which threatens (c) going forward.",
        "Criterion (c) may fail because these decisions are already well studied and the gains left at the margin are small.",
        "Treating many small decisions as summing to a meaningful season value assumes they are independent and the effects do not cancel; this is unverified.",
        "Across all families, a high number of league-wide cases does not guarantee power if the true edge per decision is tiny compared with game-outcome noise.",
        "The club may already run equivalent tools, so the real baseline may be stronger than any simple rule assumed here."
      ],
      "unresolved_issues": [
        "Public tracking data records fielder throw distance, arm strength and runner position at the moment of the send decision accurately enough to rebuild the counterfactual for held runners.",
        "Held runners are a selected sample, so retrospective tests will be biased unless they model what would have happened on holds.",
        "Criterion (c) may fail if sends with a real edge are rare per club-season and most decisions are already obvious.",
        "Within-game velocity and command decline predicts near-term run prevention beyond what times-through-order already captures.",
        "Counterfactual outcomes for the pitcher not used cannot be observed, so the evaluation relies on modeled rather than observed outcomes; this weakens (b).",
        "Workload carryover to later games, and the resulting injury risk, may outweigh single-game gains and is poorly observable in public data.",
        "Lead distance and jump data are publicly available at enough resolution to model non-attempts, not just attempts.",
        "League-wide adaptation since the rule change may have already removed most of the edge, which threatens (c).",
        "Public bat-speed and sprint-speed drift reflects fatigue rather than noise, swing changes or undisclosed minor injuries.",
        "Without private workload and medical data, (d) may fail because the club already holds much better information than the public signal.",
        "The value per correctly timed rest day may be too small to reach (c) unless it prevents injured-list stints.",
        "Promotion outcomes are confounded because only players already judged ready get promoted, so a retrospective test needs a quasi-experimental design.",
        "Public minor-league tracking coverage differs by level and year, which may break (d) at the lower levels.",
        "The value of better promotion timing may only show up years later, which delays observing (b).",
        "Waiver priority and counterparty claims limit which players a club can actually acquire, which weakens control over the outcome.",
        "This overlaps the minor-league free agent triage family, which tied a prior-MLB-time rule, so the edge may again be small.",
        "Criterion (b) likely fails because public data rarely records warm-ups that do not lead to an appearance.",
        "This could only be tested on the club's own private logs, which limits league-wide statistical power under (a).",
        "Pairing effects are distinct and stable beyond each catcher's individual framing skill; this may not hold.",
        "The automated ball-strike challenge system could shrink framing value, which threatens (c) going forward.",
        "Criterion (c) may fail because these decisions are already well studied and the gains left at the margin are small.",
        "Treating many small decisions as summing to a meaningful season value assumes they are independent and the effects do not cancel; this is unverified.",
        "Across all families, a high number of league-wide cases does not guarantee power if the true edge per decision is tiny compared with game-outcome noise.",
        "The club may already run equivalent tools, so the real baseline may be stronger than any simple rule assumed here.",
        "Third-base coach send/hold decisions; owner is the third-base coach with an advance and analytics staff; the decision comes up in nearly every game whenever a runner could try for home on a single or fly ball; league-wide historical cases number in the thousands per season through public play-by-play and tracking feeds; the observable outcome is safe, out, or held and the scoring that followed; the simple baseline is the coach's judgment plus a fixed rule like \"send with two outs\"; the intervention is a pregame card estimating break-even send probability by out, score, inning, runner sprint speed, fielder arm strength and fielder distance.",
        "club_send_hold_baseline_policy",
        "public_tracking_coverage_for_held_runners",
        "Starting pitcher removal timing; owner is the manager and pitching coach; the decision comes up every game, with several candidate moments per start; league-wide cases number in the thousands of starts per season, each with many decision points, in public pitch-by-pitch data; the observable outcome is run expectancy change after the pull or stay, plus later reliever workload; the simple baseline is a pitch-count or times-through-order rule; the intervention is a live estimate of the starter's current effectiveness from velocity, release and command drift compared with the specific available reliever.",
        "club_current_pull_rule",
        "reliever_availability_ground_truth_for_own_club",
        "Stolen base and pickoff attempt choices under the pitch-clock disengagement limits; owners are the first-base coach, the manager and the runner; the decision comes up many times per game; league-wide cases number in the thousands of attempts and far more non-attempts per season in public data; the observable outcome is success, caught, pickoff or balk, plus the base-out state; the simple baseline is a green light for runners above a sprint-speed threshold; the intervention is a per-matchup estimate combining pitcher time to plate, catcher pop time, disengagements remaining, count and lead distance.",
        "public_lead_distance_data_availability",
        "club_baserunning_green_light_policy",
        "Daily lineup rest-day selection for position players; owner is the manager with the performance staff; the decision comes up daily across a 162-game season; league-wide cases number in the thousands of player-days rested or played per season through public lineup cards; the observable outcome is next-game and next-week batted-ball quality, sprint speed trends, and later injured-list placements; the simple baseline is a fixed rest cadence or day-game-after-night-game rule; the intervention is a fatigue signal from public sprint speed, bat speed and exit velocity trends that suggests which days to rest.",
        "link_between_public_fatigue_signal_and_injury",
        "club_internal_rest_protocol",
        "Promotions between minor-league levels; owner is the farm director; the decision comes up continuously across the season; league-wide cases number in the hundreds to thousands of promotions per season through public MiLB transactions; the observable outcome is performance at the new level and time to the next promotion or demotion; the simple baseline is promoting on surface stats or age-for-level; the intervention ranks promotion readiness using public Statcast-style minor-league tracking (where it exists), plate discipline and contact quality rather than surface outcomes.",
        "public_milb_tracking_coverage_by_level_year",
        "club_promotion_criteria",
        "Waiver claims on designated-for-assignment players; owner is the front office; the decision comes up weekly or more often during the season; league-wide cases number in the hundreds of DFAs per season in public transaction logs; the observable outcome is whether claimed players produce value or are quickly DFA'd again; the simple baseline is claiming based on prior MLB results and options remaining; the intervention flags DFA'd players whose underlying pitch quality or contact metrics far exceed their surface results.",
        "claim_success_rate_given_waiver_priority",
        "differentiation_from_R001_result",
        "Bullpen warm-up decisions, including relievers who warm but do not enter; owner is the manager and bullpen coach; the decision comes up most games; league-wide historical cases are poorly recorded in public data; the outcome is reliever effectiveness and availability on following days; the simple baseline is warming on fixed triggers like a baserunner in a late close game; the intervention estimates the cost of a warm-up against the likelihood the reliever will be needed.",
        "public_warmup_records_existence",
        "Catcher assignment for each starting pitcher; owner is the manager; the decision comes up daily; league-wide cases number in the thousands of pitcher-catcher pairings per season through public lineups and pitch data; the observable outcome is called-strike rate, pitch results and runs allowed for each pairing; the simple baseline is a fixed personal-catcher arrangement or the regular starter catching; the intervention estimates pairing-specific effects on called strikes and pitch-mix execution.",
        "pairing_effect_stability",
        "abs_impact_on_framing_value",
        "Intentional walk, infield-in and bunt choices in close late-game situations; owner is the manager; the decision comes up a few times per week; league-wide cases number in the thousands per season in public play-by-play; the observable outcome is the change in win expectancy; the simple baseline is a generic win-expectancy chart; the intervention adjusts for the specific batter, on-deck hitter, pitcher and fielder ranges.",
        "residual_edge_over_public_win_expectancy_tables",
        "cubs_existing_tooling_for_in_game_decisions",
        "supplied_evidence"
      ],
      "contradictions": [],
      "verified_constraints": [],
      "provenance": {
        "run_id": "hd-20261009-212841-eccdc1b3971d",
        "producer_component": "howldream",
        "producer_version": "0.4.4",
        "model_or_provider": "claude-opus-5-5",
        "observation_kind": "EXTERNALLY_OBSERVED",
        "created_at": "2026-10-09T21:35:57.453296+00:00",
        "transformations": [
          "generated"
        ],
        "participation": [
          {
            "operation": "GENERATED",
            "transforming_component": "howldream",
            "origin_component": "howldream",
            "origin_provider": "claude",
            "origin_model": "claude-opus-5-5",
            "subject_count": 1,
            "inference_occurred": true,
            "note": "Dream prompted the provider; the provider authored the text."
          }
        ],
        "request_id": "cubs-r003-p4-divergent2",
        "originating_component": "operator",
        "execution": {
          "requested_provider": "command",
          "selected_provider": "command",
          "actual_provider": "claude",
          "adapter": "claude-json",
          "model": "claude-opus-5-5",
          "requested_model": "claude-opus-5-5",
          "deterministic": false,
          "mocked": false,
          "inference_occurred": true,
          "remote": true,
          "remote_observation": "OPERATOR_DECLARED",
          "fallback_reason": null,
          "elapsed_seconds": 44.72156856899983,
          "usage": {
            "input_tokens": 2,
            "cache_creation_input_tokens": 1818,
            "cache_read_input_tokens": 0,
            "output_tokens": 3824,
            "output_tokens_details": {
              "thinking_tokens": 722
            },
            "server_tool_use": {
              "web_search_requests": 0,
              "web_fetch_requests": 0
            },
            "cache_creation": {
              "ephemeral_1h_input_tokens": 1818,
              "ephemeral_5m_input_tokens": 0
            }
          },
          "cost": 0.091032,
          "request_id": "ec1d6a01-3a9d-43e7-909a-7cea5d9fdb16",
          "raw_output_received": true,
          "parse_status": "VALID",
          "repair_attempted": false,
          "sampling": null
        },
        "source_candidate_refs": [],
        "source_candidates_location": "exploration_envelope.json#/provenance/source_candidates",
        "hard_constraints": [
          "Do not assume the problem or the solution.",
          "Lawfully accessible public, historical, or clearly labeled synthetic data only.",
          "Do not invent private Chicago Cubs information or statistics.",
          "Distinguish fact, assumption, hypothesis, and speculation."
        ],
        "constraint_scope": "UNVERIFIED_GENERATION_GUIDANCE",
        "purpose": "discovery",
        "verification": [
          {
            "claim_id": "hd-20261009-212841-eccdc1b3971d/candidates/0/0/claim/1",
            "candidate_id": "hd-20261009-212841-eccdc1b3971d/candidates/0/0",
            "status": "UNCERTAIN",
            "classifications": [],
            "source_ids": [],
            "evidence_provenance": [],
            "check_scope": "SUPPLIED_LEDGER",
            "critical": false,
            "verifier": "supplied_ledger_and_arithmetic/v2",
            "scorer_type": "deterministic",
            "note": "No available check establishes this proposition."
          },
          {
            "claim_id": "hd-20261009-212841-eccdc1b3971d/candidates/0/0/claim/2",
            "candidate_id": "hd-20261009-212841-eccdc1b3971d/candidates/0/0",
            "status": "UNCERTAIN",
            "classifications": [],
            "source_ids": [],
            "evidence_provenance": [],
            "check_scope": "SUPPLIED_LEDGER",
            "critical": false,
            "verifier": "supplied_ledger_and_arithmetic/v2",
            "scorer_type": "deterministic",
            "note": "No available check establishes this proposition."
          },
          {
            "claim_id": "hd-20261009-212841-eccdc1b3971d/candidates/0/0/claim/3",
            "candidate_id": "hd-20261009-212841-eccdc1b3971d/candidates/0/0",
            "status": "UNCERTAIN",
            "classifications": [],
            "source_ids": [],
            "evidence_provenance": [],
            "check_scope": "SUPPLIED_LEDGER",
            "critical": false,
            "verifier": "supplied_ledger_and_arithmetic/v2",
            "scorer_type": "deterministic",
            "note": "No available check establishes this proposition."
          },
          {
            "claim_id": "hd-20261009-212841-eccdc1b3971d/candidates/0/0/claim/4",
            "candidate_id": "hd-20261009-212841-eccdc1b3971d/candidates/0/0",
            "status": "UNCERTAIN",
            "classifications": [],
            "source_ids": [],
            "evidence_provenance": [],
            "check_scope": "SUPPLIED_LEDGER",
            "critical": false,
            "verifier": "supplied_ledger_and_arithmetic/v2",
            "scorer_type": "deterministic",
            "note": "No available check establishes this proposition."
          },
          {
            "claim_id": "hd-20261009-212841-eccdc1b3971d/candidates/0/0/claim/5",
            "candidate_id": "hd-20261009-212841-eccdc1b3971d/candidates/0/0",
            "status": "UNCERTAIN",
            "classifications": [],
            "source_ids": [],
            "evidence_provenance": [],
            "check_scope": "SUPPLIED_LEDGER",
            "critical": false,
            "verifier": "supplied_ledger_and_arithmetic/v2",
            "scorer_type": "deterministic",
            "note": "Explicit abstention; not counted as a detected failure or a verified fact."
          },
          {
            "claim_id": "hd-20261009-212841-eccdc1b3971d/candidates/0/0/claim/6",
            "candidate_id": "hd-20261009-212841-eccdc1b3971d/candidates/0/0",
            "status": "UNCERTAIN",
            "classifications": [],
            "source_ids": [],
            "evidence_provenance": [],
            "check_scope": "SUPPLIED_LEDGER",
            "critical": false,
            "verifier": "supplied_ledger_and_arithmetic/v2",
            "scorer_type": "deterministic",
            "note": "Explicit abstention; not counted as a detected failure or a verified fact."
          },
          {
            "claim_id": "hd-20261009-212841-eccdc1b3971d/candidates/0/0/claim/7",
            "candidate_id": "hd-20261009-212841-eccdc1b3971d/candidates/0/0",
            "status": "UNCERTAIN",
            "classifications": [],
            "source_ids": [],
            "evidence_provenance": [],
            "check_scope": "SUPPLIED_LEDGER",
            "critical": false,
            "verifier": "supplied_ledger_and_arithmetic/v2",
            "scorer_type": "deterministic",
            "note": "No available check establishes this proposition."
          },
          {
            "claim_id": "hd-20261009-212841-eccdc1b3971d/candidates/0/0/claim/8",
            "candidate_id": "hd-20261009-212841-eccdc1b3971d/candidates/0/0",
            "status": "UNCERTAIN",
            "classifications": [],
            "source_ids": [],
            "evidence_provenance": [],
            "check_scope": "SUPPLIED_LEDGER",
            "critical": false,
            "verifier": "supplied_ledger_and_arithmetic/v2",
            "scorer_type": "deterministic",
            "note": "No available check establishes this proposition."
          },
          {
            "claim_id": "hd-20261009-212841-eccdc1b3971d/candidates/0/0/claim/9",
            "candidate_id": "hd-20261009-212841-eccdc1b3971d/candidates/0/0",
            "status": "UNCERTAIN",
            "classifications": [],
            "source_ids": [],
            "evidence_provenance": [],
            "check_scope": "SUPPLIED_LEDGER",
            "critical": false,
            "verifier": "supplied_ledger_and_arithmetic/v2",
            "scorer_type": "deterministic",
            "note": "No available check establishes this proposition."
          },
          {
            "claim_id": "hd-20261009-212841-eccdc1b3971d/candidates/0/0/claim/10",
            "candidate_id": "hd-20261009-212841-eccdc1b3971d/candidates/0/0",
            "status": "UNCERTAIN",
            "classifications": [],
            "source_ids": [],
            "evidence_provenance": [],
            "check_scope": "SUPPLIED_LEDGER",
            "critical": false,
            "verifier": "supplied_ledger_and_arithmetic/v2",
            "scorer_type": "deterministic",
            "note": "No available check establishes this proposition."
          },
          {
            "claim_id": "hd-20261009-212841-eccdc1b3971d/candidates/0/0/claim/11",
            "candidate_id": "hd-20261009-212841-eccdc1b3971d/candidates/0/0",
            "status": "UNCERTAIN",
            "classifications": [],
            "source_ids": [],
            "evidence_provenance": [],
            "check_scope": "SUPPLIED_LEDGER",
            "critical": false,
            "verifier": "supplied_ledger_and_arithmetic/v2",
            "scorer_type": "deterministic",
            "note": "Explicit abstention; not counted as a detected failure or a verified fact."
          },
          {
            "claim_id": "hd-20261009-212841-eccdc1b3971d/candidates/0/0/claim/12",
            "candidate_id": "hd-20261009-212841-eccdc1b3971d/candidates/0/0",
            "status": "UNCERTAIN",
            "classifications": [],
            "source_ids": [],
            "evidence_provenance": [],
            "check_scope": "SUPPLIED_LEDGER",
            "critical": false,
            "verifier": "supplied_ledger_and_arithmetic/v2",
            "scorer_type": "deterministic",
            "note": "Explicit abstention; not counted as a detected failure or a verified fact."
          },
          {
            "claim_id": "hd-20261009-212841-eccdc1b3971d/candidates/0/0/claim/13",
            "candidate_id": "hd-20261009-212841-eccdc1b3971d/candidates/0/0",
            "status": "UNCERTAIN",
            "classifications": [],
            "source_ids": [],
            "evidence_provenance": [],
            "check_scope": "SUPPLIED_LEDGER",
            "critical": false,
            "verifier": "supplied_ledger_and_arithmetic/v2",
            "scorer_type": "deterministic",
            "note": "No available check establishes this proposition."
          },
          {
            "claim_id": "hd-20261009-212841-eccdc1b3971d/candidates/0/0/claim/14",
            "candidate_id": "hd-20261009-212841-eccdc1b3971d/candidates/0/0",
            "status": "UNCERTAIN",
            "classifications": [],
            "source_ids": [],
            "evidence_provenance": [],
            "check_scope": "SUPPLIED_LEDGER",
            "critical": false,
            "verifier": "supplied_ledger_and_arithmetic/v2",
            "scorer_type": "deterministic",
            "note": "No available check establishes this proposition."
          },
          {
            "claim_id": "hd-20261009-212841-eccdc1b3971d/candidates/0/0/claim/15",
            "candidate_id": "hd-20261009-212841-eccdc1b3971d/candidates/0/0",
            "status": "UNCERTAIN",
            "classifications": [],
            "source_ids": [],
            "evidence_provenance": [],
            "check_scope": "SUPPLIED_LEDGER",
            "critical": false,
            "verifier": "supplied_ledger_and_arithmetic/v2",
            "scorer_type": "deterministic",
            "note": "No available check establishes this proposition."
          },
          {
            "claim_id": "hd-20261009-212841-eccdc1b3971d/candidates/0/0/claim/16",
            "candidate_id": "hd-20261009-212841-eccdc1b3971d/candidates/0/0",
            "status": "UNCERTAIN",
            "classifications": [],
            "source_ids": [],
            "evidence_provenance": [],
            "check_scope": "SUPPLIED_LEDGER",
            "critical": false,
            "verifier": "supplied_ledger_and_arithmetic/v2",
            "scorer_type": "deterministic",
            "note": "Explicit abstention; not counted as a detected failure or a verified fact."
          },
          {
            "claim_id": "hd-20261009-212841-eccdc1b3971d/candidates/0/0/claim/17",
            "candidate_id": "hd-20261009-212841-eccdc1b3971d/candidates/0/0",
            "status": "UNCERTAIN",
            "classifications": [],
            "source_ids": [],
            "evidence_provenance": [],
            "check_scope": "SUPPLIED_LEDGER",
            "critical": false,
            "verifier": "supplied_ledger_and_arithmetic/v2",
            "scorer_type": "deterministic",
            "note": "Explicit abstention; not counted as a detected failure or a verified fact."
          },
          {
            "claim_id": "hd-20261009-212841-eccdc1b3971d/candidates/0/0/claim/18",
            "candidate_id": "hd-20261009-212841-eccdc1b3971d/candidates/0/0",
            "status": "UNCERTAIN",
            "classifications": [],
            "source_ids": [],
            "evidence_provenance": [],
            "check_scope": "SUPPLIED_LEDGER",
            "critical": false,
            "verifier": "supplied_ledger_and_arithmetic/v2",
            "scorer_type": "deterministic",
            "note": "No available check establishes this proposition."
          },
          {
            "claim_id": "hd-20261009-212841-eccdc1b3971d/candidates/0/0/claim/19",
            "candidate_id": "hd-20261009-212841-eccdc1b3971d/candidates/0/0",
            "status": "UNCERTAIN",
            "classifications": [],
            "source_ids": [],
            "evidence_provenance": [],
            "check_scope": "SUPPLIED_LEDGER",
            "critical": false,
            "verifier": "supplied_ledger_and_arithmetic/v2",
            "scorer_type": "deterministic",
            "note": "No available check establishes this proposition."
          },
          {
            "claim_id": "hd-20261009-212841-eccdc1b3971d/candidates/0/0/claim/20",
            "candidate_id": "hd-20261009-212841-eccdc1b3971d/candidates/0/0",
            "status": "UNCERTAIN",
            "classifications": [],
            "source_ids": [],
            "evidence_provenance": [],
            "check_scope": "SUPPLIED_LEDGER",
            "critical": false,
            "verifier": "supplied_ledger_and_arithmetic/v2",
            "scorer_type": "deterministic",
            "note": "No available check establishes this proposition."
          },
          {
            "claim_id": "hd-20261009-212841-eccdc1b3971d/candidates/0/0/claim/21",
            "candidate_id": "hd-20261009-212841-eccdc1b3971d/candidates/0/0",
            "status": "UNCERTAIN",
            "classifications": [],
            "source_ids": [],
            "evidence_provenance": [],
            "check_scope": "SUPPLIED_LEDGER",
            "critical": false,
            "verifier": "supplied_ledger_and_arithmetic/v2",
            "scorer_type": "deterministic",
            "note": "No available check establishes this proposition."
          },
          {
            "claim_id": "hd-20261009-212841-eccdc1b3971d/candidates/0/0/claim/22",
            "candidate_id": "hd-20261009-212841-eccdc1b3971d/candidates/0/0",
            "status": "UNCERTAIN",
            "classifications": [],
            "source_ids": [],
            "evidence_provenance": [],
            "check_scope": "SUPPLIED_LEDGER",
            "critical": false,
            "verifier": "supplied_ledger_and_arithmetic/v2",
            "scorer_type": "deterministic",
            "note": "Explicit abstention; not counted as a detected failure or a verified fact."
          },
          {
            "claim_id": "hd-20261009-212841-eccdc1b3971d/candidates/0/0/claim/23",
            "candidate_id": "hd-20261009-212841-eccdc1b3971d/candidates/0/0",
            "status": "UNCERTAIN",
            "classifications": [],
            "source_ids": [],
            "evidence_provenance": [],
            "check_scope": "SUPPLIED_LEDGER",
            "critical": false,
            "verifier": "supplied_ledger_and_arithmetic/v2",
            "scorer_type": "deterministic",
            "note": "Explicit abstention; not counted as a detected failure or a verified fact."
          },
          {
            "claim_id": "hd-20261009-212841-eccdc1b3971d/candidates/0/0/claim/24",
            "candidate_id": "hd-20261009-212841-eccdc1b3971d/candidates/0/0",
            "status": "UNCERTAIN",
            "classifications": [],
            "source_ids": [],
            "evidence_provenance": [],
            "check_scope": "SUPPLIED_LEDGER",
            "critical": false,
            "verifier": "supplied_ledger_and_arithmetic/v2",
            "scorer_type": "deterministic",
            "note": "No available check establishes this proposition."
          },
          {
            "claim_id": "hd-20261009-212841-eccdc1b3971d/candidates/0/0/claim/25",
            "candidate_id": "hd-20261009-212841-eccdc1b3971d/candidates/0/0",
            "status": "UNCERTAIN",
            "classifications": [],
            "source_ids": [],
            "evidence_provenance": [],
            "check_scope": "SUPPLIED_LEDGER",
            "critical": false,
            "verifier": "supplied_ledger_and_arithmetic/v2",
            "scorer_type": "deterministic",
            "note": "No available check establishes this proposition."
          },
          {
            "claim_id": "hd-20261009-212841-eccdc1b3971d/candidates/0/0/claim/26",
            "candidate_id": "hd-20261009-212841-eccdc1b3971d/candidates/0/0",
            "status": "UNCERTAIN",
            "classifications": [],
            "source_ids": [],
            "evidence_provenance": [],
            "check_scope": "SUPPLIED_LEDGER",
            "critical": false,
            "verifier": "supplied_ledger_and_arithmetic/v2",
            "scorer_type": "deterministic",
            "note": "No available check establishes this proposition."
          },
          {
            "claim_id": "hd-20261009-212841-eccdc1b3971d/candidates/0/0/claim/27",
            "candidate_id": "hd-20261009-212841-eccdc1b3971d/candidates/0/0",
            "status": "UNCERTAIN",
            "classifications": [],
            "source_ids": [],
            "evidence_provenance": [],
            "check_scope": "SUPPLIED_LEDGER",
            "critical": false,
            "verifier": "supplied_ledger_and_arithmetic/v2",
            "scorer_type": "deterministic",
            "note": "No available check establishes this proposition."
          },
          {
            "claim_id": "hd-20261009-212841-eccdc1b3971d/candidates/0/0/claim/28",
            "candidate_id": "hd-20261009-212841-eccdc1b3971d/candidates/0/0",
            "status": "UNCERTAIN",
            "classifications": [],
            "source_ids": [],
            "evidence_provenance": [],
            "check_scope": "SUPPLIED_LEDGER",
            "critical": false,
            "verifier": "supplied_ledger_and_arithmetic/v2",
            "scorer_type": "deterministic",
            "note": "Explicit abstention; not counted as a detected failure or a verified fact."
          },
          {
            "claim_id": "hd-20261009-212841-eccdc1b3971d/candidates/0/0/claim/29",
            "candidate_id": "hd-20261009-212841-eccdc1b3971d/candidates/0/0",
            "status": "UNCERTAIN",
            "classifications": [],
            "source_ids": [],
            "evidence_provenance": [],
            "check_scope": "SUPPLIED_LEDGER",
            "critical": false,
            "verifier": "supplied_ledger_and_arithmetic/v2",
            "scorer_type": "deterministic",
            "note": "Explicit abstention; not counted as a detected failure or a verified fact."
          },
          {
            "claim_id": "hd-20261009-212841-eccdc1b3971d/candidates/0/0/claim/30",
            "candidate_id": "hd-20261009-212841-eccdc1b3971d/candidates/0/0",
            "status": "UNCERTAIN",
            "classifications": [],
            "source_ids": [],
            "evidence_provenance": [],
            "check_scope": "SUPPLIED_LEDGER",
            "critical": false,
            "verifier": "supplied_ledger_and_arithmetic/v2",
            "scorer_type": "deterministic",
            "note": "No available check establishes this proposition."
          },
          {
            "claim_id": "hd-20261009-212841-eccdc1b3971d/candidates/0/0/claim/31",
            "candidate_id": "hd-20261009-212841-eccdc1b3971d/candidates/0/0",
            "status": "UNCERTAIN",
            "classifications": [],
            "source_ids": [],
            "evidence_provenance": [],
            "check_scope": "SUPPLIED_LEDGER",
            "critical": false,
            "verifier": "supplied_ledger_and_arithmetic/v2",
            "scorer_type": "deterministic",
            "note": "No available check establishes this proposition."
          },
          {
            "claim_id": "hd-20261009-212841-eccdc1b3971d/candidates/0/0/claim/32",
            "candidate_id": "hd-20261009-212841-eccdc1b3971d/candidates/0/0",
            "status": "UNCERTAIN",
            "classifications": [],
            "source_ids": [],
            "evidence_provenance": [],
            "check_scope": "SUPPLIED_LEDGER",
            "critical": false,
            "verifier": "supplied_ledger_and_arithmetic/v2",
            "scorer_type": "deterministic",
            "note": "No available check establishes this proposition."
          },
          {
            "claim_id": "hd-20261009-212841-eccdc1b3971d/candidates/0/0/claim/33",
            "candidate_id": "hd-20261009-212841-eccdc1b3971d/candidates/0/0",
            "status": "UNCERTAIN",
            "classifications": [],
            "source_ids": [],
            "evidence_provenance": [],
            "check_scope": "SUPPLIED_LEDGER",
            "critical": false,
            "verifier": "supplied_ledger_and_arithmetic/v2",
            "scorer_type": "deterministic",
            "note": "Explicit abstention; not counted as a detected failure or a verified fact."
          },
          {
            "claim_id": "hd-20261009-212841-eccdc1b3971d/candidates/0/0/claim/34",
            "candidate_id": "hd-20261009-212841-eccdc1b3971d/candidates/0/0",
            "status": "UNCERTAIN",
            "classifications": [],
            "source_ids": [],
            "evidence_provenance": [],
            "check_scope": "SUPPLIED_LEDGER",
            "critical": false,
            "verifier": "supplied_ledger_and_arithmetic/v2",
            "scorer_type": "deterministic",
            "note": "Explicit abstention; not counted as a detected failure or a verified fact."
          },
          {
            "claim_id": "hd-20261009-212841-eccdc1b3971d/candidates/0/0/claim/35",
            "candidate_id": "hd-20261009-212841-eccdc1b3971d/candidates/0/0",
            "status": "UNCERTAIN",
            "classifications": [],
            "source_ids": [],
            "evidence_provenance": [],
            "check_scope": "SUPPLIED_LEDGER",
            "critical": false,
            "verifier": "supplied_ledger_and_arithmetic/v2",
            "scorer_type": "deterministic",
            "note": "No available check establishes this proposition."
          },
          {
            "claim_id": "hd-20261009-212841-eccdc1b3971d/candidates/0/0/claim/36",
            "candidate_id": "hd-20261009-212841-eccdc1b3971d/candidates/0/0",
            "status": "UNCERTAIN",
            "classifications": [],
            "source_ids": [],
            "evidence_provenance": [],
            "check_scope": "SUPPLIED_LEDGER",
            "critical": false,
            "verifier": "supplied_ledger_and_arithmetic/v2",
            "scorer_type": "deterministic",
            "note": "No available check establishes this proposition."
          },
          {
            "claim_id": "hd-20261009-212841-eccdc1b3971d/candidates/0/0/claim/37",
            "candidate_id": "hd-20261009-212841-eccdc1b3971d/candidates/0/0",
            "status": "UNCERTAIN",
            "classifications": [],
            "source_ids": [],
            "evidence_provenance": [],
            "check_scope": "SUPPLIED_LEDGER",
            "critical": false,
            "verifier": "supplied_ledger_and_arithmetic/v2",
            "scorer_type": "deterministic",
            "note": "No available check establishes this proposition."
          },
          {
            "claim_id": "hd-20261009-212841-eccdc1b3971d/candidates/0/0/claim/38",
            "candidate_id": "hd-20261009-212841-eccdc1b3971d/candidates/0/0",
            "status": "UNCERTAIN",
            "classifications": [],
            "source_ids": [],
            "evidence_provenance": [],
            "check_scope": "SUPPLIED_LEDGER",
            "critical": false,
            "verifier": "supplied_ledger_and_arithmetic/v2",
            "scorer_type": "deterministic",
            "note": "Explicit abstention; not counted as a detected failure or a verified fact."
          },
          {
            "claim_id": "hd-20261009-212841-eccdc1b3971d/candidates/0/0/claim/39",
            "candidate_id": "hd-20261009-212841-eccdc1b3971d/candidates/0/0",
            "status": "UNCERTAIN",
            "classifications": [],
            "source_ids": [],
            "evidence_provenance": [],
            "check_scope": "SUPPLIED_LEDGER",
            "critical": false,
            "verifier": "supplied_ledger_and_arithmetic/v2",
            "scorer_type": "deterministic",
            "note": "No available check establishes this proposition."
          },
          {
            "claim_id": "hd-20261009-212841-eccdc1b3971d/candidates/0/0/claim/40",
            "candidate_id": "hd-20261009-212841-eccdc1b3971d/candidates/0/0",
            "status": "UNCERTAIN",
            "classifications": [],
            "source_ids": [],
            "evidence_provenance": [],
            "check_scope": "SUPPLIED_LEDGER",
            "critical": false,
            "verifier": "supplied_ledger_and_arithmetic/v2",
            "scorer_type": "deterministic",
            "note": "No available check establishes this proposition."
          },
          {
            "claim_id": "hd-20261009-212841-eccdc1b3971d/candidates/0/0/claim/41",
            "candidate_id": "hd-20261009-212841-eccdc1b3971d/candidates/0/0",
            "status": "UNCERTAIN",
            "classifications": [],
            "source_ids": [],
            "evidence_provenance": [],
            "check_scope": "SUPPLIED_LEDGER",
            "critical": false,
            "verifier": "supplied_ledger_and_arithmetic/v2",
            "scorer_type": "deterministic",
            "note": "No available check establishes this proposition."
          },
          {
            "claim_id": "hd-20261009-212841-eccdc1b3971d/candidates/0/0/claim/42",
            "candidate_id": "hd-20261009-212841-eccdc1b3971d/candidates/0/0",
            "status": "UNCERTAIN",
            "classifications": [],
            "source_ids": [],
            "evidence_provenance": [],
            "check_scope": "SUPPLIED_LEDGER",
            "critical": false,
            "verifier": "supplied_ledger_and_arithmetic/v2",
            "scorer_type": "deterministic",
            "note": "Explicit abstention; not counted as a detected failure or a verified fact."
          },
          {
            "claim_id": "hd-20261009-212841-eccdc1b3971d/candidates/0/0/claim/43",
            "candidate_id": "hd-20261009-212841-eccdc1b3971d/candidates/0/0",
            "status": "UNCERTAIN",
            "classifications": [],
            "source_ids": [],
            "evidence_provenance": [],
            "check_scope": "SUPPLIED_LEDGER",
            "critical": false,
            "verifier": "supplied_ledger_and_arithmetic/v2",
            "scorer_type": "deterministic",
            "note": "Explicit abstention; not counted as a detected failure or a verified fact."
          },
          {
            "claim_id": "hd-20261009-212841-eccdc1b3971d/candidates/0/0/claim/44",
            "candidate_id": "hd-20261009-212841-eccdc1b3971d/candidates/0/0",
            "status": "UNCERTAIN",
            "classifications": [],
            "source_ids": [],
            "evidence_provenance": [],
            "check_scope": "SUPPLIED_LEDGER",
            "critical": false,
            "verifier": "supplied_ledger_and_arithmetic/v2",
            "scorer_type": "deterministic",
            "note": "No available check establishes this proposition."
          },
          {
            "claim_id": "hd-20261009-212841-eccdc1b3971d/candidates/0/0/claim/45",
            "candidate_id": "hd-20261009-212841-eccdc1b3971d/candidates/0/0",
            "status": "UNCERTAIN",
            "classifications": [],
            "source_ids": [],
            "evidence_provenance": [],
            "check_scope": "SUPPLIED_LEDGER",
            "critical": false,
            "verifier": "supplied_ledger_and_arithmetic/v2",
            "scorer_type": "deterministic",
            "note": "No available check establishes this proposition."
          },
          {
            "claim_id": "hd-20261009-212841-eccdc1b3971d/candidates/0/0/claim/46",
            "candidate_id": "hd-20261009-212841-eccdc1b3971d/candidates/0/0",
            "status": "UNCERTAIN",
            "classifications": [],
            "source_ids": [],
            "evidence_provenance": [],
            "check_scope": "SUPPLIED_LEDGER",
            "critical": false,
            "verifier": "supplied_ledger_and_arithmetic/v2",
            "scorer_type": "deterministic",
            "note": "No available check establishes this proposition."
          },
          {
            "claim_id": "hd-20261009-212841-eccdc1b3971d/candidates/0/0/claim/47",
            "candidate_id": "hd-20261009-212841-eccdc1b3971d/candidates/0/0",
            "status": "UNCERTAIN",
            "classifications": [],
            "source_ids": [],
            "evidence_provenance": [],
            "check_scope": "SUPPLIED_LEDGER",
            "critical": false,
            "verifier": "supplied_ledger_and_arithmetic/v2",
            "scorer_type": "deterministic",
            "note": "Explicit abstention; not counted as a detected failure or a verified fact."
          },
          {
            "claim_id": "hd-20261009-212841-eccdc1b3971d/candidates/0/0/claim/48",
            "candidate_id": "hd-20261009-212841-eccdc1b3971d/candidates/0/0",
            "status": "UNCERTAIN",
            "classifications": [],
            "source_ids": [],
            "evidence_provenance": [],
            "check_scope": "SUPPLIED_LEDGER",
            "critical": false,
            "verifier": "supplied_ledger_and_arithmetic/v2",
            "scorer_type": "deterministic",
            "note": "No available check establishes this proposition."
          },
          {
            "claim_id": "hd-20261009-212841-eccdc1b3971d/candidates/0/0/claim/49",
            "candidate_id": "hd-20261009-212841-eccdc1b3971d/candidates/0/0",
            "status": "UNCERTAIN",
            "classifications": [],
            "source_ids": [],
            "evidence_provenance": [],
            "check_scope": "SUPPLIED_LEDGER",
            "critical": false,
            "verifier": "supplied_ledger_and_arithmetic/v2",
            "scorer_type": "deterministic",
            "note": "No available check establishes this proposition."
          },
          {
            "claim_id": "hd-20261009-212841-eccdc1b3971d/candidates/0/0/claim/50",
            "candidate_id": "hd-20261009-212841-eccdc1b3971d/candidates/0/0",
            "status": "UNCERTAIN",
            "classifications": [],
            "source_ids": [],
            "evidence_provenance": [],
            "check_scope": "SUPPLIED_LEDGER",
            "critical": false,
            "verifier": "supplied_ledger_and_arithmetic/v2",
            "scorer_type": "deterministic",
            "note": "Explicit abstention; not counted as a detected failure or a verified fact."
          },
          {
            "claim_id": "hd-20261009-212841-eccdc1b3971d/candidates/0/0/claim/51",
            "candidate_id": "hd-20261009-212841-eccdc1b3971d/candidates/0/0",
            "status": "UNCERTAIN",
            "classifications": [],
            "source_ids": [],
            "evidence_provenance": [],
            "check_scope": "SUPPLIED_LEDGER",
            "critical": false,
            "verifier": "supplied_ledger_and_arithmetic/v2",
            "scorer_type": "deterministic",
            "note": "Explicit abstention; not counted as a detected failure or a verified fact."
          }
        ],
        "candidate_index": 0,
        "trial": 0,
        "prompt_hash": "c4958d8481f58591291eaa9fff5cdfcec46b34ba69ac39817f2eb22648bae140",
        "output_hash": "d683e6f3e181295b33a4f401ca7c7ddf5e08c6c3c77a63f3260ac253c708f933"
      }
    },
    {
      "schema_version": "howl.candidate/v1",
      "candidate_id": "hd-20261009-212841-eccdc1b3971d/candidates/0/1",
      "source_run_id": "hd-20261009-212841-eccdc1b3971d",
      "parent_request_id": "cubs-r003-p4-divergent2",
      "objective": "Where could software create a meaningful baseball advantage for the Chicago Cubs? Second pass. A critique of the first pass found that most candidate decisions (qualifying offers, posting bids, arbitration hearings, postseason rosters, coach moves) have too few historical cases to test any tool against a club's simple rule, and many outcomes are driven by counterparties. Find decisions that combine: (a) many historical cases per season league-wide, so a retrospective test has statistical power; (b) an outcome that is publicly observable after the decision; (c) value at stake that adds up to something meaningful for one club over a season; (d) public information available before the decision that a simple rule might underuse. Include player-development, in-season management and roster decisions, and say where (a) to (d) would fail. OUTPUT GUIDANCE (format only): Each IDEA names the problem, owner, decision and its frequency, an estimate-free description of the number of historical cases, the observable outcome, the simple baseline, and the intervention. Follow with ASSUMPTION and UNKNOWN lines. Do not invent statistics or private Cubs information.",
      "text": "IDEA: Third-base coach send/hold decisions. Owner: third-base coach, with input from the advance and analytics staff. Decision: send or hold a runner on singles and doubles with a play at the plate possible, several times per series. Cases: every club generates these each season, and public tracking data covers multiple seasons, so league-wide cases are numerous. Outcome: safe, out, or held, and the resulting run expectancy, all publicly observable. Baseline: the coach's judgment, or a rule keyed only to runner sprint speed. Intervention: a pre-pitch card combining runner sprint speed, each outfielder's public arm strength and transfer time, outs, inning, score and on-deck hitter quality, giving a break-even send probability per situation.\nASSUMPTION: Fails (a) partly, because only sends produce an observed safe/out outcome; holds are censored, so tests of the counterfactual send depend on modeled throw outcomes.\nASSUMPTION: Fails (c) possibly, because aggregate run value per club-season may be small unless current coaching is systematically too conservative or too aggressive.\nASSUMPTION: Fails (d) possibly, because clubs may already give coaches arm-strength cards; public data may not show what the coach actually used.\nUNKNOWN: league_wide_send_hold_case_count_per_season\nUNKNOWN: whether_public_tracking_records_held_runner_opportunities_consistently\n\nIDEA: Starting pitcher removal timing within a game. Owner: manager and pitching coach. Decision: remove or continue the starter at each batter boundary from the middle innings onward, every start. Cases: every start league-wide over many seasons, so the number of decision points is far larger than the number of starts. Outcome: the plate-appearance outcomes that follow, publicly observable. Baseline: a pitch-count threshold or times-through-order rule. Intervention: a per-batter estimate of starter-versus-reliever expected run value using within-game velocity and spin decay, upcoming hitter handedness and quality, and the reliever availability already known to the club.\nASSUMPTION: Fails (a) in the causal sense, because pitchers left in are selected for looking good, so naive retrospective comparisons are confounded.\nASSUMPTION: Overlaps with the explored bullpen-availability family; it is distinct only if the focus is on the starter's in-game decay signal rather than the bullpen's state.\nASSUMPTION: Fails (c) partly, because the long-run cost of starter workload, such as injury, is not observed within the game, so short-run run value may overstate the gain.\nUNKNOWN: magnitude_of_within_game_velocity_decay_signal_beyond_pitch_count\n\nIDEA: Infield-in versus infield-back with a runner on third and fewer than two outs. Owner: manager and infield coach. Decision: infield depth on each qualifying plate appearance, many times per season. Cases: the base-out state recurs throughout every season for all clubs, and public tracking includes fielder positioning, so cases are numerous. Outcome: whether the run scored, hit or out, and the batted-ball result, all public. Baseline: infield in late and close, back otherwise. Intervention: a batter- and pitcher-specific ground-ball and exit-velocity model plus runner speed, giving the break-even inning and score for each matchup.\nASSUMPTION: Fails (c) possibly, because the situation is frequent but the per-decision value difference may be small.\nASSUMPTION: Fails (a) partly, because public positioning data may not distinguish deliberate infield-in from shading, and the 2023 shift restrictions changed the feasible alignments, which shortens the comparable history.\nUNKNOWN: whether_public_positioning_data_labels_infield_in_reliably_across_seasons\n\nIDEA: Minor-league level-promotion timing. Owner: player development director and farm director. Decision: promote, hold or demote a player between minor-league levels, evaluated continually and acted on many times per season. Cases: all 30 organizations move many players between levels each season, and public minor-league transaction and stat records exist, so cases are numerous. Outcome: performance and strikeout/walk changes at the new level, and eventual MLB arrival, publicly observable with lags. Baseline: promote after a fixed time at a level or when surface stats such as OPS or ERA cross a threshold. Intervention: a model favoring stable, fast-stabilizing indicators (contact rate, chase rate, minor-league tracking where public, strikeout-minus-walk rate) and age-relative-to-level, estimating the probability of success at the next level.\nASSUMPTION: Fails (a) causally, because promotion decisions are selected on private information, so retrospective tests compare promoted players to held ones who differ in unobserved ways.\nASSUMPTION: Fails (b) partly, because the long-run development outcome is delayed by years and confounded by injuries and later coaching.\nASSUMPTION: Fails (d) possibly, because minor-league tracking data are less public than MLB data and access may be restricted.\nUNKNOWN: public_availability_of_minor_league_tracking_metrics_by_level_and_season\nUNKNOWN: whether_too_early_promotion_has_measurable_developmental_harm\n\nIDEA: Minor-league pitcher workload and progression limits. Owner: player development and the medical/performance staff. Decision: innings, pitch-count and rest limits for each developing pitcher, set every outing. Cases: a large number of outings each season across all organizations. Outcome: public injured-list placements, velocity changes and missed time, observable with noise. Baseline: a uniform innings-increase cap year over year or fixed pitch counts by level. Intervention: an individualized limit using public velocity trends within and across outings, age and workload history, flagging pitchers whose decline pattern resembles past injured comparables.\nASSUMPTION: Fails (b) badly, because minor-league injury reporting is incomplete and clubs may disguise injuries as roster moves.\nASSUMPTION: Fails (a) for causal tests, because workload choices respond to private medical information.\nASSUMPTION: Fails (c) uncertainly, because the payoff depends on rare high-cost injuries, which gives low statistical power even with many outings.\nUNKNOWN: completeness_of_public_minor_league_injured_list_data\n\nIDEA: Late-game defensive substitution. Owner: manager and bench coach. Decision: replace a weaker defender with a stronger one when leading late, many games per season. Cases: every club makes this choice, or passes on it, routinely, so league-wide cases are numerous. Outcome: subsequent defensive plays, the lost bat if the game is tied or extended, and the result, all publicly observable. Baseline: substitute when leading by a small margin in the final innings. Intervention: a per-situation estimate trading expected defensive runs saved over the remaining outs against the expected offensive loss if the substitute's spot comes up again, including extra-innings probability.\nASSUMPTION: Fails (c) possibly, because the remaining outs are few, so value per decision is small and only adds up if the baseline is badly miscalibrated.\nASSUMPTION: Fails (a) partly, because the substitute's defensive impact over a few outs is mostly unobservable noise; tests must rely on modeled defensive value.\nUNKNOWN: whether_current_league_practice_differs_measurably_from_model_break_even\n\nIDEA: Manager replay challenges on non-ball-strike plays. Owner: replay coordinator and manager. Decision: challenge or not on close plays at the bases, tag plays and catches, multiple opportunities per game. Cases: challenges occur league-wide many times per season and outcomes are published, so cases are numerous. Outcome: overturned, confirmed or stands, publicly reported. Baseline: challenge whenever the video room's confidence crosses a gut threshold, with conservative behavior early in games. Intervention: a break-even model combining overturn probability, the play's run or win-expectancy swing, the inning and the option value of retaining the challenge.\nASSUMPTION: Fails (d) partly, because the key input, the video room's own read, is private, and public data show only challenged plays, not unchallenged close plays.\nASSUMPTION: Fails (c) possibly, because overturn value is concentrated in a small number of high-leverage plays per club-season.\nASSUMPTION: Overlaps conceptually with the explored ABS challenge-strategy family; it is distinct only because the inputs are video confidence and play leverage rather than pitch location.\nUNKNOWN: availability_of_unchallenged_close_play_records\n\nIDEA: Intentional walk decisions after the automatic intentional walk rule. Owner: manager. Decision: issue an intentional walk in base-out and score states where it is possible, several times per month. Cases: league-wide intentional walks and comparable non-walk situations recur each season, so cases are numerous. Outcome: subsequent plate appearances and runs, publicly observable. Baseline: walk the dangerous hitter with first base open late in close games. Intervention: a matchup-specific run- and win-expectancy comparison using the batter and on-deck hitter's pitch-type vulnerabilities against the current pitcher, and the platoon and bench state.\nASSUMPTION: Fails (c) likely, because intentional walks are less frequent in modern play, so total value per club may be small.\nASSUMPTION: Fails (a) partly, because walks are chosen in non-random situations, which confounds naive retrospective comparisons.\nUNKNOWN: league_wide_intentional_walk_frequency_trend_since_rule_change\n\nIDEA: Cross-cutting test design that applies to all ideas above. Use decision-point-level retrospective evaluation, with propensity or situational matching where choices are confounded, and report break-even margins rather than claimed wins.\nASSUMPTION: Public tracking and play-by-play data are lawfully accessible and sufficiently complete for each decision type; this requires verification per source.\nASSUMPTION: A club-level advantage requires that Cubs practice actually differs from the model break-even; no public evidence was supplied either way.\nUNKNOWN: current_chicago_cubs_practice_for_each_decision_type\nUNKNOWN: supplied_evidence_none",
      "condition": "dream",
      "trust": "UNVERIFIED",
      "status": "UNRESOLVED",
      "authority": {
        "type": "ADVISORY",
        "executable": false
      },
      "claims": [
        {
          "id": "hd-20261009-212841-eccdc1b3971d/candidates/0/1/claim/1",
          "candidate_id": "hd-20261009-212841-eccdc1b3971d/candidates/0/1",
          "kind": "IDEA",
          "text": "Third-base coach send/hold decisions. Owner: third-base coach, with input from the advance and analytics staff. Decision: send or hold a runner on singles and doubles with a play at the plate possible, several times per series. Cases: every club generates these each season, and public tracking data covers multiple seasons, so league-wide cases are numerous. Outcome: safe, out, or held, and the resulting run expectancy, all publicly observable. Baseline: the coach's judgment, or a rule keyed only to runner sprint speed. Intervention: a pre-pitch card combining runner sprint speed, each outfielder's public arm strength and transfer time, outs, inning, score and on-deck hitter quality, giving a break-even send probability per situation.",
          "status": "UNVERIFIED",
          "extractor": "line_grammar/v1"
        },
        {
          "id": "hd-20261009-212841-eccdc1b3971d/candidates/0/1/claim/2",
          "candidate_id": "hd-20261009-212841-eccdc1b3971d/candidates/0/1",
          "kind": "ASSUMPTION",
          "text": "Fails (a) partly, because only sends produce an observed safe/out outcome; holds are censored, so tests of the counterfactual send depend on modeled throw outcomes.",
          "status": "UNVERIFIED",
          "extractor": "line_grammar/v1"
        },
        {
          "id": "hd-20261009-212841-eccdc1b3971d/candidates/0/1/claim/3",
          "candidate_id": "hd-20261009-212841-eccdc1b3971d/candidates/0/1",
          "kind": "ASSUMPTION",
          "text": "Fails (c) possibly, because aggregate run value per club-season may be small unless current coaching is systematically too conservative or too aggressive.",
          "status": "UNVERIFIED",
          "extractor": "line_grammar/v1"
        },
        {
          "id": "hd-20261009-212841-eccdc1b3971d/candidates/0/1/claim/4",
          "candidate_id": "hd-20261009-212841-eccdc1b3971d/candidates/0/1",
          "kind": "ASSUMPTION",
          "text": "Fails (d) possibly, because clubs may already give coaches arm-strength cards; public data may not show what the coach actually used.",
          "status": "UNVERIFIED",
          "extractor": "line_grammar/v1"
        },
        {
          "id": "hd-20261009-212841-eccdc1b3971d/candidates/0/1/claim/5",
          "candidate_id": "hd-20261009-212841-eccdc1b3971d/candidates/0/1",
          "kind": "UNKNOWN",
          "text": "league_wide_send_hold_case_count_per_season",
          "status": "UNVERIFIED",
          "extractor": "line_grammar/v1"
        },
        {
          "id": "hd-20261009-212841-eccdc1b3971d/candidates/0/1/claim/6",
          "candidate_id": "hd-20261009-212841-eccdc1b3971d/candidates/0/1",
          "kind": "UNKNOWN",
          "text": "whether_public_tracking_records_held_runner_opportunities_consistently",
          "status": "UNVERIFIED",
          "extractor": "line_grammar/v1"
        },
        {
          "id": "hd-20261009-212841-eccdc1b3971d/candidates/0/1/claim/7",
          "candidate_id": "hd-20261009-212841-eccdc1b3971d/candidates/0/1",
          "kind": "IDEA",
          "text": "Starting pitcher removal timing within a game. Owner: manager and pitching coach. Decision: remove or continue the starter at each batter boundary from the middle innings onward, every start. Cases: every start league-wide over many seasons, so the number of decision points is far larger than the number of starts. Outcome: the plate-appearance outcomes that follow, publicly observable. Baseline: a pitch-count threshold or times-through-order rule. Intervention: a per-batter estimate of starter-versus-reliever expected run value using within-game velocity and spin decay, upcoming hitter handedness and quality, and the reliever availability already known to the club.",
          "status": "UNVERIFIED",
          "extractor": "line_grammar/v1"
        },
        {
          "id": "hd-20261009-212841-eccdc1b3971d/candidates/0/1/claim/8",
          "candidate_id": "hd-20261009-212841-eccdc1b3971d/candidates/0/1",
          "kind": "ASSUMPTION",
          "text": "Fails (a) in the causal sense, because pitchers left in are selected for looking good, so naive retrospective comparisons are confounded.",
          "status": "UNVERIFIED",
          "extractor": "line_grammar/v1"
        },
        {
          "id": "hd-20261009-212841-eccdc1b3971d/candidates/0/1/claim/9",
          "candidate_id": "hd-20261009-212841-eccdc1b3971d/candidates/0/1",
          "kind": "ASSUMPTION",
          "text": "Overlaps with the explored bullpen-availability family; it is distinct only if the focus is on the starter's in-game decay signal rather than the bullpen's state.",
          "status": "UNVERIFIED",
          "extractor": "line_grammar/v1"
        },
        {
          "id": "hd-20261009-212841-eccdc1b3971d/candidates/0/1/claim/10",
          "candidate_id": "hd-20261009-212841-eccdc1b3971d/candidates/0/1",
          "kind": "ASSUMPTION",
          "text": "Fails (c) partly, because the long-run cost of starter workload, such as injury, is not observed within the game, so short-run run value may overstate the gain.",
          "status": "UNVERIFIED",
          "extractor": "line_grammar/v1"
        },
        {
          "id": "hd-20261009-212841-eccdc1b3971d/candidates/0/1/claim/11",
          "candidate_id": "hd-20261009-212841-eccdc1b3971d/candidates/0/1",
          "kind": "UNKNOWN",
          "text": "magnitude_of_within_game_velocity_decay_signal_beyond_pitch_count",
          "status": "UNVERIFIED",
          "extractor": "line_grammar/v1"
        },
        {
          "id": "hd-20261009-212841-eccdc1b3971d/candidates/0/1/claim/12",
          "candidate_id": "hd-20261009-212841-eccdc1b3971d/candidates/0/1",
          "kind": "IDEA",
          "text": "Infield-in versus infield-back with a runner on third and fewer than two outs. Owner: manager and infield coach. Decision: infield depth on each qualifying plate appearance, many times per season. Cases: the base-out state recurs throughout every season for all clubs, and public tracking includes fielder positioning, so cases are numerous. Outcome: whether the run scored, hit or out, and the batted-ball result, all public. Baseline: infield in late and close, back otherwise. Intervention: a batter- and pitcher-specific ground-ball and exit-velocity model plus runner speed, giving the break-even inning and score for each matchup.",
          "status": "UNVERIFIED",
          "extractor": "line_grammar/v1"
        },
        {
          "id": "hd-20261009-212841-eccdc1b3971d/candidates/0/1/claim/13",
          "candidate_id": "hd-20261009-212841-eccdc1b3971d/candidates/0/1",
          "kind": "ASSUMPTION",
          "text": "Fails (c) possibly, because the situation is frequent but the per-decision value difference may be small.",
          "status": "UNVERIFIED",
          "extractor": "line_grammar/v1"
        },
        {
          "id": "hd-20261009-212841-eccdc1b3971d/candidates/0/1/claim/14",
          "candidate_id": "hd-20261009-212841-eccdc1b3971d/candidates/0/1",
          "kind": "ASSUMPTION",
          "text": "Fails (a) partly, because public positioning data may not distinguish deliberate infield-in from shading, and the 2023 shift restrictions changed the feasible alignments, which shortens the comparable history.",
          "status": "UNVERIFIED",
          "extractor": "line_grammar/v1"
        },
        {
          "id": "hd-20261009-212841-eccdc1b3971d/candidates/0/1/claim/15",
          "candidate_id": "hd-20261009-212841-eccdc1b3971d/candidates/0/1",
          "kind": "UNKNOWN",
          "text": "whether_public_positioning_data_labels_infield_in_reliably_across_seasons",
          "status": "UNVERIFIED",
          "extractor": "line_grammar/v1"
        },
        {
          "id": "hd-20261009-212841-eccdc1b3971d/candidates/0/1/claim/16",
          "candidate_id": "hd-20261009-212841-eccdc1b3971d/candidates/0/1",
          "kind": "IDEA",
          "text": "Minor-league level-promotion timing. Owner: player development director and farm director. Decision: promote, hold or demote a player between minor-league levels, evaluated continually and acted on many times per season. Cases: all 30 organizations move many players between levels each season, and public minor-league transaction and stat records exist, so cases are numerous. Outcome: performance and strikeout/walk changes at the new level, and eventual MLB arrival, publicly observable with lags. Baseline: promote after a fixed time at a level or when surface stats such as OPS or ERA cross a threshold. Intervention: a model favoring stable, fast-stabilizing indicators (contact rate, chase rate, minor-league tracking where public, strikeout-minus-walk rate) and age-relative-to-level, estimating the probability of success at the next level.",
          "status": "UNVERIFIED",
          "extractor": "line_grammar/v1"
        },
        {
          "id": "hd-20261009-212841-eccdc1b3971d/candidates/0/1/claim/17",
          "candidate_id": "hd-20261009-212841-eccdc1b3971d/candidates/0/1",
          "kind": "ASSUMPTION",
          "text": "Fails (a) causally, because promotion decisions are selected on private information, so retrospective tests compare promoted players to held ones who differ in unobserved ways.",
          "status": "UNVERIFIED",
          "extractor": "line_grammar/v1"
        },
        {
          "id": "hd-20261009-212841-eccdc1b3971d/candidates/0/1/claim/18",
          "candidate_id": "hd-20261009-212841-eccdc1b3971d/candidates/0/1",
          "kind": "ASSUMPTION",
          "text": "Fails (b) partly, because the long-run development outcome is delayed by years and confounded by injuries and later coaching.",
          "status": "UNVERIFIED",
          "extractor": "line_grammar/v1"
        },
        {
          "id": "hd-20261009-212841-eccdc1b3971d/candidates/0/1/claim/19",
          "candidate_id": "hd-20261009-212841-eccdc1b3971d/candidates/0/1",
          "kind": "ASSUMPTION",
          "text": "Fails (d) possibly, because minor-league tracking data are less public than MLB data and access may be restricted.",
          "status": "UNVERIFIED",
          "extractor": "line_grammar/v1"
        },
        {
          "id": "hd-20261009-212841-eccdc1b3971d/candidates/0/1/claim/20",
          "candidate_id": "hd-20261009-212841-eccdc1b3971d/candidates/0/1",
          "kind": "UNKNOWN",
          "text": "public_availability_of_minor_league_tracking_metrics_by_level_and_season",
          "status": "UNVERIFIED",
          "extractor": "line_grammar/v1"
        },
        {
          "id": "hd-20261009-212841-eccdc1b3971d/candidates/0/1/claim/21",
          "candidate_id": "hd-20261009-212841-eccdc1b3971d/candidates/0/1",
          "kind": "UNKNOWN",
          "text": "whether_too_early_promotion_has_measurable_developmental_harm",
          "status": "UNVERIFIED",
          "extractor": "line_grammar/v1"
        },
        {
          "id": "hd-20261009-212841-eccdc1b3971d/candidates/0/1/claim/22",
          "candidate_id": "hd-20261009-212841-eccdc1b3971d/candidates/0/1",
          "kind": "IDEA",
          "text": "Minor-league pitcher workload and progression limits. Owner: player development and the medical/performance staff. Decision: innings, pitch-count and rest limits for each developing pitcher, set every outing. Cases: a large number of outings each season across all organizations. Outcome: public injured-list placements, velocity changes and missed time, observable with noise. Baseline: a uniform innings-increase cap year over year or fixed pitch counts by level. Intervention: an individualized limit using public velocity trends within and across outings, age and workload history, flagging pitchers whose decline pattern resembles past injured comparables.",
          "status": "UNVERIFIED",
          "extractor": "line_grammar/v1"
        },
        {
          "id": "hd-20261009-212841-eccdc1b3971d/candidates/0/1/claim/23",
          "candidate_id": "hd-20261009-212841-eccdc1b3971d/candidates/0/1",
          "kind": "ASSUMPTION",
          "text": "Fails (b) badly, because minor-league injury reporting is incomplete and clubs may disguise injuries as roster moves.",
          "status": "UNVERIFIED",
          "extractor": "line_grammar/v1"
        },
        {
          "id": "hd-20261009-212841-eccdc1b3971d/candidates/0/1/claim/24",
          "candidate_id": "hd-20261009-212841-eccdc1b3971d/candidates/0/1",
          "kind": "ASSUMPTION",
          "text": "Fails (a) for causal tests, because workload choices respond to private medical information.",
          "status": "UNVERIFIED",
          "extractor": "line_grammar/v1"
        },
        {
          "id": "hd-20261009-212841-eccdc1b3971d/candidates/0/1/claim/25",
          "candidate_id": "hd-20261009-212841-eccdc1b3971d/candidates/0/1",
          "kind": "ASSUMPTION",
          "text": "Fails (c) uncertainly, because the payoff depends on rare high-cost injuries, which gives low statistical power even with many outings.",
          "status": "UNVERIFIED",
          "extractor": "line_grammar/v1"
        },
        {
          "id": "hd-20261009-212841-eccdc1b3971d/candidates/0/1/claim/26",
          "candidate_id": "hd-20261009-212841-eccdc1b3971d/candidates/0/1",
          "kind": "UNKNOWN",
          "text": "completeness_of_public_minor_league_injured_list_data",
          "status": "UNVERIFIED",
          "extractor": "line_grammar/v1"
        },
        {
          "id": "hd-20261009-212841-eccdc1b3971d/candidates/0/1/claim/27",
          "candidate_id": "hd-20261009-212841-eccdc1b3971d/candidates/0/1",
          "kind": "IDEA",
          "text": "Late-game defensive substitution. Owner: manager and bench coach. Decision: replace a weaker defender with a stronger one when leading late, many games per season. Cases: every club makes this choice, or passes on it, routinely, so league-wide cases are numerous. Outcome: subsequent defensive plays, the lost bat if the game is tied or extended, and the result, all publicly observable. Baseline: substitute when leading by a small margin in the final innings. Intervention: a per-situation estimate trading expected defensive runs saved over the remaining outs against the expected offensive loss if the substitute's spot comes up again, including extra-innings probability.",
          "status": "UNVERIFIED",
          "extractor": "line_grammar/v1"
        },
        {
          "id": "hd-20261009-212841-eccdc1b3971d/candidates/0/1/claim/28",
          "candidate_id": "hd-20261009-212841-eccdc1b3971d/candidates/0/1",
          "kind": "ASSUMPTION",
          "text": "Fails (c) possibly, because the remaining outs are few, so value per decision is small and only adds up if the baseline is badly miscalibrated.",
          "status": "UNVERIFIED",
          "extractor": "line_grammar/v1"
        },
        {
          "id": "hd-20261009-212841-eccdc1b3971d/candidates/0/1/claim/29",
          "candidate_id": "hd-20261009-212841-eccdc1b3971d/candidates/0/1",
          "kind": "ASSUMPTION",
          "text": "Fails (a) partly, because the substitute's defensive impact over a few outs is mostly unobservable noise; tests must rely on modeled defensive value.",
          "status": "UNVERIFIED",
          "extractor": "line_grammar/v1"
        },
        {
          "id": "hd-20261009-212841-eccdc1b3971d/candidates/0/1/claim/30",
          "candidate_id": "hd-20261009-212841-eccdc1b3971d/candidates/0/1",
          "kind": "UNKNOWN",
          "text": "whether_current_league_practice_differs_measurably_from_model_break_even",
          "status": "UNVERIFIED",
          "extractor": "line_grammar/v1"
        },
        {
          "id": "hd-20261009-212841-eccdc1b3971d/candidates/0/1/claim/31",
          "candidate_id": "hd-20261009-212841-eccdc1b3971d/candidates/0/1",
          "kind": "IDEA",
          "text": "Manager replay challenges on non-ball-strike plays. Owner: replay coordinator and manager. Decision: challenge or not on close plays at the bases, tag plays and catches, multiple opportunities per game. Cases: challenges occur league-wide many times per season and outcomes are published, so cases are numerous. Outcome: overturned, confirmed or stands, publicly reported. Baseline: challenge whenever the video room's confidence crosses a gut threshold, with conservative behavior early in games. Intervention: a break-even model combining overturn probability, the play's run or win-expectancy swing, the inning and the option value of retaining the challenge.",
          "status": "UNVERIFIED",
          "extractor": "line_grammar/v1"
        },
        {
          "id": "hd-20261009-212841-eccdc1b3971d/candidates/0/1/claim/32",
          "candidate_id": "hd-20261009-212841-eccdc1b3971d/candidates/0/1",
          "kind": "ASSUMPTION",
          "text": "Fails (d) partly, because the key input, the video room's own read, is private, and public data show only challenged plays, not unchallenged close plays.",
          "status": "UNVERIFIED",
          "extractor": "line_grammar/v1"
        },
        {
          "id": "hd-20261009-212841-eccdc1b3971d/candidates/0/1/claim/33",
          "candidate_id": "hd-20261009-212841-eccdc1b3971d/candidates/0/1",
          "kind": "ASSUMPTION",
          "text": "Fails (c) possibly, because overturn value is concentrated in a small number of high-leverage plays per club-season.",
          "status": "UNVERIFIED",
          "extractor": "line_grammar/v1"
        },
        {
          "id": "hd-20261009-212841-eccdc1b3971d/candidates/0/1/claim/34",
          "candidate_id": "hd-20261009-212841-eccdc1b3971d/candidates/0/1",
          "kind": "ASSUMPTION",
          "text": "Overlaps conceptually with the explored ABS challenge-strategy family; it is distinct only because the inputs are video confidence and play leverage rather than pitch location.",
          "status": "UNVERIFIED",
          "extractor": "line_grammar/v1"
        },
        {
          "id": "hd-20261009-212841-eccdc1b3971d/candidates/0/1/claim/35",
          "candidate_id": "hd-20261009-212841-eccdc1b3971d/candidates/0/1",
          "kind": "UNKNOWN",
          "text": "availability_of_unchallenged_close_play_records",
          "status": "UNVERIFIED",
          "extractor": "line_grammar/v1"
        },
        {
          "id": "hd-20261009-212841-eccdc1b3971d/candidates/0/1/claim/36",
          "candidate_id": "hd-20261009-212841-eccdc1b3971d/candidates/0/1",
          "kind": "IDEA",
          "text": "Intentional walk decisions after the automatic intentional walk rule. Owner: manager. Decision: issue an intentional walk in base-out and score states where it is possible, several times per month. Cases: league-wide intentional walks and comparable non-walk situations recur each season, so cases are numerous. Outcome: subsequent plate appearances and runs, publicly observable. Baseline: walk the dangerous hitter with first base open late in close games. Intervention: a matchup-specific run- and win-expectancy comparison using the batter and on-deck hitter's pitch-type vulnerabilities against the current pitcher, and the platoon and bench state.",
          "status": "UNVERIFIED",
          "extractor": "line_grammar/v1"
        },
        {
          "id": "hd-20261009-212841-eccdc1b3971d/candidates/0/1/claim/37",
          "candidate_id": "hd-20261009-212841-eccdc1b3971d/candidates/0/1",
          "kind": "ASSUMPTION",
          "text": "Fails (c) likely, because intentional walks are less frequent in modern play, so total value per club may be small.",
          "status": "UNVERIFIED",
          "extractor": "line_grammar/v1"
        },
        {
          "id": "hd-20261009-212841-eccdc1b3971d/candidates/0/1/claim/38",
          "candidate_id": "hd-20261009-212841-eccdc1b3971d/candidates/0/1",
          "kind": "ASSUMPTION",
          "text": "Fails (a) partly, because walks are chosen in non-random situations, which confounds naive retrospective comparisons.",
          "status": "UNVERIFIED",
          "extractor": "line_grammar/v1"
        },
        {
          "id": "hd-20261009-212841-eccdc1b3971d/candidates/0/1/claim/39",
          "candidate_id": "hd-20261009-212841-eccdc1b3971d/candidates/0/1",
          "kind": "UNKNOWN",
          "text": "league_wide_intentional_walk_frequency_trend_since_rule_change",
          "status": "UNVERIFIED",
          "extractor": "line_grammar/v1"
        },
        {
          "id": "hd-20261009-212841-eccdc1b3971d/candidates/0/1/claim/40",
          "candidate_id": "hd-20261009-212841-eccdc1b3971d/candidates/0/1",
          "kind": "IDEA",
          "text": "Cross-cutting test design that applies to all ideas above. Use decision-point-level retrospective evaluation, with propensity or situational matching where choices are confounded, and report break-even margins rather than claimed wins.",
          "status": "UNVERIFIED",
          "extractor": "line_grammar/v1"
        },
        {
          "id": "hd-20261009-212841-eccdc1b3971d/candidates/0/1/claim/41",
          "candidate_id": "hd-20261009-212841-eccdc1b3971d/candidates/0/1",
          "kind": "ASSUMPTION",
          "text": "Public tracking and play-by-play data are lawfully accessible and sufficiently complete for each decision type; this requires verification per source.",
          "status": "UNVERIFIED",
          "extractor": "line_grammar/v1"
        },
        {
          "id": "hd-20261009-212841-eccdc1b3971d/candidates/0/1/claim/42",
          "candidate_id": "hd-20261009-212841-eccdc1b3971d/candidates/0/1",
          "kind": "ASSUMPTION",
          "text": "A club-level advantage requires that Cubs practice actually differs from the model break-even; no public evidence was supplied either way.",
          "status": "UNVERIFIED",
          "extractor": "line_grammar/v1"
        },
        {
          "id": "hd-20261009-212841-eccdc1b3971d/candidates/0/1/claim/43",
          "candidate_id": "hd-20261009-212841-eccdc1b3971d/candidates/0/1",
          "kind": "UNKNOWN",
          "text": "current_chicago_cubs_practice_for_each_decision_type",
          "status": "UNVERIFIED",
          "extractor": "line_grammar/v1"
        },
        {
          "id": "hd-20261009-212841-eccdc1b3971d/candidates/0/1/claim/44",
          "candidate_id": "hd-20261009-212841-eccdc1b3971d/candidates/0/1",
          "kind": "UNKNOWN",
          "text": "supplied_evidence_none",
          "status": "UNVERIFIED",
          "extractor": "line_grammar/v1"
        }
      ],
      "evidence_refs": [
        "objective_context"
      ],
      "assumptions": [
        "Fails (a) partly, because only sends produce an observed safe/out outcome; holds are censored, so tests of the counterfactual send depend on modeled throw outcomes.",
        "Fails (c) possibly, because aggregate run value per club-season may be small unless current coaching is systematically too conservative or too aggressive.",
        "Fails (d) possibly, because clubs may already give coaches arm-strength cards; public data may not show what the coach actually used.",
        "Fails (a) in the causal sense, because pitchers left in are selected for looking good, so naive retrospective comparisons are confounded.",
        "Overlaps with the explored bullpen-availability family; it is distinct only if the focus is on the starter's in-game decay signal rather than the bullpen's state.",
        "Fails (c) partly, because the long-run cost of starter workload, such as injury, is not observed within the game, so short-run run value may overstate the gain.",
        "Fails (c) possibly, because the situation is frequent but the per-decision value difference may be small.",
        "Fails (a) partly, because public positioning data may not distinguish deliberate infield-in from shading, and the 2023 shift restrictions changed the feasible alignments, which shortens the comparable history.",
        "Fails (a) causally, because promotion decisions are selected on private information, so retrospective tests compare promoted players to held ones who differ in unobserved ways.",
        "Fails (b) partly, because the long-run development outcome is delayed by years and confounded by injuries and later coaching.",
        "Fails (d) possibly, because minor-league tracking data are less public than MLB data and access may be restricted.",
        "Fails (b) badly, because minor-league injury reporting is incomplete and clubs may disguise injuries as roster moves.",
        "Fails (a) for causal tests, because workload choices respond to private medical information.",
        "Fails (c) uncertainly, because the payoff depends on rare high-cost injuries, which gives low statistical power even with many outings.",
        "Fails (c) possibly, because the remaining outs are few, so value per decision is small and only adds up if the baseline is badly miscalibrated.",
        "Fails (a) partly, because the substitute's defensive impact over a few outs is mostly unobservable noise; tests must rely on modeled defensive value.",
        "Fails (d) partly, because the key input, the video room's own read, is private, and public data show only challenged plays, not unchallenged close plays.",
        "Fails (c) possibly, because overturn value is concentrated in a small number of high-leverage plays per club-season.",
        "Overlaps conceptually with the explored ABS challenge-strategy family; it is distinct only because the inputs are video confidence and play leverage rather than pitch location.",
        "Fails (c) likely, because intentional walks are less frequent in modern play, so total value per club may be small.",
        "Fails (a) partly, because walks are chosen in non-random situations, which confounds naive retrospective comparisons.",
        "Public tracking and play-by-play data are lawfully accessible and sufficiently complete for each decision type; this requires verification per source.",
        "A club-level advantage requires that Cubs practice actually differs from the model break-even; no public evidence was supplied either way."
      ],
      "unresolved_issues": [
        "Fails (a) partly, because only sends produce an observed safe/out outcome; holds are censored, so tests of the counterfactual send depend on modeled throw outcomes.",
        "Fails (c) possibly, because aggregate run value per club-season may be small unless current coaching is systematically too conservative or too aggressive.",
        "Fails (d) possibly, because clubs may already give coaches arm-strength cards; public data may not show what the coach actually used.",
        "Fails (a) in the causal sense, because pitchers left in are selected for looking good, so naive retrospective comparisons are confounded.",
        "Overlaps with the explored bullpen-availability family; it is distinct only if the focus is on the starter's in-game decay signal rather than the bullpen's state.",
        "Fails (c) partly, because the long-run cost of starter workload, such as injury, is not observed within the game, so short-run run value may overstate the gain.",
        "Fails (c) possibly, because the situation is frequent but the per-decision value difference may be small.",
        "Fails (a) partly, because public positioning data may not distinguish deliberate infield-in from shading, and the 2023 shift restrictions changed the feasible alignments, which shortens the comparable history.",
        "Fails (a) causally, because promotion decisions are selected on private information, so retrospective tests compare promoted players to held ones who differ in unobserved ways.",
        "Fails (b) partly, because the long-run development outcome is delayed by years and confounded by injuries and later coaching.",
        "Fails (d) possibly, because minor-league tracking data are less public than MLB data and access may be restricted.",
        "Fails (b) badly, because minor-league injury reporting is incomplete and clubs may disguise injuries as roster moves.",
        "Fails (a) for causal tests, because workload choices respond to private medical information.",
        "Fails (c) uncertainly, because the payoff depends on rare high-cost injuries, which gives low statistical power even with many outings.",
        "Fails (c) possibly, because the remaining outs are few, so value per decision is small and only adds up if the baseline is badly miscalibrated.",
        "Fails (a) partly, because the substitute's defensive impact over a few outs is mostly unobservable noise; tests must rely on modeled defensive value.",
        "Fails (d) partly, because the key input, the video room's own read, is private, and public data show only challenged plays, not unchallenged close plays.",
        "Fails (c) possibly, because overturn value is concentrated in a small number of high-leverage plays per club-season.",
        "Overlaps conceptually with the explored ABS challenge-strategy family; it is distinct only because the inputs are video confidence and play leverage rather than pitch location.",
        "Fails (c) likely, because intentional walks are less frequent in modern play, so total value per club may be small.",
        "Fails (a) partly, because walks are chosen in non-random situations, which confounds naive retrospective comparisons.",
        "Public tracking and play-by-play data are lawfully accessible and sufficiently complete for each decision type; this requires verification per source.",
        "A club-level advantage requires that Cubs practice actually differs from the model break-even; no public evidence was supplied either way.",
        "Third-base coach send/hold decisions. Owner: third-base coach, with input from the advance and analytics staff. Decision: send or hold a runner on singles and doubles with a play at the plate possible, several times per series. Cases: every club generates these each season, and public tracking data covers multiple seasons, so league-wide cases are numerous. Outcome: safe, out, or held, and the resulting run expectancy, all publicly observable. Baseline: the coach's judgment, or a rule keyed only to runner sprint speed. Intervention: a pre-pitch card combining runner sprint speed, each outfielder's public arm strength and transfer time, outs, inning, score and on-deck hitter quality, giving a break-even send probability per situation.",
        "league_wide_send_hold_case_count_per_season",
        "whether_public_tracking_records_held_runner_opportunities_consistently",
        "Starting pitcher removal timing within a game. Owner: manager and pitching coach. Decision: remove or continue the starter at each batter boundary from the middle innings onward, every start. Cases: every start league-wide over many seasons, so the number of decision points is far larger than the number of starts. Outcome: the plate-appearance outcomes that follow, publicly observable. Baseline: a pitch-count threshold or times-through-order rule. Intervention: a per-batter estimate of starter-versus-reliever expected run value using within-game velocity and spin decay, upcoming hitter handedness and quality, and the reliever availability already known to the club.",
        "magnitude_of_within_game_velocity_decay_signal_beyond_pitch_count",
        "Infield-in versus infield-back with a runner on third and fewer than two outs. Owner: manager and infield coach. Decision: infield depth on each qualifying plate appearance, many times per season. Cases: the base-out state recurs throughout every season for all clubs, and public tracking includes fielder positioning, so cases are numerous. Outcome: whether the run scored, hit or out, and the batted-ball result, all public. Baseline: infield in late and close, back otherwise. Intervention: a batter- and pitcher-specific ground-ball and exit-velocity model plus runner speed, giving the break-even inning and score for each matchup.",
        "whether_public_positioning_data_labels_infield_in_reliably_across_seasons",
        "Minor-league level-promotion timing. Owner: player development director and farm director. Decision: promote, hold or demote a player between minor-league levels, evaluated continually and acted on many times per season. Cases: all 30 organizations move many players between levels each season, and public minor-league transaction and stat records exist, so cases are numerous. Outcome: performance and strikeout/walk changes at the new level, and eventual MLB arrival, publicly observable with lags. Baseline: promote after a fixed time at a level or when surface stats such as OPS or ERA cross a threshold. Intervention: a model favoring stable, fast-stabilizing indicators (contact rate, chase rate, minor-league tracking where public, strikeout-minus-walk rate) and age-relative-to-level, estimating the probability of success at the next level.",
        "public_availability_of_minor_league_tracking_metrics_by_level_and_season",
        "whether_too_early_promotion_has_measurable_developmental_harm",
        "Minor-league pitcher workload and progression limits. Owner: player development and the medical/performance staff. Decision: innings, pitch-count and rest limits for each developing pitcher, set every outing. Cases: a large number of outings each season across all organizations. Outcome: public injured-list placements, velocity changes and missed time, observable with noise. Baseline: a uniform innings-increase cap year over year or fixed pitch counts by level. Intervention: an individualized limit using public velocity trends within and across outings, age and workload history, flagging pitchers whose decline pattern resembles past injured comparables.",
        "completeness_of_public_minor_league_injured_list_data",
        "Late-game defensive substitution. Owner: manager and bench coach. Decision: replace a weaker defender with a stronger one when leading late, many games per season. Cases: every club makes this choice, or passes on it, routinely, so league-wide cases are numerous. Outcome: subsequent defensive plays, the lost bat if the game is tied or extended, and the result, all publicly observable. Baseline: substitute when leading by a small margin in the final innings. Intervention: a per-situation estimate trading expected defensive runs saved over the remaining outs against the expected offensive loss if the substitute's spot comes up again, including extra-innings probability.",
        "whether_current_league_practice_differs_measurably_from_model_break_even",
        "Manager replay challenges on non-ball-strike plays. Owner: replay coordinator and manager. Decision: challenge or not on close plays at the bases, tag plays and catches, multiple opportunities per game. Cases: challenges occur league-wide many times per season and outcomes are published, so cases are numerous. Outcome: overturned, confirmed or stands, publicly reported. Baseline: challenge whenever the video room's confidence crosses a gut threshold, with conservative behavior early in games. Intervention: a break-even model combining overturn probability, the play's run or win-expectancy swing, the inning and the option value of retaining the challenge.",
        "availability_of_unchallenged_close_play_records",
        "Intentional walk decisions after the automatic intentional walk rule. Owner: manager. Decision: issue an intentional walk in base-out and score states where it is possible, several times per month. Cases: league-wide intentional walks and comparable non-walk situations recur each season, so cases are numerous. Outcome: subsequent plate appearances and runs, publicly observable. Baseline: walk the dangerous hitter with first base open late in close games. Intervention: a matchup-specific run- and win-expectancy comparison using the batter and on-deck hitter's pitch-type vulnerabilities against the current pitcher, and the platoon and bench state.",
        "league_wide_intentional_walk_frequency_trend_since_rule_change",
        "Cross-cutting test design that applies to all ideas above. Use decision-point-level retrospective evaluation, with propensity or situational matching where choices are confounded, and report break-even margins rather than claimed wins.",
        "current_chicago_cubs_practice_for_each_decision_type",
        "supplied_evidence_none"
      ],
      "contradictions": [],
      "verified_constraints": [],
      "provenance": {
        "run_id": "hd-20261009-212841-eccdc1b3971d",
        "producer_component": "howldream",
        "producer_version": "0.4.4",
        "model_or_provider": "claude-opus-5-5",
        "observation_kind": "EXTERNALLY_OBSERVED",
        "created_at": "2026-10-09T21:35:57.453620+00:00",
        "transformations": [
          "generated"
        ],
        "participation": [
          {
            "operation": "GENERATED",
            "transforming_component": "howldream",
            "origin_component": "howldream",
            "origin_provider": "claude",
            "origin_model": "claude-opus-5-5",
            "subject_count": 1,
            "inference_occurred": true,
            "note": "Dream prompted the provider; the provider authored the text."
          }
        ],
        "request_id": "cubs-r003-p4-divergent2",
        "originating_component": "operator",
        "execution": {
          "requested_provider": "command",
          "selected_provider": "command",
          "actual_provider": "claude",
          "adapter": "claude-json",
          "model": "claude-opus-5-5",
          "requested_model": "claude-opus-5-5",
          "deterministic": false,
          "mocked": false,
          "inference_occurred": true,
          "remote": true,
          "remote_observation": "OPERATOR_DECLARED",
          "fallback_reason": null,
          "elapsed_seconds": 52.90691147999996,
          "usage": {
            "input_tokens": 2,
            "cache_creation_input_tokens": 2051,
            "cache_read_input_tokens": 0,
            "output_tokens": 4786,
            "output_tokens_details": {
              "thinking_tokens": 1305
            },
            "server_tool_use": {
              "web_search_requests": 0,
              "web_fetch_requests": 0
            },
            "cache_creation": {
              "ephemeral_1h_input_tokens": 2051,
              "ephemeral_5m_input_tokens": 0
            }
          },
          "cost": 0.11213599999999999,
          "request_id": "7e48247f-f5b4-4f8a-9411-ae96be01067a",
          "raw_output_received": true,
          "parse_status": "VALID",
          "repair_attempted": false,
          "sampling": null
        },
        "source_candidate_refs": [],
        "source_candidates_location": "exploration_envelope.json#/provenance/source_candidates",
        "hard_constraints": [
          "Do not assume the problem or the solution.",
          "Lawfully accessible public, historical, or clearly labeled synthetic data only.",
          "Do not invent private Chicago Cubs information or statistics.",
          "Distinguish fact, assumption, hypothesis, and speculation."
        ],
        "constraint_scope": "UNVERIFIED_GENERATION_GUIDANCE",
        "purpose": "discovery",
        "verification": [
          {
            "claim_id": "hd-20261009-212841-eccdc1b3971d/candidates/0/1/claim/1",
            "candidate_id": "hd-20261009-212841-eccdc1b3971d/candidates/0/1",
            "status": "UNCERTAIN",
            "classifications": [],
            "source_ids": [],
            "evidence_provenance": [],
            "check_scope": "SUPPLIED_LEDGER",
            "critical": false,
            "verifier": "supplied_ledger_and_arithmetic/v2",
            "scorer_type": "deterministic",
            "note": "No available check establishes this proposition."
          },
          {
            "claim_id": "hd-20261009-212841-eccdc1b3971d/candidates/0/1/claim/2",
            "candidate_id": "hd-20261009-212841-eccdc1b3971d/candidates/0/1",
            "status": "UNCERTAIN",
            "classifications": [],
            "source_ids": [],
            "evidence_provenance": [],
            "check_scope": "SUPPLIED_LEDGER",
            "critical": false,
            "verifier": "supplied_ledger_and_arithmetic/v2",
            "scorer_type": "deterministic",
            "note": "No available check establishes this proposition."
          },
          {
            "claim_id": "hd-20261009-212841-eccdc1b3971d/candidates/0/1/claim/3",
            "candidate_id": "hd-20261009-212841-eccdc1b3971d/candidates/0/1",
            "status": "UNCERTAIN",
            "classifications": [],
            "source_ids": [],
            "evidence_provenance": [],
            "check_scope": "SUPPLIED_LEDGER",
            "critical": false,
            "verifier": "supplied_ledger_and_arithmetic/v2",
            "scorer_type": "deterministic",
            "note": "No available check establishes this proposition."
          },
          {
            "claim_id": "hd-20261009-212841-eccdc1b3971d/candidates/0/1/claim/4",
            "candidate_id": "hd-20261009-212841-eccdc1b3971d/candidates/0/1",
            "status": "UNCERTAIN",
            "classifications": [],
            "source_ids": [],
            "evidence_provenance": [],
            "check_scope": "SUPPLIED_LEDGER",
            "critical": false,
            "verifier": "supplied_ledger_and_arithmetic/v2",
            "scorer_type": "deterministic",
            "note": "No available check establishes this proposition."
          },
          {
            "claim_id": "hd-20261009-212841-eccdc1b3971d/candidates/0/1/claim/5",
            "candidate_id": "hd-20261009-212841-eccdc1b3971d/candidates/0/1",
            "status": "UNCERTAIN",
            "classifications": [],
            "source_ids": [],
            "evidence_provenance": [],
            "check_scope": "SUPPLIED_LEDGER",
            "critical": false,
            "verifier": "supplied_ledger_and_arithmetic/v2",
            "scorer_type": "deterministic",
            "note": "Explicit abstention; not counted as a detected failure or a verified fact."
          },
          {
            "claim_id": "hd-20261009-212841-eccdc1b3971d/candidates/0/1/claim/6",
            "candidate_id": "hd-20261009-212841-eccdc1b3971d/candidates/0/1",
            "status": "UNCERTAIN",
            "classifications": [],
            "source_ids": [],
            "evidence_provenance": [],
            "check_scope": "SUPPLIED_LEDGER",
            "critical": false,
            "verifier": "supplied_ledger_and_arithmetic/v2",
            "scorer_type": "deterministic",
            "note": "Explicit abstention; not counted as a detected failure or a verified fact."
          },
          {
            "claim_id": "hd-20261009-212841-eccdc1b3971d/candidates/0/1/claim/7",
            "candidate_id": "hd-20261009-212841-eccdc1b3971d/candidates/0/1",
            "status": "UNCERTAIN",
            "classifications": [],
            "source_ids": [],
            "evidence_provenance": [],
            "check_scope": "SUPPLIED_LEDGER",
            "critical": false,
            "verifier": "supplied_ledger_and_arithmetic/v2",
            "scorer_type": "deterministic",
            "note": "No available check establishes this proposition."
          },
          {
            "claim_id": "hd-20261009-212841-eccdc1b3971d/candidates/0/1/claim/8",
            "candidate_id": "hd-20261009-212841-eccdc1b3971d/candidates/0/1",
            "status": "UNCERTAIN",
            "classifications": [],
            "source_ids": [],
            "evidence_provenance": [],
            "check_scope": "SUPPLIED_LEDGER",
            "critical": false,
            "verifier": "supplied_ledger_and_arithmetic/v2",
            "scorer_type": "deterministic",
            "note": "No available check establishes this proposition."
          },
          {
            "claim_id": "hd-20261009-212841-eccdc1b3971d/candidates/0/1/claim/9",
            "candidate_id": "hd-20261009-212841-eccdc1b3971d/candidates/0/1",
            "status": "UNCERTAIN",
            "classifications": [],
            "source_ids": [],
            "evidence_provenance": [],
            "check_scope": "SUPPLIED_LEDGER",
            "critical": false,
            "verifier": "supplied_ledger_and_arithmetic/v2",
            "scorer_type": "deterministic",
            "note": "No available check establishes this proposition."
          },
          {
            "claim_id": "hd-20261009-212841-eccdc1b3971d/candidates/0/1/claim/10",
            "candidate_id": "hd-20261009-212841-eccdc1b3971d/candidates/0/1",
            "status": "UNCERTAIN",
            "classifications": [],
            "source_ids": [],
            "evidence_provenance": [],
            "check_scope": "SUPPLIED_LEDGER",
            "critical": false,
            "verifier": "supplied_ledger_and_arithmetic/v2",
            "scorer_type": "deterministic",
            "note": "No available check establishes this proposition."
          },
          {
            "claim_id": "hd-20261009-212841-eccdc1b3971d/candidates/0/1/claim/11",
            "candidate_id": "hd-20261009-212841-eccdc1b3971d/candidates/0/1",
            "status": "UNCERTAIN",
            "classifications": [],
            "source_ids": [],
            "evidence_provenance": [],
            "check_scope": "SUPPLIED_LEDGER",
            "critical": false,
            "verifier": "supplied_ledger_and_arithmetic/v2",
            "scorer_type": "deterministic",
            "note": "Explicit abstention; not counted as a detected failure or a verified fact."
          },
          {
            "claim_id": "hd-20261009-212841-eccdc1b3971d/candidates/0/1/claim/12",
            "candidate_id": "hd-20261009-212841-eccdc1b3971d/candidates/0/1",
            "status": "UNCERTAIN",
            "classifications": [],
            "source_ids": [],
            "evidence_provenance": [],
            "check_scope": "SUPPLIED_LEDGER",
            "critical": false,
            "verifier": "supplied_ledger_and_arithmetic/v2",
            "scorer_type": "deterministic",
            "note": "No available check establishes this proposition."
          },
          {
            "claim_id": "hd-20261009-212841-eccdc1b3971d/candidates/0/1/claim/13",
            "candidate_id": "hd-20261009-212841-eccdc1b3971d/candidates/0/1",
            "status": "UNCERTAIN",
            "classifications": [],
            "source_ids": [],
            "evidence_provenance": [],
            "check_scope": "SUPPLIED_LEDGER",
            "critical": false,
            "verifier": "supplied_ledger_and_arithmetic/v2",
            "scorer_type": "deterministic",
            "note": "No available check establishes this proposition."
          },
          {
            "claim_id": "hd-20261009-212841-eccdc1b3971d/candidates/0/1/claim/14",
            "candidate_id": "hd-20261009-212841-eccdc1b3971d/candidates/0/1",
            "status": "UNCERTAIN",
            "classifications": [],
            "source_ids": [],
            "evidence_provenance": [],
            "check_scope": "SUPPLIED_LEDGER",
            "critical": false,
            "verifier": "supplied_ledger_and_arithmetic/v2",
            "scorer_type": "deterministic",
            "note": "No available check establishes this proposition."
          },
          {
            "claim_id": "hd-20261009-212841-eccdc1b3971d/candidates/0/1/claim/15",
            "candidate_id": "hd-20261009-212841-eccdc1b3971d/candidates/0/1",
            "status": "UNCERTAIN",
            "classifications": [],
            "source_ids": [],
            "evidence_provenance": [],
            "check_scope": "SUPPLIED_LEDGER",
            "critical": false,
            "verifier": "supplied_ledger_and_arithmetic/v2",
            "scorer_type": "deterministic",
            "note": "Explicit abstention; not counted as a detected failure or a verified fact."
          },
          {
            "claim_id": "hd-20261009-212841-eccdc1b3971d/candidates/0/1/claim/16",
            "candidate_id": "hd-20261009-212841-eccdc1b3971d/candidates/0/1",
            "status": "UNCERTAIN",
            "classifications": [],
            "source_ids": [],
            "evidence_provenance": [],
            "check_scope": "SUPPLIED_LEDGER",
            "critical": false,
            "verifier": "supplied_ledger_and_arithmetic/v2",
            "scorer_type": "deterministic",
            "note": "No available check establishes this proposition."
          },
          {
            "claim_id": "hd-20261009-212841-eccdc1b3971d/candidates/0/1/claim/17",
            "candidate_id": "hd-20261009-212841-eccdc1b3971d/candidates/0/1",
            "status": "UNCERTAIN",
            "classifications": [],
            "source_ids": [],
            "evidence_provenance": [],
            "check_scope": "SUPPLIED_LEDGER",
            "critical": false,
            "verifier": "supplied_ledger_and_arithmetic/v2",
            "scorer_type": "deterministic",
            "note": "No available check establishes this proposition."
          },
          {
            "claim_id": "hd-20261009-212841-eccdc1b3971d/candidates/0/1/claim/18",
            "candidate_id": "hd-20261009-212841-eccdc1b3971d/candidates/0/1",
            "status": "UNCERTAIN",
            "classifications": [],
            "source_ids": [],
            "evidence_provenance": [],
            "check_scope": "SUPPLIED_LEDGER",
            "critical": false,
            "verifier": "supplied_ledger_and_arithmetic/v2",
            "scorer_type": "deterministic",
            "note": "No available check establishes this proposition."
          },
          {
            "claim_id": "hd-20261009-212841-eccdc1b3971d/candidates/0/1/claim/19",
            "candidate_id": "hd-20261009-212841-eccdc1b3971d/candidates/0/1",
            "status": "UNCERTAIN",
            "classifications": [],
            "source_ids": [],
            "evidence_provenance": [],
            "check_scope": "SUPPLIED_LEDGER",
            "critical": false,
            "verifier": "supplied_ledger_and_arithmetic/v2",
            "scorer_type": "deterministic",
            "note": "No available check establishes this proposition."
          },
          {
            "claim_id": "hd-20261009-212841-eccdc1b3971d/candidates/0/1/claim/20",
            "candidate_id": "hd-20261009-212841-eccdc1b3971d/candidates/0/1",
            "status": "UNCERTAIN",
            "classifications": [],
            "source_ids": [],
            "evidence_provenance": [],
            "check_scope": "SUPPLIED_LEDGER",
            "critical": false,
            "verifier": "supplied_ledger_and_arithmetic/v2",
            "scorer_type": "deterministic",
            "note": "Explicit abstention; not counted as a detected failure or a verified fact."
          },
          {
            "claim_id": "hd-20261009-212841-eccdc1b3971d/candidates/0/1/claim/21",
            "candidate_id": "hd-20261009-212841-eccdc1b3971d/candidates/0/1",
            "status": "UNCERTAIN",
            "classifications": [],
            "source_ids": [],
            "evidence_provenance": [],
            "check_scope": "SUPPLIED_LEDGER",
            "critical": false,
            "verifier": "supplied_ledger_and_arithmetic/v2",
            "scorer_type": "deterministic",
            "note": "Explicit abstention; not counted as a detected failure or a verified fact."
          },
          {
            "claim_id": "hd-20261009-212841-eccdc1b3971d/candidates/0/1/claim/22",
            "candidate_id": "hd-20261009-212841-eccdc1b3971d/candidates/0/1",
            "status": "UNCERTAIN",
            "classifications": [],
            "source_ids": [],
            "evidence_provenance": [],
            "check_scope": "SUPPLIED_LEDGER",
            "critical": false,
            "verifier": "supplied_ledger_and_arithmetic/v2",
            "scorer_type": "deterministic",
            "note": "No available check establishes this proposition."
          },
          {
            "claim_id": "hd-20261009-212841-eccdc1b3971d/candidates/0/1/claim/23",
            "candidate_id": "hd-20261009-212841-eccdc1b3971d/candidates/0/1",
            "status": "UNCERTAIN",
            "classifications": [],
            "source_ids": [],
            "evidence_provenance": [],
            "check_scope": "SUPPLIED_LEDGER",
            "critical": false,
            "verifier": "supplied_ledger_and_arithmetic/v2",
            "scorer_type": "deterministic",
            "note": "No available check establishes this proposition."
          },
          {
            "claim_id": "hd-20261009-212841-eccdc1b3971d/candidates/0/1/claim/24",
            "candidate_id": "hd-20261009-212841-eccdc1b3971d/candidates/0/1",
            "status": "UNCERTAIN",
            "classifications": [],
            "source_ids": [],
            "evidence_provenance": [],
            "check_scope": "SUPPLIED_LEDGER",
            "critical": false,
            "verifier": "supplied_ledger_and_arithmetic/v2",
            "scorer_type": "deterministic",
            "note": "No available check establishes this proposition."
          },
          {
            "claim_id": "hd-20261009-212841-eccdc1b3971d/candidates/0/1/claim/25",
            "candidate_id": "hd-20261009-212841-eccdc1b3971d/candidates/0/1",
            "status": "UNCERTAIN",
            "classifications": [],
            "source_ids": [],
            "evidence_provenance": [],
            "check_scope": "SUPPLIED_LEDGER",
            "critical": false,
            "verifier": "supplied_ledger_and_arithmetic/v2",
            "scorer_type": "deterministic",
            "note": "No available check establishes this proposition."
          },
          {
            "claim_id": "hd-20261009-212841-eccdc1b3971d/candidates/0/1/claim/26",
            "candidate_id": "hd-20261009-212841-eccdc1b3971d/candidates/0/1",
            "status": "UNCERTAIN",
            "classifications": [],
            "source_ids": [],
            "evidence_provenance": [],
            "check_scope": "SUPPLIED_LEDGER",
            "critical": false,
            "verifier": "supplied_ledger_and_arithmetic/v2",
            "scorer_type": "deterministic",
            "note": "Explicit abstention; not counted as a detected failure or a verified fact."
          },
          {
            "claim_id": "hd-20261009-212841-eccdc1b3971d/candidates/0/1/claim/27",
            "candidate_id": "hd-20261009-212841-eccdc1b3971d/candidates/0/1",
            "status": "UNCERTAIN",
            "classifications": [],
            "source_ids": [],
            "evidence_provenance": [],
            "check_scope": "SUPPLIED_LEDGER",
            "critical": false,
            "verifier": "supplied_ledger_and_arithmetic/v2",
            "scorer_type": "deterministic",
            "note": "No available check establishes this proposition."
          },
          {
            "claim_id": "hd-20261009-212841-eccdc1b3971d/candidates/0/1/claim/28",
            "candidate_id": "hd-20261009-212841-eccdc1b3971d/candidates/0/1",
            "status": "UNCERTAIN",
            "classifications": [],
            "source_ids": [],
            "evidence_provenance": [],
            "check_scope": "SUPPLIED_LEDGER",
            "critical": false,
            "verifier": "supplied_ledger_and_arithmetic/v2",
            "scorer_type": "deterministic",
            "note": "No available check establishes this proposition."
          },
          {
            "claim_id": "hd-20261009-212841-eccdc1b3971d/candidates/0/1/claim/29",
            "candidate_id": "hd-20261009-212841-eccdc1b3971d/candidates/0/1",
            "status": "UNCERTAIN",
            "classifications": [],
            "source_ids": [],
            "evidence_provenance": [],
            "check_scope": "SUPPLIED_LEDGER",
            "critical": false,
            "verifier": "supplied_ledger_and_arithmetic/v2",
            "scorer_type": "deterministic",
            "note": "No available check establishes this proposition."
          },
          {
            "claim_id": "hd-20261009-212841-eccdc1b3971d/candidates/0/1/claim/30",
            "candidate_id": "hd-20261009-212841-eccdc1b3971d/candidates/0/1",
            "status": "UNCERTAIN",
            "classifications": [],
            "source_ids": [],
            "evidence_provenance": [],
            "check_scope": "SUPPLIED_LEDGER",
            "critical": false,
            "verifier": "supplied_ledger_and_arithmetic/v2",
            "scorer_type": "deterministic",
            "note": "Explicit abstention; not counted as a detected failure or a verified fact."
          },
          {
            "claim_id": "hd-20261009-212841-eccdc1b3971d/candidates/0/1/claim/31",
            "candidate_id": "hd-20261009-212841-eccdc1b3971d/candidates/0/1",
            "status": "UNCERTAIN",
            "classifications": [],
            "source_ids": [],
            "evidence_provenance": [],
            "check_scope": "SUPPLIED_LEDGER",
            "critical": false,
            "verifier": "supplied_ledger_and_arithmetic/v2",
            "scorer_type": "deterministic",
            "note": "No available check establishes this proposition."
          },
          {
            "claim_id": "hd-20261009-212841-eccdc1b3971d/candidates/0/1/claim/32",
            "candidate_id": "hd-20261009-212841-eccdc1b3971d/candidates/0/1",
            "status": "UNCERTAIN",
            "classifications": [],
            "source_ids": [],
            "evidence_provenance": [],
            "check_scope": "SUPPLIED_LEDGER",
            "critical": false,
            "verifier": "supplied_ledger_and_arithmetic/v2",
            "scorer_type": "deterministic",
            "note": "No available check establishes this proposition."
          },
          {
            "claim_id": "hd-20261009-212841-eccdc1b3971d/candidates/0/1/claim/33",
            "candidate_id": "hd-20261009-212841-eccdc1b3971d/candidates/0/1",
            "status": "UNCERTAIN",
            "classifications": [],
            "source_ids": [],
            "evidence_provenance": [],
            "check_scope": "SUPPLIED_LEDGER",
            "critical": false,
            "verifier": "supplied_ledger_and_arithmetic/v2",
            "scorer_type": "deterministic",
            "note": "No available check establishes this proposition."
          },
          {
            "claim_id": "hd-20261009-212841-eccdc1b3971d/candidates/0/1/claim/34",
            "candidate_id": "hd-20261009-212841-eccdc1b3971d/candidates/0/1",
            "status": "UNCERTAIN",
            "classifications": [],
            "source_ids": [],
            "evidence_provenance": [],
            "check_scope": "SUPPLIED_LEDGER",
            "critical": false,
            "verifier": "supplied_ledger_and_arithmetic/v2",
            "scorer_type": "deterministic",
            "note": "No available check establishes this proposition."
          },
          {
            "claim_id": "hd-20261009-212841-eccdc1b3971d/candidates/0/1/claim/35",
            "candidate_id": "hd-20261009-212841-eccdc1b3971d/candidates/0/1",
            "status": "UNCERTAIN",
            "classifications": [],
            "source_ids": [],
            "evidence_provenance": [],
            "check_scope": "SUPPLIED_LEDGER",
            "critical": false,
            "verifier": "supplied_ledger_and_arithmetic/v2",
            "scorer_type": "deterministic",
            "note": "Explicit abstention; not counted as a detected failure or a verified fact."
          },
          {
            "claim_id": "hd-20261009-212841-eccdc1b3971d/candidates/0/1/claim/36",
            "candidate_id": "hd-20261009-212841-eccdc1b3971d/candidates/0/1",
            "status": "UNCERTAIN",
            "classifications": [],
            "source_ids": [],
            "evidence_provenance": [],
            "check_scope": "SUPPLIED_LEDGER",
            "critical": false,
            "verifier": "supplied_ledger_and_arithmetic/v2",
            "scorer_type": "deterministic",
            "note": "No available check establishes this proposition."
          },
          {
            "claim_id": "hd-20261009-212841-eccdc1b3971d/candidates/0/1/claim/37",
            "candidate_id": "hd-20261009-212841-eccdc1b3971d/candidates/0/1",
            "status": "UNCERTAIN",
            "classifications": [],
            "source_ids": [],
            "evidence_provenance": [],
            "check_scope": "SUPPLIED_LEDGER",
            "critical": false,
            "verifier": "supplied_ledger_and_arithmetic/v2",
            "scorer_type": "deterministic",
            "note": "No available check establishes this proposition."
          },
          {
            "claim_id": "hd-20261009-212841-eccdc1b3971d/candidates/0/1/claim/38",
            "candidate_id": "hd-20261009-212841-eccdc1b3971d/candidates/0/1",
            "status": "UNCERTAIN",
            "classifications": [],
            "source_ids": [],
            "evidence_provenance": [],
            "check_scope": "SUPPLIED_LEDGER",
            "critical": false,
            "verifier": "supplied_ledger_and_arithmetic/v2",
            "scorer_type": "deterministic",
            "note": "No available check establishes this proposition."
          },
          {
            "claim_id": "hd-20261009-212841-eccdc1b3971d/candidates/0/1/claim/39",
            "candidate_id": "hd-20261009-212841-eccdc1b3971d/candidates/0/1",
            "status": "UNCERTAIN",
            "classifications": [],
            "source_ids": [],
            "evidence_provenance": [],
            "check_scope": "SUPPLIED_LEDGER",
            "critical": false,
            "verifier": "supplied_ledger_and_arithmetic/v2",
            "scorer_type": "deterministic",
            "note": "Explicit abstention; not counted as a detected failure or a verified fact."
          },
          {
            "claim_id": "hd-20261009-212841-eccdc1b3971d/candidates/0/1/claim/40",
            "candidate_id": "hd-20261009-212841-eccdc1b3971d/candidates/0/1",
            "status": "UNCERTAIN",
            "classifications": [],
            "source_ids": [],
            "evidence_provenance": [],
            "check_scope": "SUPPLIED_LEDGER",
            "critical": false,
            "verifier": "supplied_ledger_and_arithmetic/v2",
            "scorer_type": "deterministic",
            "note": "No available check establishes this proposition."
          },
          {
            "claim_id": "hd-20261009-212841-eccdc1b3971d/candidates/0/1/claim/41",
            "candidate_id": "hd-20261009-212841-eccdc1b3971d/candidates/0/1",
            "status": "UNCERTAIN",
            "classifications": [],
            "source_ids": [],
            "evidence_provenance": [],
            "check_scope": "SUPPLIED_LEDGER",
            "critical": false,
            "verifier": "supplied_ledger_and_arithmetic/v2",
            "scorer_type": "deterministic",
            "note": "No available check establishes this proposition."
          },
          {
            "claim_id": "hd-20261009-212841-eccdc1b3971d/candidates/0/1/claim/42",
            "candidate_id": "hd-20261009-212841-eccdc1b3971d/candidates/0/1",
            "status": "UNCERTAIN",
            "classifications": [],
            "source_ids": [],
            "evidence_provenance": [],
            "check_scope": "SUPPLIED_LEDGER",
            "critical": false,
            "verifier": "supplied_ledger_and_arithmetic/v2",
            "scorer_type": "deterministic",
            "note": "No available check establishes this proposition."
          },
          {
            "claim_id": "hd-20261009-212841-eccdc1b3971d/candidates/0/1/claim/43",
            "candidate_id": "hd-20261009-212841-eccdc1b3971d/candidates/0/1",
            "status": "UNCERTAIN",
            "classifications": [],
            "source_ids": [],
            "evidence_provenance": [],
            "check_scope": "SUPPLIED_LEDGER",
            "critical": false,
            "verifier": "supplied_ledger_and_arithmetic/v2",
            "scorer_type": "deterministic",
            "note": "Explicit abstention; not counted as a detected failure or a verified fact."
          },
          {
            "claim_id": "hd-20261009-212841-eccdc1b3971d/candidates/0/1/claim/44",
            "candidate_id": "hd-20261009-212841-eccdc1b3971d/candidates/0/1",
            "status": "UNCERTAIN",
            "classifications": [],
            "source_ids": [],
            "evidence_provenance": [],
            "check_scope": "SUPPLIED_LEDGER",
            "critical": false,
            "verifier": "supplied_ledger_and_arithmetic/v2",
            "scorer_type": "deterministic",
            "note": "Explicit abstention; not counted as a detected failure or a verified fact."
          }
        ],
        "candidate_index": 1,
        "trial": 0,
        "prompt_hash": "03ef7c37c8c17af120850028c23b8d4a4bdc198747ba72043b27b827d9ce1d62",
        "output_hash": "09816e24cc397dffaff9e0dc8f5da4f80510c00281c914da4827e252a59e752c"
      }
    },
    {
      "schema_version": "howl.candidate/v1",
      "candidate_id": "hd-20261009-212841-eccdc1b3971d/candidates/0/2",
      "source_run_id": "hd-20261009-212841-eccdc1b3971d",
      "parent_request_id": "cubs-r003-p4-divergent2",
      "objective": "Where could software create a meaningful baseball advantage for the Chicago Cubs? Second pass. A critique of the first pass found that most candidate decisions (qualifying offers, posting bids, arbitration hearings, postseason rosters, coach moves) have too few historical cases to test any tool against a club's simple rule, and many outcomes are driven by counterparties. Find decisions that combine: (a) many historical cases per season league-wide, so a retrospective test has statistical power; (b) an outcome that is publicly observable after the decision; (c) value at stake that adds up to something meaningful for one club over a season; (d) public information available before the decision that a simple rule might underuse. Include player-development, in-season management and roster decisions, and say where (a) to (d) would fail. OUTPUT GUIDANCE (format only): Each IDEA names the problem, owner, decision and its frequency, an estimate-free description of the number of historical cases, the observable outcome, the simple baseline, and the intervention. Follow with ASSUMPTION and UNKNOWN lines. Do not invent statistics or private Cubs information.",
      "text": "IDEA: Problem: infield depth and lateral alignment within the current shift restrictions. Owner: the defensive coordinator and advance staff. Decision: the pre-pitch infield placement for each plate appearance, made thousands of times per team-season. Cases: every ball in play league-wide with tracked fielder starting positions, for each season since the restrictions began. Observable outcome: batted-ball result (out, hit, extra bases) given launch characteristics and starting positions. Baseline: the default alignment by batter handedness and pull tendency. Intervention: a per-batter, per-pitcher-type alignment recommender, checked retrospectively against the default on held-out seasons.\nASSUMPTION: Public tracking data records fielder starting positions precisely enough and for enough of each season to separate alignment effects from batted-ball quality.\nASSUMPTION: Rule constraints leave enough room for alignment choices that the gap between a tuned and a default alignment is meaningful over a season. This could fail (c) if most clubs already use near-optimal legal alignments.\nASSUMPTION: Batters do not change their spray behavior quickly in response to alignment. If they do, the retrospective test overstates the gain.\nUNKNOWN: public_fielder_start_position_coverage_by_season\nUNKNOWN: cubs_current_infield_alignment_policy\nIDEA: Problem: timing of level-to-level minor-league promotions (for example High-A to Double-A), excluding minor-league-to-MLB call-ups, which were already explored. Owner: the farm director. Decision: whether to promote a prospect now or hold them, made many times per organization each season. Cases: every intra-minor-league promotion league-wide, reconstructable from public transaction logs and level-by-level stat lines. Observable outcome: performance at the next level over a fixed window, plus later public outcomes such as reaching MLB or stalling. Baseline: promote after a fixed playing-time threshold combined with an age-for-level rule. Intervention: a model using public underlying indicators (strikeout and walk rates, contact quality where available) to flag early-promote and hold candidates.\nASSUMPTION: Promotion timing has a causal effect on development rather than just reflecting talent. Promoted players are selected, so a naive comparison will be confounded. This fails (a)'s usefulness unless a credible comparison design exists.\nASSUMPTION: Public minor-league tracking data is consistent enough across levels and seasons to serve as pre-decision information. This is a risk to (d).\nASSUMPTION: The value at stake accumulates across many prospects to something meaningful for one club. This is plausible for (c), but outcomes lag by years.\nUNKNOWN: public_minor_league_transaction_completeness\nUNKNOWN: public_minor_league_statcast_coverage_by_level_and_season\nIDEA: Problem: year-over-year workload progression for minor-league pitchers. Owner: the pitching coordinator and medical staff. Decision: each pitcher's innings or pitch-count ceiling and in-season pacing, set for every pitcher in an organization each year. Cases: thousands of pitcher-seasons league-wide with public innings, appearance and pitch-count logs. Observable outcome: publicly reported injured-list placements and next-season availability. Baseline: a fixed percentage increase over the prior season's innings. Intervention: a pacing rule that also uses public signals such as velocity trends, pitches per inning, and short-rest appearances.\nASSUMPTION: Public injured-list records for minor-league pitchers capture injuries reliably. Underreporting would break (b).\nASSUMPTION: Workload is a meaningful driver of injury compared with unobserved biomechanics. If not, the intervention has a low ceiling, similar to the R001 result.\nASSUMPTION: Velocity data is publicly available at enough minor-league levels to be a pre-decision input.\nUNKNOWN: minor_league_il_reporting_completeness\nUNKNOWN: public_minor_league_pitch_count_availability\nIDEA: Problem: individualized hitter approach plans (swing or take by count and pitch zone) against a specific opposing starter. Owner: the hitting coaches. Decision: the pre-game plan for each hitter in each game, made daily. Cases: every plate appearance league-wide, with public pitch-level data on swing decisions. Observable outcome: swing-decision quality and run value per plate appearance against that pitcher type. Baseline: a uniform team approach adjusted only for pitcher handedness. Intervention: plans that match each hitter's demonstrated swing-decision weaknesses to the opposing pitcher's location and count tendencies.\nASSUMPTION: The retrospective test cannot observe what plan a hitter was given. Only the mismatch between hitter tendencies and pitcher tendencies can be measured, so the test checks for opportunity rather than the effect of the intervention. This is a failure on (b) for the intervention itself.\nASSUMPTION: Hitters can execute plan changes within a game without losing performance elsewhere.\nASSUMPTION: Opposing pitchers do not adapt within the series. This overlaps with the explored pitch-sequence family and needs separation.\nUNKNOWN: cubs_existing_hitter_plan_process\nIDEA: Problem: converting minor-league players to new positions (for example shortstop to second base or center field, or position player to pitcher). Owner: the player development director. Decision: whether and when to convert, made a moderate number of times per organization each year. Cases: conversions league-wide are identifiable from public appearance-by-position logs, but they number far fewer than promotions. Observable outcome: defensive metrics at the new position where public, plus offensive trajectory and progression to MLB. Baseline: convert when a player's age-for-level and error or range proxies fall below a threshold. Intervention: a model predicting the defensive value gain from a move using public batted-ball and sprint data.\nASSUMPTION: Enough conversions happen league-wide each season for statistical power. This is likely marginal on (a), and conversions to pitcher may be too rare.\nASSUMPTION: Public minor-league defensive metrics exist and are reliable. If not, (b) fails.\nUNKNOWN: count_of_public_identifiable_position_conversions_per_season\nIDEA: Problem: choosing which player to take within a draft round, as distinct from the explored bonus-pool allocation. Owner: the scouting director. Decision: hundreds of picks league-wide each year, including about one per round for each club. Cases: many draft classes of public pick lists linked to public pro outcomes. Observable outcome: progress through the minors and MLB value, observed only after many years. Baseline: consensus public prospect rankings. Intervention: a model reweighting public amateur performance data against the consensus.\nASSUMPTION: This is included as a challenge case. It meets (a) and (d) partly, but fails timeliness on (b) because outcomes lag by five or more years. Public amateur data may also be thin compared with private scouting, which weakens (d).\nASSUMPTION: Public consensus rankings already incorporate most public information, which would leave little room above the baseline.\nUNKNOWN: historical_public_consensus_ranking_archives_availability\nUNKNOWN: public_amateur_tracking_data_coverage\nIDEA: Problem: scheduling rest days for everyday position players during the season. This is distinct from the explored travel planning family because the trigger is player performance and fatigue signals rather than travel. Owner: the manager and performance staff. Decision: which regular sits on which day, made many times per team-season. Cases: every regular's games-played sequence league-wide is public. Observable outcome: performance and sprint-speed trends after rest compared with continued play, plus injured-list placements. Baseline: rest each regular on a fixed cadence or on day games after night games. Intervention: rest triggered by public signals such as sprint-speed decline, bat-speed decline, and the opposing starter's handedness.\nASSUMPTION: Rest decisions are largely driven by matchups and minor injuries that are not public. This confounds a retrospective test and hurts (b).\nASSUMPTION: The performance difference from optimized rest timing adds up to meaningful value over a season. This is uncertain on (c) and may be small.\nUNKNOWN: public_bat_speed_and_sprint_speed_game_level_availability\nUNKNOWN: cubs_current_rest_policy\nASSUMPTION: Across all ideas above, the minor-league ideas depend on public data completeness, which has not been verified. No statistics or Cubs-specific claims are made, and no supplied evidence was provided to support any line.",
      "condition": "dream",
      "trust": "UNVERIFIED",
      "status": "UNRESOLVED",
      "authority": {
        "type": "ADVISORY",
        "executable": false
      },
      "claims": [
        {
          "id": "hd-20261009-212841-eccdc1b3971d/candidates/0/2/claim/1",
          "candidate_id": "hd-20261009-212841-eccdc1b3971d/candidates/0/2",
          "kind": "IDEA",
          "text": "Problem: infield depth and lateral alignment within the current shift restrictions. Owner: the defensive coordinator and advance staff. Decision: the pre-pitch infield placement for each plate appearance, made thousands of times per team-season. Cases: every ball in play league-wide with tracked fielder starting positions, for each season since the restrictions began. Observable outcome: batted-ball result (out, hit, extra bases) given launch characteristics and starting positions. Baseline: the default alignment by batter handedness and pull tendency. Intervention: a per-batter, per-pitcher-type alignment recommender, checked retrospectively against the default on held-out seasons.",
          "status": "UNVERIFIED",
          "extractor": "line_grammar/v1"
        },
        {
          "id": "hd-20261009-212841-eccdc1b3971d/candidates/0/2/claim/2",
          "candidate_id": "hd-20261009-212841-eccdc1b3971d/candidates/0/2",
          "kind": "ASSUMPTION",
          "text": "Public tracking data records fielder starting positions precisely enough and for enough of each season to separate alignment effects from batted-ball quality.",
          "status": "UNVERIFIED",
          "extractor": "line_grammar/v1"
        },
        {
          "id": "hd-20261009-212841-eccdc1b3971d/candidates/0/2/claim/3",
          "candidate_id": "hd-20261009-212841-eccdc1b3971d/candidates/0/2",
          "kind": "ASSUMPTION",
          "text": "Rule constraints leave enough room for alignment choices that the gap between a tuned and a default alignment is meaningful over a season. This could fail (c) if most clubs already use near-optimal legal alignments.",
          "status": "UNVERIFIED",
          "extractor": "line_grammar/v1"
        },
        {
          "id": "hd-20261009-212841-eccdc1b3971d/candidates/0/2/claim/4",
          "candidate_id": "hd-20261009-212841-eccdc1b3971d/candidates/0/2",
          "kind": "ASSUMPTION",
          "text": "Batters do not change their spray behavior quickly in response to alignment. If they do, the retrospective test overstates the gain.",
          "status": "UNVERIFIED",
          "extractor": "line_grammar/v1"
        },
        {
          "id": "hd-20261009-212841-eccdc1b3971d/candidates/0/2/claim/5",
          "candidate_id": "hd-20261009-212841-eccdc1b3971d/candidates/0/2",
          "kind": "UNKNOWN",
          "text": "public_fielder_start_position_coverage_by_season",
          "status": "UNVERIFIED",
          "extractor": "line_grammar/v1"
        },
        {
          "id": "hd-20261009-212841-eccdc1b3971d/candidates/0/2/claim/6",
          "candidate_id": "hd-20261009-212841-eccdc1b3971d/candidates/0/2",
          "kind": "UNKNOWN",
          "text": "cubs_current_infield_alignment_policy",
          "status": "UNVERIFIED",
          "extractor": "line_grammar/v1"
        },
        {
          "id": "hd-20261009-212841-eccdc1b3971d/candidates/0/2/claim/7",
          "candidate_id": "hd-20261009-212841-eccdc1b3971d/candidates/0/2",
          "kind": "IDEA",
          "text": "Problem: timing of level-to-level minor-league promotions (for example High-A to Double-A), excluding minor-league-to-MLB call-ups, which were already explored. Owner: the farm director. Decision: whether to promote a prospect now or hold them, made many times per organization each season. Cases: every intra-minor-league promotion league-wide, reconstructable from public transaction logs and level-by-level stat lines. Observable outcome: performance at the next level over a fixed window, plus later public outcomes such as reaching MLB or stalling. Baseline: promote after a fixed playing-time threshold combined with an age-for-level rule. Intervention: a model using public underlying indicators (strikeout and walk rates, contact quality where available) to flag early-promote and hold candidates.",
          "status": "UNVERIFIED",
          "extractor": "line_grammar/v1"
        },
        {
          "id": "hd-20261009-212841-eccdc1b3971d/candidates/0/2/claim/8",
          "candidate_id": "hd-20261009-212841-eccdc1b3971d/candidates/0/2",
          "kind": "ASSUMPTION",
          "text": "Promotion timing has a causal effect on development rather than just reflecting talent. Promoted players are selected, so a naive comparison will be confounded. This fails (a)'s usefulness unless a credible comparison design exists.",
          "status": "UNVERIFIED",
          "extractor": "line_grammar/v1"
        },
        {
          "id": "hd-20261009-212841-eccdc1b3971d/candidates/0/2/claim/9",
          "candidate_id": "hd-20261009-212841-eccdc1b3971d/candidates/0/2",
          "kind": "ASSUMPTION",
          "text": "Public minor-league tracking data is consistent enough across levels and seasons to serve as pre-decision information. This is a risk to (d).",
          "status": "UNVERIFIED",
          "extractor": "line_grammar/v1"
        },
        {
          "id": "hd-20261009-212841-eccdc1b3971d/candidates/0/2/claim/10",
          "candidate_id": "hd-20261009-212841-eccdc1b3971d/candidates/0/2",
          "kind": "ASSUMPTION",
          "text": "The value at stake accumulates across many prospects to something meaningful for one club. This is plausible for (c), but outcomes lag by years.",
          "status": "UNVERIFIED",
          "extractor": "line_grammar/v1"
        },
        {
          "id": "hd-20261009-212841-eccdc1b3971d/candidates/0/2/claim/11",
          "candidate_id": "hd-20261009-212841-eccdc1b3971d/candidates/0/2",
          "kind": "UNKNOWN",
          "text": "public_minor_league_transaction_completeness",
          "status": "UNVERIFIED",
          "extractor": "line_grammar/v1"
        },
        {
          "id": "hd-20261009-212841-eccdc1b3971d/candidates/0/2/claim/12",
          "candidate_id": "hd-20261009-212841-eccdc1b3971d/candidates/0/2",
          "kind": "UNKNOWN",
          "text": "public_minor_league_statcast_coverage_by_level_and_season",
          "status": "UNVERIFIED",
          "extractor": "line_grammar/v1"
        },
        {
          "id": "hd-20261009-212841-eccdc1b3971d/candidates/0/2/claim/13",
          "candidate_id": "hd-20261009-212841-eccdc1b3971d/candidates/0/2",
          "kind": "IDEA",
          "text": "Problem: year-over-year workload progression for minor-league pitchers. Owner: the pitching coordinator and medical staff. Decision: each pitcher's innings or pitch-count ceiling and in-season pacing, set for every pitcher in an organization each year. Cases: thousands of pitcher-seasons league-wide with public innings, appearance and pitch-count logs. Observable outcome: publicly reported injured-list placements and next-season availability. Baseline: a fixed percentage increase over the prior season's innings. Intervention: a pacing rule that also uses public signals such as velocity trends, pitches per inning, and short-rest appearances.",
          "status": "UNVERIFIED",
          "extractor": "line_grammar/v1"
        },
        {
          "id": "hd-20261009-212841-eccdc1b3971d/candidates/0/2/claim/14",
          "candidate_id": "hd-20261009-212841-eccdc1b3971d/candidates/0/2",
          "kind": "ASSUMPTION",
          "text": "Public injured-list records for minor-league pitchers capture injuries reliably. Underreporting would break (b).",
          "status": "UNVERIFIED",
          "extractor": "line_grammar/v1"
        },
        {
          "id": "hd-20261009-212841-eccdc1b3971d/candidates/0/2/claim/15",
          "candidate_id": "hd-20261009-212841-eccdc1b3971d/candidates/0/2",
          "kind": "ASSUMPTION",
          "text": "Workload is a meaningful driver of injury compared with unobserved biomechanics. If not, the intervention has a low ceiling, similar to the R001 result.",
          "status": "UNVERIFIED",
          "extractor": "line_grammar/v1"
        },
        {
          "id": "hd-20261009-212841-eccdc1b3971d/candidates/0/2/claim/16",
          "candidate_id": "hd-20261009-212841-eccdc1b3971d/candidates/0/2",
          "kind": "ASSUMPTION",
          "text": "Velocity data is publicly available at enough minor-league levels to be a pre-decision input.",
          "status": "UNVERIFIED",
          "extractor": "line_grammar/v1"
        },
        {
          "id": "hd-20261009-212841-eccdc1b3971d/candidates/0/2/claim/17",
          "candidate_id": "hd-20261009-212841-eccdc1b3971d/candidates/0/2",
          "kind": "UNKNOWN",
          "text": "minor_league_il_reporting_completeness",
          "status": "UNVERIFIED",
          "extractor": "line_grammar/v1"
        },
        {
          "id": "hd-20261009-212841-eccdc1b3971d/candidates/0/2/claim/18",
          "candidate_id": "hd-20261009-212841-eccdc1b3971d/candidates/0/2",
          "kind": "UNKNOWN",
          "text": "public_minor_league_pitch_count_availability",
          "status": "UNVERIFIED",
          "extractor": "line_grammar/v1"
        },
        {
          "id": "hd-20261009-212841-eccdc1b3971d/candidates/0/2/claim/19",
          "candidate_id": "hd-20261009-212841-eccdc1b3971d/candidates/0/2",
          "kind": "IDEA",
          "text": "Problem: individualized hitter approach plans (swing or take by count and pitch zone) against a specific opposing starter. Owner: the hitting coaches. Decision: the pre-game plan for each hitter in each game, made daily. Cases: every plate appearance league-wide, with public pitch-level data on swing decisions. Observable outcome: swing-decision quality and run value per plate appearance against that pitcher type. Baseline: a uniform team approach adjusted only for pitcher handedness. Intervention: plans that match each hitter's demonstrated swing-decision weaknesses to the opposing pitcher's location and count tendencies.",
          "status": "UNVERIFIED",
          "extractor": "line_grammar/v1"
        },
        {
          "id": "hd-20261009-212841-eccdc1b3971d/candidates/0/2/claim/20",
          "candidate_id": "hd-20261009-212841-eccdc1b3971d/candidates/0/2",
          "kind": "ASSUMPTION",
          "text": "The retrospective test cannot observe what plan a hitter was given. Only the mismatch between hitter tendencies and pitcher tendencies can be measured, so the test checks for opportunity rather than the effect of the intervention. This is a failure on (b) for the intervention itself.",
          "status": "UNVERIFIED",
          "extractor": "line_grammar/v1"
        },
        {
          "id": "hd-20261009-212841-eccdc1b3971d/candidates/0/2/claim/21",
          "candidate_id": "hd-20261009-212841-eccdc1b3971d/candidates/0/2",
          "kind": "ASSUMPTION",
          "text": "Hitters can execute plan changes within a game without losing performance elsewhere.",
          "status": "UNVERIFIED",
          "extractor": "line_grammar/v1"
        },
        {
          "id": "hd-20261009-212841-eccdc1b3971d/candidates/0/2/claim/22",
          "candidate_id": "hd-20261009-212841-eccdc1b3971d/candidates/0/2",
          "kind": "ASSUMPTION",
          "text": "Opposing pitchers do not adapt within the series. This overlaps with the explored pitch-sequence family and needs separation.",
          "status": "UNVERIFIED",
          "extractor": "line_grammar/v1"
        },
        {
          "id": "hd-20261009-212841-eccdc1b3971d/candidates/0/2/claim/23",
          "candidate_id": "hd-20261009-212841-eccdc1b3971d/candidates/0/2",
          "kind": "UNKNOWN",
          "text": "cubs_existing_hitter_plan_process",
          "status": "UNVERIFIED",
          "extractor": "line_grammar/v1"
        },
        {
          "id": "hd-20261009-212841-eccdc1b3971d/candidates/0/2/claim/24",
          "candidate_id": "hd-20261009-212841-eccdc1b3971d/candidates/0/2",
          "kind": "IDEA",
          "text": "Problem: converting minor-league players to new positions (for example shortstop to second base or center field, or position player to pitcher). Owner: the player development director. Decision: whether and when to convert, made a moderate number of times per organization each year. Cases: conversions league-wide are identifiable from public appearance-by-position logs, but they number far fewer than promotions. Observable outcome: defensive metrics at the new position where public, plus offensive trajectory and progression to MLB. Baseline: convert when a player's age-for-level and error or range proxies fall below a threshold. Intervention: a model predicting the defensive value gain from a move using public batted-ball and sprint data.",
          "status": "UNVERIFIED",
          "extractor": "line_grammar/v1"
        },
        {
          "id": "hd-20261009-212841-eccdc1b3971d/candidates/0/2/claim/25",
          "candidate_id": "hd-20261009-212841-eccdc1b3971d/candidates/0/2",
          "kind": "ASSUMPTION",
          "text": "Enough conversions happen league-wide each season for statistical power. This is likely marginal on (a), and conversions to pitcher may be too rare.",
          "status": "UNVERIFIED",
          "extractor": "line_grammar/v1"
        },
        {
          "id": "hd-20261009-212841-eccdc1b3971d/candidates/0/2/claim/26",
          "candidate_id": "hd-20261009-212841-eccdc1b3971d/candidates/0/2",
          "kind": "ASSUMPTION",
          "text": "Public minor-league defensive metrics exist and are reliable. If not, (b) fails.",
          "status": "UNVERIFIED",
          "extractor": "line_grammar/v1"
        },
        {
          "id": "hd-20261009-212841-eccdc1b3971d/candidates/0/2/claim/27",
          "candidate_id": "hd-20261009-212841-eccdc1b3971d/candidates/0/2",
          "kind": "UNKNOWN",
          "text": "count_of_public_identifiable_position_conversions_per_season",
          "status": "UNVERIFIED",
          "extractor": "line_grammar/v1"
        },
        {
          "id": "hd-20261009-212841-eccdc1b3971d/candidates/0/2/claim/28",
          "candidate_id": "hd-20261009-212841-eccdc1b3971d/candidates/0/2",
          "kind": "IDEA",
          "text": "Problem: choosing which player to take within a draft round, as distinct from the explored bonus-pool allocation. Owner: the scouting director. Decision: hundreds of picks league-wide each year, including about one per round for each club. Cases: many draft classes of public pick lists linked to public pro outcomes. Observable outcome: progress through the minors and MLB value, observed only after many years. Baseline: consensus public prospect rankings. Intervention: a model reweighting public amateur performance data against the consensus.",
          "status": "UNVERIFIED",
          "extractor": "line_grammar/v1"
        },
        {
          "id": "hd-20261009-212841-eccdc1b3971d/candidates/0/2/claim/29",
          "candidate_id": "hd-20261009-212841-eccdc1b3971d/candidates/0/2",
          "kind": "ASSUMPTION",
          "text": "This is included as a challenge case. It meets (a) and (d) partly, but fails timeliness on (b) because outcomes lag by five or more years. Public amateur data may also be thin compared with private scouting, which weakens (d).",
          "status": "UNVERIFIED",
          "extractor": "line_grammar/v1"
        },
        {
          "id": "hd-20261009-212841-eccdc1b3971d/candidates/0/2/claim/30",
          "candidate_id": "hd-20261009-212841-eccdc1b3971d/candidates/0/2",
          "kind": "ASSUMPTION",
          "text": "Public consensus rankings already incorporate most public information, which would leave little room above the baseline.",
          "status": "UNVERIFIED",
          "extractor": "line_grammar/v1"
        },
        {
          "id": "hd-20261009-212841-eccdc1b3971d/candidates/0/2/claim/31",
          "candidate_id": "hd-20261009-212841-eccdc1b3971d/candidates/0/2",
          "kind": "UNKNOWN",
          "text": "historical_public_consensus_ranking_archives_availability",
          "status": "UNVERIFIED",
          "extractor": "line_grammar/v1"
        },
        {
          "id": "hd-20261009-212841-eccdc1b3971d/candidates/0/2/claim/32",
          "candidate_id": "hd-20261009-212841-eccdc1b3971d/candidates/0/2",
          "kind": "UNKNOWN",
          "text": "public_amateur_tracking_data_coverage",
          "status": "UNVERIFIED",
          "extractor": "line_grammar/v1"
        },
        {
          "id": "hd-20261009-212841-eccdc1b3971d/candidates/0/2/claim/33",
          "candidate_id": "hd-20261009-212841-eccdc1b3971d/candidates/0/2",
          "kind": "IDEA",
          "text": "Problem: scheduling rest days for everyday position players during the season. This is distinct from the explored travel planning family because the trigger is player performance and fatigue signals rather than travel. Owner: the manager and performance staff. Decision: which regular sits on which day, made many times per team-season. Cases: every regular's games-played sequence league-wide is public. Observable outcome: performance and sprint-speed trends after rest compared with continued play, plus injured-list placements. Baseline: rest each regular on a fixed cadence or on day games after night games. Intervention: rest triggered by public signals such as sprint-speed decline, bat-speed decline, and the opposing starter's handedness.",
          "status": "UNVERIFIED",
          "extractor": "line_grammar/v1"
        },
        {
          "id": "hd-20261009-212841-eccdc1b3971d/candidates/0/2/claim/34",
          "candidate_id": "hd-20261009-212841-eccdc1b3971d/candidates/0/2",
          "kind": "ASSUMPTION",
          "text": "Rest decisions are largely driven by matchups and minor injuries that are not public. This confounds a retrospective test and hurts (b).",
          "status": "UNVERIFIED",
          "extractor": "line_grammar/v1"
        },
        {
          "id": "hd-20261009-212841-eccdc1b3971d/candidates/0/2/claim/35",
          "candidate_id": "hd-20261009-212841-eccdc1b3971d/candidates/0/2",
          "kind": "ASSUMPTION",
          "text": "The performance difference from optimized rest timing adds up to meaningful value over a season. This is uncertain on (c) and may be small.",
          "status": "UNVERIFIED",
          "extractor": "line_grammar/v1"
        },
        {
          "id": "hd-20261009-212841-eccdc1b3971d/candidates/0/2/claim/36",
          "candidate_id": "hd-20261009-212841-eccdc1b3971d/candidates/0/2",
          "kind": "UNKNOWN",
          "text": "public_bat_speed_and_sprint_speed_game_level_availability",
          "status": "UNVERIFIED",
          "extractor": "line_grammar/v1"
        },
        {
          "id": "hd-20261009-212841-eccdc1b3971d/candidates/0/2/claim/37",
          "candidate_id": "hd-20261009-212841-eccdc1b3971d/candidates/0/2",
          "kind": "UNKNOWN",
          "text": "cubs_current_rest_policy",
          "status": "UNVERIFIED",
          "extractor": "line_grammar/v1"
        },
        {
          "id": "hd-20261009-212841-eccdc1b3971d/candidates/0/2/claim/38",
          "candidate_id": "hd-20261009-212841-eccdc1b3971d/candidates/0/2",
          "kind": "ASSUMPTION",
          "text": "Across all ideas above, the minor-league ideas depend on public data completeness, which has not been verified. No statistics or Cubs-specific claims are made, and no supplied evidence was provided to support any line.",
          "status": "UNVERIFIED",
          "extractor": "line_grammar/v1"
        }
      ],
      "evidence_refs": [
        "objective_context"
      ],
      "assumptions": [
        "Public tracking data records fielder starting positions precisely enough and for enough of each season to separate alignment effects from batted-ball quality.",
        "Rule constraints leave enough room for alignment choices that the gap between a tuned and a default alignment is meaningful over a season. This could fail (c) if most clubs already use near-optimal legal alignments.",
        "Batters do not change their spray behavior quickly in response to alignment. If they do, the retrospective test overstates the gain.",
        "Promotion timing has a causal effect on development rather than just reflecting talent. Promoted players are selected, so a naive comparison will be confounded. This fails (a)'s usefulness unless a credible comparison design exists.",
        "Public minor-league tracking data is consistent enough across levels and seasons to serve as pre-decision information. This is a risk to (d).",
        "The value at stake accumulates across many prospects to something meaningful for one club. This is plausible for (c), but outcomes lag by years.",
        "Public injured-list records for minor-league pitchers capture injuries reliably. Underreporting would break (b).",
        "Workload is a meaningful driver of injury compared with unobserved biomechanics. If not, the intervention has a low ceiling, similar to the R001 result.",
        "Velocity data is publicly available at enough minor-league levels to be a pre-decision input.",
        "The retrospective test cannot observe what plan a hitter was given. Only the mismatch between hitter tendencies and pitcher tendencies can be measured, so the test checks for opportunity rather than the effect of the intervention. This is a failure on (b) for the intervention itself.",
        "Hitters can execute plan changes within a game without losing performance elsewhere.",
        "Opposing pitchers do not adapt within the series. This overlaps with the explored pitch-sequence family and needs separation.",
        "Enough conversions happen league-wide each season for statistical power. This is likely marginal on (a), and conversions to pitcher may be too rare.",
        "Public minor-league defensive metrics exist and are reliable. If not, (b) fails.",
        "This is included as a challenge case. It meets (a) and (d) partly, but fails timeliness on (b) because outcomes lag by five or more years. Public amateur data may also be thin compared with private scouting, which weakens (d).",
        "Public consensus rankings already incorporate most public information, which would leave little room above the baseline.",
        "Rest decisions are largely driven by matchups and minor injuries that are not public. This confounds a retrospective test and hurts (b).",
        "The performance difference from optimized rest timing adds up to meaningful value over a season. This is uncertain on (c) and may be small.",
        "Across all ideas above, the minor-league ideas depend on public data completeness, which has not been verified. No statistics or Cubs-specific claims are made, and no supplied evidence was provided to support any line."
      ],
      "unresolved_issues": [
        "Public tracking data records fielder starting positions precisely enough and for enough of each season to separate alignment effects from batted-ball quality.",
        "Rule constraints leave enough room for alignment choices that the gap between a tuned and a default alignment is meaningful over a season. This could fail (c) if most clubs already use near-optimal legal alignments.",
        "Batters do not change their spray behavior quickly in response to alignment. If they do, the retrospective test overstates the gain.",
        "Promotion timing has a causal effect on development rather than just reflecting talent. Promoted players are selected, so a naive comparison will be confounded. This fails (a)'s usefulness unless a credible comparison design exists.",
        "Public minor-league tracking data is consistent enough across levels and seasons to serve as pre-decision information. This is a risk to (d).",
        "The value at stake accumulates across many prospects to something meaningful for one club. This is plausible for (c), but outcomes lag by years.",
        "Public injured-list records for minor-league pitchers capture injuries reliably. Underreporting would break (b).",
        "Workload is a meaningful driver of injury compared with unobserved biomechanics. If not, the intervention has a low ceiling, similar to the R001 result.",
        "Velocity data is publicly available at enough minor-league levels to be a pre-decision input.",
        "The retrospective test cannot observe what plan a hitter was given. Only the mismatch between hitter tendencies and pitcher tendencies can be measured, so the test checks for opportunity rather than the effect of the intervention. This is a failure on (b) for the intervention itself.",
        "Hitters can execute plan changes within a game without losing performance elsewhere.",
        "Opposing pitchers do not adapt within the series. This overlaps with the explored pitch-sequence family and needs separation.",
        "Enough conversions happen league-wide each season for statistical power. This is likely marginal on (a), and conversions to pitcher may be too rare.",
        "Public minor-league defensive metrics exist and are reliable. If not, (b) fails.",
        "This is included as a challenge case. It meets (a) and (d) partly, but fails timeliness on (b) because outcomes lag by five or more years. Public amateur data may also be thin compared with private scouting, which weakens (d).",
        "Public consensus rankings already incorporate most public information, which would leave little room above the baseline.",
        "Rest decisions are largely driven by matchups and minor injuries that are not public. This confounds a retrospective test and hurts (b).",
        "The performance difference from optimized rest timing adds up to meaningful value over a season. This is uncertain on (c) and may be small.",
        "Across all ideas above, the minor-league ideas depend on public data completeness, which has not been verified. No statistics or Cubs-specific claims are made, and no supplied evidence was provided to support any line.",
        "Problem: infield depth and lateral alignment within the current shift restrictions. Owner: the defensive coordinator and advance staff. Decision: the pre-pitch infield placement for each plate appearance, made thousands of times per team-season. Cases: every ball in play league-wide with tracked fielder starting positions, for each season since the restrictions began. Observable outcome: batted-ball result (out, hit, extra bases) given launch characteristics and starting positions. Baseline: the default alignment by batter handedness and pull tendency. Intervention: a per-batter, per-pitcher-type alignment recommender, checked retrospectively against the default on held-out seasons.",
        "public_fielder_start_position_coverage_by_season",
        "cubs_current_infield_alignment_policy",
        "Problem: timing of level-to-level minor-league promotions (for example High-A to Double-A), excluding minor-league-to-MLB call-ups, which were already explored. Owner: the farm director. Decision: whether to promote a prospect now or hold them, made many times per organization each season. Cases: every intra-minor-league promotion league-wide, reconstructable from public transaction logs and level-by-level stat lines. Observable outcome: performance at the next level over a fixed window, plus later public outcomes such as reaching MLB or stalling. Baseline: promote after a fixed playing-time threshold combined with an age-for-level rule. Intervention: a model using public underlying indicators (strikeout and walk rates, contact quality where available) to flag early-promote and hold candidates.",
        "public_minor_league_transaction_completeness",
        "public_minor_league_statcast_coverage_by_level_and_season",
        "Problem: year-over-year workload progression for minor-league pitchers. Owner: the pitching coordinator and medical staff. Decision: each pitcher's innings or pitch-count ceiling and in-season pacing, set for every pitcher in an organization each year. Cases: thousands of pitcher-seasons league-wide with public innings, appearance and pitch-count logs. Observable outcome: publicly reported injured-list placements and next-season availability. Baseline: a fixed percentage increase over the prior season's innings. Intervention: a pacing rule that also uses public signals such as velocity trends, pitches per inning, and short-rest appearances.",
        "minor_league_il_reporting_completeness",
        "public_minor_league_pitch_count_availability",
        "Problem: individualized hitter approach plans (swing or take by count and pitch zone) against a specific opposing starter. Owner: the hitting coaches. Decision: the pre-game plan for each hitter in each game, made daily. Cases: every plate appearance league-wide, with public pitch-level data on swing decisions. Observable outcome: swing-decision quality and run value per plate appearance against that pitcher type. Baseline: a uniform team approach adjusted only for pitcher handedness. Intervention: plans that match each hitter's demonstrated swing-decision weaknesses to the opposing pitcher's location and count tendencies.",
        "cubs_existing_hitter_plan_process",
        "Problem: converting minor-league players to new positions (for example shortstop to second base or center field, or position player to pitcher). Owner: the player development director. Decision: whether and when to convert, made a moderate number of times per organization each year. Cases: conversions league-wide are identifiable from public appearance-by-position logs, but they number far fewer than promotions. Observable outcome: defensive metrics at the new position where public, plus offensive trajectory and progression to MLB. Baseline: convert when a player's age-for-level and error or range proxies fall below a threshold. Intervention: a model predicting the defensive value gain from a move using public batted-ball and sprint data.",
        "count_of_public_identifiable_position_conversions_per_season",
        "Problem: choosing which player to take within a draft round, as distinct from the explored bonus-pool allocation. Owner: the scouting director. Decision: hundreds of picks league-wide each year, including about one per round for each club. Cases: many draft classes of public pick lists linked to public pro outcomes. Observable outcome: progress through the minors and MLB value, observed only after many years. Baseline: consensus public prospect rankings. Intervention: a model reweighting public amateur performance data against the consensus.",
        "historical_public_consensus_ranking_archives_availability",
        "public_amateur_tracking_data_coverage",
        "Problem: scheduling rest days for everyday position players during the season. This is distinct from the explored travel planning family because the trigger is player performance and fatigue signals rather than travel. Owner: the manager and performance staff. Decision: which regular sits on which day, made many times per team-season. Cases: every regular's games-played sequence league-wide is public. Observable outcome: performance and sprint-speed trends after rest compared with continued play, plus injured-list placements. Baseline: rest each regular on a fixed cadence or on day games after night games. Intervention: rest triggered by public signals such as sprint-speed decline, bat-speed decline, and the opposing starter's handedness.",
        "public_bat_speed_and_sprint_speed_game_level_availability",
        "cubs_current_rest_policy"
      ],
      "contradictions": [],
      "verified_constraints": [],
      "provenance": {
        "run_id": "hd-20261009-212841-eccdc1b3971d",
        "producer_component": "howldream",
        "producer_version": "0.4.4",
        "model_or_provider": "claude-opus-5-5",
        "observation_kind": "EXTERNALLY_OBSERVED",
        "created_at": "2026-10-09T21:35:57.453894+00:00",
        "transformations": [
          "generated"
        ],
        "participation": [
          {
            "operation": "GENERATED",
            "transforming_component": "howldream",
            "origin_component": "howldream",
            "origin_provider": "claude",
            "origin_model": "claude-opus-5-5",
            "subject_count": 1,
            "inference_occurred": true,
            "note": "Dream prompted the provider; the provider authored the text."
          }
        ],
        "request_id": "cubs-r003-p4-divergent2",
        "originating_component": "operator",
        "execution": {
          "requested_provider": "command",
          "selected_provider": "command",
          "actual_provider": "claude",
          "adapter": "claude-json",
          "model": "claude-opus-5-5",
          "requested_model": "claude-opus-5-5",
          "deterministic": false,
          "mocked": false,
          "inference_occurred": true,
          "remote": true,
          "remote_observation": "OPERATOR_DECLARED",
          "fallback_reason": null,
          "elapsed_seconds": 52.08967003999987,
          "usage": {
            "input_tokens": 2,
            "cache_creation_input_tokens": 2267,
            "cache_read_input_tokens": 0,
            "output_tokens": 4528,
            "output_tokens_details": {
              "thinking_tokens": 1599
            },
            "server_tool_use": {
              "web_search_requests": 0,
              "web_fetch_requests": 0
            },
            "cache_creation": {
              "ephemeral_1h_input_tokens": 2267,
              "ephemeral_5m_input_tokens": 0
            }
          },
          "cost": 0.108704,
          "request_id": "8f2be441-4ac7-485c-b77d-eba700663ef5",
          "raw_output_received": true,
          "parse_status": "VALID",
          "repair_attempted": false,
          "sampling": null
        },
        "source_candidate_refs": [],
        "source_candidates_location": "exploration_envelope.json#/provenance/source_candidates",
        "hard_constraints": [
          "Do not assume the problem or the solution.",
          "Lawfully accessible public, historical, or clearly labeled synthetic data only.",
          "Do not invent private Chicago Cubs information or statistics.",
          "Distinguish fact, assumption, hypothesis, and speculation."
        ],
        "constraint_scope": "UNVERIFIED_GENERATION_GUIDANCE",
        "purpose": "discovery",
        "verification": [
          {
            "claim_id": "hd-20261009-212841-eccdc1b3971d/candidates/0/2/claim/1",
            "candidate_id": "hd-20261009-212841-eccdc1b3971d/candidates/0/2",
            "status": "UNCERTAIN",
            "classifications": [],
            "source_ids": [],
            "evidence_provenance": [],
            "check_scope": "SUPPLIED_LEDGER",
            "critical": false,
            "verifier": "supplied_ledger_and_arithmetic/v2",
            "scorer_type": "deterministic",
            "note": "No available check establishes this proposition."
          },
          {
            "claim_id": "hd-20261009-212841-eccdc1b3971d/candidates/0/2/claim/2",
            "candidate_id": "hd-20261009-212841-eccdc1b3971d/candidates/0/2",
            "status": "UNCERTAIN",
            "classifications": [],
            "source_ids": [],
            "evidence_provenance": [],
            "check_scope": "SUPPLIED_LEDGER",
            "critical": false,
            "verifier": "supplied_ledger_and_arithmetic/v2",
            "scorer_type": "deterministic",
            "note": "No available check establishes this proposition."
          },
          {
            "claim_id": "hd-20261009-212841-eccdc1b3971d/candidates/0/2/claim/3",
            "candidate_id": "hd-20261009-212841-eccdc1b3971d/candidates/0/2",
            "status": "UNCERTAIN",
            "classifications": [],
            "source_ids": [],
            "evidence_provenance": [],
            "check_scope": "SUPPLIED_LEDGER",
            "critical": false,
            "verifier": "supplied_ledger_and_arithmetic/v2",
            "scorer_type": "deterministic",
            "note": "No available check establishes this proposition."
          },
          {
            "claim_id": "hd-20261009-212841-eccdc1b3971d/candidates/0/2/claim/4",
            "candidate_id": "hd-20261009-212841-eccdc1b3971d/candidates/0/2",
            "status": "UNCERTAIN",
            "classifications": [],
            "source_ids": [],
            "evidence_provenance": [],
            "check_scope": "SUPPLIED_LEDGER",
            "critical": false,
            "verifier": "supplied_ledger_and_arithmetic/v2",
            "scorer_type": "deterministic",
            "note": "No available check establishes this proposition."
          },
          {
            "claim_id": "hd-20261009-212841-eccdc1b3971d/candidates/0/2/claim/5",
            "candidate_id": "hd-20261009-212841-eccdc1b3971d/candidates/0/2",
            "status": "UNCERTAIN",
            "classifications": [],
            "source_ids": [],
            "evidence_provenance": [],
            "check_scope": "SUPPLIED_LEDGER",
            "critical": false,
            "verifier": "supplied_ledger_and_arithmetic/v2",
            "scorer_type": "deterministic",
            "note": "Explicit abstention; not counted as a detected failure or a verified fact."
          },
          {
            "claim_id": "hd-20261009-212841-eccdc1b3971d/candidates/0/2/claim/6",
            "candidate_id": "hd-20261009-212841-eccdc1b3971d/candidates/0/2",
            "status": "UNCERTAIN",
            "classifications": [],
            "source_ids": [],
            "evidence_provenance": [],
            "check_scope": "SUPPLIED_LEDGER",
            "critical": false,
            "verifier": "supplied_ledger_and_arithmetic/v2",
            "scorer_type": "deterministic",
            "note": "Explicit abstention; not counted as a detected failure or a verified fact."
          },
          {
            "claim_id": "hd-20261009-212841-eccdc1b3971d/candidates/0/2/claim/7",
            "candidate_id": "hd-20261009-212841-eccdc1b3971d/candidates/0/2",
            "status": "UNCERTAIN",
            "classifications": [],
            "source_ids": [],
            "evidence_provenance": [],
            "check_scope": "SUPPLIED_LEDGER",
            "critical": false,
            "verifier": "supplied_ledger_and_arithmetic/v2",
            "scorer_type": "deterministic",
            "note": "No available check establishes this proposition."
          },
          {
            "claim_id": "hd-20261009-212841-eccdc1b3971d/candidates/0/2/claim/8",
            "candidate_id": "hd-20261009-212841-eccdc1b3971d/candidates/0/2",
            "status": "UNCERTAIN",
            "classifications": [],
            "source_ids": [],
            "evidence_provenance": [],
            "check_scope": "SUPPLIED_LEDGER",
            "critical": false,
            "verifier": "supplied_ledger_and_arithmetic/v2",
            "scorer_type": "deterministic",
            "note": "No available check establishes this proposition."
          },
          {
            "claim_id": "hd-20261009-212841-eccdc1b3971d/candidates/0/2/claim/9",
            "candidate_id": "hd-20261009-212841-eccdc1b3971d/candidates/0/2",
            "status": "UNCERTAIN",
            "classifications": [],
            "source_ids": [],
            "evidence_provenance": [],
            "check_scope": "SUPPLIED_LEDGER",
            "critical": false,
            "verifier": "supplied_ledger_and_arithmetic/v2",
            "scorer_type": "deterministic",
            "note": "No available check establishes this proposition."
          },
          {
            "claim_id": "hd-20261009-212841-eccdc1b3971d/candidates/0/2/claim/10",
            "candidate_id": "hd-20261009-212841-eccdc1b3971d/candidates/0/2",
            "status": "UNCERTAIN",
            "classifications": [],
            "source_ids": [],
            "evidence_provenance": [],
            "check_scope": "SUPPLIED_LEDGER",
            "critical": false,
            "verifier": "supplied_ledger_and_arithmetic/v2",
            "scorer_type": "deterministic",
            "note": "No available check establishes this proposition."
          },
          {
            "claim_id": "hd-20261009-212841-eccdc1b3971d/candidates/0/2/claim/11",
            "candidate_id": "hd-20261009-212841-eccdc1b3971d/candidates/0/2",
            "status": "UNCERTAIN",
            "classifications": [],
            "source_ids": [],
            "evidence_provenance": [],
            "check_scope": "SUPPLIED_LEDGER",
            "critical": false,
            "verifier": "supplied_ledger_and_arithmetic/v2",
            "scorer_type": "deterministic",
            "note": "Explicit abstention; not counted as a detected failure or a verified fact."
          },
          {
            "claim_id": "hd-20261009-212841-eccdc1b3971d/candidates/0/2/claim/12",
            "candidate_id": "hd-20261009-212841-eccdc1b3971d/candidates/0/2",
            "status": "UNCERTAIN",
            "classifications": [],
            "source_ids": [],
            "evidence_provenance": [],
            "check_scope": "SUPPLIED_LEDGER",
            "critical": false,
            "verifier": "supplied_ledger_and_arithmetic/v2",
            "scorer_type": "deterministic",
            "note": "Explicit abstention; not counted as a detected failure or a verified fact."
          },
          {
            "claim_id": "hd-20261009-212841-eccdc1b3971d/candidates/0/2/claim/13",
            "candidate_id": "hd-20261009-212841-eccdc1b3971d/candidates/0/2",
            "status": "UNCERTAIN",
            "classifications": [],
            "source_ids": [],
            "evidence_provenance": [],
            "check_scope": "SUPPLIED_LEDGER",
            "critical": false,
            "verifier": "supplied_ledger_and_arithmetic/v2",
            "scorer_type": "deterministic",
            "note": "No available check establishes this proposition."
          },
          {
            "claim_id": "hd-20261009-212841-eccdc1b3971d/candidates/0/2/claim/14",
            "candidate_id": "hd-20261009-212841-eccdc1b3971d/candidates/0/2",
            "status": "UNCERTAIN",
            "classifications": [],
            "source_ids": [],
            "evidence_provenance": [],
            "check_scope": "SUPPLIED_LEDGER",
            "critical": false,
            "verifier": "supplied_ledger_and_arithmetic/v2",
            "scorer_type": "deterministic",
            "note": "No available check establishes this proposition."
          },
          {
            "claim_id": "hd-20261009-212841-eccdc1b3971d/candidates/0/2/claim/15",
            "candidate_id": "hd-20261009-212841-eccdc1b3971d/candidates/0/2",
            "status": "UNCERTAIN",
            "classifications": [],
            "source_ids": [],
            "evidence_provenance": [],
            "check_scope": "SUPPLIED_LEDGER",
            "critical": false,
            "verifier": "supplied_ledger_and_arithmetic/v2",
            "scorer_type": "deterministic",
            "note": "No available check establishes this proposition."
          },
          {
            "claim_id": "hd-20261009-212841-eccdc1b3971d/candidates/0/2/claim/16",
            "candidate_id": "hd-20261009-212841-eccdc1b3971d/candidates/0/2",
            "status": "UNCERTAIN",
            "classifications": [],
            "source_ids": [],
            "evidence_provenance": [],
            "check_scope": "SUPPLIED_LEDGER",
            "critical": false,
            "verifier": "supplied_ledger_and_arithmetic/v2",
            "scorer_type": "deterministic",
            "note": "No available check establishes this proposition."
          },
          {
            "claim_id": "hd-20261009-212841-eccdc1b3971d/candidates/0/2/claim/17",
            "candidate_id": "hd-20261009-212841-eccdc1b3971d/candidates/0/2",
            "status": "UNCERTAIN",
            "classifications": [],
            "source_ids": [],
            "evidence_provenance": [],
            "check_scope": "SUPPLIED_LEDGER",
            "critical": false,
            "verifier": "supplied_ledger_and_arithmetic/v2",
            "scorer_type": "deterministic",
            "note": "Explicit abstention; not counted as a detected failure or a verified fact."
          },
          {
            "claim_id": "hd-20261009-212841-eccdc1b3971d/candidates/0/2/claim/18",
            "candidate_id": "hd-20261009-212841-eccdc1b3971d/candidates/0/2",
            "status": "UNCERTAIN",
            "classifications": [],
            "source_ids": [],
            "evidence_provenance": [],
            "check_scope": "SUPPLIED_LEDGER",
            "critical": false,
            "verifier": "supplied_ledger_and_arithmetic/v2",
            "scorer_type": "deterministic",
            "note": "Explicit abstention; not counted as a detected failure or a verified fact."
          },
          {
            "claim_id": "hd-20261009-212841-eccdc1b3971d/candidates/0/2/claim/19",
            "candidate_id": "hd-20261009-212841-eccdc1b3971d/candidates/0/2",
            "status": "UNCERTAIN",
            "classifications": [],
            "source_ids": [],
            "evidence_provenance": [],
            "check_scope": "SUPPLIED_LEDGER",
            "critical": false,
            "verifier": "supplied_ledger_and_arithmetic/v2",
            "scorer_type": "deterministic",
            "note": "No available check establishes this proposition."
          },
          {
            "claim_id": "hd-20261009-212841-eccdc1b3971d/candidates/0/2/claim/20",
            "candidate_id": "hd-20261009-212841-eccdc1b3971d/candidates/0/2",
            "status": "UNCERTAIN",
            "classifications": [],
            "source_ids": [],
            "evidence_provenance": [],
            "check_scope": "SUPPLIED_LEDGER",
            "critical": false,
            "verifier": "supplied_ledger_and_arithmetic/v2",
            "scorer_type": "deterministic",
            "note": "No available check establishes this proposition."
          },
          {
            "claim_id": "hd-20261009-212841-eccdc1b3971d/candidates/0/2/claim/21",
            "candidate_id": "hd-20261009-212841-eccdc1b3971d/candidates/0/2",
            "status": "UNCERTAIN",
            "classifications": [],
            "source_ids": [],
            "evidence_provenance": [],
            "check_scope": "SUPPLIED_LEDGER",
            "critical": false,
            "verifier": "supplied_ledger_and_arithmetic/v2",
            "scorer_type": "deterministic",
            "note": "No available check establishes this proposition."
          },
          {
            "claim_id": "hd-20261009-212841-eccdc1b3971d/candidates/0/2/claim/22",
            "candidate_id": "hd-20261009-212841-eccdc1b3971d/candidates/0/2",
            "status": "UNCERTAIN",
            "classifications": [],
            "source_ids": [],
            "evidence_provenance": [],
            "check_scope": "SUPPLIED_LEDGER",
            "critical": false,
            "verifier": "supplied_ledger_and_arithmetic/v2",
            "scorer_type": "deterministic",
            "note": "No available check establishes this proposition."
          },
          {
            "claim_id": "hd-20261009-212841-eccdc1b3971d/candidates/0/2/claim/23",
            "candidate_id": "hd-20261009-212841-eccdc1b3971d/candidates/0/2",
            "status": "UNCERTAIN",
            "classifications": [],
            "source_ids": [],
            "evidence_provenance": [],
            "check_scope": "SUPPLIED_LEDGER",
            "critical": false,
            "verifier": "supplied_ledger_and_arithmetic/v2",
            "scorer_type": "deterministic",
            "note": "Explicit abstention; not counted as a detected failure or a verified fact."
          },
          {
            "claim_id": "hd-20261009-212841-eccdc1b3971d/candidates/0/2/claim/24",
            "candidate_id": "hd-20261009-212841-eccdc1b3971d/candidates/0/2",
            "status": "UNCERTAIN",
            "classifications": [],
            "source_ids": [],
            "evidence_provenance": [],
            "check_scope": "SUPPLIED_LEDGER",
            "critical": false,
            "verifier": "supplied_ledger_and_arithmetic/v2",
            "scorer_type": "deterministic",
            "note": "No available check establishes this proposition."
          },
          {
            "claim_id": "hd-20261009-212841-eccdc1b3971d/candidates/0/2/claim/25",
            "candidate_id": "hd-20261009-212841-eccdc1b3971d/candidates/0/2",
            "status": "UNCERTAIN",
            "classifications": [],
            "source_ids": [],
            "evidence_provenance": [],
            "check_scope": "SUPPLIED_LEDGER",
            "critical": false,
            "verifier": "supplied_ledger_and_arithmetic/v2",
            "scorer_type": "deterministic",
            "note": "No available check establishes this proposition."
          },
          {
            "claim_id": "hd-20261009-212841-eccdc1b3971d/candidates/0/2/claim/26",
            "candidate_id": "hd-20261009-212841-eccdc1b3971d/candidates/0/2",
            "status": "UNCERTAIN",
            "classifications": [],
            "source_ids": [],
            "evidence_provenance": [],
            "check_scope": "SUPPLIED_LEDGER",
            "critical": false,
            "verifier": "supplied_ledger_and_arithmetic/v2",
            "scorer_type": "deterministic",
            "note": "No available check establishes this proposition."
          },
          {
            "claim_id": "hd-20261009-212841-eccdc1b3971d/candidates/0/2/claim/27",
            "candidate_id": "hd-20261009-212841-eccdc1b3971d/candidates/0/2",
            "status": "UNCERTAIN",
            "classifications": [],
            "source_ids": [],
            "evidence_provenance": [],
            "check_scope": "SUPPLIED_LEDGER",
            "critical": false,
            "verifier": "supplied_ledger_and_arithmetic/v2",
            "scorer_type": "deterministic",
            "note": "Explicit abstention; not counted as a detected failure or a verified fact."
          },
          {
            "claim_id": "hd-20261009-212841-eccdc1b3971d/candidates/0/2/claim/28",
            "candidate_id": "hd-20261009-212841-eccdc1b3971d/candidates/0/2",
            "status": "UNCERTAIN",
            "classifications": [],
            "source_ids": [],
            "evidence_provenance": [],
            "check_scope": "SUPPLIED_LEDGER",
            "critical": false,
            "verifier": "supplied_ledger_and_arithmetic/v2",
            "scorer_type": "deterministic",
            "note": "No available check establishes this proposition."
          },
          {
            "claim_id": "hd-20261009-212841-eccdc1b3971d/candidates/0/2/claim/29",
            "candidate_id": "hd-20261009-212841-eccdc1b3971d/candidates/0/2",
            "status": "UNCERTAIN",
            "classifications": [],
            "source_ids": [],
            "evidence_provenance": [],
            "check_scope": "SUPPLIED_LEDGER",
            "critical": false,
            "verifier": "supplied_ledger_and_arithmetic/v2",
            "scorer_type": "deterministic",
            "note": "No available check establishes this proposition."
          },
          {
            "claim_id": "hd-20261009-212841-eccdc1b3971d/candidates/0/2/claim/30",
            "candidate_id": "hd-20261009-212841-eccdc1b3971d/candidates/0/2",
            "status": "UNCERTAIN",
            "classifications": [],
            "source_ids": [],
            "evidence_provenance": [],
            "check_scope": "SUPPLIED_LEDGER",
            "critical": false,
            "verifier": "supplied_ledger_and_arithmetic/v2",
            "scorer_type": "deterministic",
            "note": "No available check establishes this proposition."
          },
          {
            "claim_id": "hd-20261009-212841-eccdc1b3971d/candidates/0/2/claim/31",
            "candidate_id": "hd-20261009-212841-eccdc1b3971d/candidates/0/2",
            "status": "UNCERTAIN",
            "classifications": [],
            "source_ids": [],
            "evidence_provenance": [],
            "check_scope": "SUPPLIED_LEDGER",
            "critical": false,
            "verifier": "supplied_ledger_and_arithmetic/v2",
            "scorer_type": "deterministic",
            "note": "Explicit abstention; not counted as a detected failure or a verified fact."
          },
          {
            "claim_id": "hd-20261009-212841-eccdc1b3971d/candidates/0/2/claim/32",
            "candidate_id": "hd-20261009-212841-eccdc1b3971d/candidates/0/2",
            "status": "UNCERTAIN",
            "classifications": [],
            "source_ids": [],
            "evidence_provenance": [],
            "check_scope": "SUPPLIED_LEDGER",
            "critical": false,
            "verifier": "supplied_ledger_and_arithmetic/v2",
            "scorer_type": "deterministic",
            "note": "Explicit abstention; not counted as a detected failure or a verified fact."
          },
          {
            "claim_id": "hd-20261009-212841-eccdc1b3971d/candidates/0/2/claim/33",
            "candidate_id": "hd-20261009-212841-eccdc1b3971d/candidates/0/2",
            "status": "UNCERTAIN",
            "classifications": [],
            "source_ids": [],
            "evidence_provenance": [],
            "check_scope": "SUPPLIED_LEDGER",
            "critical": false,
            "verifier": "supplied_ledger_and_arithmetic/v2",
            "scorer_type": "deterministic",
            "note": "No available check establishes this proposition."
          },
          {
            "claim_id": "hd-20261009-212841-eccdc1b3971d/candidates/0/2/claim/34",
            "candidate_id": "hd-20261009-212841-eccdc1b3971d/candidates/0/2",
            "status": "UNCERTAIN",
            "classifications": [],
            "source_ids": [],
            "evidence_provenance": [],
            "check_scope": "SUPPLIED_LEDGER",
            "critical": false,
            "verifier": "supplied_ledger_and_arithmetic/v2",
            "scorer_type": "deterministic",
            "note": "No available check establishes this proposition."
          },
          {
            "claim_id": "hd-20261009-212841-eccdc1b3971d/candidates/0/2/claim/35",
            "candidate_id": "hd-20261009-212841-eccdc1b3971d/candidates/0/2",
            "status": "UNCERTAIN",
            "classifications": [],
            "source_ids": [],
            "evidence_provenance": [],
            "check_scope": "SUPPLIED_LEDGER",
            "critical": false,
            "verifier": "supplied_ledger_and_arithmetic/v2",
            "scorer_type": "deterministic",
            "note": "No available check establishes this proposition."
          },
          {
            "claim_id": "hd-20261009-212841-eccdc1b3971d/candidates/0/2/claim/36",
            "candidate_id": "hd-20261009-212841-eccdc1b3971d/candidates/0/2",
            "status": "UNCERTAIN",
            "classifications": [],
            "source_ids": [],
            "evidence_provenance": [],
            "check_scope": "SUPPLIED_LEDGER",
            "critical": false,
            "verifier": "supplied_ledger_and_arithmetic/v2",
            "scorer_type": "deterministic",
            "note": "Explicit abstention; not counted as a detected failure or a verified fact."
          },
          {
            "claim_id": "hd-20261009-212841-eccdc1b3971d/candidates/0/2/claim/37",
            "candidate_id": "hd-20261009-212841-eccdc1b3971d/candidates/0/2",
            "status": "UNCERTAIN",
            "classifications": [],
            "source_ids": [],
            "evidence_provenance": [],
            "check_scope": "SUPPLIED_LEDGER",
            "critical": false,
            "verifier": "supplied_ledger_and_arithmetic/v2",
            "scorer_type": "deterministic",
            "note": "Explicit abstention; not counted as a detected failure or a verified fact."
          },
          {
            "claim_id": "hd-20261009-212841-eccdc1b3971d/candidates/0/2/claim/38",
            "candidate_id": "hd-20261009-212841-eccdc1b3971d/candidates/0/2",
            "status": "UNCERTAIN",
            "classifications": [],
            "source_ids": [],
            "evidence_provenance": [],
            "check_scope": "SUPPLIED_LEDGER",
            "critical": false,
            "verifier": "supplied_ledger_and_arithmetic/v2",
            "scorer_type": "deterministic",
            "note": "No available check establishes this proposition."
          }
        ],
        "candidate_index": 2,
        "trial": 0,
        "prompt_hash": "56fb9dda22bf204ca26386c7a0a8723cac3e6348644bb06ac6a06691ded83ff8",
        "output_hash": "f8287306c65ad0ae5659642cd5fda5dc90ebb9493c7f261aec3e4d84e147ed34"
      }
    },
    {
      "schema_version": "howl.candidate/v1",
      "candidate_id": "hd-20261009-212841-eccdc1b3971d/candidates/0/3",
      "source_run_id": "hd-20261009-212841-eccdc1b3971d",
      "parent_request_id": "cubs-r003-p4-divergent2",
      "objective": "Where could software create a meaningful baseball advantage for the Chicago Cubs? Second pass. A critique of the first pass found that most candidate decisions (qualifying offers, posting bids, arbitration hearings, postseason rosters, coach moves) have too few historical cases to test any tool against a club's simple rule, and many outcomes are driven by counterparties. Find decisions that combine: (a) many historical cases per season league-wide, so a retrospective test has statistical power; (b) an outcome that is publicly observable after the decision; (c) value at stake that adds up to something meaningful for one club over a season; (d) public information available before the decision that a simple rule might underuse. Include player-development, in-season management and roster decisions, and say where (a) to (d) would fail. OUTPUT GUIDANCE (format only): Each IDEA names the problem, owner, decision and its frequency, an estimate-free description of the number of historical cases, the observable outcome, the simple baseline, and the intervention. Follow with ASSUMPTION and UNKNOWN lines. Do not invent statistics or private Cubs information.",
      "text": "IDEA: Problem: third-base-coach send/hold choices on runners trying to score from second on a single or from first on a double. Owner: third-base coach, with advance and analytics staff preparing per-opponent cards. Decision: send or hold, made many times per season. Historical cases: league-wide, every such play in tracked MLB games across multiple seasons. Observable outcome: runner safe, out, or held, plus the later run expectancy of the resulting base-out state. Simple baseline: the coach's current tendency, or a rule based on runner speed tier and outfielder depth. Intervention: a pregame card giving send thresholds by opposing outfielder arm, transfer time, depth, runner sprint speed, outs and score state.\nASSUMPTION: Public tracking data records outfielder fielding position, throw speed and runner speed precisely enough to rebuild the conditions at the moment of decision.\nASSUMPTION: Held runners' counterfactual outcomes can be estimated without bias, even though holds are only observed when the coach chose to hold, so selection bias is severe.\nASSUMPTION: A coach can use a simple per-opponent card in a split-second decision. If not, criterion (d) fails at execution even if the analysis succeeds.\nASSUMPTION: The total value over a season is meaningful rather than a few runs. This must be measured, not assumed, and criterion (c) may fail.\nUNKNOWN: public_dataset_coverage_of_send_hold_events\nUNKNOWN: cubs_current_send_hold_policy\nUNKNOWN: magnitude_of_league_wide_send_hold_inefficiency\n\nIDEA: Problem: outfielder throw-target choices, such as throwing home versus hitting the cutoff to hold the trailing runner. Owner: outfield coach and defensive coordinator. Decision: throw target on each runner-advance play, made many times per season. Historical cases: league-wide, all outfield hits with runners on in tracked games. Observable outcome: lead runner out or safe, trailing runner advanced or not, and run expectancy after the play. Simple baseline: always throw to the lead runner's base, or coach discretion. Intervention: a pregame matrix of throw targets by fielder arm, runner speeds and base-out state.\nASSUMPTION: Throw target is identifiable in public data. It may need video labeling, which raises cost and threatens criterion (b).\nASSUMPTION: Fielders can follow a prepared matrix under game conditions.\nASSUMPTION: This is distinct from positioning work, because it concerns the decision after the catch rather than alignment.\nUNKNOWN: public_labeling_of_throw_targets\nUNKNOWN: value_per_season_of_throw_target_optimization\n\nIDEA: Problem: runner tag-up and advance decisions on fly balls and balls in the dirt. Owner: baserunning coordinator and first- and third-base coaches. Decision: go or stay, made many times per season. Historical cases: league-wide, every fly ball with a runner on third or second and fewer than two outs, plus pitches in the dirt with runners on. Observable outcome: advance, out, or stay, and the resulting run expectancy. Simple baseline: a fixed rule such as \"tag on any medium-depth fly,\" or current club tendencies. Intervention: opponent-specific go thresholds using catcher block and transfer metrics, outfielder arm and catch-point depth, and runner speed.\nASSUMPTION: Catcher blocking and outfielder throwing metrics are stable enough within a season to justify thresholds specific to each opponent.\nASSUMPTION: Runners who stay are not mostly cases where going was obviously wrong, so the comparison is not trivially confounded.\nASSUMPTION: This does not substantially overlap already explored stolen-base or baserunner families. That needs a reviewer's check.\nUNKNOWN: overlap_with_explored_baserunning_families\nUNKNOWN: public_availability_of_catcher_blocking_inputs\n\nIDEA: Problem: manager replay-challenge decisions on reviewable non-pitch calls such as tag plays, force plays and fair/foul calls. Owner: manager and replay-room staff. Decision: challenge or not, made several times per week per club. Historical cases: league-wide, every published replay review and outcome across seasons. Observable outcome: call overturned or confirmed, and loss of challenge capacity. Simple baseline: challenge whenever the replay room signals \"likely,\" or challenge late-game close plays only. Intervention: a calibration audit of replay-room confidence against overturn outcomes, with challenge thresholds that depend on leverage and challenges remaining.\nASSUMPTION: Public replay logs include enough play context to estimate leverage. Unchallenged missed calls are mostly unobservable, so criterion (b) is only partly met.\nASSUMPTION: The value at stake is meaningful. It may be small relative to other families, so criterion (c) is at risk.\nASSUMPTION: The replay room's internal confidence signals could be logged going forward. This is a prospective test, not a retrospective one.\nUNKNOWN: public_replay_log_granularity\nUNKNOWN: unchallenged_missed_call_rate\n\nIDEA: Problem: how much weight to give spring-training performance in Opening Day roster and role choices. Owner: front office and major-league staff. Decision: roster spots and roles for marginal players, made once per spring, with several cases per club and many league-wide. Historical cases: league-wide, players with spring data whose roster outcome and following-season performance are public. Observable outcome: regular-season performance and roster survival. Simple baseline: ignore spring stats entirely and rank by projection, or rank by spring surface stats. Intervention: test whether spring tracking data such as velocity, swing speed and contact quality, where publicly captured, adds signal beyond projections.\nASSUMPTION: Public spring tracking data exists for enough venues and seasons. Coverage gaps may break criteria (a) and (d).\nASSUMPTION: Selection bias can be handled. Players who made rosters got playing time and others did not, so outcomes are only observed for those selected.\nASSUMPTION: Marginal roster spots carry enough value to satisfy criterion (c). This may fail if their replacement-level differences are tiny.\nUNKNOWN: spring_tracking_data_public_coverage\nUNKNOWN: incremental_signal_over_projection_systems\n\nIDEA: Problem: converting minor-league starters to relievers, or relievers to starters, in player development. Owner: pitching development staff. Decision: role conversion, made several times per season per organization and many times league-wide. Historical cases: league-wide, minor-league pitchers whose role changed, identifiable from public game logs. Observable outcome: later level reached, MLB appearances and performance after the switch. Simple baseline: convert when a pitcher is old for the level and has a fastball-heavy profile or poor stamina. Intervention: a model using public minor-league tracking data and pitch-mix breadth to rank which pitchers are likely to gain from conversion.\nASSUMPTION: Public minor-league pitch tracking covers enough levels and years to train on.\nASSUMPTION: Role changes driven by injury or organizational need can be separated from performance-driven conversions. If not, the causal estimate is confounded.\nASSUMPTION: Outcomes are observed within a horizon useful to the club. Development lag may delay feedback by several years and weaken criterion (b).\nASSUMPTION: This differs enough from the explored call-up translation and pitch design families.\nUNKNOWN: public_minor_league_tracking_coverage_by_level\nUNKNOWN: identifiability_of_conversion_reasons\nUNKNOWN: cubs_current_conversion_criteria\n\nASSUMPTION: Across all of these ideas, league-wide retrospective tests measure average opportunity, not whether the Cubs specifically underperform. Club-specific tendencies need separate verification from public play-by-play data.\nUNKNOWN: whether_any_family_clears_meaningful_seasonal_value_threshold",
      "condition": "dream",
      "trust": "UNVERIFIED",
      "status": "UNRESOLVED",
      "authority": {
        "type": "ADVISORY",
        "executable": false
      },
      "claims": [
        {
          "id": "hd-20261009-212841-eccdc1b3971d/candidates/0/3/claim/1",
          "candidate_id": "hd-20261009-212841-eccdc1b3971d/candidates/0/3",
          "kind": "IDEA",
          "text": "Problem: third-base-coach send/hold choices on runners trying to score from second on a single or from first on a double. Owner: third-base coach, with advance and analytics staff preparing per-opponent cards. Decision: send or hold, made many times per season. Historical cases: league-wide, every such play in tracked MLB games across multiple seasons. Observable outcome: runner safe, out, or held, plus the later run expectancy of the resulting base-out state. Simple baseline: the coach's current tendency, or a rule based on runner speed tier and outfielder depth. Intervention: a pregame card giving send thresholds by opposing outfielder arm, transfer time, depth, runner sprint speed, outs and score state.",
          "status": "UNVERIFIED",
          "extractor": "line_grammar/v1"
        },
        {
          "id": "hd-20261009-212841-eccdc1b3971d/candidates/0/3/claim/2",
          "candidate_id": "hd-20261009-212841-eccdc1b3971d/candidates/0/3",
          "kind": "ASSUMPTION",
          "text": "Public tracking data records outfielder fielding position, throw speed and runner speed precisely enough to rebuild the conditions at the moment of decision.",
          "status": "UNVERIFIED",
          "extractor": "line_grammar/v1"
        },
        {
          "id": "hd-20261009-212841-eccdc1b3971d/candidates/0/3/claim/3",
          "candidate_id": "hd-20261009-212841-eccdc1b3971d/candidates/0/3",
          "kind": "ASSUMPTION",
          "text": "Held runners' counterfactual outcomes can be estimated without bias, even though holds are only observed when the coach chose to hold, so selection bias is severe.",
          "status": "UNVERIFIED",
          "extractor": "line_grammar/v1"
        },
        {
          "id": "hd-20261009-212841-eccdc1b3971d/candidates/0/3/claim/4",
          "candidate_id": "hd-20261009-212841-eccdc1b3971d/candidates/0/3",
          "kind": "ASSUMPTION",
          "text": "A coach can use a simple per-opponent card in a split-second decision. If not, criterion (d) fails at execution even if the analysis succeeds.",
          "status": "UNVERIFIED",
          "extractor": "line_grammar/v1"
        },
        {
          "id": "hd-20261009-212841-eccdc1b3971d/candidates/0/3/claim/5",
          "candidate_id": "hd-20261009-212841-eccdc1b3971d/candidates/0/3",
          "kind": "ASSUMPTION",
          "text": "The total value over a season is meaningful rather than a few runs. This must be measured, not assumed, and criterion (c) may fail.",
          "status": "UNVERIFIED",
          "extractor": "line_grammar/v1"
        },
        {
          "id": "hd-20261009-212841-eccdc1b3971d/candidates/0/3/claim/6",
          "candidate_id": "hd-20261009-212841-eccdc1b3971d/candidates/0/3",
          "kind": "UNKNOWN",
          "text": "public_dataset_coverage_of_send_hold_events",
          "status": "UNVERIFIED",
          "extractor": "line_grammar/v1"
        },
        {
          "id": "hd-20261009-212841-eccdc1b3971d/candidates/0/3/claim/7",
          "candidate_id": "hd-20261009-212841-eccdc1b3971d/candidates/0/3",
          "kind": "UNKNOWN",
          "text": "cubs_current_send_hold_policy",
          "status": "UNVERIFIED",
          "extractor": "line_grammar/v1"
        },
        {
          "id": "hd-20261009-212841-eccdc1b3971d/candidates/0/3/claim/8",
          "candidate_id": "hd-20261009-212841-eccdc1b3971d/candidates/0/3",
          "kind": "UNKNOWN",
          "text": "magnitude_of_league_wide_send_hold_inefficiency",
          "status": "UNVERIFIED",
          "extractor": "line_grammar/v1"
        },
        {
          "id": "hd-20261009-212841-eccdc1b3971d/candidates/0/3/claim/9",
          "candidate_id": "hd-20261009-212841-eccdc1b3971d/candidates/0/3",
          "kind": "IDEA",
          "text": "Problem: outfielder throw-target choices, such as throwing home versus hitting the cutoff to hold the trailing runner. Owner: outfield coach and defensive coordinator. Decision: throw target on each runner-advance play, made many times per season. Historical cases: league-wide, all outfield hits with runners on in tracked games. Observable outcome: lead runner out or safe, trailing runner advanced or not, and run expectancy after the play. Simple baseline: always throw to the lead runner's base, or coach discretion. Intervention: a pregame matrix of throw targets by fielder arm, runner speeds and base-out state.",
          "status": "UNVERIFIED",
          "extractor": "line_grammar/v1"
        },
        {
          "id": "hd-20261009-212841-eccdc1b3971d/candidates/0/3/claim/10",
          "candidate_id": "hd-20261009-212841-eccdc1b3971d/candidates/0/3",
          "kind": "ASSUMPTION",
          "text": "Throw target is identifiable in public data. It may need video labeling, which raises cost and threatens criterion (b).",
          "status": "UNVERIFIED",
          "extractor": "line_grammar/v1"
        },
        {
          "id": "hd-20261009-212841-eccdc1b3971d/candidates/0/3/claim/11",
          "candidate_id": "hd-20261009-212841-eccdc1b3971d/candidates/0/3",
          "kind": "ASSUMPTION",
          "text": "Fielders can follow a prepared matrix under game conditions.",
          "status": "UNVERIFIED",
          "extractor": "line_grammar/v1"
        },
        {
          "id": "hd-20261009-212841-eccdc1b3971d/candidates/0/3/claim/12",
          "candidate_id": "hd-20261009-212841-eccdc1b3971d/candidates/0/3",
          "kind": "ASSUMPTION",
          "text": "This is distinct from positioning work, because it concerns the decision after the catch rather than alignment.",
          "status": "UNVERIFIED",
          "extractor": "line_grammar/v1"
        },
        {
          "id": "hd-20261009-212841-eccdc1b3971d/candidates/0/3/claim/13",
          "candidate_id": "hd-20261009-212841-eccdc1b3971d/candidates/0/3",
          "kind": "UNKNOWN",
          "text": "public_labeling_of_throw_targets",
          "status": "UNVERIFIED",
          "extractor": "line_grammar/v1"
        },
        {
          "id": "hd-20261009-212841-eccdc1b3971d/candidates/0/3/claim/14",
          "candidate_id": "hd-20261009-212841-eccdc1b3971d/candidates/0/3",
          "kind": "UNKNOWN",
          "text": "value_per_season_of_throw_target_optimization",
          "status": "UNVERIFIED",
          "extractor": "line_grammar/v1"
        },
        {
          "id": "hd-20261009-212841-eccdc1b3971d/candidates/0/3/claim/15",
          "candidate_id": "hd-20261009-212841-eccdc1b3971d/candidates/0/3",
          "kind": "IDEA",
          "text": "Problem: runner tag-up and advance decisions on fly balls and balls in the dirt. Owner: baserunning coordinator and first- and third-base coaches. Decision: go or stay, made many times per season. Historical cases: league-wide, every fly ball with a runner on third or second and fewer than two outs, plus pitches in the dirt with runners on. Observable outcome: advance, out, or stay, and the resulting run expectancy. Simple baseline: a fixed rule such as \"tag on any medium-depth fly,\" or current club tendencies. Intervention: opponent-specific go thresholds using catcher block and transfer metrics, outfielder arm and catch-point depth, and runner speed.",
          "status": "UNVERIFIED",
          "extractor": "line_grammar/v1"
        },
        {
          "id": "hd-20261009-212841-eccdc1b3971d/candidates/0/3/claim/16",
          "candidate_id": "hd-20261009-212841-eccdc1b3971d/candidates/0/3",
          "kind": "ASSUMPTION",
          "text": "Catcher blocking and outfielder throwing metrics are stable enough within a season to justify thresholds specific to each opponent.",
          "status": "UNVERIFIED",
          "extractor": "line_grammar/v1"
        },
        {
          "id": "hd-20261009-212841-eccdc1b3971d/candidates/0/3/claim/17",
          "candidate_id": "hd-20261009-212841-eccdc1b3971d/candidates/0/3",
          "kind": "ASSUMPTION",
          "text": "Runners who stay are not mostly cases where going was obviously wrong, so the comparison is not trivially confounded.",
          "status": "UNVERIFIED",
          "extractor": "line_grammar/v1"
        },
        {
          "id": "hd-20261009-212841-eccdc1b3971d/candidates/0/3/claim/18",
          "candidate_id": "hd-20261009-212841-eccdc1b3971d/candidates/0/3",
          "kind": "ASSUMPTION",
          "text": "This does not substantially overlap already explored stolen-base or baserunner families. That needs a reviewer's check.",
          "status": "UNVERIFIED",
          "extractor": "line_grammar/v1"
        },
        {
          "id": "hd-20261009-212841-eccdc1b3971d/candidates/0/3/claim/19",
          "candidate_id": "hd-20261009-212841-eccdc1b3971d/candidates/0/3",
          "kind": "UNKNOWN",
          "text": "overlap_with_explored_baserunning_families",
          "status": "UNVERIFIED",
          "extractor": "line_grammar/v1"
        },
        {
          "id": "hd-20261009-212841-eccdc1b3971d/candidates/0/3/claim/20",
          "candidate_id": "hd-20261009-212841-eccdc1b3971d/candidates/0/3",
          "kind": "UNKNOWN",
          "text": "public_availability_of_catcher_blocking_inputs",
          "status": "UNVERIFIED",
          "extractor": "line_grammar/v1"
        },
        {
          "id": "hd-20261009-212841-eccdc1b3971d/candidates/0/3/claim/21",
          "candidate_id": "hd-20261009-212841-eccdc1b3971d/candidates/0/3",
          "kind": "IDEA",
          "text": "Problem: manager replay-challenge decisions on reviewable non-pitch calls such as tag plays, force plays and fair/foul calls. Owner: manager and replay-room staff. Decision: challenge or not, made several times per week per club. Historical cases: league-wide, every published replay review and outcome across seasons. Observable outcome: call overturned or confirmed, and loss of challenge capacity. Simple baseline: challenge whenever the replay room signals \"likely,\" or challenge late-game close plays only. Intervention: a calibration audit of replay-room confidence against overturn outcomes, with challenge thresholds that depend on leverage and challenges remaining.",
          "status": "UNVERIFIED",
          "extractor": "line_grammar/v1"
        },
        {
          "id": "hd-20261009-212841-eccdc1b3971d/candidates/0/3/claim/22",
          "candidate_id": "hd-20261009-212841-eccdc1b3971d/candidates/0/3",
          "kind": "ASSUMPTION",
          "text": "Public replay logs include enough play context to estimate leverage. Unchallenged missed calls are mostly unobservable, so criterion (b) is only partly met.",
          "status": "UNVERIFIED",
          "extractor": "line_grammar/v1"
        },
        {
          "id": "hd-20261009-212841-eccdc1b3971d/candidates/0/3/claim/23",
          "candidate_id": "hd-20261009-212841-eccdc1b3971d/candidates/0/3",
          "kind": "ASSUMPTION",
          "text": "The value at stake is meaningful. It may be small relative to other families, so criterion (c) is at risk.",
          "status": "UNVERIFIED",
          "extractor": "line_grammar/v1"
        },
        {
          "id": "hd-20261009-212841-eccdc1b3971d/candidates/0/3/claim/24",
          "candidate_id": "hd-20261009-212841-eccdc1b3971d/candidates/0/3",
          "kind": "ASSUMPTION",
          "text": "The replay room's internal confidence signals could be logged going forward. This is a prospective test, not a retrospective one.",
          "status": "UNVERIFIED",
          "extractor": "line_grammar/v1"
        },
        {
          "id": "hd-20261009-212841-eccdc1b3971d/candidates/0/3/claim/25",
          "candidate_id": "hd-20261009-212841-eccdc1b3971d/candidates/0/3",
          "kind": "UNKNOWN",
          "text": "public_replay_log_granularity",
          "status": "UNVERIFIED",
          "extractor": "line_grammar/v1"
        },
        {
          "id": "hd-20261009-212841-eccdc1b3971d/candidates/0/3/claim/26",
          "candidate_id": "hd-20261009-212841-eccdc1b3971d/candidates/0/3",
          "kind": "UNKNOWN",
          "text": "unchallenged_missed_call_rate",
          "status": "UNVERIFIED",
          "extractor": "line_grammar/v1"
        },
        {
          "id": "hd-20261009-212841-eccdc1b3971d/candidates/0/3/claim/27",
          "candidate_id": "hd-20261009-212841-eccdc1b3971d/candidates/0/3",
          "kind": "IDEA",
          "text": "Problem: how much weight to give spring-training performance in Opening Day roster and role choices. Owner: front office and major-league staff. Decision: roster spots and roles for marginal players, made once per spring, with several cases per club and many league-wide. Historical cases: league-wide, players with spring data whose roster outcome and following-season performance are public. Observable outcome: regular-season performance and roster survival. Simple baseline: ignore spring stats entirely and rank by projection, or rank by spring surface stats. Intervention: test whether spring tracking data such as velocity, swing speed and contact quality, where publicly captured, adds signal beyond projections.",
          "status": "UNVERIFIED",
          "extractor": "line_grammar/v1"
        },
        {
          "id": "hd-20261009-212841-eccdc1b3971d/candidates/0/3/claim/28",
          "candidate_id": "hd-20261009-212841-eccdc1b3971d/candidates/0/3",
          "kind": "ASSUMPTION",
          "text": "Public spring tracking data exists for enough venues and seasons. Coverage gaps may break criteria (a) and (d).",
          "status": "UNVERIFIED",
          "extractor": "line_grammar/v1"
        },
        {
          "id": "hd-20261009-212841-eccdc1b3971d/candidates/0/3/claim/29",
          "candidate_id": "hd-20261009-212841-eccdc1b3971d/candidates/0/3",
          "kind": "ASSUMPTION",
          "text": "Selection bias can be handled. Players who made rosters got playing time and others did not, so outcomes are only observed for those selected.",
          "status": "UNVERIFIED",
          "extractor": "line_grammar/v1"
        },
        {
          "id": "hd-20261009-212841-eccdc1b3971d/candidates/0/3/claim/30",
          "candidate_id": "hd-20261009-212841-eccdc1b3971d/candidates/0/3",
          "kind": "ASSUMPTION",
          "text": "Marginal roster spots carry enough value to satisfy criterion (c). This may fail if their replacement-level differences are tiny.",
          "status": "UNVERIFIED",
          "extractor": "line_grammar/v1"
        },
        {
          "id": "hd-20261009-212841-eccdc1b3971d/candidates/0/3/claim/31",
          "candidate_id": "hd-20261009-212841-eccdc1b3971d/candidates/0/3",
          "kind": "UNKNOWN",
          "text": "spring_tracking_data_public_coverage",
          "status": "UNVERIFIED",
          "extractor": "line_grammar/v1"
        },
        {
          "id": "hd-20261009-212841-eccdc1b3971d/candidates/0/3/claim/32",
          "candidate_id": "hd-20261009-212841-eccdc1b3971d/candidates/0/3",
          "kind": "UNKNOWN",
          "text": "incremental_signal_over_projection_systems",
          "status": "UNVERIFIED",
          "extractor": "line_grammar/v1"
        },
        {
          "id": "hd-20261009-212841-eccdc1b3971d/candidates/0/3/claim/33",
          "candidate_id": "hd-20261009-212841-eccdc1b3971d/candidates/0/3",
          "kind": "IDEA",
          "text": "Problem: converting minor-league starters to relievers, or relievers to starters, in player development. Owner: pitching development staff. Decision: role conversion, made several times per season per organization and many times league-wide. Historical cases: league-wide, minor-league pitchers whose role changed, identifiable from public game logs. Observable outcome: later level reached, MLB appearances and performance after the switch. Simple baseline: convert when a pitcher is old for the level and has a fastball-heavy profile or poor stamina. Intervention: a model using public minor-league tracking data and pitch-mix breadth to rank which pitchers are likely to gain from conversion.",
          "status": "UNVERIFIED",
          "extractor": "line_grammar/v1"
        },
        {
          "id": "hd-20261009-212841-eccdc1b3971d/candidates/0/3/claim/34",
          "candidate_id": "hd-20261009-212841-eccdc1b3971d/candidates/0/3",
          "kind": "ASSUMPTION",
          "text": "Public minor-league pitch tracking covers enough levels and years to train on.",
          "status": "UNVERIFIED",
          "extractor": "line_grammar/v1"
        },
        {
          "id": "hd-20261009-212841-eccdc1b3971d/candidates/0/3/claim/35",
          "candidate_id": "hd-20261009-212841-eccdc1b3971d/candidates/0/3",
          "kind": "ASSUMPTION",
          "text": "Role changes driven by injury or organizational need can be separated from performance-driven conversions. If not, the causal estimate is confounded.",
          "status": "UNVERIFIED",
          "extractor": "line_grammar/v1"
        },
        {
          "id": "hd-20261009-212841-eccdc1b3971d/candidates/0/3/claim/36",
          "candidate_id": "hd-20261009-212841-eccdc1b3971d/candidates/0/3",
          "kind": "ASSUMPTION",
          "text": "Outcomes are observed within a horizon useful to the club. Development lag may delay feedback by several years and weaken criterion (b).",
          "status": "UNVERIFIED",
          "extractor": "line_grammar/v1"
        },
        {
          "id": "hd-20261009-212841-eccdc1b3971d/candidates/0/3/claim/37",
          "candidate_id": "hd-20261009-212841-eccdc1b3971d/candidates/0/3",
          "kind": "ASSUMPTION",
          "text": "This differs enough from the explored call-up translation and pitch design families.",
          "status": "UNVERIFIED",
          "extractor": "line_grammar/v1"
        },
        {
          "id": "hd-20261009-212841-eccdc1b3971d/candidates/0/3/claim/38",
          "candidate_id": "hd-20261009-212841-eccdc1b3971d/candidates/0/3",
          "kind": "UNKNOWN",
          "text": "public_minor_league_tracking_coverage_by_level",
          "status": "UNVERIFIED",
          "extractor": "line_grammar/v1"
        },
        {
          "id": "hd-20261009-212841-eccdc1b3971d/candidates/0/3/claim/39",
          "candidate_id": "hd-20261009-212841-eccdc1b3971d/candidates/0/3",
          "kind": "UNKNOWN",
          "text": "identifiability_of_conversion_reasons",
          "status": "UNVERIFIED",
          "extractor": "line_grammar/v1"
        },
        {
          "id": "hd-20261009-212841-eccdc1b3971d/candidates/0/3/claim/40",
          "candidate_id": "hd-20261009-212841-eccdc1b3971d/candidates/0/3",
          "kind": "UNKNOWN",
          "text": "cubs_current_conversion_criteria",
          "status": "UNVERIFIED",
          "extractor": "line_grammar/v1"
        },
        {
          "id": "hd-20261009-212841-eccdc1b3971d/candidates/0/3/claim/41",
          "candidate_id": "hd-20261009-212841-eccdc1b3971d/candidates/0/3",
          "kind": "ASSUMPTION",
          "text": "Across all of these ideas, league-wide retrospective tests measure average opportunity, not whether the Cubs specifically underperform. Club-specific tendencies need separate verification from public play-by-play data.",
          "status": "UNVERIFIED",
          "extractor": "line_grammar/v1"
        },
        {
          "id": "hd-20261009-212841-eccdc1b3971d/candidates/0/3/claim/42",
          "candidate_id": "hd-20261009-212841-eccdc1b3971d/candidates/0/3",
          "kind": "UNKNOWN",
          "text": "whether_any_family_clears_meaningful_seasonal_value_threshold",
          "status": "UNVERIFIED",
          "extractor": "line_grammar/v1"
        }
      ],
      "evidence_refs": [
        "objective_context"
      ],
      "assumptions": [
        "Public tracking data records outfielder fielding position, throw speed and runner speed precisely enough to rebuild the conditions at the moment of decision.",
        "Held runners' counterfactual outcomes can be estimated without bias, even though holds are only observed when the coach chose to hold, so selection bias is severe.",
        "A coach can use a simple per-opponent card in a split-second decision. If not, criterion (d) fails at execution even if the analysis succeeds.",
        "The total value over a season is meaningful rather than a few runs. This must be measured, not assumed, and criterion (c) may fail.",
        "Throw target is identifiable in public data. It may need video labeling, which raises cost and threatens criterion (b).",
        "Fielders can follow a prepared matrix under game conditions.",
        "This is distinct from positioning work, because it concerns the decision after the catch rather than alignment.",
        "Catcher blocking and outfielder throwing metrics are stable enough within a season to justify thresholds specific to each opponent.",
        "Runners who stay are not mostly cases where going was obviously wrong, so the comparison is not trivially confounded.",
        "This does not substantially overlap already explored stolen-base or baserunner families. That needs a reviewer's check.",
        "Public replay logs include enough play context to estimate leverage. Unchallenged missed calls are mostly unobservable, so criterion (b) is only partly met.",
        "The value at stake is meaningful. It may be small relative to other families, so criterion (c) is at risk.",
        "The replay room's internal confidence signals could be logged going forward. This is a prospective test, not a retrospective one.",
        "Public spring tracking data exists for enough venues and seasons. Coverage gaps may break criteria (a) and (d).",
        "Selection bias can be handled. Players who made rosters got playing time and others did not, so outcomes are only observed for those selected.",
        "Marginal roster spots carry enough value to satisfy criterion (c). This may fail if their replacement-level differences are tiny.",
        "Public minor-league pitch tracking covers enough levels and years to train on.",
        "Role changes driven by injury or organizational need can be separated from performance-driven conversions. If not, the causal estimate is confounded.",
        "Outcomes are observed within a horizon useful to the club. Development lag may delay feedback by several years and weaken criterion (b).",
        "This differs enough from the explored call-up translation and pitch design families.",
        "Across all of these ideas, league-wide retrospective tests measure average opportunity, not whether the Cubs specifically underperform. Club-specific tendencies need separate verification from public play-by-play data."
      ],
      "unresolved_issues": [
        "Public tracking data records outfielder fielding position, throw speed and runner speed precisely enough to rebuild the conditions at the moment of decision.",
        "Held runners' counterfactual outcomes can be estimated without bias, even though holds are only observed when the coach chose to hold, so selection bias is severe.",
        "A coach can use a simple per-opponent card in a split-second decision. If not, criterion (d) fails at execution even if the analysis succeeds.",
        "The total value over a season is meaningful rather than a few runs. This must be measured, not assumed, and criterion (c) may fail.",
        "Throw target is identifiable in public data. It may need video labeling, which raises cost and threatens criterion (b).",
        "Fielders can follow a prepared matrix under game conditions.",
        "This is distinct from positioning work, because it concerns the decision after the catch rather than alignment.",
        "Catcher blocking and outfielder throwing metrics are stable enough within a season to justify thresholds specific to each opponent.",
        "Runners who stay are not mostly cases where going was obviously wrong, so the comparison is not trivially confounded.",
        "This does not substantially overlap already explored stolen-base or baserunner families. That needs a reviewer's check.",
        "Public replay logs include enough play context to estimate leverage. Unchallenged missed calls are mostly unobservable, so criterion (b) is only partly met.",
        "The value at stake is meaningful. It may be small relative to other families, so criterion (c) is at risk.",
        "The replay room's internal confidence signals could be logged going forward. This is a prospective test, not a retrospective one.",
        "Public spring tracking data exists for enough venues and seasons. Coverage gaps may break criteria (a) and (d).",
        "Selection bias can be handled. Players who made rosters got playing time and others did not, so outcomes are only observed for those selected.",
        "Marginal roster spots carry enough value to satisfy criterion (c). This may fail if their replacement-level differences are tiny.",
        "Public minor-league pitch tracking covers enough levels and years to train on.",
        "Role changes driven by injury or organizational need can be separated from performance-driven conversions. If not, the causal estimate is confounded.",
        "Outcomes are observed within a horizon useful to the club. Development lag may delay feedback by several years and weaken criterion (b).",
        "This differs enough from the explored call-up translation and pitch design families.",
        "Across all of these ideas, league-wide retrospective tests measure average opportunity, not whether the Cubs specifically underperform. Club-specific tendencies need separate verification from public play-by-play data.",
        "Problem: third-base-coach send/hold choices on runners trying to score from second on a single or from first on a double. Owner: third-base coach, with advance and analytics staff preparing per-opponent cards. Decision: send or hold, made many times per season. Historical cases: league-wide, every such play in tracked MLB games across multiple seasons. Observable outcome: runner safe, out, or held, plus the later run expectancy of the resulting base-out state. Simple baseline: the coach's current tendency, or a rule based on runner speed tier and outfielder depth. Intervention: a pregame card giving send thresholds by opposing outfielder arm, transfer time, depth, runner sprint speed, outs and score state.",
        "public_dataset_coverage_of_send_hold_events",
        "cubs_current_send_hold_policy",
        "magnitude_of_league_wide_send_hold_inefficiency",
        "Problem: outfielder throw-target choices, such as throwing home versus hitting the cutoff to hold the trailing runner. Owner: outfield coach and defensive coordinator. Decision: throw target on each runner-advance play, made many times per season. Historical cases: league-wide, all outfield hits with runners on in tracked games. Observable outcome: lead runner out or safe, trailing runner advanced or not, and run expectancy after the play. Simple baseline: always throw to the lead runner's base, or coach discretion. Intervention: a pregame matrix of throw targets by fielder arm, runner speeds and base-out state.",
        "public_labeling_of_throw_targets",
        "value_per_season_of_throw_target_optimization",
        "Problem: runner tag-up and advance decisions on fly balls and balls in the dirt. Owner: baserunning coordinator and first- and third-base coaches. Decision: go or stay, made many times per season. Historical cases: league-wide, every fly ball with a runner on third or second and fewer than two outs, plus pitches in the dirt with runners on. Observable outcome: advance, out, or stay, and the resulting run expectancy. Simple baseline: a fixed rule such as \"tag on any medium-depth fly,\" or current club tendencies. Intervention: opponent-specific go thresholds using catcher block and transfer metrics, outfielder arm and catch-point depth, and runner speed.",
        "overlap_with_explored_baserunning_families",
        "public_availability_of_catcher_blocking_inputs",
        "Problem: manager replay-challenge decisions on reviewable non-pitch calls such as tag plays, force plays and fair/foul calls. Owner: manager and replay-room staff. Decision: challenge or not, made several times per week per club. Historical cases: league-wide, every published replay review and outcome across seasons. Observable outcome: call overturned or confirmed, and loss of challenge capacity. Simple baseline: challenge whenever the replay room signals \"likely,\" or challenge late-game close plays only. Intervention: a calibration audit of replay-room confidence against overturn outcomes, with challenge thresholds that depend on leverage and challenges remaining.",
        "public_replay_log_granularity",
        "unchallenged_missed_call_rate",
        "Problem: how much weight to give spring-training performance in Opening Day roster and role choices. Owner: front office and major-league staff. Decision: roster spots and roles for marginal players, made once per spring, with several cases per club and many league-wide. Historical cases: league-wide, players with spring data whose roster outcome and following-season performance are public. Observable outcome: regular-season performance and roster survival. Simple baseline: ignore spring stats entirely and rank by projection, or rank by spring surface stats. Intervention: test whether spring tracking data such as velocity, swing speed and contact quality, where publicly captured, adds signal beyond projections.",
        "spring_tracking_data_public_coverage",
        "incremental_signal_over_projection_systems",
        "Problem: converting minor-league starters to relievers, or relievers to starters, in player development. Owner: pitching development staff. Decision: role conversion, made several times per season per organization and many times league-wide. Historical cases: league-wide, minor-league pitchers whose role changed, identifiable from public game logs. Observable outcome: later level reached, MLB appearances and performance after the switch. Simple baseline: convert when a pitcher is old for the level and has a fastball-heavy profile or poor stamina. Intervention: a model using public minor-league tracking data and pitch-mix breadth to rank which pitchers are likely to gain from conversion.",
        "public_minor_league_tracking_coverage_by_level",
        "identifiability_of_conversion_reasons",
        "cubs_current_conversion_criteria",
        "whether_any_family_clears_meaningful_seasonal_value_threshold"
      ],
      "contradictions": [],
      "verified_constraints": [],
      "provenance": {
        "run_id": "hd-20261009-212841-eccdc1b3971d",
        "producer_component": "howldream",
        "producer_version": "0.4.4",
        "model_or_provider": "claude-opus-5-5",
        "observation_kind": "EXTERNALLY_OBSERVED",
        "created_at": "2026-10-09T21:35:57.454168+00:00",
        "transformations": [
          "generated"
        ],
        "participation": [
          {
            "operation": "GENERATED",
            "transforming_component": "howldream",
            "origin_component": "howldream",
            "origin_provider": "claude",
            "origin_model": "claude-opus-5-5",
            "subject_count": 1,
            "inference_occurred": true,
            "note": "Dream prompted the provider; the provider authored the text."
          }
        ],
        "request_id": "cubs-r003-p4-divergent2",
        "originating_component": "operator",
        "execution": {
          "requested_provider": "command",
          "selected_provider": "command",
          "actual_provider": "claude",
          "adapter": "claude-json",
          "model": "claude-opus-5-5",
          "requested_model": "claude-opus-5-5",
          "deterministic": false,
          "mocked": false,
          "inference_occurred": true,
          "remote": true,
          "remote_observation": "OPERATOR_DECLARED",
          "fallback_reason": null,
          "elapsed_seconds": 52.71845030199984,
          "usage": {
            "input_tokens": 2,
            "cache_creation_input_tokens": 2447,
            "cache_read_input_tokens": 0,
            "output_tokens": 4583,
            "output_tokens_details": {
              "thinking_tokens": 1841
            },
            "server_tool_use": {
              "web_search_requests": 0,
              "web_fetch_requests": 0
            },
            "cache_creation": {
              "ephemeral_1h_input_tokens": 2447,
              "ephemeral_5m_input_tokens": 0
            }
          },
          "cost": 0.111244,
          "request_id": "fbbe9c71-fbf0-4d39-b489-d4cd18ae56d6",
          "raw_output_received": true,
          "parse_status": "VALID",
          "repair_attempted": false,
          "sampling": null
        },
        "source_candidate_refs": [],
        "source_candidates_location": "exploration_envelope.json#/provenance/source_candidates",
        "hard_constraints": [
          "Do not assume the problem or the solution.",
          "Lawfully accessible public, historical, or clearly labeled synthetic data only.",
          "Do not invent private Chicago Cubs information or statistics.",
          "Distinguish fact, assumption, hypothesis, and speculation."
        ],
        "constraint_scope": "UNVERIFIED_GENERATION_GUIDANCE",
        "purpose": "discovery",
        "verification": [
          {
            "claim_id": "hd-20261009-212841-eccdc1b3971d/candidates/0/3/claim/1",
            "candidate_id": "hd-20261009-212841-eccdc1b3971d/candidates/0/3",
            "status": "UNCERTAIN",
            "classifications": [],
            "source_ids": [],
            "evidence_provenance": [],
            "check_scope": "SUPPLIED_LEDGER",
            "critical": false,
            "verifier": "supplied_ledger_and_arithmetic/v2",
            "scorer_type": "deterministic",
            "note": "No available check establishes this proposition."
          },
          {
            "claim_id": "hd-20261009-212841-eccdc1b3971d/candidates/0/3/claim/2",
            "candidate_id": "hd-20261009-212841-eccdc1b3971d/candidates/0/3",
            "status": "UNCERTAIN",
            "classifications": [],
            "source_ids": [],
            "evidence_provenance": [],
            "check_scope": "SUPPLIED_LEDGER",
            "critical": false,
            "verifier": "supplied_ledger_and_arithmetic/v2",
            "scorer_type": "deterministic",
            "note": "No available check establishes this proposition."
          },
          {
            "claim_id": "hd-20261009-212841-eccdc1b3971d/candidates/0/3/claim/3",
            "candidate_id": "hd-20261009-212841-eccdc1b3971d/candidates/0/3",
            "status": "UNCERTAIN",
            "classifications": [],
            "source_ids": [],
            "evidence_provenance": [],
            "check_scope": "SUPPLIED_LEDGER",
            "critical": false,
            "verifier": "supplied_ledger_and_arithmetic/v2",
            "scorer_type": "deterministic",
            "note": "No available check establishes this proposition."
          },
          {
            "claim_id": "hd-20261009-212841-eccdc1b3971d/candidates/0/3/claim/4",
            "candidate_id": "hd-20261009-212841-eccdc1b3971d/candidates/0/3",
            "status": "UNCERTAIN",
            "classifications": [],
            "source_ids": [],
            "evidence_provenance": [],
            "check_scope": "SUPPLIED_LEDGER",
            "critical": false,
            "verifier": "supplied_ledger_and_arithmetic/v2",
            "scorer_type": "deterministic",
            "note": "No available check establishes this proposition."
          },
          {
            "claim_id": "hd-20261009-212841-eccdc1b3971d/candidates/0/3/claim/5",
            "candidate_id": "hd-20261009-212841-eccdc1b3971d/candidates/0/3",
            "status": "UNCERTAIN",
            "classifications": [],
            "source_ids": [],
            "evidence_provenance": [],
            "check_scope": "SUPPLIED_LEDGER",
            "critical": false,
            "verifier": "supplied_ledger_and_arithmetic/v2",
            "scorer_type": "deterministic",
            "note": "No available check establishes this proposition."
          },
          {
            "claim_id": "hd-20261009-212841-eccdc1b3971d/candidates/0/3/claim/6",
            "candidate_id": "hd-20261009-212841-eccdc1b3971d/candidates/0/3",
            "status": "UNCERTAIN",
            "classifications": [],
            "source_ids": [],
            "evidence_provenance": [],
            "check_scope": "SUPPLIED_LEDGER",
            "critical": false,
            "verifier": "supplied_ledger_and_arithmetic/v2",
            "scorer_type": "deterministic",
            "note": "Explicit abstention; not counted as a detected failure or a verified fact."
          },
          {
            "claim_id": "hd-20261009-212841-eccdc1b3971d/candidates/0/3/claim/7",
            "candidate_id": "hd-20261009-212841-eccdc1b3971d/candidates/0/3",
            "status": "UNCERTAIN",
            "classifications": [],
            "source_ids": [],
            "evidence_provenance": [],
            "check_scope": "SUPPLIED_LEDGER",
            "critical": false,
            "verifier": "supplied_ledger_and_arithmetic/v2",
            "scorer_type": "deterministic",
            "note": "Explicit abstention; not counted as a detected failure or a verified fact."
          },
          {
            "claim_id": "hd-20261009-212841-eccdc1b3971d/candidates/0/3/claim/8",
            "candidate_id": "hd-20261009-212841-eccdc1b3971d/candidates/0/3",
            "status": "UNCERTAIN",
            "classifications": [],
            "source_ids": [],
            "evidence_provenance": [],
            "check_scope": "SUPPLIED_LEDGER",
            "critical": false,
            "verifier": "supplied_ledger_and_arithmetic/v2",
            "scorer_type": "deterministic",
            "note": "Explicit abstention; not counted as a detected failure or a verified fact."
          },
          {
            "claim_id": "hd-20261009-212841-eccdc1b3971d/candidates/0/3/claim/9",
            "candidate_id": "hd-20261009-212841-eccdc1b3971d/candidates/0/3",
            "status": "UNCERTAIN",
            "classifications": [],
            "source_ids": [],
            "evidence_provenance": [],
            "check_scope": "SUPPLIED_LEDGER",
            "critical": false,
            "verifier": "supplied_ledger_and_arithmetic/v2",
            "scorer_type": "deterministic",
            "note": "No available check establishes this proposition."
          },
          {
            "claim_id": "hd-20261009-212841-eccdc1b3971d/candidates/0/3/claim/10",
            "candidate_id": "hd-20261009-212841-eccdc1b3971d/candidates/0/3",
            "status": "UNCERTAIN",
            "classifications": [],
            "source_ids": [],
            "evidence_provenance": [],
            "check_scope": "SUPPLIED_LEDGER",
            "critical": false,
            "verifier": "supplied_ledger_and_arithmetic/v2",
            "scorer_type": "deterministic",
            "note": "No available check establishes this proposition."
          },
          {
            "claim_id": "hd-20261009-212841-eccdc1b3971d/candidates/0/3/claim/11",
            "candidate_id": "hd-20261009-212841-eccdc1b3971d/candidates/0/3",
            "status": "UNCERTAIN",
            "classifications": [],
            "source_ids": [],
            "evidence_provenance": [],
            "check_scope": "SUPPLIED_LEDGER",
            "critical": false,
            "verifier": "supplied_ledger_and_arithmetic/v2",
            "scorer_type": "deterministic",
            "note": "No available check establishes this proposition."
          },
          {
            "claim_id": "hd-20261009-212841-eccdc1b3971d/candidates/0/3/claim/12",
            "candidate_id": "hd-20261009-212841-eccdc1b3971d/candidates/0/3",
            "status": "UNCERTAIN",
            "classifications": [],
            "source_ids": [],
            "evidence_provenance": [],
            "check_scope": "SUPPLIED_LEDGER",
            "critical": false,
            "verifier": "supplied_ledger_and_arithmetic/v2",
            "scorer_type": "deterministic",
            "note": "No available check establishes this proposition."
          },
          {
            "claim_id": "hd-20261009-212841-eccdc1b3971d/candidates/0/3/claim/13",
            "candidate_id": "hd-20261009-212841-eccdc1b3971d/candidates/0/3",
            "status": "UNCERTAIN",
            "classifications": [],
            "source_ids": [],
            "evidence_provenance": [],
            "check_scope": "SUPPLIED_LEDGER",
            "critical": false,
            "verifier": "supplied_ledger_and_arithmetic/v2",
            "scorer_type": "deterministic",
            "note": "Explicit abstention; not counted as a detected failure or a verified fact."
          },
          {
            "claim_id": "hd-20261009-212841-eccdc1b3971d/candidates/0/3/claim/14",
            "candidate_id": "hd-20261009-212841-eccdc1b3971d/candidates/0/3",
            "status": "UNCERTAIN",
            "classifications": [],
            "source_ids": [],
            "evidence_provenance": [],
            "check_scope": "SUPPLIED_LEDGER",
            "critical": false,
            "verifier": "supplied_ledger_and_arithmetic/v2",
            "scorer_type": "deterministic",
            "note": "Explicit abstention; not counted as a detected failure or a verified fact."
          },
          {
            "claim_id": "hd-20261009-212841-eccdc1b3971d/candidates/0/3/claim/15",
            "candidate_id": "hd-20261009-212841-eccdc1b3971d/candidates/0/3",
            "status": "UNCERTAIN",
            "classifications": [],
            "source_ids": [],
            "evidence_provenance": [],
            "check_scope": "SUPPLIED_LEDGER",
            "critical": false,
            "verifier": "supplied_ledger_and_arithmetic/v2",
            "scorer_type": "deterministic",
            "note": "No available check establishes this proposition."
          },
          {
            "claim_id": "hd-20261009-212841-eccdc1b3971d/candidates/0/3/claim/16",
            "candidate_id": "hd-20261009-212841-eccdc1b3971d/candidates/0/3",
            "status": "UNCERTAIN",
            "classifications": [],
            "source_ids": [],
            "evidence_provenance": [],
            "check_scope": "SUPPLIED_LEDGER",
            "critical": false,
            "verifier": "supplied_ledger_and_arithmetic/v2",
            "scorer_type": "deterministic",
            "note": "No available check establishes this proposition."
          },
          {
            "claim_id": "hd-20261009-212841-eccdc1b3971d/candidates/0/3/claim/17",
            "candidate_id": "hd-20261009-212841-eccdc1b3971d/candidates/0/3",
            "status": "UNCERTAIN",
            "classifications": [],
            "source_ids": [],
            "evidence_provenance": [],
            "check_scope": "SUPPLIED_LEDGER",
            "critical": false,
            "verifier": "supplied_ledger_and_arithmetic/v2",
            "scorer_type": "deterministic",
            "note": "No available check establishes this proposition."
          },
          {
            "claim_id": "hd-20261009-212841-eccdc1b3971d/candidates/0/3/claim/18",
            "candidate_id": "hd-20261009-212841-eccdc1b3971d/candidates/0/3",
            "status": "UNCERTAIN",
            "classifications": [],
            "source_ids": [],
            "evidence_provenance": [],
            "check_scope": "SUPPLIED_LEDGER",
            "critical": false,
            "verifier": "supplied_ledger_and_arithmetic/v2",
            "scorer_type": "deterministic",
            "note": "No available check establishes this proposition."
          },
          {
            "claim_id": "hd-20261009-212841-eccdc1b3971d/candidates/0/3/claim/19",
            "candidate_id": "hd-20261009-212841-eccdc1b3971d/candidates/0/3",
            "status": "UNCERTAIN",
            "classifications": [],
            "source_ids": [],
            "evidence_provenance": [],
            "check_scope": "SUPPLIED_LEDGER",
            "critical": false,
            "verifier": "supplied_ledger_and_arithmetic/v2",
            "scorer_type": "deterministic",
            "note": "Explicit abstention; not counted as a detected failure or a verified fact."
          },
          {
            "claim_id": "hd-20261009-212841-eccdc1b3971d/candidates/0/3/claim/20",
            "candidate_id": "hd-20261009-212841-eccdc1b3971d/candidates/0/3",
            "status": "UNCERTAIN",
            "classifications": [],
            "source_ids": [],
            "evidence_provenance": [],
            "check_scope": "SUPPLIED_LEDGER",
            "critical": false,
            "verifier": "supplied_ledger_and_arithmetic/v2",
            "scorer_type": "deterministic",
            "note": "Explicit abstention; not counted as a detected failure or a verified fact."
          },
          {
            "claim_id": "hd-20261009-212841-eccdc1b3971d/candidates/0/3/claim/21",
            "candidate_id": "hd-20261009-212841-eccdc1b3971d/candidates/0/3",
            "status": "UNCERTAIN",
            "classifications": [],
            "source_ids": [],
            "evidence_provenance": [],
            "check_scope": "SUPPLIED_LEDGER",
            "critical": false,
            "verifier": "supplied_ledger_and_arithmetic/v2",
            "scorer_type": "deterministic",
            "note": "No available check establishes this proposition."
          },
          {
            "claim_id": "hd-20261009-212841-eccdc1b3971d/candidates/0/3/claim/22",
            "candidate_id": "hd-20261009-212841-eccdc1b3971d/candidates/0/3",
            "status": "UNCERTAIN",
            "classifications": [],
            "source_ids": [],
            "evidence_provenance": [],
            "check_scope": "SUPPLIED_LEDGER",
            "critical": false,
            "verifier": "supplied_ledger_and_arithmetic/v2",
            "scorer_type": "deterministic",
            "note": "No available check establishes this proposition."
          },
          {
            "claim_id": "hd-20261009-212841-eccdc1b3971d/candidates/0/3/claim/23",
            "candidate_id": "hd-20261009-212841-eccdc1b3971d/candidates/0/3",
            "status": "UNCERTAIN",
            "classifications": [],
            "source_ids": [],
            "evidence_provenance": [],
            "check_scope": "SUPPLIED_LEDGER",
            "critical": false,
            "verifier": "supplied_ledger_and_arithmetic/v2",
            "scorer_type": "deterministic",
            "note": "No available check establishes this proposition."
          },
          {
            "claim_id": "hd-20261009-212841-eccdc1b3971d/candidates/0/3/claim/24",
            "candidate_id": "hd-20261009-212841-eccdc1b3971d/candidates/0/3",
            "status": "UNCERTAIN",
            "classifications": [],
            "source_ids": [],
            "evidence_provenance": [],
            "check_scope": "SUPPLIED_LEDGER",
            "critical": false,
            "verifier": "supplied_ledger_and_arithmetic/v2",
            "scorer_type": "deterministic",
            "note": "No available check establishes this proposition."
          },
          {
            "claim_id": "hd-20261009-212841-eccdc1b3971d/candidates/0/3/claim/25",
            "candidate_id": "hd-20261009-212841-eccdc1b3971d/candidates/0/3",
            "status": "UNCERTAIN",
            "classifications": [],
            "source_ids": [],
            "evidence_provenance": [],
            "check_scope": "SUPPLIED_LEDGER",
            "critical": false,
            "verifier": "supplied_ledger_and_arithmetic/v2",
            "scorer_type": "deterministic",
            "note": "Explicit abstention; not counted as a detected failure or a verified fact."
          },
          {
            "claim_id": "hd-20261009-212841-eccdc1b3971d/candidates/0/3/claim/26",
            "candidate_id": "hd-20261009-212841-eccdc1b3971d/candidates/0/3",
            "status": "UNCERTAIN",
            "classifications": [],
            "source_ids": [],
            "evidence_provenance": [],
            "check_scope": "SUPPLIED_LEDGER",
            "critical": false,
            "verifier": "supplied_ledger_and_arithmetic/v2",
            "scorer_type": "deterministic",
            "note": "Explicit abstention; not counted as a detected failure or a verified fact."
          },
          {
            "claim_id": "hd-20261009-212841-eccdc1b3971d/candidates/0/3/claim/27",
            "candidate_id": "hd-20261009-212841-eccdc1b3971d/candidates/0/3",
            "status": "UNCERTAIN",
            "classifications": [],
            "source_ids": [],
            "evidence_provenance": [],
            "check_scope": "SUPPLIED_LEDGER",
            "critical": false,
            "verifier": "supplied_ledger_and_arithmetic/v2",
            "scorer_type": "deterministic",
            "note": "No available check establishes this proposition."
          },
          {
            "claim_id": "hd-20261009-212841-eccdc1b3971d/candidates/0/3/claim/28",
            "candidate_id": "hd-20261009-212841-eccdc1b3971d/candidates/0/3",
            "status": "UNCERTAIN",
            "classifications": [],
            "source_ids": [],
            "evidence_provenance": [],
            "check_scope": "SUPPLIED_LEDGER",
            "critical": false,
            "verifier": "supplied_ledger_and_arithmetic/v2",
            "scorer_type": "deterministic",
            "note": "No available check establishes this proposition."
          },
          {
            "claim_id": "hd-20261009-212841-eccdc1b3971d/candidates/0/3/claim/29",
            "candidate_id": "hd-20261009-212841-eccdc1b3971d/candidates/0/3",
            "status": "UNCERTAIN",
            "classifications": [],
            "source_ids": [],
            "evidence_provenance": [],
            "check_scope": "SUPPLIED_LEDGER",
            "critical": false,
            "verifier": "supplied_ledger_and_arithmetic/v2",
            "scorer_type": "deterministic",
            "note": "No available check establishes this proposition."
          },
          {
            "claim_id": "hd-20261009-212841-eccdc1b3971d/candidates/0/3/claim/30",
            "candidate_id": "hd-20261009-212841-eccdc1b3971d/candidates/0/3",
            "status": "UNCERTAIN",
            "classifications": [],
            "source_ids": [],
            "evidence_provenance": [],
            "check_scope": "SUPPLIED_LEDGER",
            "critical": false,
            "verifier": "supplied_ledger_and_arithmetic/v2",
            "scorer_type": "deterministic",
            "note": "No available check establishes this proposition."
          },
          {
            "claim_id": "hd-20261009-212841-eccdc1b3971d/candidates/0/3/claim/31",
            "candidate_id": "hd-20261009-212841-eccdc1b3971d/candidates/0/3",
            "status": "UNCERTAIN",
            "classifications": [],
            "source_ids": [],
            "evidence_provenance": [],
            "check_scope": "SUPPLIED_LEDGER",
            "critical": false,
            "verifier": "supplied_ledger_and_arithmetic/v2",
            "scorer_type": "deterministic",
            "note": "Explicit abstention; not counted as a detected failure or a verified fact."
          },
          {
            "claim_id": "hd-20261009-212841-eccdc1b3971d/candidates/0/3/claim/32",
            "candidate_id": "hd-20261009-212841-eccdc1b3971d/candidates/0/3",
            "status": "UNCERTAIN",
            "classifications": [],
            "source_ids": [],
            "evidence_provenance": [],
            "check_scope": "SUPPLIED_LEDGER",
            "critical": false,
            "verifier": "supplied_ledger_and_arithmetic/v2",
            "scorer_type": "deterministic",
            "note": "Explicit abstention; not counted as a detected failure or a verified fact."
          },
          {
            "claim_id": "hd-20261009-212841-eccdc1b3971d/candidates/0/3/claim/33",
            "candidate_id": "hd-20261009-212841-eccdc1b3971d/candidates/0/3",
            "status": "UNCERTAIN",
            "classifications": [],
            "source_ids": [],
            "evidence_provenance": [],
            "check_scope": "SUPPLIED_LEDGER",
            "critical": false,
            "verifier": "supplied_ledger_and_arithmetic/v2",
            "scorer_type": "deterministic",
            "note": "No available check establishes this proposition."
          },
          {
            "claim_id": "hd-20261009-212841-eccdc1b3971d/candidates/0/3/claim/34",
            "candidate_id": "hd-20261009-212841-eccdc1b3971d/candidates/0/3",
            "status": "UNCERTAIN",
            "classifications": [],
            "source_ids": [],
            "evidence_provenance": [],
            "check_scope": "SUPPLIED_LEDGER",
            "critical": false,
            "verifier": "supplied_ledger_and_arithmetic/v2",
            "scorer_type": "deterministic",
            "note": "No available check establishes this proposition."
          },
          {
            "claim_id": "hd-20261009-212841-eccdc1b3971d/candidates/0/3/claim/35",
            "candidate_id": "hd-20261009-212841-eccdc1b3971d/candidates/0/3",
            "status": "UNCERTAIN",
            "classifications": [],
            "source_ids": [],
            "evidence_provenance": [],
            "check_scope": "SUPPLIED_LEDGER",
            "critical": false,
            "verifier": "supplied_ledger_and_arithmetic/v2",
            "scorer_type": "deterministic",
            "note": "No available check establishes this proposition."
          },
          {
            "claim_id": "hd-20261009-212841-eccdc1b3971d/candidates/0/3/claim/36",
            "candidate_id": "hd-20261009-212841-eccdc1b3971d/candidates/0/3",
            "status": "UNCERTAIN",
            "classifications": [],
            "source_ids": [],
            "evidence_provenance": [],
            "check_scope": "SUPPLIED_LEDGER",
            "critical": false,
            "verifier": "supplied_ledger_and_arithmetic/v2",
            "scorer_type": "deterministic",
            "note": "No available check establishes this proposition."
          },
          {
            "claim_id": "hd-20261009-212841-eccdc1b3971d/candidates/0/3/claim/37",
            "candidate_id": "hd-20261009-212841-eccdc1b3971d/candidates/0/3",
            "status": "UNCERTAIN",
            "classifications": [],
            "source_ids": [],
            "evidence_provenance": [],
            "check_scope": "SUPPLIED_LEDGER",
            "critical": false,
            "verifier": "supplied_ledger_and_arithmetic/v2",
            "scorer_type": "deterministic",
            "note": "No available check establishes this proposition."
          },
          {
            "claim_id": "hd-20261009-212841-eccdc1b3971d/candidates/0/3/claim/38",
            "candidate_id": "hd-20261009-212841-eccdc1b3971d/candidates/0/3",
            "status": "UNCERTAIN",
            "classifications": [],
            "source_ids": [],
            "evidence_provenance": [],
            "check_scope": "SUPPLIED_LEDGER",
            "critical": false,
            "verifier": "supplied_ledger_and_arithmetic/v2",
            "scorer_type": "deterministic",
            "note": "Explicit abstention; not counted as a detected failure or a verified fact."
          },
          {
            "claim_id": "hd-20261009-212841-eccdc1b3971d/candidates/0/3/claim/39",
            "candidate_id": "hd-20261009-212841-eccdc1b3971d/candidates/0/3",
            "status": "UNCERTAIN",
            "classifications": [],
            "source_ids": [],
            "evidence_provenance": [],
            "check_scope": "SUPPLIED_LEDGER",
            "critical": false,
            "verifier": "supplied_ledger_and_arithmetic/v2",
            "scorer_type": "deterministic",
            "note": "Explicit abstention; not counted as a detected failure or a verified fact."
          },
          {
            "claim_id": "hd-20261009-212841-eccdc1b3971d/candidates/0/3/claim/40",
            "candidate_id": "hd-20261009-212841-eccdc1b3971d/candidates/0/3",
            "status": "UNCERTAIN",
            "classifications": [],
            "source_ids": [],
            "evidence_provenance": [],
            "check_scope": "SUPPLIED_LEDGER",
            "critical": false,
            "verifier": "supplied_ledger_and_arithmetic/v2",
            "scorer_type": "deterministic",
            "note": "Explicit abstention; not counted as a detected failure or a verified fact."
          },
          {
            "claim_id": "hd-20261009-212841-eccdc1b3971d/candidates/0/3/claim/41",
            "candidate_id": "hd-20261009-212841-eccdc1b3971d/candidates/0/3",
            "status": "UNCERTAIN",
            "classifications": [],
            "source_ids": [],
            "evidence_provenance": [],
            "check_scope": "SUPPLIED_LEDGER",
            "critical": false,
            "verifier": "supplied_ledger_and_arithmetic/v2",
            "scorer_type": "deterministic",
            "note": "No available check establishes this proposition."
          },
          {
            "claim_id": "hd-20261009-212841-eccdc1b3971d/candidates/0/3/claim/42",
            "candidate_id": "hd-20261009-212841-eccdc1b3971d/candidates/0/3",
            "status": "UNCERTAIN",
            "classifications": [],
            "source_ids": [],
            "evidence_provenance": [],
            "check_scope": "SUPPLIED_LEDGER",
            "critical": false,
            "verifier": "supplied_ledger_and_arithmetic/v2",
            "scorer_type": "deterministic",
            "note": "Explicit abstention; not counted as a detected failure or a verified fact."
          }
        ],
        "candidate_index": 3,
        "trial": 0,
        "prompt_hash": "0256870cad6a44731b9391bd8458b9e993c3e7587751a8a7850ffae2ce5d7027",
        "output_hash": "f1a68f58332c0d9ad2356b216c684cb0a617f80aa6554cc88819bb86afa55cf8"
      }
    },
    {
      "schema_version": "howl.candidate/v1",
      "candidate_id": "hd-20261009-212841-eccdc1b3971d/candidates/0/4",
      "source_run_id": "hd-20261009-212841-eccdc1b3971d",
      "parent_request_id": "cubs-r003-p4-divergent2",
      "objective": "Where could software create a meaningful baseball advantage for the Chicago Cubs? Second pass. A critique of the first pass found that most candidate decisions (qualifying offers, posting bids, arbitration hearings, postseason rosters, coach moves) have too few historical cases to test any tool against a club's simple rule, and many outcomes are driven by counterparties. Find decisions that combine: (a) many historical cases per season league-wide, so a retrospective test has statistical power; (b) an outcome that is publicly observable after the decision; (c) value at stake that adds up to something meaningful for one club over a season; (d) public information available before the decision that a simple rule might underuse. Include player-development, in-season management and roster decisions, and say where (a) to (d) would fail. OUTPUT GUIDANCE (format only): Each IDEA names the problem, owner, decision and its frequency, an estimate-free description of the number of historical cases, the observable outcome, the simple baseline, and the intervention. Follow with ASSUMPTION and UNKNOWN lines. Do not invent statistics or private Cubs information.",
      "text": "IDEA: Lineup batting-order construction (owner: manager with analytics staff; decision: daily order of the nine starters, about 162 times per club per season). Historical cases: every lineup card league-wide, publicly recorded per game in play-by-play archives. Observable outcome: plate appearances by lineup slot and runs scored. Simple baseline: a fixed template such as best on-base hitters at the top and the power hitter in a middle slot. Intervention: a run-expectancy simulator that suggests order swaps using projected platoon matchups and probable opposing relievers, plus a record of when the manager overrode it.\nASSUMPTION: Public analyses commonly treat batting-order effects as small per game; season-level value may fail criterion (c) even if criterion (a) is strongly satisfied.\nASSUMPTION: The counterfactual of runs under a different order cannot be observed, so retrospective tests depend on simulation rather than on outcome comparison; this weakens criterion (b).\nASSUMPTION: Order can affect player comfort or preparation in ways that public data does not capture.\nUNKNOWN: club_baseline_lineup_rule\nUNKNOWN: public_estimate_of_order_effect_size_for_validation\n\nIDEA: Manager replay challenge selection (owner: manager and replay-review staff; decision: whether to challenge a close call, many opportunities per club-season). Historical cases: every challenge league-wide since expanded replay, with outcomes in public records; declined opportunities are only partly observable. Observable outcome: call overturned, confirmed, or stands, and the change in run or win expectancy. Simple baseline: challenge when the replay coordinator's confidence feels high, saving challenges for late innings. Intervention: a calibration ledger of coordinator confidence versus result, plus a leverage-weighted threshold that changes by inning and by challenges remaining.\nASSUMPTION: Unchallenged close plays are not systematically logged in public data, so the denominator of opportunities is missing; this partially fails criterion (a) for the \"should have challenged\" side.\nASSUMPTION: Coordinator confidence would have to be recorded prospectively by the club; public data cannot reconstruct it.\nASSUMPTION: Value per overturned call may be modest; the season total for criterion (c) needs verification.\nUNKNOWN: public_dataset_of_unchallenged_close_plays\nUNKNOWN: overturn_rate_by_play_type_public_source\n\nIDEA: Position-player pitching and mop-up allocation (owner: manager and pitching coach; decision: who pitches in low-leverage blowout innings, many times per club-season). Historical cases: every low-leverage relief inning league-wide, with leverage measurable from public play-by-play. Observable outcome: runs allowed in the blowout, plus the workload and next-days availability of affected relievers. Simple baseline: use the last reliever on the depth chart, or a position player past a fixed run-differential threshold. Intervention: a rule that weighs comeback probability against the expected cost of reliever fatigue over the following series.\nASSUMPTION: The downstream fatigue cost is inferred rather than observed; outcome attribution for criterion (b) is weak.\nASSUMPTION: Eligibility rules for position-player pitching have changed over time, which shrinks the comparable pool for criterion (a).\nASSUMPTION: Overlap with the explored \"opposing bullpen availability\" family is partial; this idea concerns the club's own bullpen.\nUNKNOWN: current_position_player_pitching_eligibility_rule\nUNKNOWN: measurable_link_between_mop_up_usage_and_next_day_performance\n\nIDEA: Affiliate level-to-level promotion timing within the minor leagues (owner: farm director; decision: when to promote a prospect from one minor-league level to the next, dozens of moves per organization-season). Historical cases: thousands of public level changes league-wide in MiLB transaction and stat records. Observable outcome: performance and age-relative-to-level at the new level, and eventual MLB arrival. Simple baseline: promote after a fixed time-at-level or a statistical threshold. Intervention: a public-data hazard model of how hitters and pitchers struggle or adjust after promotion, used to flag prospects who are likely ready early or too late.\nASSUMPTION: Promotion choices are confounded by private scouting, injury, and roster need, so a retrospective comparison is selection-biased; criterion (b) is observable but not causal.\nASSUMPTION: This differs from the explored \"call-up translation\" family because it concerns minor-to-minor moves; it could still be judged duplicative.\nASSUMPTION: Value for criterion (c) shows up over years rather than within one season.\nUNKNOWN: completeness_of_public_minor_league_transaction_history\nUNKNOWN: whether_public_minor_league_pitch_tracking_covers_all_levels_consistently\n\nIDEA: Amateur draft pick selection in middle and late rounds (owner: scouting director; decision: choice at each pick, many picks per club per year). Historical cases: every pick league-wide each year, with public draft records and later public career stats. Observable outcome: signing status, minor-league progression, and MLB appearances, observable after a long lag. Simple baseline: follow a consensus public prospect ranking, or use college performance thresholds. Intervention: a model that measures how far the club deviates from public consensus and which deviation types later paid off league-wide.\nASSUMPTION: Outcome lag of several years fails the timeliness side of criterion (b) for any near-term test.\nASSUMPTION: Signability and bonus negotiation are counterparty-driven and overlap the explored bonus-pool family.\nASSUMPTION: Archived public consensus rankings from before each draft may be incomplete for later rounds; this threatens criterion (d).\nUNKNOWN: archived_pre_draft_public_rankings_depth\nUNKNOWN: public_amateur_performance_data_coverage\n\nIDEA: Late-inning defensive replacement decisions (owner: manager and bench coach; decision: whether to substitute a better fielder when protecting a lead, many times per club-season). Historical cases: every late-game defensive substitution, plus every non-substitution, reconstructable from public play-by-play and lineup changes. Observable outcome: balls in play to the replaced position and runs allowed in the remaining innings. Simple baseline: always replace a designated weak fielder when leading in the late innings. Intervention: a leverage-aware rule that includes the cost of losing the original bat if the game goes to extra innings.\nASSUMPTION: Few balls reach any one position per inning, so the per-decision signal is noisy; criterion (a) may hold while effective statistical power stays low.\nASSUMPTION: Overlap with the explored \"bench\" families needs checking.\nUNKNOWN: public_fielding_run_value_granularity_by_inning\nUNKNOWN: extra_inning_frequency_needed_for_cost_term\n\nASSUMPTION: The unconventional element across these ideas is ranking decision families by statistical power and observability before building tools; that ranking itself still needs verification.\nUNKNOWN: club_simple_rule_for_each_decision\nUNKNOWN: minimum_detectable_effect_per_family",
      "condition": "dream",
      "trust": "UNVERIFIED",
      "status": "UNRESOLVED",
      "authority": {
        "type": "ADVISORY",
        "executable": false
      },
      "claims": [
        {
          "id": "hd-20261009-212841-eccdc1b3971d/candidates/0/4/claim/1",
          "candidate_id": "hd-20261009-212841-eccdc1b3971d/candidates/0/4",
          "kind": "IDEA",
          "text": "Lineup batting-order construction (owner: manager with analytics staff; decision: daily order of the nine starters, about 162 times per club per season). Historical cases: every lineup card league-wide, publicly recorded per game in play-by-play archives. Observable outcome: plate appearances by lineup slot and runs scored. Simple baseline: a fixed template such as best on-base hitters at the top and the power hitter in a middle slot. Intervention: a run-expectancy simulator that suggests order swaps using projected platoon matchups and probable opposing relievers, plus a record of when the manager overrode it.",
          "status": "UNVERIFIED",
          "extractor": "line_grammar/v1"
        },
        {
          "id": "hd-20261009-212841-eccdc1b3971d/candidates/0/4/claim/2",
          "candidate_id": "hd-20261009-212841-eccdc1b3971d/candidates/0/4",
          "kind": "ASSUMPTION",
          "text": "Public analyses commonly treat batting-order effects as small per game; season-level value may fail criterion (c) even if criterion (a) is strongly satisfied.",
          "status": "UNVERIFIED",
          "extractor": "line_grammar/v1"
        },
        {
          "id": "hd-20261009-212841-eccdc1b3971d/candidates/0/4/claim/3",
          "candidate_id": "hd-20261009-212841-eccdc1b3971d/candidates/0/4",
          "kind": "ASSUMPTION",
          "text": "The counterfactual of runs under a different order cannot be observed, so retrospective tests depend on simulation rather than on outcome comparison; this weakens criterion (b).",
          "status": "UNVERIFIED",
          "extractor": "line_grammar/v1"
        },
        {
          "id": "hd-20261009-212841-eccdc1b3971d/candidates/0/4/claim/4",
          "candidate_id": "hd-20261009-212841-eccdc1b3971d/candidates/0/4",
          "kind": "ASSUMPTION",
          "text": "Order can affect player comfort or preparation in ways that public data does not capture.",
          "status": "UNVERIFIED",
          "extractor": "line_grammar/v1"
        },
        {
          "id": "hd-20261009-212841-eccdc1b3971d/candidates/0/4/claim/5",
          "candidate_id": "hd-20261009-212841-eccdc1b3971d/candidates/0/4",
          "kind": "UNKNOWN",
          "text": "club_baseline_lineup_rule",
          "status": "UNVERIFIED",
          "extractor": "line_grammar/v1"
        },
        {
          "id": "hd-20261009-212841-eccdc1b3971d/candidates/0/4/claim/6",
          "candidate_id": "hd-20261009-212841-eccdc1b3971d/candidates/0/4",
          "kind": "UNKNOWN",
          "text": "public_estimate_of_order_effect_size_for_validation",
          "status": "UNVERIFIED",
          "extractor": "line_grammar/v1"
        },
        {
          "id": "hd-20261009-212841-eccdc1b3971d/candidates/0/4/claim/7",
          "candidate_id": "hd-20261009-212841-eccdc1b3971d/candidates/0/4",
          "kind": "IDEA",
          "text": "Manager replay challenge selection (owner: manager and replay-review staff; decision: whether to challenge a close call, many opportunities per club-season). Historical cases: every challenge league-wide since expanded replay, with outcomes in public records; declined opportunities are only partly observable. Observable outcome: call overturned, confirmed, or stands, and the change in run or win expectancy. Simple baseline: challenge when the replay coordinator's confidence feels high, saving challenges for late innings. Intervention: a calibration ledger of coordinator confidence versus result, plus a leverage-weighted threshold that changes by inning and by challenges remaining.",
          "status": "UNVERIFIED",
          "extractor": "line_grammar/v1"
        },
        {
          "id": "hd-20261009-212841-eccdc1b3971d/candidates/0/4/claim/8",
          "candidate_id": "hd-20261009-212841-eccdc1b3971d/candidates/0/4",
          "kind": "ASSUMPTION",
          "text": "Unchallenged close plays are not systematically logged in public data, so the denominator of opportunities is missing; this partially fails criterion (a) for the \"should have challenged\" side.",
          "status": "UNVERIFIED",
          "extractor": "line_grammar/v1"
        },
        {
          "id": "hd-20261009-212841-eccdc1b3971d/candidates/0/4/claim/9",
          "candidate_id": "hd-20261009-212841-eccdc1b3971d/candidates/0/4",
          "kind": "ASSUMPTION",
          "text": "Coordinator confidence would have to be recorded prospectively by the club; public data cannot reconstruct it.",
          "status": "UNVERIFIED",
          "extractor": "line_grammar/v1"
        },
        {
          "id": "hd-20261009-212841-eccdc1b3971d/candidates/0/4/claim/10",
          "candidate_id": "hd-20261009-212841-eccdc1b3971d/candidates/0/4",
          "kind": "ASSUMPTION",
          "text": "Value per overturned call may be modest; the season total for criterion (c) needs verification.",
          "status": "UNVERIFIED",
          "extractor": "line_grammar/v1"
        },
        {
          "id": "hd-20261009-212841-eccdc1b3971d/candidates/0/4/claim/11",
          "candidate_id": "hd-20261009-212841-eccdc1b3971d/candidates/0/4",
          "kind": "UNKNOWN",
          "text": "public_dataset_of_unchallenged_close_plays",
          "status": "UNVERIFIED",
          "extractor": "line_grammar/v1"
        },
        {
          "id": "hd-20261009-212841-eccdc1b3971d/candidates/0/4/claim/12",
          "candidate_id": "hd-20261009-212841-eccdc1b3971d/candidates/0/4",
          "kind": "UNKNOWN",
          "text": "overturn_rate_by_play_type_public_source",
          "status": "UNVERIFIED",
          "extractor": "line_grammar/v1"
        },
        {
          "id": "hd-20261009-212841-eccdc1b3971d/candidates/0/4/claim/13",
          "candidate_id": "hd-20261009-212841-eccdc1b3971d/candidates/0/4",
          "kind": "IDEA",
          "text": "Position-player pitching and mop-up allocation (owner: manager and pitching coach; decision: who pitches in low-leverage blowout innings, many times per club-season). Historical cases: every low-leverage relief inning league-wide, with leverage measurable from public play-by-play. Observable outcome: runs allowed in the blowout, plus the workload and next-days availability of affected relievers. Simple baseline: use the last reliever on the depth chart, or a position player past a fixed run-differential threshold. Intervention: a rule that weighs comeback probability against the expected cost of reliever fatigue over the following series.",
          "status": "UNVERIFIED",
          "extractor": "line_grammar/v1"
        },
        {
          "id": "hd-20261009-212841-eccdc1b3971d/candidates/0/4/claim/14",
          "candidate_id": "hd-20261009-212841-eccdc1b3971d/candidates/0/4",
          "kind": "ASSUMPTION",
          "text": "The downstream fatigue cost is inferred rather than observed; outcome attribution for criterion (b) is weak.",
          "status": "UNVERIFIED",
          "extractor": "line_grammar/v1"
        },
        {
          "id": "hd-20261009-212841-eccdc1b3971d/candidates/0/4/claim/15",
          "candidate_id": "hd-20261009-212841-eccdc1b3971d/candidates/0/4",
          "kind": "ASSUMPTION",
          "text": "Eligibility rules for position-player pitching have changed over time, which shrinks the comparable pool for criterion (a).",
          "status": "UNVERIFIED",
          "extractor": "line_grammar/v1"
        },
        {
          "id": "hd-20261009-212841-eccdc1b3971d/candidates/0/4/claim/16",
          "candidate_id": "hd-20261009-212841-eccdc1b3971d/candidates/0/4",
          "kind": "ASSUMPTION",
          "text": "Overlap with the explored \"opposing bullpen availability\" family is partial; this idea concerns the club's own bullpen.",
          "status": "UNVERIFIED",
          "extractor": "line_grammar/v1"
        },
        {
          "id": "hd-20261009-212841-eccdc1b3971d/candidates/0/4/claim/17",
          "candidate_id": "hd-20261009-212841-eccdc1b3971d/candidates/0/4",
          "kind": "UNKNOWN",
          "text": "current_position_player_pitching_eligibility_rule",
          "status": "UNVERIFIED",
          "extractor": "line_grammar/v1"
        },
        {
          "id": "hd-20261009-212841-eccdc1b3971d/candidates/0/4/claim/18",
          "candidate_id": "hd-20261009-212841-eccdc1b3971d/candidates/0/4",
          "kind": "UNKNOWN",
          "text": "measurable_link_between_mop_up_usage_and_next_day_performance",
          "status": "UNVERIFIED",
          "extractor": "line_grammar/v1"
        },
        {
          "id": "hd-20261009-212841-eccdc1b3971d/candidates/0/4/claim/19",
          "candidate_id": "hd-20261009-212841-eccdc1b3971d/candidates/0/4",
          "kind": "IDEA",
          "text": "Affiliate level-to-level promotion timing within the minor leagues (owner: farm director; decision: when to promote a prospect from one minor-league level to the next, dozens of moves per organization-season). Historical cases: thousands of public level changes league-wide in MiLB transaction and stat records. Observable outcome: performance and age-relative-to-level at the new level, and eventual MLB arrival. Simple baseline: promote after a fixed time-at-level or a statistical threshold. Intervention: a public-data hazard model of how hitters and pitchers struggle or adjust after promotion, used to flag prospects who are likely ready early or too late.",
          "status": "UNVERIFIED",
          "extractor": "line_grammar/v1"
        },
        {
          "id": "hd-20261009-212841-eccdc1b3971d/candidates/0/4/claim/20",
          "candidate_id": "hd-20261009-212841-eccdc1b3971d/candidates/0/4",
          "kind": "ASSUMPTION",
          "text": "Promotion choices are confounded by private scouting, injury, and roster need, so a retrospective comparison is selection-biased; criterion (b) is observable but not causal.",
          "status": "UNVERIFIED",
          "extractor": "line_grammar/v1"
        },
        {
          "id": "hd-20261009-212841-eccdc1b3971d/candidates/0/4/claim/21",
          "candidate_id": "hd-20261009-212841-eccdc1b3971d/candidates/0/4",
          "kind": "ASSUMPTION",
          "text": "This differs from the explored \"call-up translation\" family because it concerns minor-to-minor moves; it could still be judged duplicative.",
          "status": "UNVERIFIED",
          "extractor": "line_grammar/v1"
        },
        {
          "id": "hd-20261009-212841-eccdc1b3971d/candidates/0/4/claim/22",
          "candidate_id": "hd-20261009-212841-eccdc1b3971d/candidates/0/4",
          "kind": "ASSUMPTION",
          "text": "Value for criterion (c) shows up over years rather than within one season.",
          "status": "UNVERIFIED",
          "extractor": "line_grammar/v1"
        },
        {
          "id": "hd-20261009-212841-eccdc1b3971d/candidates/0/4/claim/23",
          "candidate_id": "hd-20261009-212841-eccdc1b3971d/candidates/0/4",
          "kind": "UNKNOWN",
          "text": "completeness_of_public_minor_league_transaction_history",
          "status": "UNVERIFIED",
          "extractor": "line_grammar/v1"
        },
        {
          "id": "hd-20261009-212841-eccdc1b3971d/candidates/0/4/claim/24",
          "candidate_id": "hd-20261009-212841-eccdc1b3971d/candidates/0/4",
          "kind": "UNKNOWN",
          "text": "whether_public_minor_league_pitch_tracking_covers_all_levels_consistently",
          "status": "UNVERIFIED",
          "extractor": "line_grammar/v1"
        },
        {
          "id": "hd-20261009-212841-eccdc1b3971d/candidates/0/4/claim/25",
          "candidate_id": "hd-20261009-212841-eccdc1b3971d/candidates/0/4",
          "kind": "IDEA",
          "text": "Amateur draft pick selection in middle and late rounds (owner: scouting director; decision: choice at each pick, many picks per club per year). Historical cases: every pick league-wide each year, with public draft records and later public career stats. Observable outcome: signing status, minor-league progression, and MLB appearances, observable after a long lag. Simple baseline: follow a consensus public prospect ranking, or use college performance thresholds. Intervention: a model that measures how far the club deviates from public consensus and which deviation types later paid off league-wide.",
          "status": "UNVERIFIED",
          "extractor": "line_grammar/v1"
        },
        {
          "id": "hd-20261009-212841-eccdc1b3971d/candidates/0/4/claim/26",
          "candidate_id": "hd-20261009-212841-eccdc1b3971d/candidates/0/4",
          "kind": "ASSUMPTION",
          "text": "Outcome lag of several years fails the timeliness side of criterion (b) for any near-term test.",
          "status": "UNVERIFIED",
          "extractor": "line_grammar/v1"
        },
        {
          "id": "hd-20261009-212841-eccdc1b3971d/candidates/0/4/claim/27",
          "candidate_id": "hd-20261009-212841-eccdc1b3971d/candidates/0/4",
          "kind": "ASSUMPTION",
          "text": "Signability and bonus negotiation are counterparty-driven and overlap the explored bonus-pool family.",
          "status": "UNVERIFIED",
          "extractor": "line_grammar/v1"
        },
        {
          "id": "hd-20261009-212841-eccdc1b3971d/candidates/0/4/claim/28",
          "candidate_id": "hd-20261009-212841-eccdc1b3971d/candidates/0/4",
          "kind": "ASSUMPTION",
          "text": "Archived public consensus rankings from before each draft may be incomplete for later rounds; this threatens criterion (d).",
          "status": "UNVERIFIED",
          "extractor": "line_grammar/v1"
        },
        {
          "id": "hd-20261009-212841-eccdc1b3971d/candidates/0/4/claim/29",
          "candidate_id": "hd-20261009-212841-eccdc1b3971d/candidates/0/4",
          "kind": "UNKNOWN",
          "text": "archived_pre_draft_public_rankings_depth",
          "status": "UNVERIFIED",
          "extractor": "line_grammar/v1"
        },
        {
          "id": "hd-20261009-212841-eccdc1b3971d/candidates/0/4/claim/30",
          "candidate_id": "hd-20261009-212841-eccdc1b3971d/candidates/0/4",
          "kind": "UNKNOWN",
          "text": "public_amateur_performance_data_coverage",
          "status": "UNVERIFIED",
          "extractor": "line_grammar/v1"
        },
        {
          "id": "hd-20261009-212841-eccdc1b3971d/candidates/0/4/claim/31",
          "candidate_id": "hd-20261009-212841-eccdc1b3971d/candidates/0/4",
          "kind": "IDEA",
          "text": "Late-inning defensive replacement decisions (owner: manager and bench coach; decision: whether to substitute a better fielder when protecting a lead, many times per club-season). Historical cases: every late-game defensive substitution, plus every non-substitution, reconstructable from public play-by-play and lineup changes. Observable outcome: balls in play to the replaced position and runs allowed in the remaining innings. Simple baseline: always replace a designated weak fielder when leading in the late innings. Intervention: a leverage-aware rule that includes the cost of losing the original bat if the game goes to extra innings.",
          "status": "UNVERIFIED",
          "extractor": "line_grammar/v1"
        },
        {
          "id": "hd-20261009-212841-eccdc1b3971d/candidates/0/4/claim/32",
          "candidate_id": "hd-20261009-212841-eccdc1b3971d/candidates/0/4",
          "kind": "ASSUMPTION",
          "text": "Few balls reach any one position per inning, so the per-decision signal is noisy; criterion (a) may hold while effective statistical power stays low.",
          "status": "UNVERIFIED",
          "extractor": "line_grammar/v1"
        },
        {
          "id": "hd-20261009-212841-eccdc1b3971d/candidates/0/4/claim/33",
          "candidate_id": "hd-20261009-212841-eccdc1b3971d/candidates/0/4",
          "kind": "ASSUMPTION",
          "text": "Overlap with the explored \"bench\" families needs checking.",
          "status": "UNVERIFIED",
          "extractor": "line_grammar/v1"
        },
        {
          "id": "hd-20261009-212841-eccdc1b3971d/candidates/0/4/claim/34",
          "candidate_id": "hd-20261009-212841-eccdc1b3971d/candidates/0/4",
          "kind": "UNKNOWN",
          "text": "public_fielding_run_value_granularity_by_inning",
          "status": "UNVERIFIED",
          "extractor": "line_grammar/v1"
        },
        {
          "id": "hd-20261009-212841-eccdc1b3971d/candidates/0/4/claim/35",
          "candidate_id": "hd-20261009-212841-eccdc1b3971d/candidates/0/4",
          "kind": "UNKNOWN",
          "text": "extra_inning_frequency_needed_for_cost_term",
          "status": "UNVERIFIED",
          "extractor": "line_grammar/v1"
        },
        {
          "id": "hd-20261009-212841-eccdc1b3971d/candidates/0/4/claim/36",
          "candidate_id": "hd-20261009-212841-eccdc1b3971d/candidates/0/4",
          "kind": "ASSUMPTION",
          "text": "The unconventional element across these ideas is ranking decision families by statistical power and observability before building tools; that ranking itself still needs verification.",
          "status": "UNVERIFIED",
          "extractor": "line_grammar/v1"
        },
        {
          "id": "hd-20261009-212841-eccdc1b3971d/candidates/0/4/claim/37",
          "candidate_id": "hd-20261009-212841-eccdc1b3971d/candidates/0/4",
          "kind": "UNKNOWN",
          "text": "club_simple_rule_for_each_decision",
          "status": "UNVERIFIED",
          "extractor": "line_grammar/v1"
        },
        {
          "id": "hd-20261009-212841-eccdc1b3971d/candidates/0/4/claim/38",
          "candidate_id": "hd-20261009-212841-eccdc1b3971d/candidates/0/4",
          "kind": "UNKNOWN",
          "text": "minimum_detectable_effect_per_family",
          "status": "UNVERIFIED",
          "extractor": "line_grammar/v1"
        }
      ],
      "evidence_refs": [
        "objective_context"
      ],
      "assumptions": [
        "Public analyses commonly treat batting-order effects as small per game; season-level value may fail criterion (c) even if criterion (a) is strongly satisfied.",
        "The counterfactual of runs under a different order cannot be observed, so retrospective tests depend on simulation rather than on outcome comparison; this weakens criterion (b).",
        "Order can affect player comfort or preparation in ways that public data does not capture.",
        "Unchallenged close plays are not systematically logged in public data, so the denominator of opportunities is missing; this partially fails criterion (a) for the \"should have challenged\" side.",
        "Coordinator confidence would have to be recorded prospectively by the club; public data cannot reconstruct it.",
        "Value per overturned call may be modest; the season total for criterion (c) needs verification.",
        "The downstream fatigue cost is inferred rather than observed; outcome attribution for criterion (b) is weak.",
        "Eligibility rules for position-player pitching have changed over time, which shrinks the comparable pool for criterion (a).",
        "Overlap with the explored \"opposing bullpen availability\" family is partial; this idea concerns the club's own bullpen.",
        "Promotion choices are confounded by private scouting, injury, and roster need, so a retrospective comparison is selection-biased; criterion (b) is observable but not causal.",
        "This differs from the explored \"call-up translation\" family because it concerns minor-to-minor moves; it could still be judged duplicative.",
        "Value for criterion (c) shows up over years rather than within one season.",
        "Outcome lag of several years fails the timeliness side of criterion (b) for any near-term test.",
        "Signability and bonus negotiation are counterparty-driven and overlap the explored bonus-pool family.",
        "Archived public consensus rankings from before each draft may be incomplete for later rounds; this threatens criterion (d).",
        "Few balls reach any one position per inning, so the per-decision signal is noisy; criterion (a) may hold while effective statistical power stays low.",
        "Overlap with the explored \"bench\" families needs checking.",
        "The unconventional element across these ideas is ranking decision families by statistical power and observability before building tools; that ranking itself still needs verification."
      ],
      "unresolved_issues": [
        "Public analyses commonly treat batting-order effects as small per game; season-level value may fail criterion (c) even if criterion (a) is strongly satisfied.",
        "The counterfactual of runs under a different order cannot be observed, so retrospective tests depend on simulation rather than on outcome comparison; this weakens criterion (b).",
        "Order can affect player comfort or preparation in ways that public data does not capture.",
        "Unchallenged close plays are not systematically logged in public data, so the denominator of opportunities is missing; this partially fails criterion (a) for the \"should have challenged\" side.",
        "Coordinator confidence would have to be recorded prospectively by the club; public data cannot reconstruct it.",
        "Value per overturned call may be modest; the season total for criterion (c) needs verification.",
        "The downstream fatigue cost is inferred rather than observed; outcome attribution for criterion (b) is weak.",
        "Eligibility rules for position-player pitching have changed over time, which shrinks the comparable pool for criterion (a).",
        "Overlap with the explored \"opposing bullpen availability\" family is partial; this idea concerns the club's own bullpen.",
        "Promotion choices are confounded by private scouting, injury, and roster need, so a retrospective comparison is selection-biased; criterion (b) is observable but not causal.",
        "This differs from the explored \"call-up translation\" family because it concerns minor-to-minor moves; it could still be judged duplicative.",
        "Value for criterion (c) shows up over years rather than within one season.",
        "Outcome lag of several years fails the timeliness side of criterion (b) for any near-term test.",
        "Signability and bonus negotiation are counterparty-driven and overlap the explored bonus-pool family.",
        "Archived public consensus rankings from before each draft may be incomplete for later rounds; this threatens criterion (d).",
        "Few balls reach any one position per inning, so the per-decision signal is noisy; criterion (a) may hold while effective statistical power stays low.",
        "Overlap with the explored \"bench\" families needs checking.",
        "The unconventional element across these ideas is ranking decision families by statistical power and observability before building tools; that ranking itself still needs verification.",
        "Lineup batting-order construction (owner: manager with analytics staff; decision: daily order of the nine starters, about 162 times per club per season). Historical cases: every lineup card league-wide, publicly recorded per game in play-by-play archives. Observable outcome: plate appearances by lineup slot and runs scored. Simple baseline: a fixed template such as best on-base hitters at the top and the power hitter in a middle slot. Intervention: a run-expectancy simulator that suggests order swaps using projected platoon matchups and probable opposing relievers, plus a record of when the manager overrode it.",
        "club_baseline_lineup_rule",
        "public_estimate_of_order_effect_size_for_validation",
        "Manager replay challenge selection (owner: manager and replay-review staff; decision: whether to challenge a close call, many opportunities per club-season). Historical cases: every challenge league-wide since expanded replay, with outcomes in public records; declined opportunities are only partly observable. Observable outcome: call overturned, confirmed, or stands, and the change in run or win expectancy. Simple baseline: challenge when the replay coordinator's confidence feels high, saving challenges for late innings. Intervention: a calibration ledger of coordinator confidence versus result, plus a leverage-weighted threshold that changes by inning and by challenges remaining.",
        "public_dataset_of_unchallenged_close_plays",
        "overturn_rate_by_play_type_public_source",
        "Position-player pitching and mop-up allocation (owner: manager and pitching coach; decision: who pitches in low-leverage blowout innings, many times per club-season). Historical cases: every low-leverage relief inning league-wide, with leverage measurable from public play-by-play. Observable outcome: runs allowed in the blowout, plus the workload and next-days availability of affected relievers. Simple baseline: use the last reliever on the depth chart, or a position player past a fixed run-differential threshold. Intervention: a rule that weighs comeback probability against the expected cost of reliever fatigue over the following series.",
        "current_position_player_pitching_eligibility_rule",
        "measurable_link_between_mop_up_usage_and_next_day_performance",
        "Affiliate level-to-level promotion timing within the minor leagues (owner: farm director; decision: when to promote a prospect from one minor-league level to the next, dozens of moves per organization-season). Historical cases: thousands of public level changes league-wide in MiLB transaction and stat records. Observable outcome: performance and age-relative-to-level at the new level, and eventual MLB arrival. Simple baseline: promote after a fixed time-at-level or a statistical threshold. Intervention: a public-data hazard model of how hitters and pitchers struggle or adjust after promotion, used to flag prospects who are likely ready early or too late.",
        "completeness_of_public_minor_league_transaction_history",
        "whether_public_minor_league_pitch_tracking_covers_all_levels_consistently",
        "Amateur draft pick selection in middle and late rounds (owner: scouting director; decision: choice at each pick, many picks per club per year). Historical cases: every pick league-wide each year, with public draft records and later public career stats. Observable outcome: signing status, minor-league progression, and MLB appearances, observable after a long lag. Simple baseline: follow a consensus public prospect ranking, or use college performance thresholds. Intervention: a model that measures how far the club deviates from public consensus and which deviation types later paid off league-wide.",
        "archived_pre_draft_public_rankings_depth",
        "public_amateur_performance_data_coverage",
        "Late-inning defensive replacement decisions (owner: manager and bench coach; decision: whether to substitute a better fielder when protecting a lead, many times per club-season). Historical cases: every late-game defensive substitution, plus every non-substitution, reconstructable from public play-by-play and lineup changes. Observable outcome: balls in play to the replaced position and runs allowed in the remaining innings. Simple baseline: always replace a designated weak fielder when leading in the late innings. Intervention: a leverage-aware rule that includes the cost of losing the original bat if the game goes to extra innings.",
        "public_fielding_run_value_granularity_by_inning",
        "extra_inning_frequency_needed_for_cost_term",
        "club_simple_rule_for_each_decision",
        "minimum_detectable_effect_per_family"
      ],
      "contradictions": [],
      "verified_constraints": [],
      "provenance": {
        "run_id": "hd-20261009-212841-eccdc1b3971d",
        "producer_component": "howldream",
        "producer_version": "0.4.4",
        "model_or_provider": "claude-opus-5-5",
        "observation_kind": "EXTERNALLY_OBSERVED",
        "created_at": "2026-10-09T21:35:57.454452+00:00",
        "transformations": [
          "generated"
        ],
        "participation": [
          {
            "operation": "GENERATED",
            "transforming_component": "howldream",
            "origin_component": "howldream",
            "origin_provider": "claude",
            "origin_model": "claude-opus-5-5",
            "subject_count": 1,
            "inference_occurred": true,
            "note": "Dream prompted the provider; the provider authored the text."
          }
        ],
        "request_id": "cubs-r003-p4-divergent2",
        "originating_component": "operator",
        "execution": {
          "requested_provider": "command",
          "selected_provider": "command",
          "actual_provider": "claude",
          "adapter": "claude-json",
          "model": "claude-opus-5-5",
          "requested_model": "claude-opus-5-5",
          "deterministic": false,
          "mocked": false,
          "inference_occurred": true,
          "remote": true,
          "remote_observation": "OPERATOR_DECLARED",
          "fallback_reason": null,
          "elapsed_seconds": 38.301637256999584,
          "usage": {
            "input_tokens": 2,
            "cache_creation_input_tokens": 2600,
            "cache_read_input_tokens": 0,
            "output_tokens": 3307,
            "output_tokens_details": {
              "thinking_tokens": 842
            },
            "server_tool_use": {
              "web_search_requests": 0,
              "web_fetch_requests": 0
            },
            "cache_creation": {
              "ephemeral_1h_input_tokens": 2600,
              "ephemeral_5m_input_tokens": 0
            }
          },
          "cost": 0.086948,
          "request_id": "d08edf3c-0197-4b68-8a68-46c40c01bb48",
          "raw_output_received": true,
          "parse_status": "VALID",
          "repair_attempted": false,
          "sampling": null
        },
        "source_candidate_refs": [],
        "source_candidates_location": "exploration_envelope.json#/provenance/source_candidates",
        "hard_constraints": [
          "Do not assume the problem or the solution.",
          "Lawfully accessible public, historical, or clearly labeled synthetic data only.",
          "Do not invent private Chicago Cubs information or statistics.",
          "Distinguish fact, assumption, hypothesis, and speculation."
        ],
        "constraint_scope": "UNVERIFIED_GENERATION_GUIDANCE",
        "purpose": "discovery",
        "verification": [
          {
            "claim_id": "hd-20261009-212841-eccdc1b3971d/candidates/0/4/claim/1",
            "candidate_id": "hd-20261009-212841-eccdc1b3971d/candidates/0/4",
            "status": "UNCERTAIN",
            "classifications": [],
            "source_ids": [],
            "evidence_provenance": [],
            "check_scope": "SUPPLIED_LEDGER",
            "critical": false,
            "verifier": "supplied_ledger_and_arithmetic/v2",
            "scorer_type": "deterministic",
            "note": "No available check establishes this proposition."
          },
          {
            "claim_id": "hd-20261009-212841-eccdc1b3971d/candidates/0/4/claim/2",
            "candidate_id": "hd-20261009-212841-eccdc1b3971d/candidates/0/4",
            "status": "UNCERTAIN",
            "classifications": [],
            "source_ids": [],
            "evidence_provenance": [],
            "check_scope": "SUPPLIED_LEDGER",
            "critical": false,
            "verifier": "supplied_ledger_and_arithmetic/v2",
            "scorer_type": "deterministic",
            "note": "No available check establishes this proposition."
          },
          {
            "claim_id": "hd-20261009-212841-eccdc1b3971d/candidates/0/4/claim/3",
            "candidate_id": "hd-20261009-212841-eccdc1b3971d/candidates/0/4",
            "status": "UNCERTAIN",
            "classifications": [],
            "source_ids": [],
            "evidence_provenance": [],
            "check_scope": "SUPPLIED_LEDGER",
            "critical": false,
            "verifier": "supplied_ledger_and_arithmetic/v2",
            "scorer_type": "deterministic",
            "note": "No available check establishes this proposition."
          },
          {
            "claim_id": "hd-20261009-212841-eccdc1b3971d/candidates/0/4/claim/4",
            "candidate_id": "hd-20261009-212841-eccdc1b3971d/candidates/0/4",
            "status": "UNCERTAIN",
            "classifications": [],
            "source_ids": [],
            "evidence_provenance": [],
            "check_scope": "SUPPLIED_LEDGER",
            "critical": false,
            "verifier": "supplied_ledger_and_arithmetic/v2",
            "scorer_type": "deterministic",
            "note": "No available check establishes this proposition."
          },
          {
            "claim_id": "hd-20261009-212841-eccdc1b3971d/candidates/0/4/claim/5",
            "candidate_id": "hd-20261009-212841-eccdc1b3971d/candidates/0/4",
            "status": "UNCERTAIN",
            "classifications": [],
            "source_ids": [],
            "evidence_provenance": [],
            "check_scope": "SUPPLIED_LEDGER",
            "critical": false,
            "verifier": "supplied_ledger_and_arithmetic/v2",
            "scorer_type": "deterministic",
            "note": "Explicit abstention; not counted as a detected failure or a verified fact."
          },
          {
            "claim_id": "hd-20261009-212841-eccdc1b3971d/candidates/0/4/claim/6",
            "candidate_id": "hd-20261009-212841-eccdc1b3971d/candidates/0/4",
            "status": "UNCERTAIN",
            "classifications": [],
            "source_ids": [],
            "evidence_provenance": [],
            "check_scope": "SUPPLIED_LEDGER",
            "critical": false,
            "verifier": "supplied_ledger_and_arithmetic/v2",
            "scorer_type": "deterministic",
            "note": "Explicit abstention; not counted as a detected failure or a verified fact."
          },
          {
            "claim_id": "hd-20261009-212841-eccdc1b3971d/candidates/0/4/claim/7",
            "candidate_id": "hd-20261009-212841-eccdc1b3971d/candidates/0/4",
            "status": "UNCERTAIN",
            "classifications": [],
            "source_ids": [],
            "evidence_provenance": [],
            "check_scope": "SUPPLIED_LEDGER",
            "critical": false,
            "verifier": "supplied_ledger_and_arithmetic/v2",
            "scorer_type": "deterministic",
            "note": "No available check establishes this proposition."
          },
          {
            "claim_id": "hd-20261009-212841-eccdc1b3971d/candidates/0/4/claim/8",
            "candidate_id": "hd-20261009-212841-eccdc1b3971d/candidates/0/4",
            "status": "UNCERTAIN",
            "classifications": [],
            "source_ids": [],
            "evidence_provenance": [],
            "check_scope": "SUPPLIED_LEDGER",
            "critical": false,
            "verifier": "supplied_ledger_and_arithmetic/v2",
            "scorer_type": "deterministic",
            "note": "No available check establishes this proposition."
          },
          {
            "claim_id": "hd-20261009-212841-eccdc1b3971d/candidates/0/4/claim/9",
            "candidate_id": "hd-20261009-212841-eccdc1b3971d/candidates/0/4",
            "status": "UNCERTAIN",
            "classifications": [],
            "source_ids": [],
            "evidence_provenance": [],
            "check_scope": "SUPPLIED_LEDGER",
            "critical": false,
            "verifier": "supplied_ledger_and_arithmetic/v2",
            "scorer_type": "deterministic",
            "note": "No available check establishes this proposition."
          },
          {
            "claim_id": "hd-20261009-212841-eccdc1b3971d/candidates/0/4/claim/10",
            "candidate_id": "hd-20261009-212841-eccdc1b3971d/candidates/0/4",
            "status": "UNCERTAIN",
            "classifications": [],
            "source_ids": [],
            "evidence_provenance": [],
            "check_scope": "SUPPLIED_LEDGER",
            "critical": false,
            "verifier": "supplied_ledger_and_arithmetic/v2",
            "scorer_type": "deterministic",
            "note": "No available check establishes this proposition."
          },
          {
            "claim_id": "hd-20261009-212841-eccdc1b3971d/candidates/0/4/claim/11",
            "candidate_id": "hd-20261009-212841-eccdc1b3971d/candidates/0/4",
            "status": "UNCERTAIN",
            "classifications": [],
            "source_ids": [],
            "evidence_provenance": [],
            "check_scope": "SUPPLIED_LEDGER",
            "critical": false,
            "verifier": "supplied_ledger_and_arithmetic/v2",
            "scorer_type": "deterministic",
            "note": "Explicit abstention; not counted as a detected failure or a verified fact."
          },
          {
            "claim_id": "hd-20261009-212841-eccdc1b3971d/candidates/0/4/claim/12",
            "candidate_id": "hd-20261009-212841-eccdc1b3971d/candidates/0/4",
            "status": "UNCERTAIN",
            "classifications": [],
            "source_ids": [],
            "evidence_provenance": [],
            "check_scope": "SUPPLIED_LEDGER",
            "critical": false,
            "verifier": "supplied_ledger_and_arithmetic/v2",
            "scorer_type": "deterministic",
            "note": "Explicit abstention; not counted as a detected failure or a verified fact."
          },
          {
            "claim_id": "hd-20261009-212841-eccdc1b3971d/candidates/0/4/claim/13",
            "candidate_id": "hd-20261009-212841-eccdc1b3971d/candidates/0/4",
            "status": "UNCERTAIN",
            "classifications": [],
            "source_ids": [],
            "evidence_provenance": [],
            "check_scope": "SUPPLIED_LEDGER",
            "critical": false,
            "verifier": "supplied_ledger_and_arithmetic/v2",
            "scorer_type": "deterministic",
            "note": "No available check establishes this proposition."
          },
          {
            "claim_id": "hd-20261009-212841-eccdc1b3971d/candidates/0/4/claim/14",
            "candidate_id": "hd-20261009-212841-eccdc1b3971d/candidates/0/4",
            "status": "UNCERTAIN",
            "classifications": [],
            "source_ids": [],
            "evidence_provenance": [],
            "check_scope": "SUPPLIED_LEDGER",
            "critical": false,
            "verifier": "supplied_ledger_and_arithmetic/v2",
            "scorer_type": "deterministic",
            "note": "No available check establishes this proposition."
          },
          {
            "claim_id": "hd-20261009-212841-eccdc1b3971d/candidates/0/4/claim/15",
            "candidate_id": "hd-20261009-212841-eccdc1b3971d/candidates/0/4",
            "status": "UNCERTAIN",
            "classifications": [],
            "source_ids": [],
            "evidence_provenance": [],
            "check_scope": "SUPPLIED_LEDGER",
            "critical": false,
            "verifier": "supplied_ledger_and_arithmetic/v2",
            "scorer_type": "deterministic",
            "note": "No available check establishes this proposition."
          },
          {
            "claim_id": "hd-20261009-212841-eccdc1b3971d/candidates/0/4/claim/16",
            "candidate_id": "hd-20261009-212841-eccdc1b3971d/candidates/0/4",
            "status": "UNCERTAIN",
            "classifications": [],
            "source_ids": [],
            "evidence_provenance": [],
            "check_scope": "SUPPLIED_LEDGER",
            "critical": false,
            "verifier": "supplied_ledger_and_arithmetic/v2",
            "scorer_type": "deterministic",
            "note": "No available check establishes this proposition."
          },
          {
            "claim_id": "hd-20261009-212841-eccdc1b3971d/candidates/0/4/claim/17",
            "candidate_id": "hd-20261009-212841-eccdc1b3971d/candidates/0/4",
            "status": "UNCERTAIN",
            "classifications": [],
            "source_ids": [],
            "evidence_provenance": [],
            "check_scope": "SUPPLIED_LEDGER",
            "critical": false,
            "verifier": "supplied_ledger_and_arithmetic/v2",
            "scorer_type": "deterministic",
            "note": "Explicit abstention; not counted as a detected failure or a verified fact."
          },
          {
            "claim_id": "hd-20261009-212841-eccdc1b3971d/candidates/0/4/claim/18",
            "candidate_id": "hd-20261009-212841-eccdc1b3971d/candidates/0/4",
            "status": "UNCERTAIN",
            "classifications": [],
            "source_ids": [],
            "evidence_provenance": [],
            "check_scope": "SUPPLIED_LEDGER",
            "critical": false,
            "verifier": "supplied_ledger_and_arithmetic/v2",
            "scorer_type": "deterministic",
            "note": "Explicit abstention; not counted as a detected failure or a verified fact."
          },
          {
            "claim_id": "hd-20261009-212841-eccdc1b3971d/candidates/0/4/claim/19",
            "candidate_id": "hd-20261009-212841-eccdc1b3971d/candidates/0/4",
            "status": "UNCERTAIN",
            "classifications": [],
            "source_ids": [],
            "evidence_provenance": [],
            "check_scope": "SUPPLIED_LEDGER",
            "critical": false,
            "verifier": "supplied_ledger_and_arithmetic/v2",
            "scorer_type": "deterministic",
            "note": "No available check establishes this proposition."
          },
          {
            "claim_id": "hd-20261009-212841-eccdc1b3971d/candidates/0/4/claim/20",
            "candidate_id": "hd-20261009-212841-eccdc1b3971d/candidates/0/4",
            "status": "UNCERTAIN",
            "classifications": [],
            "source_ids": [],
            "evidence_provenance": [],
            "check_scope": "SUPPLIED_LEDGER",
            "critical": false,
            "verifier": "supplied_ledger_and_arithmetic/v2",
            "scorer_type": "deterministic",
            "note": "No available check establishes this proposition."
          },
          {
            "claim_id": "hd-20261009-212841-eccdc1b3971d/candidates/0/4/claim/21",
            "candidate_id": "hd-20261009-212841-eccdc1b3971d/candidates/0/4",
            "status": "UNCERTAIN",
            "classifications": [],
            "source_ids": [],
            "evidence_provenance": [],
            "check_scope": "SUPPLIED_LEDGER",
            "critical": false,
            "verifier": "supplied_ledger_and_arithmetic/v2",
            "scorer_type": "deterministic",
            "note": "No available check establishes this proposition."
          },
          {
            "claim_id": "hd-20261009-212841-eccdc1b3971d/candidates/0/4/claim/22",
            "candidate_id": "hd-20261009-212841-eccdc1b3971d/candidates/0/4",
            "status": "UNCERTAIN",
            "classifications": [],
            "source_ids": [],
            "evidence_provenance": [],
            "check_scope": "SUPPLIED_LEDGER",
            "critical": false,
            "verifier": "supplied_ledger_and_arithmetic/v2",
            "scorer_type": "deterministic",
            "note": "No available check establishes this proposition."
          },
          {
            "claim_id": "hd-20261009-212841-eccdc1b3971d/candidates/0/4/claim/23",
            "candidate_id": "hd-20261009-212841-eccdc1b3971d/candidates/0/4",
            "status": "UNCERTAIN",
            "classifications": [],
            "source_ids": [],
            "evidence_provenance": [],
            "check_scope": "SUPPLIED_LEDGER",
            "critical": false,
            "verifier": "supplied_ledger_and_arithmetic/v2",
            "scorer_type": "deterministic",
            "note": "Explicit abstention; not counted as a detected failure or a verified fact."
          },
          {
            "claim_id": "hd-20261009-212841-eccdc1b3971d/candidates/0/4/claim/24",
            "candidate_id": "hd-20261009-212841-eccdc1b3971d/candidates/0/4",
            "status": "UNCERTAIN",
            "classifications": [],
            "source_ids": [],
            "evidence_provenance": [],
            "check_scope": "SUPPLIED_LEDGER",
            "critical": false,
            "verifier": "supplied_ledger_and_arithmetic/v2",
            "scorer_type": "deterministic",
            "note": "Explicit abstention; not counted as a detected failure or a verified fact."
          },
          {
            "claim_id": "hd-20261009-212841-eccdc1b3971d/candidates/0/4/claim/25",
            "candidate_id": "hd-20261009-212841-eccdc1b3971d/candidates/0/4",
            "status": "UNCERTAIN",
            "classifications": [],
            "source_ids": [],
            "evidence_provenance": [],
            "check_scope": "SUPPLIED_LEDGER",
            "critical": false,
            "verifier": "supplied_ledger_and_arithmetic/v2",
            "scorer_type": "deterministic",
            "note": "No available check establishes this proposition."
          },
          {
            "claim_id": "hd-20261009-212841-eccdc1b3971d/candidates/0/4/claim/26",
            "candidate_id": "hd-20261009-212841-eccdc1b3971d/candidates/0/4",
            "status": "UNCERTAIN",
            "classifications": [],
            "source_ids": [],
            "evidence_provenance": [],
            "check_scope": "SUPPLIED_LEDGER",
            "critical": false,
            "verifier": "supplied_ledger_and_arithmetic/v2",
            "scorer_type": "deterministic",
            "note": "No available check establishes this proposition."
          },
          {
            "claim_id": "hd-20261009-212841-eccdc1b3971d/candidates/0/4/claim/27",
            "candidate_id": "hd-20261009-212841-eccdc1b3971d/candidates/0/4",
            "status": "UNCERTAIN",
            "classifications": [],
            "source_ids": [],
            "evidence_provenance": [],
            "check_scope": "SUPPLIED_LEDGER",
            "critical": false,
            "verifier": "supplied_ledger_and_arithmetic/v2",
            "scorer_type": "deterministic",
            "note": "No available check establishes this proposition."
          },
          {
            "claim_id": "hd-20261009-212841-eccdc1b3971d/candidates/0/4/claim/28",
            "candidate_id": "hd-20261009-212841-eccdc1b3971d/candidates/0/4",
            "status": "UNCERTAIN",
            "classifications": [],
            "source_ids": [],
            "evidence_provenance": [],
            "check_scope": "SUPPLIED_LEDGER",
            "critical": false,
            "verifier": "supplied_ledger_and_arithmetic/v2",
            "scorer_type": "deterministic",
            "note": "No available check establishes this proposition."
          },
          {
            "claim_id": "hd-20261009-212841-eccdc1b3971d/candidates/0/4/claim/29",
            "candidate_id": "hd-20261009-212841-eccdc1b3971d/candidates/0/4",
            "status": "UNCERTAIN",
            "classifications": [],
            "source_ids": [],
            "evidence_provenance": [],
            "check_scope": "SUPPLIED_LEDGER",
            "critical": false,
            "verifier": "supplied_ledger_and_arithmetic/v2",
            "scorer_type": "deterministic",
            "note": "Explicit abstention; not counted as a detected failure or a verified fact."
          },
          {
            "claim_id": "hd-20261009-212841-eccdc1b3971d/candidates/0/4/claim/30",
            "candidate_id": "hd-20261009-212841-eccdc1b3971d/candidates/0/4",
            "status": "UNCERTAIN",
            "classifications": [],
            "source_ids": [],
            "evidence_provenance": [],
            "check_scope": "SUPPLIED_LEDGER",
            "critical": false,
            "verifier": "supplied_ledger_and_arithmetic/v2",
            "scorer_type": "deterministic",
            "note": "Explicit abstention; not counted as a detected failure or a verified fact."
          },
          {
            "claim_id": "hd-20261009-212841-eccdc1b3971d/candidates/0/4/claim/31",
            "candidate_id": "hd-20261009-212841-eccdc1b3971d/candidates/0/4",
            "status": "UNCERTAIN",
            "classifications": [],
            "source_ids": [],
            "evidence_provenance": [],
            "check_scope": "SUPPLIED_LEDGER",
            "critical": false,
            "verifier": "supplied_ledger_and_arithmetic/v2",
            "scorer_type": "deterministic",
            "note": "No available check establishes this proposition."
          },
          {
            "claim_id": "hd-20261009-212841-eccdc1b3971d/candidates/0/4/claim/32",
            "candidate_id": "hd-20261009-212841-eccdc1b3971d/candidates/0/4",
            "status": "UNCERTAIN",
            "classifications": [],
            "source_ids": [],
            "evidence_provenance": [],
            "check_scope": "SUPPLIED_LEDGER",
            "critical": false,
            "verifier": "supplied_ledger_and_arithmetic/v2",
            "scorer_type": "deterministic",
            "note": "No available check establishes this proposition."
          },
          {
            "claim_id": "hd-20261009-212841-eccdc1b3971d/candidates/0/4/claim/33",
            "candidate_id": "hd-20261009-212841-eccdc1b3971d/candidates/0/4",
            "status": "UNCERTAIN",
            "classifications": [],
            "source_ids": [],
            "evidence_provenance": [],
            "check_scope": "SUPPLIED_LEDGER",
            "critical": false,
            "verifier": "supplied_ledger_and_arithmetic/v2",
            "scorer_type": "deterministic",
            "note": "No available check establishes this proposition."
          },
          {
            "claim_id": "hd-20261009-212841-eccdc1b3971d/candidates/0/4/claim/34",
            "candidate_id": "hd-20261009-212841-eccdc1b3971d/candidates/0/4",
            "status": "UNCERTAIN",
            "classifications": [],
            "source_ids": [],
            "evidence_provenance": [],
            "check_scope": "SUPPLIED_LEDGER",
            "critical": false,
            "verifier": "supplied_ledger_and_arithmetic/v2",
            "scorer_type": "deterministic",
            "note": "Explicit abstention; not counted as a detected failure or a verified fact."
          },
          {
            "claim_id": "hd-20261009-212841-eccdc1b3971d/candidates/0/4/claim/35",
            "candidate_id": "hd-20261009-212841-eccdc1b3971d/candidates/0/4",
            "status": "UNCERTAIN",
            "classifications": [],
            "source_ids": [],
            "evidence_provenance": [],
            "check_scope": "SUPPLIED_LEDGER",
            "critical": false,
            "verifier": "supplied_ledger_and_arithmetic/v2",
            "scorer_type": "deterministic",
            "note": "Explicit abstention; not counted as a detected failure or a verified fact."
          },
          {
            "claim_id": "hd-20261009-212841-eccdc1b3971d/candidates/0/4/claim/36",
            "candidate_id": "hd-20261009-212841-eccdc1b3971d/candidates/0/4",
            "status": "UNCERTAIN",
            "classifications": [],
            "source_ids": [],
            "evidence_provenance": [],
            "check_scope": "SUPPLIED_LEDGER",
            "critical": false,
            "verifier": "supplied_ledger_and_arithmetic/v2",
            "scorer_type": "deterministic",
            "note": "No available check establishes this proposition."
          },
          {
            "claim_id": "hd-20261009-212841-eccdc1b3971d/candidates/0/4/claim/37",
            "candidate_id": "hd-20261009-212841-eccdc1b3971d/candidates/0/4",
            "status": "UNCERTAIN",
            "classifications": [],
            "source_ids": [],
            "evidence_provenance": [],
            "check_scope": "SUPPLIED_LEDGER",
            "critical": false,
            "verifier": "supplied_ledger_and_arithmetic/v2",
            "scorer_type": "deterministic",
            "note": "Explicit abstention; not counted as a detected failure or a verified fact."
          },
          {
            "claim_id": "hd-20261009-212841-eccdc1b3971d/candidates/0/4/claim/38",
            "candidate_id": "hd-20261009-212841-eccdc1b3971d/candidates/0/4",
            "status": "UNCERTAIN",
            "classifications": [],
            "source_ids": [],
            "evidence_provenance": [],
            "check_scope": "SUPPLIED_LEDGER",
            "critical": false,
            "verifier": "supplied_ledger_and_arithmetic/v2",
            "scorer_type": "deterministic",
            "note": "Explicit abstention; not counted as a detected failure or a verified fact."
          }
        ],
        "candidate_index": 4,
        "trial": 0,
        "prompt_hash": "1dfc343b4776218f7a030cbfee2a80a08a9f00376ee493f2c1692dddc16b8313",
        "output_hash": "8c20ec620d54380f1f98d11211cfad2921eae610ef07b8d5dff01bd7d2e2a974"
      }
    },
    {
      "schema_version": "howl.candidate/v1",
      "candidate_id": "hd-20261009-212841-eccdc1b3971d/candidates/0/5",
      "source_run_id": "hd-20261009-212841-eccdc1b3971d",
      "parent_request_id": "cubs-r003-p4-divergent2",
      "objective": "Where could software create a meaningful baseball advantage for the Chicago Cubs? Second pass. A critique of the first pass found that most candidate decisions (qualifying offers, posting bids, arbitration hearings, postseason rosters, coach moves) have too few historical cases to test any tool against a club's simple rule, and many outcomes are driven by counterparties. Find decisions that combine: (a) many historical cases per season league-wide, so a retrospective test has statistical power; (b) an outcome that is publicly observable after the decision; (c) value at stake that adds up to something meaningful for one club over a season; (d) public information available before the decision that a simple rule might underuse. Include player-development, in-season management and roster decisions, and say where (a) to (d) would fail. OUTPUT GUIDANCE (format only): Each IDEA names the problem, owner, decision and its frequency, an estimate-free description of the number of historical cases, the observable outcome, the simple baseline, and the intervention. Follow with ASSUMPTION and UNKNOWN lines. Do not invent statistics or private Cubs information.",
      "text": "IDEA: Problem=manager replay challenges on non-ABS plays (safe/out, fair/foul, catch/trap, HBP); owner=manager with replay coordinator; decision=challenge or let the call stand, at a frequency of several plausible windows per week; historical cases=every challenged play league-wide each season since expanded replay began, plus unchallenged close plays recoverable from public tracking and video logs; outcome=overturned or confirmed, published per play; baseline=challenge when the replay coordinator's video looks favorable, adjusted for inning and remaining challenges; intervention=a model that combines play type, call type, camera-angle availability, leverage and remaining-challenge state to rank challenge value.\nASSUMPTION: (a) holds for challenged plays, but unchallenged close calls are a selected and incomplete sample, so counterfactual overturn rates for skipped challenges may be biased.\nASSUMPTION: (c) may fail because overturn value per play is small and most clubs may already capture most of it, leaving a low ceiling like the earlier minor-league free agent result.\nASSUMPTION: (d) may fail because the most informative input, the coordinator's live view of angles, is private and fast, so a public-data model may only tie the human baseline.\nUNKNOWN: league-wide count of unchallenged plays that would have been overturned\nUNKNOWN: Cubs challenge success rate relative to league\nIDEA: Problem=in-season promotions between minor-league levels (Low-A to High-A to Double-A to Triple-A); owner=farm director and player-development staff; decision=promote now, hold, or demote, made many times per season per organization; historical cases=every level change across all organizations each season, reconstructable from public transaction logs and level-by-level stat lines; outcome=post-move performance at the new level, plus eventual MLB arrival or release, both public; baseline=promote after a stretch of strong surface stats or by age-for-level convention; intervention=a promotion-readiness score from public pitch-level and batted-ball data at levels where it exists, such as Triple-A and parts of the Florida State League, compared against the age-and-OPS rule.\nASSUMPTION: This is distinct from MLB call-up translation because the decision is about minor-league development pacing, not about MLB roster value.\nASSUMPTION: (b) partly fails because the true outcome, long-run development, is observed years later and is confounded by injuries, mechanical changes and later promotions.\nASSUMPTION: (c) may fail because the value of earlier or later promotion per player may be small and hard to separate from player quality, which drives both the promotion and the outcome.\nASSUMPTION: Organizational reasons such as roster space at the next level, rehab assignments and protecting a player from Rule 5 drive many moves, so a public dataset sees decisions without their constraints.\nUNKNOWN: completeness of public pitch-tracking coverage by minor-league level and season\nUNKNOWN: whether demotions are labeled consistently in public transaction feeds\nIDEA: Problem=undrafted amateur signings after the shortened draft; owner=amateur scouting director; decision=which undrafted college and junior-college players to sign at the capped bonus, made once a year across many players; historical cases=all undrafted signings league-wide since the draft was shortened, each with public amateur stats and, for many college players, public tracking data from summer leagues; outcome=minor-league performance and retention, which is public; baseline=sign the highest-ranked remaining players on public prospect boards, or players with strong conference stats; intervention=a model that combines public college stats, strength-of-schedule adjustment and summer-league tracking.\nASSUMPTION: This may repeat the minor-league free agent finding of a low ceiling, so it is a lower-priority family unless early outcomes vary widely.\nASSUMPTION: (a) is weak because the post-shortening seasons are few, and the outcome lag is long.\nASSUMPTION: (c) and the counterparty problem both apply, because a player chooses among competing offers and the club's choice does not guarantee a signing.\nUNKNOWN: count of undrafted signings per season league-wide since the draft was shortened\nUNKNOWN: availability and licensing of college and summer-league tracking data\nIDEA: Problem=choosing which regular to rest on which day; owner=manager with performance staff; decision=the daily lineup omission, made most days of the season; historical cases=every starter-absence day league-wide, inferable from public lineups and injury lists; outcome=the team result that day and the rested player's later performance and injured-list placements, all public; baseline=rest players by a fixed cadence, or on day games after night games, or against tough opposing starters; intervention=pick rest days by the expected run cost of the replacement, given the opposing starter's handedness and quality and the bench matchup.\nASSUMPTION: This may overlap the already explored travel and rest planning family; it differs only if the objective is matchup run cost rather than fatigue.\nASSUMPTION: (b) partly fails because the benefit of rest for injury prevention is not observable at the play level and is confounded by unreported minor injuries.\nASSUMPTION: (c) may be small per game, though it adds up across a season; that is the hypothesis to test, not a given.\nUNKNOWN: whether public lineups distinguish planned rest from undisclosed injury\nIDEA: Problem=intentional walks and unintentional-intentional pitch-around choices; owner=manager and pitching coach; decision=walk or pitch to a batter with a base open, faced several times per week; historical cases=every base-open, late-leverage plate appearance league-wide, with the choice inferable for automatic walks and approximately inferable from pitch location for pitch-arounds; outcome=play result and win-probability change, public; baseline=walk dangerous hitters with first base open late in close games; intervention=a matchup-specific run-expectancy comparison using the next hitter's projection and the platoon state.\nASSUMPTION: (c) likely fails because public research suggests these decisions carry little value per case, and clubs may have converged on them already; that claim needs verification and is not supplied here.\nASSUMPTION: Labeling pitch-arounds from pitch location adds measurement error that could swamp a small effect.\nUNKNOWN: league-wide frequency of automatic intentional walks since the automatic walk rule was adopted\nIDEA: Problem=bullpen warm-ups that are not followed by an appearance; owner=manager and bullpen coach; decision=whether to get a reliever up, made in most close games; outcome=reliever fatigue and next-day effectiveness; baseline=warm up the next reliever when the pitcher on the mound reaches a pitch count or allows baserunners; intervention=a warm-up trigger model.\nASSUMPTION: This is included as a deliberate failure case, because (b) fails: warm-up events and pitch counts are not reliably public, so a retrospective test lacks labels even though (a) and (c) may hold.\nASSUMPTION: The idea is viable only with the club's private bullpen logs, which conflicts with the public-data constraint, so it should be parked rather than tested.\nUNKNOWN: any public source that logs bullpen warm-ups\nIDEA: Problem=batting-order construction; owner=manager; decision=lineup order, set daily; historical cases=every lineup league-wide; outcome=runs scored, public; baseline=a conventional order with the best on-base hitters near the top; intervention=a simulation-optimized order.\nASSUMPTION: This is included as a (c) failure case: public research suggests that optimal and reasonable orders differ by little over a season, and the effect would be undetectable against noise even with strong (a); this needs citation before it is relied on.\nUNKNOWN: supplied evidence for any family above, because the evidence array is empty\nUNKNOWN: Cubs-specific baselines, which are not public and must not be assumed",
      "condition": "dream",
      "trust": "UNVERIFIED",
      "status": "UNRESOLVED",
      "authority": {
        "type": "ADVISORY",
        "executable": false
      },
      "claims": [
        {
          "id": "hd-20261009-212841-eccdc1b3971d/candidates/0/5/claim/1",
          "candidate_id": "hd-20261009-212841-eccdc1b3971d/candidates/0/5",
          "kind": "IDEA",
          "text": "Problem=manager replay challenges on non-ABS plays (safe/out, fair/foul, catch/trap, HBP); owner=manager with replay coordinator; decision=challenge or let the call stand, at a frequency of several plausible windows per week; historical cases=every challenged play league-wide each season since expanded replay began, plus unchallenged close plays recoverable from public tracking and video logs; outcome=overturned or confirmed, published per play; baseline=challenge when the replay coordinator's video looks favorable, adjusted for inning and remaining challenges; intervention=a model that combines play type, call type, camera-angle availability, leverage and remaining-challenge state to rank challenge value.",
          "status": "UNVERIFIED",
          "extractor": "line_grammar/v1"
        },
        {
          "id": "hd-20261009-212841-eccdc1b3971d/candidates/0/5/claim/2",
          "candidate_id": "hd-20261009-212841-eccdc1b3971d/candidates/0/5",
          "kind": "ASSUMPTION",
          "text": "(a) holds for challenged plays, but unchallenged close calls are a selected and incomplete sample, so counterfactual overturn rates for skipped challenges may be biased.",
          "status": "UNVERIFIED",
          "extractor": "line_grammar/v1"
        },
        {
          "id": "hd-20261009-212841-eccdc1b3971d/candidates/0/5/claim/3",
          "candidate_id": "hd-20261009-212841-eccdc1b3971d/candidates/0/5",
          "kind": "ASSUMPTION",
          "text": "(c) may fail because overturn value per play is small and most clubs may already capture most of it, leaving a low ceiling like the earlier minor-league free agent result.",
          "status": "UNVERIFIED",
          "extractor": "line_grammar/v1"
        },
        {
          "id": "hd-20261009-212841-eccdc1b3971d/candidates/0/5/claim/4",
          "candidate_id": "hd-20261009-212841-eccdc1b3971d/candidates/0/5",
          "kind": "ASSUMPTION",
          "text": "(d) may fail because the most informative input, the coordinator's live view of angles, is private and fast, so a public-data model may only tie the human baseline.",
          "status": "UNVERIFIED",
          "extractor": "line_grammar/v1"
        },
        {
          "id": "hd-20261009-212841-eccdc1b3971d/candidates/0/5/claim/5",
          "candidate_id": "hd-20261009-212841-eccdc1b3971d/candidates/0/5",
          "kind": "UNKNOWN",
          "text": "league-wide count of unchallenged plays that would have been overturned",
          "status": "UNVERIFIED",
          "extractor": "line_grammar/v1"
        },
        {
          "id": "hd-20261009-212841-eccdc1b3971d/candidates/0/5/claim/6",
          "candidate_id": "hd-20261009-212841-eccdc1b3971d/candidates/0/5",
          "kind": "UNKNOWN",
          "text": "Cubs challenge success rate relative to league",
          "status": "UNVERIFIED",
          "extractor": "line_grammar/v1"
        },
        {
          "id": "hd-20261009-212841-eccdc1b3971d/candidates/0/5/claim/7",
          "candidate_id": "hd-20261009-212841-eccdc1b3971d/candidates/0/5",
          "kind": "IDEA",
          "text": "Problem=in-season promotions between minor-league levels (Low-A to High-A to Double-A to Triple-A); owner=farm director and player-development staff; decision=promote now, hold, or demote, made many times per season per organization; historical cases=every level change across all organizations each season, reconstructable from public transaction logs and level-by-level stat lines; outcome=post-move performance at the new level, plus eventual MLB arrival or release, both public; baseline=promote after a stretch of strong surface stats or by age-for-level convention; intervention=a promotion-readiness score from public pitch-level and batted-ball data at levels where it exists, such as Triple-A and parts of the Florida State League, compared against the age-and-OPS rule.",
          "status": "UNVERIFIED",
          "extractor": "line_grammar/v1"
        },
        {
          "id": "hd-20261009-212841-eccdc1b3971d/candidates/0/5/claim/8",
          "candidate_id": "hd-20261009-212841-eccdc1b3971d/candidates/0/5",
          "kind": "ASSUMPTION",
          "text": "This is distinct from MLB call-up translation because the decision is about minor-league development pacing, not about MLB roster value.",
          "status": "UNVERIFIED",
          "extractor": "line_grammar/v1"
        },
        {
          "id": "hd-20261009-212841-eccdc1b3971d/candidates/0/5/claim/9",
          "candidate_id": "hd-20261009-212841-eccdc1b3971d/candidates/0/5",
          "kind": "ASSUMPTION",
          "text": "(b) partly fails because the true outcome, long-run development, is observed years later and is confounded by injuries, mechanical changes and later promotions.",
          "status": "UNVERIFIED",
          "extractor": "line_grammar/v1"
        },
        {
          "id": "hd-20261009-212841-eccdc1b3971d/candidates/0/5/claim/10",
          "candidate_id": "hd-20261009-212841-eccdc1b3971d/candidates/0/5",
          "kind": "ASSUMPTION",
          "text": "(c) may fail because the value of earlier or later promotion per player may be small and hard to separate from player quality, which drives both the promotion and the outcome.",
          "status": "UNVERIFIED",
          "extractor": "line_grammar/v1"
        },
        {
          "id": "hd-20261009-212841-eccdc1b3971d/candidates/0/5/claim/11",
          "candidate_id": "hd-20261009-212841-eccdc1b3971d/candidates/0/5",
          "kind": "ASSUMPTION",
          "text": "Organizational reasons such as roster space at the next level, rehab assignments and protecting a player from Rule 5 drive many moves, so a public dataset sees decisions without their constraints.",
          "status": "UNVERIFIED",
          "extractor": "line_grammar/v1"
        },
        {
          "id": "hd-20261009-212841-eccdc1b3971d/candidates/0/5/claim/12",
          "candidate_id": "hd-20261009-212841-eccdc1b3971d/candidates/0/5",
          "kind": "UNKNOWN",
          "text": "completeness of public pitch-tracking coverage by minor-league level and season",
          "status": "UNVERIFIED",
          "extractor": "line_grammar/v1"
        },
        {
          "id": "hd-20261009-212841-eccdc1b3971d/candidates/0/5/claim/13",
          "candidate_id": "hd-20261009-212841-eccdc1b3971d/candidates/0/5",
          "kind": "UNKNOWN",
          "text": "whether demotions are labeled consistently in public transaction feeds",
          "status": "UNVERIFIED",
          "extractor": "line_grammar/v1"
        },
        {
          "id": "hd-20261009-212841-eccdc1b3971d/candidates/0/5/claim/14",
          "candidate_id": "hd-20261009-212841-eccdc1b3971d/candidates/0/5",
          "kind": "IDEA",
          "text": "Problem=undrafted amateur signings after the shortened draft; owner=amateur scouting director; decision=which undrafted college and junior-college players to sign at the capped bonus, made once a year across many players; historical cases=all undrafted signings league-wide since the draft was shortened, each with public amateur stats and, for many college players, public tracking data from summer leagues; outcome=minor-league performance and retention, which is public; baseline=sign the highest-ranked remaining players on public prospect boards, or players with strong conference stats; intervention=a model that combines public college stats, strength-of-schedule adjustment and summer-league tracking.",
          "status": "UNVERIFIED",
          "extractor": "line_grammar/v1"
        },
        {
          "id": "hd-20261009-212841-eccdc1b3971d/candidates/0/5/claim/15",
          "candidate_id": "hd-20261009-212841-eccdc1b3971d/candidates/0/5",
          "kind": "ASSUMPTION",
          "text": "This may repeat the minor-league free agent finding of a low ceiling, so it is a lower-priority family unless early outcomes vary widely.",
          "status": "UNVERIFIED",
          "extractor": "line_grammar/v1"
        },
        {
          "id": "hd-20261009-212841-eccdc1b3971d/candidates/0/5/claim/16",
          "candidate_id": "hd-20261009-212841-eccdc1b3971d/candidates/0/5",
          "kind": "ASSUMPTION",
          "text": "(a) is weak because the post-shortening seasons are few, and the outcome lag is long.",
          "status": "UNVERIFIED",
          "extractor": "line_grammar/v1"
        },
        {
          "id": "hd-20261009-212841-eccdc1b3971d/candidates/0/5/claim/17",
          "candidate_id": "hd-20261009-212841-eccdc1b3971d/candidates/0/5",
          "kind": "ASSUMPTION",
          "text": "(c) and the counterparty problem both apply, because a player chooses among competing offers and the club's choice does not guarantee a signing.",
          "status": "UNVERIFIED",
          "extractor": "line_grammar/v1"
        },
        {
          "id": "hd-20261009-212841-eccdc1b3971d/candidates/0/5/claim/18",
          "candidate_id": "hd-20261009-212841-eccdc1b3971d/candidates/0/5",
          "kind": "UNKNOWN",
          "text": "count of undrafted signings per season league-wide since the draft was shortened",
          "status": "UNVERIFIED",
          "extractor": "line_grammar/v1"
        },
        {
          "id": "hd-20261009-212841-eccdc1b3971d/candidates/0/5/claim/19",
          "candidate_id": "hd-20261009-212841-eccdc1b3971d/candidates/0/5",
          "kind": "UNKNOWN",
          "text": "availability and licensing of college and summer-league tracking data",
          "status": "UNVERIFIED",
          "extractor": "line_grammar/v1"
        },
        {
          "id": "hd-20261009-212841-eccdc1b3971d/candidates/0/5/claim/20",
          "candidate_id": "hd-20261009-212841-eccdc1b3971d/candidates/0/5",
          "kind": "IDEA",
          "text": "Problem=choosing which regular to rest on which day; owner=manager with performance staff; decision=the daily lineup omission, made most days of the season; historical cases=every starter-absence day league-wide, inferable from public lineups and injury lists; outcome=the team result that day and the rested player's later performance and injured-list placements, all public; baseline=rest players by a fixed cadence, or on day games after night games, or against tough opposing starters; intervention=pick rest days by the expected run cost of the replacement, given the opposing starter's handedness and quality and the bench matchup.",
          "status": "UNVERIFIED",
          "extractor": "line_grammar/v1"
        },
        {
          "id": "hd-20261009-212841-eccdc1b3971d/candidates/0/5/claim/21",
          "candidate_id": "hd-20261009-212841-eccdc1b3971d/candidates/0/5",
          "kind": "ASSUMPTION",
          "text": "This may overlap the already explored travel and rest planning family; it differs only if the objective is matchup run cost rather than fatigue.",
          "status": "UNVERIFIED",
          "extractor": "line_grammar/v1"
        },
        {
          "id": "hd-20261009-212841-eccdc1b3971d/candidates/0/5/claim/22",
          "candidate_id": "hd-20261009-212841-eccdc1b3971d/candidates/0/5",
          "kind": "ASSUMPTION",
          "text": "(b) partly fails because the benefit of rest for injury prevention is not observable at the play level and is confounded by unreported minor injuries.",
          "status": "UNVERIFIED",
          "extractor": "line_grammar/v1"
        },
        {
          "id": "hd-20261009-212841-eccdc1b3971d/candidates/0/5/claim/23",
          "candidate_id": "hd-20261009-212841-eccdc1b3971d/candidates/0/5",
          "kind": "ASSUMPTION",
          "text": "(c) may be small per game, though it adds up across a season; that is the hypothesis to test, not a given.",
          "status": "UNVERIFIED",
          "extractor": "line_grammar/v1"
        },
        {
          "id": "hd-20261009-212841-eccdc1b3971d/candidates/0/5/claim/24",
          "candidate_id": "hd-20261009-212841-eccdc1b3971d/candidates/0/5",
          "kind": "UNKNOWN",
          "text": "whether public lineups distinguish planned rest from undisclosed injury",
          "status": "UNVERIFIED",
          "extractor": "line_grammar/v1"
        },
        {
          "id": "hd-20261009-212841-eccdc1b3971d/candidates/0/5/claim/25",
          "candidate_id": "hd-20261009-212841-eccdc1b3971d/candidates/0/5",
          "kind": "IDEA",
          "text": "Problem=intentional walks and unintentional-intentional pitch-around choices; owner=manager and pitching coach; decision=walk or pitch to a batter with a base open, faced several times per week; historical cases=every base-open, late-leverage plate appearance league-wide, with the choice inferable for automatic walks and approximately inferable from pitch location for pitch-arounds; outcome=play result and win-probability change, public; baseline=walk dangerous hitters with first base open late in close games; intervention=a matchup-specific run-expectancy comparison using the next hitter's projection and the platoon state.",
          "status": "UNVERIFIED",
          "extractor": "line_grammar/v1"
        },
        {
          "id": "hd-20261009-212841-eccdc1b3971d/candidates/0/5/claim/26",
          "candidate_id": "hd-20261009-212841-eccdc1b3971d/candidates/0/5",
          "kind": "ASSUMPTION",
          "text": "(c) likely fails because public research suggests these decisions carry little value per case, and clubs may have converged on them already; that claim needs verification and is not supplied here.",
          "status": "UNVERIFIED",
          "extractor": "line_grammar/v1"
        },
        {
          "id": "hd-20261009-212841-eccdc1b3971d/candidates/0/5/claim/27",
          "candidate_id": "hd-20261009-212841-eccdc1b3971d/candidates/0/5",
          "kind": "ASSUMPTION",
          "text": "Labeling pitch-arounds from pitch location adds measurement error that could swamp a small effect.",
          "status": "UNVERIFIED",
          "extractor": "line_grammar/v1"
        },
        {
          "id": "hd-20261009-212841-eccdc1b3971d/candidates/0/5/claim/28",
          "candidate_id": "hd-20261009-212841-eccdc1b3971d/candidates/0/5",
          "kind": "UNKNOWN",
          "text": "league-wide frequency of automatic intentional walks since the automatic walk rule was adopted",
          "status": "UNVERIFIED",
          "extractor": "line_grammar/v1"
        },
        {
          "id": "hd-20261009-212841-eccdc1b3971d/candidates/0/5/claim/29",
          "candidate_id": "hd-20261009-212841-eccdc1b3971d/candidates/0/5",
          "kind": "IDEA",
          "text": "Problem=bullpen warm-ups that are not followed by an appearance; owner=manager and bullpen coach; decision=whether to get a reliever up, made in most close games; outcome=reliever fatigue and next-day effectiveness; baseline=warm up the next reliever when the pitcher on the mound reaches a pitch count or allows baserunners; intervention=a warm-up trigger model.",
          "status": "UNVERIFIED",
          "extractor": "line_grammar/v1"
        },
        {
          "id": "hd-20261009-212841-eccdc1b3971d/candidates/0/5/claim/30",
          "candidate_id": "hd-20261009-212841-eccdc1b3971d/candidates/0/5",
          "kind": "ASSUMPTION",
          "text": "This is included as a deliberate failure case, because (b) fails: warm-up events and pitch counts are not reliably public, so a retrospective test lacks labels even though (a) and (c) may hold.",
          "status": "UNVERIFIED",
          "extractor": "line_grammar/v1"
        },
        {
          "id": "hd-20261009-212841-eccdc1b3971d/candidates/0/5/claim/31",
          "candidate_id": "hd-20261009-212841-eccdc1b3971d/candidates/0/5",
          "kind": "ASSUMPTION",
          "text": "The idea is viable only with the club's private bullpen logs, which conflicts with the public-data constraint, so it should be parked rather than tested.",
          "status": "UNVERIFIED",
          "extractor": "line_grammar/v1"
        },
        {
          "id": "hd-20261009-212841-eccdc1b3971d/candidates/0/5/claim/32",
          "candidate_id": "hd-20261009-212841-eccdc1b3971d/candidates/0/5",
          "kind": "UNKNOWN",
          "text": "any public source that logs bullpen warm-ups",
          "status": "UNVERIFIED",
          "extractor": "line_grammar/v1"
        },
        {
          "id": "hd-20261009-212841-eccdc1b3971d/candidates/0/5/claim/33",
          "candidate_id": "hd-20261009-212841-eccdc1b3971d/candidates/0/5",
          "kind": "IDEA",
          "text": "Problem=batting-order construction; owner=manager; decision=lineup order, set daily; historical cases=every lineup league-wide; outcome=runs scored, public; baseline=a conventional order with the best on-base hitters near the top; intervention=a simulation-optimized order.",
          "status": "UNVERIFIED",
          "extractor": "line_grammar/v1"
        },
        {
          "id": "hd-20261009-212841-eccdc1b3971d/candidates/0/5/claim/34",
          "candidate_id": "hd-20261009-212841-eccdc1b3971d/candidates/0/5",
          "kind": "ASSUMPTION",
          "text": "This is included as a (c) failure case: public research suggests that optimal and reasonable orders differ by little over a season, and the effect would be undetectable against noise even with strong (a); this needs citation before it is relied on.",
          "status": "UNVERIFIED",
          "extractor": "line_grammar/v1"
        },
        {
          "id": "hd-20261009-212841-eccdc1b3971d/candidates/0/5/claim/35",
          "candidate_id": "hd-20261009-212841-eccdc1b3971d/candidates/0/5",
          "kind": "UNKNOWN",
          "text": "supplied evidence for any family above, because the evidence array is empty",
          "status": "UNVERIFIED",
          "extractor": "line_grammar/v1"
        },
        {
          "id": "hd-20261009-212841-eccdc1b3971d/candidates/0/5/claim/36",
          "candidate_id": "hd-20261009-212841-eccdc1b3971d/candidates/0/5",
          "kind": "UNKNOWN",
          "text": "Cubs-specific baselines, which are not public and must not be assumed",
          "status": "UNVERIFIED",
          "extractor": "line_grammar/v1"
        }
      ],
      "evidence_refs": [
        "objective_context"
      ],
      "assumptions": [
        "(a) holds for challenged plays, but unchallenged close calls are a selected and incomplete sample, so counterfactual overturn rates for skipped challenges may be biased.",
        "(c) may fail because overturn value per play is small and most clubs may already capture most of it, leaving a low ceiling like the earlier minor-league free agent result.",
        "(d) may fail because the most informative input, the coordinator's live view of angles, is private and fast, so a public-data model may only tie the human baseline.",
        "This is distinct from MLB call-up translation because the decision is about minor-league development pacing, not about MLB roster value.",
        "(b) partly fails because the true outcome, long-run development, is observed years later and is confounded by injuries, mechanical changes and later promotions.",
        "(c) may fail because the value of earlier or later promotion per player may be small and hard to separate from player quality, which drives both the promotion and the outcome.",
        "Organizational reasons such as roster space at the next level, rehab assignments and protecting a player from Rule 5 drive many moves, so a public dataset sees decisions without their constraints.",
        "This may repeat the minor-league free agent finding of a low ceiling, so it is a lower-priority family unless early outcomes vary widely.",
        "(a) is weak because the post-shortening seasons are few, and the outcome lag is long.",
        "(c) and the counterparty problem both apply, because a player chooses among competing offers and the club's choice does not guarantee a signing.",
        "This may overlap the already explored travel and rest planning family; it differs only if the objective is matchup run cost rather than fatigue.",
        "(b) partly fails because the benefit of rest for injury prevention is not observable at the play level and is confounded by unreported minor injuries.",
        "(c) may be small per game, though it adds up across a season; that is the hypothesis to test, not a given.",
        "(c) likely fails because public research suggests these decisions carry little value per case, and clubs may have converged on them already; that claim needs verification and is not supplied here.",
        "Labeling pitch-arounds from pitch location adds measurement error that could swamp a small effect.",
        "This is included as a deliberate failure case, because (b) fails: warm-up events and pitch counts are not reliably public, so a retrospective test lacks labels even though (a) and (c) may hold.",
        "The idea is viable only with the club's private bullpen logs, which conflicts with the public-data constraint, so it should be parked rather than tested.",
        "This is included as a (c) failure case: public research suggests that optimal and reasonable orders differ by little over a season, and the effect would be undetectable against noise even with strong (a); this needs citation before it is relied on."
      ],
      "unresolved_issues": [
        "(a) holds for challenged plays, but unchallenged close calls are a selected and incomplete sample, so counterfactual overturn rates for skipped challenges may be biased.",
        "(c) may fail because overturn value per play is small and most clubs may already capture most of it, leaving a low ceiling like the earlier minor-league free agent result.",
        "(d) may fail because the most informative input, the coordinator's live view of angles, is private and fast, so a public-data model may only tie the human baseline.",
        "This is distinct from MLB call-up translation because the decision is about minor-league development pacing, not about MLB roster value.",
        "(b) partly fails because the true outcome, long-run development, is observed years later and is confounded by injuries, mechanical changes and later promotions.",
        "(c) may fail because the value of earlier or later promotion per player may be small and hard to separate from player quality, which drives both the promotion and the outcome.",
        "Organizational reasons such as roster space at the next level, rehab assignments and protecting a player from Rule 5 drive many moves, so a public dataset sees decisions without their constraints.",
        "This may repeat the minor-league free agent finding of a low ceiling, so it is a lower-priority family unless early outcomes vary widely.",
        "(a) is weak because the post-shortening seasons are few, and the outcome lag is long.",
        "(c) and the counterparty problem both apply, because a player chooses among competing offers and the club's choice does not guarantee a signing.",
        "This may overlap the already explored travel and rest planning family; it differs only if the objective is matchup run cost rather than fatigue.",
        "(b) partly fails because the benefit of rest for injury prevention is not observable at the play level and is confounded by unreported minor injuries.",
        "(c) may be small per game, though it adds up across a season; that is the hypothesis to test, not a given.",
        "(c) likely fails because public research suggests these decisions carry little value per case, and clubs may have converged on them already; that claim needs verification and is not supplied here.",
        "Labeling pitch-arounds from pitch location adds measurement error that could swamp a small effect.",
        "This is included as a deliberate failure case, because (b) fails: warm-up events and pitch counts are not reliably public, so a retrospective test lacks labels even though (a) and (c) may hold.",
        "The idea is viable only with the club's private bullpen logs, which conflicts with the public-data constraint, so it should be parked rather than tested.",
        "This is included as a (c) failure case: public research suggests that optimal and reasonable orders differ by little over a season, and the effect would be undetectable against noise even with strong (a); this needs citation before it is relied on.",
        "Problem=manager replay challenges on non-ABS plays (safe/out, fair/foul, catch/trap, HBP); owner=manager with replay coordinator; decision=challenge or let the call stand, at a frequency of several plausible windows per week; historical cases=every challenged play league-wide each season since expanded replay began, plus unchallenged close plays recoverable from public tracking and video logs; outcome=overturned or confirmed, published per play; baseline=challenge when the replay coordinator's video looks favorable, adjusted for inning and remaining challenges; intervention=a model that combines play type, call type, camera-angle availability, leverage and remaining-challenge state to rank challenge value.",
        "league-wide count of unchallenged plays that would have been overturned",
        "Cubs challenge success rate relative to league",
        "Problem=in-season promotions between minor-league levels (Low-A to High-A to Double-A to Triple-A); owner=farm director and player-development staff; decision=promote now, hold, or demote, made many times per season per organization; historical cases=every level change across all organizations each season, reconstructable from public transaction logs and level-by-level stat lines; outcome=post-move performance at the new level, plus eventual MLB arrival or release, both public; baseline=promote after a stretch of strong surface stats or by age-for-level convention; intervention=a promotion-readiness score from public pitch-level and batted-ball data at levels where it exists, such as Triple-A and parts of the Florida State League, compared against the age-and-OPS rule.",
        "completeness of public pitch-tracking coverage by minor-league level and season",
        "whether demotions are labeled consistently in public transaction feeds",
        "Problem=undrafted amateur signings after the shortened draft; owner=amateur scouting director; decision=which undrafted college and junior-college players to sign at the capped bonus, made once a year across many players; historical cases=all undrafted signings league-wide since the draft was shortened, each with public amateur stats and, for many college players, public tracking data from summer leagues; outcome=minor-league performance and retention, which is public; baseline=sign the highest-ranked remaining players on public prospect boards, or players with strong conference stats; intervention=a model that combines public college stats, strength-of-schedule adjustment and summer-league tracking.",
        "count of undrafted signings per season league-wide since the draft was shortened",
        "availability and licensing of college and summer-league tracking data",
        "Problem=choosing which regular to rest on which day; owner=manager with performance staff; decision=the daily lineup omission, made most days of the season; historical cases=every starter-absence day league-wide, inferable from public lineups and injury lists; outcome=the team result that day and the rested player's later performance and injured-list placements, all public; baseline=rest players by a fixed cadence, or on day games after night games, or against tough opposing starters; intervention=pick rest days by the expected run cost of the replacement, given the opposing starter's handedness and quality and the bench matchup.",
        "whether public lineups distinguish planned rest from undisclosed injury",
        "Problem=intentional walks and unintentional-intentional pitch-around choices; owner=manager and pitching coach; decision=walk or pitch to a batter with a base open, faced several times per week; historical cases=every base-open, late-leverage plate appearance league-wide, with the choice inferable for automatic walks and approximately inferable from pitch location for pitch-arounds; outcome=play result and win-probability change, public; baseline=walk dangerous hitters with first base open late in close games; intervention=a matchup-specific run-expectancy comparison using the next hitter's projection and the platoon state.",
        "league-wide frequency of automatic intentional walks since the automatic walk rule was adopted",
        "Problem=bullpen warm-ups that are not followed by an appearance; owner=manager and bullpen coach; decision=whether to get a reliever up, made in most close games; outcome=reliever fatigue and next-day effectiveness; baseline=warm up the next reliever when the pitcher on the mound reaches a pitch count or allows baserunners; intervention=a warm-up trigger model.",
        "any public source that logs bullpen warm-ups",
        "Problem=batting-order construction; owner=manager; decision=lineup order, set daily; historical cases=every lineup league-wide; outcome=runs scored, public; baseline=a conventional order with the best on-base hitters near the top; intervention=a simulation-optimized order.",
        "supplied evidence for any family above, because the evidence array is empty",
        "Cubs-specific baselines, which are not public and must not be assumed"
      ],
      "contradictions": [],
      "verified_constraints": [],
      "provenance": {
        "run_id": "hd-20261009-212841-eccdc1b3971d",
        "producer_component": "howldream",
        "producer_version": "0.4.4",
        "model_or_provider": "claude-opus-5-5",
        "observation_kind": "EXTERNALLY_OBSERVED",
        "created_at": "2026-10-09T21:35:57.454737+00:00",
        "transformations": [
          "generated"
        ],
        "participation": [
          {
            "operation": "GENERATED",
            "transforming_component": "howldream",
            "origin_component": "howldream",
            "origin_provider": "claude",
            "origin_model": "claude-opus-5-5",
            "subject_count": 1,
            "inference_occurred": true,
            "note": "Dream prompted the provider; the provider authored the text."
          }
        ],
        "request_id": "cubs-r003-p4-divergent2",
        "originating_component": "operator",
        "execution": {
          "requested_provider": "command",
          "selected_provider": "command",
          "actual_provider": "claude",
          "adapter": "claude-json",
          "model": "claude-opus-5-5",
          "requested_model": "claude-opus-5-5",
          "deterministic": false,
          "mocked": false,
          "inference_occurred": true,
          "remote": true,
          "remote_observation": "OPERATOR_DECLARED",
          "fallback_reason": null,
          "elapsed_seconds": 51.02713298100025,
          "usage": {
            "input_tokens": 2,
            "cache_creation_input_tokens": 2755,
            "cache_read_input_tokens": 0,
            "output_tokens": 4029,
            "output_tokens_details": {
              "thinking_tokens": 1373
            },
            "server_tool_use": {
              "web_search_requests": 0,
              "web_fetch_requests": 0
            },
            "cache_creation": {
              "ephemeral_1h_input_tokens": 2755,
              "ephemeral_5m_input_tokens": 0
            }
          },
          "cost": 0.10262799999999998,
          "request_id": "ae6df34b-51f9-4d7e-a4a4-e3e8c803dad2",
          "raw_output_received": true,
          "parse_status": "VALID",
          "repair_attempted": false,
          "sampling": null
        },
        "source_candidate_refs": [],
        "source_candidates_location": "exploration_envelope.json#/provenance/source_candidates",
        "hard_constraints": [
          "Do not assume the problem or the solution.",
          "Lawfully accessible public, historical, or clearly labeled synthetic data only.",
          "Do not invent private Chicago Cubs information or statistics.",
          "Distinguish fact, assumption, hypothesis, and speculation."
        ],
        "constraint_scope": "UNVERIFIED_GENERATION_GUIDANCE",
        "purpose": "discovery",
        "verification": [
          {
            "claim_id": "hd-20261009-212841-eccdc1b3971d/candidates/0/5/claim/1",
            "candidate_id": "hd-20261009-212841-eccdc1b3971d/candidates/0/5",
            "status": "UNCERTAIN",
            "classifications": [],
            "source_ids": [],
            "evidence_provenance": [],
            "check_scope": "SUPPLIED_LEDGER",
            "critical": false,
            "verifier": "supplied_ledger_and_arithmetic/v2",
            "scorer_type": "deterministic",
            "note": "No available check establishes this proposition."
          },
          {
            "claim_id": "hd-20261009-212841-eccdc1b3971d/candidates/0/5/claim/2",
            "candidate_id": "hd-20261009-212841-eccdc1b3971d/candidates/0/5",
            "status": "UNCERTAIN",
            "classifications": [],
            "source_ids": [],
            "evidence_provenance": [],
            "check_scope": "SUPPLIED_LEDGER",
            "critical": false,
            "verifier": "supplied_ledger_and_arithmetic/v2",
            "scorer_type": "deterministic",
            "note": "No available check establishes this proposition."
          },
          {
            "claim_id": "hd-20261009-212841-eccdc1b3971d/candidates/0/5/claim/3",
            "candidate_id": "hd-20261009-212841-eccdc1b3971d/candidates/0/5",
            "status": "UNCERTAIN",
            "classifications": [],
            "source_ids": [],
            "evidence_provenance": [],
            "check_scope": "SUPPLIED_LEDGER",
            "critical": false,
            "verifier": "supplied_ledger_and_arithmetic/v2",
            "scorer_type": "deterministic",
            "note": "No available check establishes this proposition."
          },
          {
            "claim_id": "hd-20261009-212841-eccdc1b3971d/candidates/0/5/claim/4",
            "candidate_id": "hd-20261009-212841-eccdc1b3971d/candidates/0/5",
            "status": "UNCERTAIN",
            "classifications": [],
            "source_ids": [],
            "evidence_provenance": [],
            "check_scope": "SUPPLIED_LEDGER",
            "critical": false,
            "verifier": "supplied_ledger_and_arithmetic/v2",
            "scorer_type": "deterministic",
            "note": "No available check establishes this proposition."
          },
          {
            "claim_id": "hd-20261009-212841-eccdc1b3971d/candidates/0/5/claim/5",
            "candidate_id": "hd-20261009-212841-eccdc1b3971d/candidates/0/5",
            "status": "UNCERTAIN",
            "classifications": [],
            "source_ids": [],
            "evidence_provenance": [],
            "check_scope": "SUPPLIED_LEDGER",
            "critical": false,
            "verifier": "supplied_ledger_and_arithmetic/v2",
            "scorer_type": "deterministic",
            "note": "Explicit abstention; not counted as a detected failure or a verified fact."
          },
          {
            "claim_id": "hd-20261009-212841-eccdc1b3971d/candidates/0/5/claim/6",
            "candidate_id": "hd-20261009-212841-eccdc1b3971d/candidates/0/5",
            "status": "UNCERTAIN",
            "classifications": [],
            "source_ids": [],
            "evidence_provenance": [],
            "check_scope": "SUPPLIED_LEDGER",
            "critical": false,
            "verifier": "supplied_ledger_and_arithmetic/v2",
            "scorer_type": "deterministic",
            "note": "Explicit abstention; not counted as a detected failure or a verified fact."
          },
          {
            "claim_id": "hd-20261009-212841-eccdc1b3971d/candidates/0/5/claim/7",
            "candidate_id": "hd-20261009-212841-eccdc1b3971d/candidates/0/5",
            "status": "UNCERTAIN",
            "classifications": [],
            "source_ids": [],
            "evidence_provenance": [],
            "check_scope": "SUPPLIED_LEDGER",
            "critical": false,
            "verifier": "supplied_ledger_and_arithmetic/v2",
            "scorer_type": "deterministic",
            "note": "No available check establishes this proposition."
          },
          {
            "claim_id": "hd-20261009-212841-eccdc1b3971d/candidates/0/5/claim/8",
            "candidate_id": "hd-20261009-212841-eccdc1b3971d/candidates/0/5",
            "status": "UNCERTAIN",
            "classifications": [],
            "source_ids": [],
            "evidence_provenance": [],
            "check_scope": "SUPPLIED_LEDGER",
            "critical": false,
            "verifier": "supplied_ledger_and_arithmetic/v2",
            "scorer_type": "deterministic",
            "note": "No available check establishes this proposition."
          },
          {
            "claim_id": "hd-20261009-212841-eccdc1b3971d/candidates/0/5/claim/9",
            "candidate_id": "hd-20261009-212841-eccdc1b3971d/candidates/0/5",
            "status": "UNCERTAIN",
            "classifications": [],
            "source_ids": [],
            "evidence_provenance": [],
            "check_scope": "SUPPLIED_LEDGER",
            "critical": false,
            "verifier": "supplied_ledger_and_arithmetic/v2",
            "scorer_type": "deterministic",
            "note": "No available check establishes this proposition."
          },
          {
            "claim_id": "hd-20261009-212841-eccdc1b3971d/candidates/0/5/claim/10",
            "candidate_id": "hd-20261009-212841-eccdc1b3971d/candidates/0/5",
            "status": "UNCERTAIN",
            "classifications": [],
            "source_ids": [],
            "evidence_provenance": [],
            "check_scope": "SUPPLIED_LEDGER",
            "critical": false,
            "verifier": "supplied_ledger_and_arithmetic/v2",
            "scorer_type": "deterministic",
            "note": "No available check establishes this proposition."
          },
          {
            "claim_id": "hd-20261009-212841-eccdc1b3971d/candidates/0/5/claim/11",
            "candidate_id": "hd-20261009-212841-eccdc1b3971d/candidates/0/5",
            "status": "UNCERTAIN",
            "classifications": [],
            "source_ids": [],
            "evidence_provenance": [],
            "check_scope": "SUPPLIED_LEDGER",
            "critical": false,
            "verifier": "supplied_ledger_and_arithmetic/v2",
            "scorer_type": "deterministic",
            "note": "No available check establishes this proposition."
          },
          {
            "claim_id": "hd-20261009-212841-eccdc1b3971d/candidates/0/5/claim/12",
            "candidate_id": "hd-20261009-212841-eccdc1b3971d/candidates/0/5",
            "status": "UNCERTAIN",
            "classifications": [],
            "source_ids": [],
            "evidence_provenance": [],
            "check_scope": "SUPPLIED_LEDGER",
            "critical": false,
            "verifier": "supplied_ledger_and_arithmetic/v2",
            "scorer_type": "deterministic",
            "note": "Explicit abstention; not counted as a detected failure or a verified fact."
          },
          {
            "claim_id": "hd-20261009-212841-eccdc1b3971d/candidates/0/5/claim/13",
            "candidate_id": "hd-20261009-212841-eccdc1b3971d/candidates/0/5",
            "status": "UNCERTAIN",
            "classifications": [],
            "source_ids": [],
            "evidence_provenance": [],
            "check_scope": "SUPPLIED_LEDGER",
            "critical": false,
            "verifier": "supplied_ledger_and_arithmetic/v2",
            "scorer_type": "deterministic",
            "note": "Explicit abstention; not counted as a detected failure or a verified fact."
          },
          {
            "claim_id": "hd-20261009-212841-eccdc1b3971d/candidates/0/5/claim/14",
            "candidate_id": "hd-20261009-212841-eccdc1b3971d/candidates/0/5",
            "status": "UNCERTAIN",
            "classifications": [],
            "source_ids": [],
            "evidence_provenance": [],
            "check_scope": "SUPPLIED_LEDGER",
            "critical": false,
            "verifier": "supplied_ledger_and_arithmetic/v2",
            "scorer_type": "deterministic",
            "note": "No available check establishes this proposition."
          },
          {
            "claim_id": "hd-20261009-212841-eccdc1b3971d/candidates/0/5/claim/15",
            "candidate_id": "hd-20261009-212841-eccdc1b3971d/candidates/0/5",
            "status": "UNCERTAIN",
            "classifications": [],
            "source_ids": [],
            "evidence_provenance": [],
            "check_scope": "SUPPLIED_LEDGER",
            "critical": false,
            "verifier": "supplied_ledger_and_arithmetic/v2",
            "scorer_type": "deterministic",
            "note": "No available check establishes this proposition."
          },
          {
            "claim_id": "hd-20261009-212841-eccdc1b3971d/candidates/0/5/claim/16",
            "candidate_id": "hd-20261009-212841-eccdc1b3971d/candidates/0/5",
            "status": "UNCERTAIN",
            "classifications": [],
            "source_ids": [],
            "evidence_provenance": [],
            "check_scope": "SUPPLIED_LEDGER",
            "critical": false,
            "verifier": "supplied_ledger_and_arithmetic/v2",
            "scorer_type": "deterministic",
            "note": "No available check establishes this proposition."
          },
          {
            "claim_id": "hd-20261009-212841-eccdc1b3971d/candidates/0/5/claim/17",
            "candidate_id": "hd-20261009-212841-eccdc1b3971d/candidates/0/5",
            "status": "UNCERTAIN",
            "classifications": [],
            "source_ids": [],
            "evidence_provenance": [],
            "check_scope": "SUPPLIED_LEDGER",
            "critical": false,
            "verifier": "supplied_ledger_and_arithmetic/v2",
            "scorer_type": "deterministic",
            "note": "No available check establishes this proposition."
          },
          {
            "claim_id": "hd-20261009-212841-eccdc1b3971d/candidates/0/5/claim/18",
            "candidate_id": "hd-20261009-212841-eccdc1b3971d/candidates/0/5",
            "status": "UNCERTAIN",
            "classifications": [],
            "source_ids": [],
            "evidence_provenance": [],
            "check_scope": "SUPPLIED_LEDGER",
            "critical": false,
            "verifier": "supplied_ledger_and_arithmetic/v2",
            "scorer_type": "deterministic",
            "note": "Explicit abstention; not counted as a detected failure or a verified fact."
          },
          {
            "claim_id": "hd-20261009-212841-eccdc1b3971d/candidates/0/5/claim/19",
            "candidate_id": "hd-20261009-212841-eccdc1b3971d/candidates/0/5",
            "status": "UNCERTAIN",
            "classifications": [],
            "source_ids": [],
            "evidence_provenance": [],
            "check_scope": "SUPPLIED_LEDGER",
            "critical": false,
            "verifier": "supplied_ledger_and_arithmetic/v2",
            "scorer_type": "deterministic",
            "note": "Explicit abstention; not counted as a detected failure or a verified fact."
          },
          {
            "claim_id": "hd-20261009-212841-eccdc1b3971d/candidates/0/5/claim/20",
            "candidate_id": "hd-20261009-212841-eccdc1b3971d/candidates/0/5",
            "status": "UNCERTAIN",
            "classifications": [],
            "source_ids": [],
            "evidence_provenance": [],
            "check_scope": "SUPPLIED_LEDGER",
            "critical": false,
            "verifier": "supplied_ledger_and_arithmetic/v2",
            "scorer_type": "deterministic",
            "note": "No available check establishes this proposition."
          },
          {
            "claim_id": "hd-20261009-212841-eccdc1b3971d/candidates/0/5/claim/21",
            "candidate_id": "hd-20261009-212841-eccdc1b3971d/candidates/0/5",
            "status": "UNCERTAIN",
            "classifications": [],
            "source_ids": [],
            "evidence_provenance": [],
            "check_scope": "SUPPLIED_LEDGER",
            "critical": false,
            "verifier": "supplied_ledger_and_arithmetic/v2",
            "scorer_type": "deterministic",
            "note": "No available check establishes this proposition."
          },
          {
            "claim_id": "hd-20261009-212841-eccdc1b3971d/candidates/0/5/claim/22",
            "candidate_id": "hd-20261009-212841-eccdc1b3971d/candidates/0/5",
            "status": "UNCERTAIN",
            "classifications": [],
            "source_ids": [],
            "evidence_provenance": [],
            "check_scope": "SUPPLIED_LEDGER",
            "critical": false,
            "verifier": "supplied_ledger_and_arithmetic/v2",
            "scorer_type": "deterministic",
            "note": "No available check establishes this proposition."
          },
          {
            "claim_id": "hd-20261009-212841-eccdc1b3971d/candidates/0/5/claim/23",
            "candidate_id": "hd-20261009-212841-eccdc1b3971d/candidates/0/5",
            "status": "UNCERTAIN",
            "classifications": [],
            "source_ids": [],
            "evidence_provenance": [],
            "check_scope": "SUPPLIED_LEDGER",
            "critical": false,
            "verifier": "supplied_ledger_and_arithmetic/v2",
            "scorer_type": "deterministic",
            "note": "No available check establishes this proposition."
          },
          {
            "claim_id": "hd-20261009-212841-eccdc1b3971d/candidates/0/5/claim/24",
            "candidate_id": "hd-20261009-212841-eccdc1b3971d/candidates/0/5",
            "status": "UNCERTAIN",
            "classifications": [],
            "source_ids": [],
            "evidence_provenance": [],
            "check_scope": "SUPPLIED_LEDGER",
            "critical": false,
            "verifier": "supplied_ledger_and_arithmetic/v2",
            "scorer_type": "deterministic",
            "note": "Explicit abstention; not counted as a detected failure or a verified fact."
          },
          {
            "claim_id": "hd-20261009-212841-eccdc1b3971d/candidates/0/5/claim/25",
            "candidate_id": "hd-20261009-212841-eccdc1b3971d/candidates/0/5",
            "status": "UNCERTAIN",
            "classifications": [],
            "source_ids": [],
            "evidence_provenance": [],
            "check_scope": "SUPPLIED_LEDGER",
            "critical": false,
            "verifier": "supplied_ledger_and_arithmetic/v2",
            "scorer_type": "deterministic",
            "note": "No available check establishes this proposition."
          },
          {
            "claim_id": "hd-20261009-212841-eccdc1b3971d/candidates/0/5/claim/26",
            "candidate_id": "hd-20261009-212841-eccdc1b3971d/candidates/0/5",
            "status": "UNCERTAIN",
            "classifications": [],
            "source_ids": [],
            "evidence_provenance": [],
            "check_scope": "SUPPLIED_LEDGER",
            "critical": false,
            "verifier": "supplied_ledger_and_arithmetic/v2",
            "scorer_type": "deterministic",
            "note": "No available check establishes this proposition."
          },
          {
            "claim_id": "hd-20261009-212841-eccdc1b3971d/candidates/0/5/claim/27",
            "candidate_id": "hd-20261009-212841-eccdc1b3971d/candidates/0/5",
            "status": "UNCERTAIN",
            "classifications": [],
            "source_ids": [],
            "evidence_provenance": [],
            "check_scope": "SUPPLIED_LEDGER",
            "critical": false,
            "verifier": "supplied_ledger_and_arithmetic/v2",
            "scorer_type": "deterministic",
            "note": "No available check establishes this proposition."
          },
          {
            "claim_id": "hd-20261009-212841-eccdc1b3971d/candidates/0/5/claim/28",
            "candidate_id": "hd-20261009-212841-eccdc1b3971d/candidates/0/5",
            "status": "UNCERTAIN",
            "classifications": [],
            "source_ids": [],
            "evidence_provenance": [],
            "check_scope": "SUPPLIED_LEDGER",
            "critical": false,
            "verifier": "supplied_ledger_and_arithmetic/v2",
            "scorer_type": "deterministic",
            "note": "Explicit abstention; not counted as a detected failure or a verified fact."
          },
          {
            "claim_id": "hd-20261009-212841-eccdc1b3971d/candidates/0/5/claim/29",
            "candidate_id": "hd-20261009-212841-eccdc1b3971d/candidates/0/5",
            "status": "UNCERTAIN",
            "classifications": [],
            "source_ids": [],
            "evidence_provenance": [],
            "check_scope": "SUPPLIED_LEDGER",
            "critical": false,
            "verifier": "supplied_ledger_and_arithmetic/v2",
            "scorer_type": "deterministic",
            "note": "No available check establishes this proposition."
          },
          {
            "claim_id": "hd-20261009-212841-eccdc1b3971d/candidates/0/5/claim/30",
            "candidate_id": "hd-20261009-212841-eccdc1b3971d/candidates/0/5",
            "status": "UNCERTAIN",
            "classifications": [],
            "source_ids": [],
            "evidence_provenance": [],
            "check_scope": "SUPPLIED_LEDGER",
            "critical": false,
            "verifier": "supplied_ledger_and_arithmetic/v2",
            "scorer_type": "deterministic",
            "note": "No available check establishes this proposition."
          },
          {
            "claim_id": "hd-20261009-212841-eccdc1b3971d/candidates/0/5/claim/31",
            "candidate_id": "hd-20261009-212841-eccdc1b3971d/candidates/0/5",
            "status": "UNCERTAIN",
            "classifications": [],
            "source_ids": [],
            "evidence_provenance": [],
            "check_scope": "SUPPLIED_LEDGER",
            "critical": false,
            "verifier": "supplied_ledger_and_arithmetic/v2",
            "scorer_type": "deterministic",
            "note": "No available check establishes this proposition."
          },
          {
            "claim_id": "hd-20261009-212841-eccdc1b3971d/candidates/0/5/claim/32",
            "candidate_id": "hd-20261009-212841-eccdc1b3971d/candidates/0/5",
            "status": "UNCERTAIN",
            "classifications": [],
            "source_ids": [],
            "evidence_provenance": [],
            "check_scope": "SUPPLIED_LEDGER",
            "critical": false,
            "verifier": "supplied_ledger_and_arithmetic/v2",
            "scorer_type": "deterministic",
            "note": "Explicit abstention; not counted as a detected failure or a verified fact."
          },
          {
            "claim_id": "hd-20261009-212841-eccdc1b3971d/candidates/0/5/claim/33",
            "candidate_id": "hd-20261009-212841-eccdc1b3971d/candidates/0/5",
            "status": "UNCERTAIN",
            "classifications": [],
            "source_ids": [],
            "evidence_provenance": [],
            "check_scope": "SUPPLIED_LEDGER",
            "critical": false,
            "verifier": "supplied_ledger_and_arithmetic/v2",
            "scorer_type": "deterministic",
            "note": "No available check establishes this proposition."
          },
          {
            "claim_id": "hd-20261009-212841-eccdc1b3971d/candidates/0/5/claim/34",
            "candidate_id": "hd-20261009-212841-eccdc1b3971d/candidates/0/5",
            "status": "UNCERTAIN",
            "classifications": [],
            "source_ids": [],
            "evidence_provenance": [],
            "check_scope": "SUPPLIED_LEDGER",
            "critical": false,
            "verifier": "supplied_ledger_and_arithmetic/v2",
            "scorer_type": "deterministic",
            "note": "No available check establishes this proposition."
          },
          {
            "claim_id": "hd-20261009-212841-eccdc1b3971d/candidates/0/5/claim/35",
            "candidate_id": "hd-20261009-212841-eccdc1b3971d/candidates/0/5",
            "status": "UNCERTAIN",
            "classifications": [],
            "source_ids": [],
            "evidence_provenance": [],
            "check_scope": "SUPPLIED_LEDGER",
            "critical": false,
            "verifier": "supplied_ledger_and_arithmetic/v2",
            "scorer_type": "deterministic",
            "note": "Explicit abstention; not counted as a detected failure or a verified fact."
          },
          {
            "claim_id": "hd-20261009-212841-eccdc1b3971d/candidates/0/5/claim/36",
            "candidate_id": "hd-20261009-212841-eccdc1b3971d/candidates/0/5",
            "status": "UNCERTAIN",
            "classifications": [],
            "source_ids": [],
            "evidence_provenance": [],
            "check_scope": "SUPPLIED_LEDGER",
            "critical": false,
            "verifier": "supplied_ledger_and_arithmetic/v2",
            "scorer_type": "deterministic",
            "note": "Explicit abstention; not counted as a detected failure or a verified fact."
          }
        ],
        "candidate_index": 5,
        "trial": 0,
        "prompt_hash": "4e83f5d95ba6974e22bc9d1b58c41c3329f747dd165b91f81360fc4a14195597",
        "output_hash": "86a86f5233e7195f2d1e8f984e9a580dfa187ebcdcaf7fc17e16070736ddd2d0"
      }
    }
  ],
  "claims": [
    {
      "id": "hd-20261009-212841-eccdc1b3971d/baseline/0/0/claim/1",
      "candidate_id": "hd-20261009-212841-eccdc1b3971d/baseline/0/0",
      "kind": "IDEA",
      "text": "Third-base coach send/hold. Owner: third-base coach and baserunning coordinator. Decision: send or hold a runner on a ball in play to the outfield, several times per game. Cases: every send/hold opportunity league-wide each season, reconstructable from public play-by-play and tracking-derived runner and fielder data. Outcome: runner safe, out, or held, plus the run expectancy that follows. Baseline: hold or send based on outs, score and the coach's read of the arm. Intervention: a pre-game card of break-even send probabilities by outs, base state, fielder arm and runner sprint speed, then a retrospective comparison of actual sends against that threshold.",
      "status": "UNVERIFIED",
      "extractor": "line_grammar/v1"
    },
    {
      "id": "hd-20261009-212841-eccdc1b3971d/baseline/0/0/claim/2",
      "candidate_id": "hd-20261009-212841-eccdc1b3971d/baseline/0/0",
      "kind": "ASSUMPTION",
      "text": "Public tracking data captures fielder position, arm strength and runner speed well enough to estimate safe probability at the moment the coach decides.",
      "status": "UNVERIFIED",
      "extractor": "line_grammar/v1"
    },
    {
      "id": "hd-20261009-212841-eccdc1b3971d/baseline/0/0/claim/3",
      "candidate_id": "hd-20261009-212841-eccdc1b3971d/baseline/0/0",
      "kind": "ASSUMPTION",
      "text": "The coach's real-time read adds information that a retrospective model cannot see, which could bias any measured gap toward the tool.",
      "status": "UNVERIFIED",
      "extractor": "line_grammar/v1"
    },
    {
      "id": "hd-20261009-212841-eccdc1b3971d/baseline/0/0/claim/4",
      "candidate_id": "hd-20261009-212841-eccdc1b3971d/baseline/0/0",
      "kind": "ASSUMPTION",
      "text": "Criterion (c) may fail because per-decision run value is small, so the season total depends on how far the club's current sends are from break-even.",
      "status": "UNVERIFIED",
      "extractor": "line_grammar/v1"
    },
    {
      "id": "hd-20261009-212841-eccdc1b3971d/baseline/0/0/claim/5",
      "candidate_id": "hd-20261009-212841-eccdc1b3971d/baseline/0/0",
      "kind": "UNKNOWN",
      "text": "cubs_current_send_hold_policy",
      "status": "UNVERIFIED",
      "extractor": "line_grammar/v1"
    },
    {
      "id": "hd-20261009-212841-eccdc1b3971d/baseline/0/0/claim/6",
      "candidate_id": "hd-20261009-212841-eccdc1b3971d/baseline/0/0",
      "kind": "UNKNOWN",
      "text": "public_data_availability_for_ball_retrieval_timing",
      "status": "UNVERIFIED",
      "extractor": "line_grammar/v1"
    },
    {
      "id": "hd-20261009-212841-eccdc1b3971d/baseline/0/0/claim/7",
      "candidate_id": "hd-20261009-212841-eccdc1b3971d/baseline/0/0",
      "kind": "IDEA",
      "text": "Stolen-base and pickoff-limit exploitation. Owner: first-base coach, manager, baserunning staff. Decision: attempt or decline a steal, especially after the pitcher has used disengagements, many times per series. Cases: every runner-on-first or runner-on-second state league-wide, logged in public play-by-play along with disengagement counts under current rules. Outcome: stolen base, caught stealing, pickoff, and the resulting run expectancy. Baseline: green light for fast runners, conservative for others. Intervention: a per-pitcher, per-catcher break-even model using public pop time, pitcher time to plate, disengagements remaining and runner speed.",
      "status": "UNVERIFIED",
      "extractor": "line_grammar/v1"
    },
    {
      "id": "hd-20261009-212841-eccdc1b3971d/baseline/0/0/claim/8",
      "candidate_id": "hd-20261009-212841-eccdc1b3971d/baseline/0/0",
      "kind": "ASSUMPTION",
      "text": "Rule changes in recent seasons limit how many seasons are comparable, which reduces (a).",
      "status": "UNVERIFIED",
      "extractor": "line_grammar/v1"
    },
    {
      "id": "hd-20261009-212841-eccdc1b3971d/baseline/0/0/claim/9",
      "candidate_id": "hd-20261009-212841-eccdc1b3971d/baseline/0/0",
      "kind": "ASSUMPTION",
      "text": "Opponents adapt once a club's aggressiveness becomes visible, so gains may decay. This is a counterparty effect.",
      "status": "UNVERIFIED",
      "extractor": "line_grammar/v1"
    },
    {
      "id": "hd-20261009-212841-eccdc1b3971d/baseline/0/0/claim/10",
      "candidate_id": "hd-20261009-212841-eccdc1b3971d/baseline/0/0",
      "kind": "UNKNOWN",
      "text": "public_time_to_plate_measurement_reliability",
      "status": "UNVERIFIED",
      "extractor": "line_grammar/v1"
    },
    {
      "id": "hd-20261009-212841-eccdc1b3971d/baseline/0/0/claim/11",
      "candidate_id": "hd-20261009-212841-eccdc1b3971d/baseline/0/0",
      "kind": "UNKNOWN",
      "text": "cubs_baserunning_green_light_rules",
      "status": "UNVERIFIED",
      "extractor": "line_grammar/v1"
    },
    {
      "id": "hd-20261009-212841-eccdc1b3971d/baseline/0/0/claim/12",
      "candidate_id": "hd-20261009-212841-eccdc1b3971d/baseline/0/0",
      "kind": "IDEA",
      "text": "Starting pitcher removal timing. Owner: manager and pitching coach. Decision: remove or keep the starter at each batter from the middle innings onward, every game. Cases: every batter faced in the later innings of every start league-wide each season, with pitch count, times through the order and pitch-quality signals from public tracking. Outcome: run value of the next batters versus the replacement reliever's run value. Baseline: pitch-count threshold plus third-time-through heuristics. Intervention: a within-game fatigue and quality signal from velocity, spin and command drift compared with the specific available reliever.",
      "status": "UNVERIFIED",
      "extractor": "line_grammar/v1"
    },
    {
      "id": "hd-20261009-212841-eccdc1b3971d/baseline/0/0/claim/13",
      "candidate_id": "hd-20261009-212841-eccdc1b3971d/baseline/0/0",
      "kind": "ASSUMPTION",
      "text": "Bullpen workload across the following days is part of the true cost and is hard to price in a retrospective test.",
      "status": "UNVERIFIED",
      "extractor": "line_grammar/v1"
    },
    {
      "id": "hd-20261009-212841-eccdc1b3971d/baseline/0/0/claim/14",
      "candidate_id": "hd-20261009-212841-eccdc1b3971d/baseline/0/0",
      "kind": "ASSUMPTION",
      "text": "Selection bias exists because starters who stay in were judged to be pitching well, so naive comparisons will mislead without careful causal design.",
      "status": "UNVERIFIED",
      "extractor": "line_grammar/v1"
    },
    {
      "id": "hd-20261009-212841-eccdc1b3971d/baseline/0/0/claim/15",
      "candidate_id": "hd-20261009-212841-eccdc1b3971d/baseline/0/0",
      "kind": "ASSUMPTION",
      "text": "This overlaps with the explored family of opposing bullpen availability only in data, not in the decision owner.",
      "status": "UNVERIFIED",
      "extractor": "line_grammar/v1"
    },
    {
      "id": "hd-20261009-212841-eccdc1b3971d/baseline/0/0/claim/16",
      "candidate_id": "hd-20261009-212841-eccdc1b3971d/baseline/0/0",
      "kind": "UNKNOWN",
      "text": "cubs_starter_hook_policy",
      "status": "UNVERIFIED",
      "extractor": "line_grammar/v1"
    },
    {
      "id": "hd-20261009-212841-eccdc1b3971d/baseline/0/0/claim/17",
      "candidate_id": "hd-20261009-212841-eccdc1b3971d/baseline/0/0",
      "kind": "UNKNOWN",
      "text": "counterfactual_reliever_performance_estimate_method",
      "status": "UNVERIFIED",
      "extractor": "line_grammar/v1"
    },
    {
      "id": "hd-20261009-212841-eccdc1b3971d/baseline/0/0/claim/18",
      "candidate_id": "hd-20261009-212841-eccdc1b3971d/baseline/0/0",
      "kind": "IDEA",
      "text": "High-leverage reliever assignment. Owner: manager and bullpen coach. Decision: which available reliever enters which inning and leverage state, most games. Cases: every reliever entry league-wide each season, with public leverage index and matchup handedness. Outcome: run value and win-probability change over the reliever's batters. Baseline: fixed roles such as closer in the ninth with a save situation and setup in the eighth. Intervention: assign the best available arm to the highest expected-leverage spot by projected upcoming hitters, subject to rest constraints.",
      "status": "UNVERIFIED",
      "extractor": "line_grammar/v1"
    },
    {
      "id": "hd-20261009-212841-eccdc1b3971d/baseline/0/0/claim/19",
      "candidate_id": "hd-20261009-212841-eccdc1b3971d/baseline/0/0",
      "kind": "ASSUMPTION",
      "text": "Pitcher comfort with roles affects performance and is not publicly observable, which weakens (d).",
      "status": "UNVERIFIED",
      "extractor": "line_grammar/v1"
    },
    {
      "id": "hd-20261009-212841-eccdc1b3971d/baseline/0/0/claim/20",
      "candidate_id": "hd-20261009-212841-eccdc1b3971d/baseline/0/0",
      "kind": "ASSUMPTION",
      "text": "Three-batter-minimum rules constrain the decision space and must be encoded correctly.",
      "status": "UNVERIFIED",
      "extractor": "line_grammar/v1"
    },
    {
      "id": "hd-20261009-212841-eccdc1b3971d/baseline/0/0/claim/21",
      "candidate_id": "hd-20261009-212841-eccdc1b3971d/baseline/0/0",
      "kind": "UNKNOWN",
      "text": "cubs_reliever_role_assignment_rules",
      "status": "UNVERIFIED",
      "extractor": "line_grammar/v1"
    },
    {
      "id": "hd-20261009-212841-eccdc1b3971d/baseline/0/0/claim/22",
      "candidate_id": "hd-20261009-212841-eccdc1b3971d/baseline/0/0",
      "kind": "UNKNOWN",
      "text": "reliever_rest_and_warmup_cost_public_proxy",
      "status": "UNVERIFIED",
      "extractor": "line_grammar/v1"
    },
    {
      "id": "hd-20261009-212841-eccdc1b3971d/baseline/0/0/claim/23",
      "candidate_id": "hd-20261009-212841-eccdc1b3971d/baseline/0/0",
      "kind": "IDEA",
      "text": "Pinch-hit and platoon substitution. Owner: manager and bench coach. Decision: pinch-hit, pinch-run or defensive-substitute in a given state, often several times per week. Cases: every late-inning plate appearance league-wide each season where a bench player was available, from public lineups and play-by-play. Outcome: plate-appearance run value and later defensive consequences. Baseline: handedness platoon plus \"save the bench for extras.\" Intervention: an optimizer that prices the bench option value against current leverage and the opponent's likely pitching counter-move.",
      "status": "UNVERIFIED",
      "extractor": "line_grammar/v1"
    },
    {
      "id": "hd-20261009-212841-eccdc1b3971d/baseline/0/0/claim/24",
      "candidate_id": "hd-20261009-212841-eccdc1b3971d/baseline/0/0",
      "kind": "ASSUMPTION",
      "text": "Counterparty response (the opponent changing pitchers) drives part of the outcome, which partly reintroduces the problem the critique raised.",
      "status": "UNVERIFIED",
      "extractor": "line_grammar/v1"
    },
    {
      "id": "hd-20261009-212841-eccdc1b3971d/baseline/0/0/claim/25",
      "candidate_id": "hd-20261009-212841-eccdc1b3971d/baseline/0/0",
      "kind": "ASSUMPTION",
      "text": "The value of the bench option in extra innings is small under the automatic-runner rule, but that rule's effect must be verified.",
      "status": "UNVERIFIED",
      "extractor": "line_grammar/v1"
    },
    {
      "id": "hd-20261009-212841-eccdc1b3971d/baseline/0/0/claim/26",
      "candidate_id": "hd-20261009-212841-eccdc1b3971d/baseline/0/0",
      "kind": "UNKNOWN",
      "text": "cubs_bench_composition_by_game",
      "status": "UNVERIFIED",
      "extractor": "line_grammar/v1"
    },
    {
      "id": "hd-20261009-212841-eccdc1b3971d/baseline/0/0/claim/27",
      "candidate_id": "hd-20261009-212841-eccdc1b3971d/baseline/0/0",
      "kind": "UNKNOWN",
      "text": "public_availability_of_bench_player_unavailability_reasons",
      "status": "UNVERIFIED",
      "extractor": "line_grammar/v1"
    },
    {
      "id": "hd-20261009-212841-eccdc1b3971d/baseline/0/0/claim/28",
      "candidate_id": "hd-20261009-212841-eccdc1b3971d/baseline/0/0",
      "kind": "IDEA",
      "text": "Manager replay challenge timing. Owner: manager and replay coordinator. Decision: challenge or not on close plays, multiple times per week. Cases: every challengeable close play league-wide each season, with public overturn records. Outcome: call overturned or confirmed, plus challenge retention. Baseline: challenge when the video room signals high confidence. Intervention: a break-even threshold that weighs overturn probability against the value of the play and the option value of the remaining challenge.",
      "status": "UNVERIFIED",
      "extractor": "line_grammar/v1"
    },
    {
      "id": "hd-20261009-212841-eccdc1b3971d/baseline/0/0/claim/29",
      "candidate_id": "hd-20261009-212841-eccdc1b3971d/baseline/0/0",
      "kind": "ASSUMPTION",
      "text": "Unchallenged close plays are not cleanly logged publicly, so criterion (a) may fail for the negative class.",
      "status": "UNVERIFIED",
      "extractor": "line_grammar/v1"
    },
    {
      "id": "hd-20261009-212841-eccdc1b3971d/baseline/0/0/claim/30",
      "candidate_id": "hd-20261009-212841-eccdc1b3971d/baseline/0/0",
      "kind": "ASSUMPTION",
      "text": "This is distinct from ABS ball-strike challenges but may share option-value logic.",
      "status": "UNVERIFIED",
      "extractor": "line_grammar/v1"
    },
    {
      "id": "hd-20261009-212841-eccdc1b3971d/baseline/0/0/claim/31",
      "candidate_id": "hd-20261009-212841-eccdc1b3971d/baseline/0/0",
      "kind": "UNKNOWN",
      "text": "public_log_of_unchallenged_reviewable_plays",
      "status": "UNVERIFIED",
      "extractor": "line_grammar/v1"
    },
    {
      "id": "hd-20261009-212841-eccdc1b3971d/baseline/0/0/claim/32",
      "candidate_id": "hd-20261009-212841-eccdc1b3971d/baseline/0/0",
      "kind": "UNKNOWN",
      "text": "cubs_replay_room_confidence_threshold",
      "status": "UNVERIFIED",
      "extractor": "line_grammar/v1"
    },
    {
      "id": "hd-20261009-212841-eccdc1b3971d/baseline/0/0/claim/33",
      "candidate_id": "hd-20261009-212841-eccdc1b3971d/baseline/0/0",
      "kind": "IDEA",
      "text": "Intentional walk and situational pitching around. Owner: manager. Decision: issue an intentional walk or pitch around a hitter, a few times per week. Cases: every base-out state with first base open league-wide each season, in public play-by-play. Outcome: run expectancy and win-probability change through the end of the inning. Baseline: walk the dangerous hitter with first base open late in close games. Intervention: a matchup-specific win-probability comparison using the projected on-deck hitter and pitcher splits.",
      "status": "UNVERIFIED",
      "extractor": "line_grammar/v1"
    },
    {
      "id": "hd-20261009-212841-eccdc1b3971d/baseline/0/0/claim/34",
      "candidate_id": "hd-20261009-212841-eccdc1b3971d/baseline/0/0",
      "kind": "ASSUMPTION",
      "text": "Criterion (c) likely fails because there are few decisions per club and small per-decision value. The league-wide count may support testing, while the club-level season value stays modest.",
      "status": "UNVERIFIED",
      "extractor": "line_grammar/v1"
    },
    {
      "id": "hd-20261009-212841-eccdc1b3971d/baseline/0/0/claim/35",
      "candidate_id": "hd-20261009-212841-eccdc1b3971d/baseline/0/0",
      "kind": "UNKNOWN",
      "text": "cubs_intentional_walk_frequency",
      "status": "UNVERIFIED",
      "extractor": "line_grammar/v1"
    },
    {
      "id": "hd-20261009-212841-eccdc1b3971d/baseline/0/0/claim/36",
      "candidate_id": "hd-20261009-212841-eccdc1b3971d/baseline/0/0",
      "kind": "IDEA",
      "text": "Infield-in and positioning with a runner on third. Owner: manager and infield coach. Decision: play the infield in, halfway or back with a runner on third and fewer than two outs, multiple times per series. Cases: every such state league-wide each season, with public fielder starting positions from tracking. Outcome: run scored or prevented and extra hits allowed. Baseline: infield in late in close games, back otherwise. Intervention: a run-value threshold by batter batted-ball profile, runner speed, inning and score.",
      "status": "UNVERIFIED",
      "extractor": "line_grammar/v1"
    },
    {
      "id": "hd-20261009-212841-eccdc1b3971d/baseline/0/0/claim/37",
      "candidate_id": "hd-20261009-212841-eccdc1b3971d/baseline/0/0",
      "kind": "ASSUMPTION",
      "text": "Positioning restrictions limit options, so the decision set is narrower than before rule changes.",
      "status": "UNVERIFIED",
      "extractor": "line_grammar/v1"
    },
    {
      "id": "hd-20261009-212841-eccdc1b3971d/baseline/0/0/claim/38",
      "candidate_id": "hd-20261009-212841-eccdc1b3971d/baseline/0/0",
      "kind": "ASSUMPTION",
      "text": "This may overlap with the explored outfield-positioning family in method but not in decision.",
      "status": "UNVERIFIED",
      "extractor": "line_grammar/v1"
    },
    {
      "id": "hd-20261009-212841-eccdc1b3971d/baseline/0/0/claim/39",
      "candidate_id": "hd-20261009-212841-eccdc1b3971d/baseline/0/0",
      "kind": "UNKNOWN",
      "text": "public_fielder_positioning_data_granularity",
      "status": "UNVERIFIED",
      "extractor": "line_grammar/v1"
    },
    {
      "id": "hd-20261009-212841-eccdc1b3971d/baseline/0/0/claim/40",
      "candidate_id": "hd-20261009-212841-eccdc1b3971d/baseline/0/0",
      "kind": "IDEA",
      "text": "Level promotion timing in player development. Owner: farm director and development staff. Decision: promote, hold or demote a minor leaguer between levels, many times per season across a system. Cases: every level change across all affiliated systems each season, visible in public transaction logs. Outcome: next-level performance, injury and later MLB arrival. Baseline: promote after a fixed time or performance threshold at the current level. Intervention: a promotion-readiness model using public batted-ball and plate-discipline data and age-relative-to-level.",
      "status": "UNVERIFIED",
      "extractor": "line_grammar/v1"
    },
    {
      "id": "hd-20261009-212841-eccdc1b3971d/baseline/0/0/claim/41",
      "candidate_id": "hd-20261009-212841-eccdc1b3971d/baseline/0/0",
      "kind": "ASSUMPTION",
      "text": "This is distinct from MLB call-up translation, but outcomes are confounded because better players get promoted. That needs causal methods such as comparing near-threshold cases.",
      "status": "UNVERIFIED",
      "extractor": "line_grammar/v1"
    },
    {
      "id": "hd-20261009-212841-eccdc1b3971d/baseline/0/0/claim/42",
      "candidate_id": "hd-20261009-212841-eccdc1b3971d/baseline/0/0",
      "kind": "ASSUMPTION",
      "text": "Minor-league tracking data may be inconsistent in public sources across levels and seasons, which weakens (d).",
      "status": "UNVERIFIED",
      "extractor": "line_grammar/v1"
    },
    {
      "id": "hd-20261009-212841-eccdc1b3971d/baseline/0/0/claim/43",
      "candidate_id": "hd-20261009-212841-eccdc1b3971d/baseline/0/0",
      "kind": "ASSUMPTION",
      "text": "Criterion (c) may fail because the payoff arrives years later and is hard to attribute to a single season.",
      "status": "UNVERIFIED",
      "extractor": "line_grammar/v1"
    },
    {
      "id": "hd-20261009-212841-eccdc1b3971d/baseline/0/0/claim/44",
      "candidate_id": "hd-20261009-212841-eccdc1b3971d/baseline/0/0",
      "kind": "UNKNOWN",
      "text": "public_minor_league_tracking_coverage_by_level",
      "status": "UNVERIFIED",
      "extractor": "line_grammar/v1"
    },
    {
      "id": "hd-20261009-212841-eccdc1b3971d/baseline/0/0/claim/45",
      "candidate_id": "hd-20261009-212841-eccdc1b3971d/baseline/0/0",
      "kind": "UNKNOWN",
      "text": "cubs_promotion_criteria",
      "status": "UNVERIFIED",
      "extractor": "line_grammar/v1"
    },
    {
      "id": "hd-20261009-212841-eccdc1b3971d/baseline/0/0/claim/46",
      "candidate_id": "hd-20261009-212841-eccdc1b3971d/baseline/0/0",
      "kind": "IDEA",
      "text": "Starter-to-reliever conversion in development. Owner: pitching development staff. Decision: keep a pitching prospect starting or convert to relief, many decisions per year league-wide. Cases: every role switch visible in public minor-league usage logs across systems. Outcome: subsequent velocity, strikeout and walk rates, innings, and MLB contribution. Baseline: convert when command or third-pitch development stalls by a certain age. Intervention: a model using repertoire depth and times-through-the-order decay from public pitch data.",
      "status": "UNVERIFIED",
      "extractor": "line_grammar/v1"
    },
    {
      "id": "hd-20261009-212841-eccdc1b3971d/baseline/0/0/claim/47",
      "candidate_id": "hd-20261009-212841-eccdc1b3971d/baseline/0/0",
      "kind": "ASSUMPTION",
      "text": "Injury history drives many conversions and is not fully public, which weakens (d).",
      "status": "UNVERIFIED",
      "extractor": "line_grammar/v1"
    },
    {
      "id": "hd-20261009-212841-eccdc1b3971d/baseline/0/0/claim/48",
      "candidate_id": "hd-20261009-212841-eccdc1b3971d/baseline/0/0",
      "kind": "UNKNOWN",
      "text": "public_role_change_reason_labels",
      "status": "UNVERIFIED",
      "extractor": "line_grammar/v1"
    },
    {
      "id": "hd-20261009-212841-eccdc1b3971d/baseline/0/0/claim/49",
      "candidate_id": "hd-20261009-212841-eccdc1b3971d/baseline/0/0",
      "kind": "IDEA",
      "text": "Waiver claim decisions. Owner: front office pro scouting. Decision: claim or pass on players placed on outright waivers, many times per season. Cases: every waiver placement league-wide each season is in public transaction records. Outcome: claimed player's subsequent performance and roster tenure. Baseline: claim only if a 40-man spot is open and the player has recent MLB success. Intervention: a ranked claim list from public skills metrics adjusted for 40-man cost.",
      "status": "UNVERIFIED",
      "extractor": "line_grammar/v1"
    },
    {
      "id": "hd-20261009-212841-eccdc1b3971d/baseline/0/0/claim/50",
      "candidate_id": "hd-20261009-212841-eccdc1b3971d/baseline/0/0",
      "kind": "ASSUMPTION",
      "text": "Waiver priority order and other clubs' claims are counterparty-driven, so outcome attribution fails partly on the critique's concern.",
      "status": "UNVERIFIED",
      "extractor": "line_grammar/v1"
    },
    {
      "id": "hd-20261009-212841-eccdc1b3971d/baseline/0/0/claim/51",
      "candidate_id": "hd-20261009-212841-eccdc1b3971d/baseline/0/0",
      "kind": "ASSUMPTION",
      "text": "This may be close to the explored roster-rules and minor-league free agent families, and it may share their low ceiling.",
      "status": "UNVERIFIED",
      "extractor": "line_grammar/v1"
    },
    {
      "id": "hd-20261009-212841-eccdc1b3971d/baseline/0/0/claim/52",
      "candidate_id": "hd-20261009-212841-eccdc1b3971d/baseline/0/0",
      "kind": "UNKNOWN",
      "text": "public_record_of_unclaimed_waiver_players_outcomes",
      "status": "UNVERIFIED",
      "extractor": "line_grammar/v1"
    },
    {
      "id": "hd-20261009-212841-eccdc1b3971d/baseline/0/0/claim/53",
      "candidate_id": "hd-20261009-212841-eccdc1b3971d/baseline/0/0",
      "kind": "IDEA",
      "text": "Rest-day scheduling for position players and catchers. Owner: manager and performance staff. Decision: rest or start each regular, daily. Cases: every regular's starts and rest days league-wide each season in public box scores. Outcome: subsequent performance, injury list placements, and the replacement's performance. Baseline: fixed rest cadence, day games after night games. Intervention: a fatigue proxy from public sprint speed and bat speed drift triggering targeted rest.",
      "status": "UNVERIFIED",
      "extractor": "line_grammar/v1"
    },
    {
      "id": "hd-20261009-212841-eccdc1b3971d/baseline/0/0/claim/54",
      "candidate_id": "hd-20261009-212841-eccdc1b3971d/baseline/0/0",
      "kind": "ASSUMPTION",
      "text": "This differs from the explored travel and rest planning family only if the focus is in-game physical decline signals, not schedule structure, so it may be redundant.",
      "status": "UNVERIFIED",
      "extractor": "line_grammar/v1"
    },
    {
      "id": "hd-20261009-212841-eccdc1b3971d/baseline/0/0/claim/55",
      "candidate_id": "hd-20261009-212841-eccdc1b3971d/baseline/0/0",
      "kind": "ASSUMPTION",
      "text": "Injury causation is not observable, which makes (b) partial.",
      "status": "UNVERIFIED",
      "extractor": "line_grammar/v1"
    },
    {
      "id": "hd-20261009-212841-eccdc1b3971d/baseline/0/0/claim/56",
      "candidate_id": "hd-20261009-212841-eccdc1b3971d/baseline/0/0",
      "kind": "UNKNOWN",
      "text": "public_bat_speed_sprint_speed_daily_granularity",
      "status": "UNVERIFIED",
      "extractor": "line_grammar/v1"
    },
    {
      "id": "hd-20261009-212841-eccdc1b3971d/baseline/0/0/claim/57",
      "candidate_id": "hd-20261009-212841-eccdc1b3971d/baseline/0/0",
      "kind": "ASSUMPTION",
      "text": "Across all families, league-wide case counts help (a). Club-specific value (c) still requires knowing how far the club's current practice is from the model's recommendation, which is private information.",
      "status": "UNVERIFIED",
      "extractor": "line_grammar/v1"
    },
    {
      "id": "hd-20261009-212841-eccdc1b3971d/baseline/0/0/claim/58",
      "candidate_id": "hd-20261009-212841-eccdc1b3971d/baseline/0/0",
      "kind": "ASSUMPTION",
      "text": "Retrospective tests on public data measure league-average policy gaps, not the club's own gap.",
      "status": "UNVERIFIED",
      "extractor": "line_grammar/v1"
    },
    {
      "id": "hd-20261009-212841-eccdc1b3971d/baseline/0/0/claim/59",
      "candidate_id": "hd-20261009-212841-eccdc1b3971d/baseline/0/0",
      "kind": "ASSUMPTION",
      "text": "In-game decisions such as sends, steals, hooks, relievers and pinch-hits likely satisfy (a) and (b) best. Development decisions such as promotions and role conversions likely fail (b) and (c) on time horizon.",
      "status": "UNVERIFIED",
      "extractor": "line_grammar/v1"
    },
    {
      "id": "hd-20261009-212841-eccdc1b3971d/baseline/0/0/claim/60",
      "candidate_id": "hd-20261009-212841-eccdc1b3971d/baseline/0/0",
      "kind": "UNKNOWN",
      "text": "cubs_baseline_decision_policies_all_families",
      "status": "UNVERIFIED",
      "extractor": "line_grammar/v1"
    },
    {
      "id": "hd-20261009-212841-eccdc1b3971d/baseline/0/0/claim/61",
      "candidate_id": "hd-20261009-212841-eccdc1b3971d/baseline/0/0",
      "kind": "UNKNOWN",
      "text": "verified_public_data_sources_for_each_family",
      "status": "UNVERIFIED",
      "extractor": "line_grammar/v1"
    },
    {
      "id": "hd-20261009-212841-eccdc1b3971d/baseline/0/1/claim/1",
      "candidate_id": "hd-20261009-212841-eccdc1b3971d/baseline/0/1",
      "kind": "IDEA",
      "text": "Third-base coach send/hold. Owner: third-base coach and baserunning coordinator. Decision: send or hold a runner on a ball in play, made several times per game. Historical cases: many league-wide each season in public play-by-play and tracking data, though selection bias exists because only executed outcomes are seen. Observable outcome: runner safe or out at the plate, and the base-out state afterward. Simple baseline: the coach's judgment from runner speed and the fielder's arm. Intervention: a pre-game card plus a postgame audit that scores each send against a run-expectancy breakeven, using public sprint speed, fielder arm strength, fielder distance and the game state.",
      "status": "UNVERIFIED",
      "extractor": "line_grammar/v1"
    },
    {
      "id": "hd-20261009-212841-eccdc1b3971d/baseline/0/1/claim/2",
      "candidate_id": "hd-20261009-212841-eccdc1b3971d/baseline/0/1",
      "kind": "ASSUMPTION",
      "text": "Public tracking covers enough of the ball-in-play geometry (fielder position, ball location at pickup) to estimate the counterfactual safe probability of held runners, not only sent ones.",
      "status": "UNVERIFIED",
      "extractor": "line_grammar/v1"
    },
    {
      "id": "hd-20261009-212841-eccdc1b3971d/baseline/0/1/claim/3",
      "candidate_id": "hd-20261009-212841-eccdc1b3971d/baseline/0/1",
      "kind": "ASSUMPTION",
      "text": "The coach can absorb a per-opponent card fast enough for a decision made in about two seconds. If not, (d) holds but the tool has no channel to change the decision.",
      "status": "UNVERIFIED",
      "extractor": "line_grammar/v1"
    },
    {
      "id": "hd-20261009-212841-eccdc1b3971d/baseline/0/1/claim/4",
      "candidate_id": "hd-20261009-212841-eccdc1b3971d/baseline/0/1",
      "kind": "ASSUMPTION",
      "text": "Value per decision is small, so the season total meets (c) only if the club's current errors are systematic rather than random.",
      "status": "UNVERIFIED",
      "extractor": "line_grammar/v1"
    },
    {
      "id": "hd-20261009-212841-eccdc1b3971d/baseline/0/1/claim/5",
      "candidate_id": "hd-20261009-212841-eccdc1b3971d/baseline/0/1",
      "kind": "UNKNOWN",
      "text": "cubs_current_send_policy",
      "status": "UNVERIFIED",
      "extractor": "line_grammar/v1"
    },
    {
      "id": "hd-20261009-212841-eccdc1b3971d/baseline/0/1/claim/6",
      "candidate_id": "hd-20261009-212841-eccdc1b3971d/baseline/0/1",
      "kind": "UNKNOWN",
      "text": "public_availability_of_fielder_pickup_coordinates",
      "status": "UNVERIFIED",
      "extractor": "line_grammar/v1"
    },
    {
      "id": "hd-20261009-212841-eccdc1b3971d/baseline/0/1/claim/7",
      "candidate_id": "hd-20261009-212841-eccdc1b3971d/baseline/0/1",
      "kind": "IDEA",
      "text": "Starting pitcher removal timing. Owner: manager and pitching coach. Decision: whether to pull the starter before the next batter, made at several decision points in every game. Historical cases: many each season league-wide at the batter level. Observable outcome: run value allowed by the starter's next batter versus the reliever who replaced him, though the counterfactual is unobserved. Simple baseline: pitch-count or times-through-order rule. Intervention: batter-by-batter removal guidance using public in-game velocity and command decay, the platoon matchup and the bullpen state.",
      "status": "UNVERIFIED",
      "extractor": "line_grammar/v1"
    },
    {
      "id": "hd-20261009-212841-eccdc1b3971d/baseline/0/1/claim/8",
      "candidate_id": "hd-20261009-212841-eccdc1b3971d/baseline/0/1",
      "kind": "ASSUMPTION",
      "text": "In-game velocity and release decay in public data predicts next-batter outcomes beyond pitch count. This is a testable hypothesis, not established.",
      "status": "UNVERIFIED",
      "extractor": "line_grammar/v1"
    },
    {
      "id": "hd-20261009-212841-eccdc1b3971d/baseline/0/1/claim/9",
      "candidate_id": "hd-20261009-212841-eccdc1b3971d/baseline/0/1",
      "kind": "ASSUMPTION",
      "text": "Failure on (b) is partial. Removal decisions are confounded because managers pull pitchers who look worse, so retrospective tests need careful matching.",
      "status": "UNVERIFIED",
      "extractor": "line_grammar/v1"
    },
    {
      "id": "hd-20261009-212841-eccdc1b3971d/baseline/0/1/claim/10",
      "candidate_id": "hd-20261009-212841-eccdc1b3971d/baseline/0/1",
      "kind": "ASSUMPTION",
      "text": "Injury-risk and next-start effects of pitcher workload are not observable in public outcome data, which caps the tool's measured value.",
      "status": "UNVERIFIED",
      "extractor": "line_grammar/v1"
    },
    {
      "id": "hd-20261009-212841-eccdc1b3971d/baseline/0/1/claim/11",
      "candidate_id": "hd-20261009-212841-eccdc1b3971d/baseline/0/1",
      "kind": "UNKNOWN",
      "text": "cubs_pitcher_hook_rule",
      "status": "UNVERIFIED",
      "extractor": "line_grammar/v1"
    },
    {
      "id": "hd-20261009-212841-eccdc1b3971d/baseline/0/1/claim/12",
      "candidate_id": "hd-20261009-212841-eccdc1b3971d/baseline/0/1",
      "kind": "UNKNOWN",
      "text": "magnitude_of_confounding_in_public_removal_data",
      "status": "UNVERIFIED",
      "extractor": "line_grammar/v1"
    },
    {
      "id": "hd-20261009-212841-eccdc1b3971d/baseline/0/1/claim/13",
      "candidate_id": "hd-20261009-212841-eccdc1b3971d/baseline/0/1",
      "kind": "IDEA",
      "text": "Reliever selection by leverage and matchup. Owner: manager. Decision: which available reliever enters, and when, made one to four times per game. Historical cases: many reliever appearances each season league-wide. Observable outcome: runs allowed and win-probability change during the appearance. Simple baseline: fixed roles (closer, setup, middle) assigned by inning. Intervention: matching relievers to leverage and to the specific upcoming hitters, using public pitch-type splits and recent workload.",
      "status": "UNVERIFIED",
      "extractor": "line_grammar/v1"
    },
    {
      "id": "hd-20261009-212841-eccdc1b3971d/baseline/0/1/claim/14",
      "candidate_id": "hd-20261009-212841-eccdc1b3971d/baseline/0/1",
      "kind": "ASSUMPTION",
      "text": "Overlaps the explored \"opposing bullpen availability forecast\" family only on the opponent side. Own-bullpen deployment is treated here as distinct.",
      "status": "UNVERIFIED",
      "extractor": "line_grammar/v1"
    },
    {
      "id": "hd-20261009-212841-eccdc1b3971d/baseline/0/1/claim/15",
      "candidate_id": "hd-20261009-212841-eccdc1b3971d/baseline/0/1",
      "kind": "ASSUMPTION",
      "text": "Relievers' preferences for fixed roles and their readiness routines are real constraints that public data cannot capture.",
      "status": "UNVERIFIED",
      "extractor": "line_grammar/v1"
    },
    {
      "id": "hd-20261009-212841-eccdc1b3971d/baseline/0/1/claim/16",
      "candidate_id": "hd-20261009-212841-eccdc1b3971d/baseline/0/1",
      "kind": "ASSUMPTION",
      "text": "Small-sample batter-versus-pitcher splits are noise. Value would come from pitch-type and handedness models, not head-to-head history.",
      "status": "UNVERIFIED",
      "extractor": "line_grammar/v1"
    },
    {
      "id": "hd-20261009-212841-eccdc1b3971d/baseline/0/1/claim/17",
      "candidate_id": "hd-20261009-212841-eccdc1b3971d/baseline/0/1",
      "kind": "UNKNOWN",
      "text": "cubs_bullpen_role_policy",
      "status": "UNVERIFIED",
      "extractor": "line_grammar/v1"
    },
    {
      "id": "hd-20261009-212841-eccdc1b3971d/baseline/0/1/claim/18",
      "candidate_id": "hd-20261009-212841-eccdc1b3971d/baseline/0/1",
      "kind": "IDEA",
      "text": "Stolen-base and pickoff tactics under the pitch-clock and disengagement rules. Owner: first-base coach, baserunners, catcher and pitchers. Decision: attempt a steal or not, and on defense, when to use disengagements. Both occur many times per season. Historical cases: many attempts and disengagements league-wide each season under the current rules. Observable outcome: safe or caught, plus runner advancement. Simple baseline: steal with the fastest runners or when a fixed success-rate threshold is met. Intervention: attempt guidance that accounts for the pitcher's time to plate, the catcher's pop time, the disengagement count and the game state.",
      "status": "UNVERIFIED",
      "extractor": "line_grammar/v1"
    },
    {
      "id": "hd-20261009-212841-eccdc1b3971d/baseline/0/1/claim/19",
      "candidate_id": "hd-20261009-212841-eccdc1b3971d/baseline/0/1",
      "kind": "ASSUMPTION",
      "text": "Rule changes split the historical sample. Only seasons under the current disengagement rules are comparable, which weakens (a).",
      "status": "UNVERIFIED",
      "extractor": "line_grammar/v1"
    },
    {
      "id": "hd-20261009-212841-eccdc1b3971d/baseline/0/1/claim/20",
      "candidate_id": "hd-20261009-212841-eccdc1b3971d/baseline/0/1",
      "kind": "ASSUMPTION",
      "text": "Opponents adapt quickly, so any edge may decay within a season.",
      "status": "UNVERIFIED",
      "extractor": "line_grammar/v1"
    },
    {
      "id": "hd-20261009-212841-eccdc1b3971d/baseline/0/1/claim/21",
      "candidate_id": "hd-20261009-212841-eccdc1b3971d/baseline/0/1",
      "kind": "UNKNOWN",
      "text": "rule_regime_seasons_comparable",
      "status": "UNVERIFIED",
      "extractor": "line_grammar/v1"
    },
    {
      "id": "hd-20261009-212841-eccdc1b3971d/baseline/0/1/claim/22",
      "candidate_id": "hd-20261009-212841-eccdc1b3971d/baseline/0/1",
      "kind": "UNKNOWN",
      "text": "public_pitcher_time_to_plate_coverage",
      "status": "UNVERIFIED",
      "extractor": "line_grammar/v1"
    },
    {
      "id": "hd-20261009-212841-eccdc1b3971d/baseline/0/1/claim/23",
      "candidate_id": "hd-20261009-212841-eccdc1b3971d/baseline/0/1",
      "kind": "IDEA",
      "text": "Pinch-hitting, pinch-running and defensive replacements. Owner: manager and bench coach. Decision: which bench player to use and when, made in many games. Historical cases: many substitutions league-wide each season. Observable outcome: plate-appearance result, plus later defensive or baserunning events. Simple baseline: the platoon-advantage rule and a late-inning defensive-replacement habit. Intervention: a substitution plan that values the option of saving bench players, and the player removed, against an immediate platoon gain.",
      "status": "UNVERIFIED",
      "extractor": "line_grammar/v1"
    },
    {
      "id": "hd-20261009-212841-eccdc1b3971d/baseline/0/1/claim/24",
      "candidate_id": "hd-20261009-212841-eccdc1b3971d/baseline/0/1",
      "kind": "ASSUMPTION",
      "text": "The value of a substitute who is never used is hard to observe after the fact, which weakens (b) for \"save the bench\" decisions.",
      "status": "UNVERIFIED",
      "extractor": "line_grammar/v1"
    },
    {
      "id": "hd-20261009-212841-eccdc1b3971d/baseline/0/1/claim/25",
      "candidate_id": "hd-20261009-212841-eccdc1b3971d/baseline/0/1",
      "kind": "ASSUMPTION",
      "text": "For a single club, roster construction limits how many bench options exist, so (c) may be small.",
      "status": "UNVERIFIED",
      "extractor": "line_grammar/v1"
    },
    {
      "id": "hd-20261009-212841-eccdc1b3971d/baseline/0/1/claim/26",
      "candidate_id": "hd-20261009-212841-eccdc1b3971d/baseline/0/1",
      "kind": "UNKNOWN",
      "text": "cubs_bench_usage_pattern",
      "status": "UNVERIFIED",
      "extractor": "line_grammar/v1"
    },
    {
      "id": "hd-20261009-212841-eccdc1b3971d/baseline/0/1/claim/27",
      "candidate_id": "hd-20261009-212841-eccdc1b3971d/baseline/0/1",
      "kind": "IDEA",
      "text": "Rest-day allocation for position players. Owner: manager and performance staff. Decision: which regular sits on a given day, made many times per season. Historical cases: many rest days league-wide each season. Observable outcome: the replacement's performance that day and the rested player's performance afterward. Simple baseline: fixed rest cadences, plus sitting players against tough opposing starters or before day games after night games. Intervention: scheduling rest on days when the gap between the regular and the replacement is smallest given the opposing pitcher, park and schedule.",
      "status": "UNVERIFIED",
      "extractor": "line_grammar/v1"
    },
    {
      "id": "hd-20261009-212841-eccdc1b3971d/baseline/0/1/claim/28",
      "candidate_id": "hd-20261009-212841-eccdc1b3971d/baseline/0/1",
      "kind": "ASSUMPTION",
      "text": "Fatigue and injury effects of rest are mostly unobservable in public data. Only the matchup component is testable, which weakens (b).",
      "status": "UNVERIFIED",
      "extractor": "line_grammar/v1"
    },
    {
      "id": "hd-20261009-212841-eccdc1b3971d/baseline/0/1/claim/29",
      "candidate_id": "hd-20261009-212841-eccdc1b3971d/baseline/0/1",
      "kind": "ASSUMPTION",
      "text": "Overlaps the explored \"travel and rest planning\" family. This idea is distinct only if limited to daily matchup-cost minimization.",
      "status": "UNVERIFIED",
      "extractor": "line_grammar/v1"
    },
    {
      "id": "hd-20261009-212841-eccdc1b3971d/baseline/0/1/claim/30",
      "candidate_id": "hd-20261009-212841-eccdc1b3971d/baseline/0/1",
      "kind": "UNKNOWN",
      "text": "cubs_rest_policy",
      "status": "UNVERIFIED",
      "extractor": "line_grammar/v1"
    },
    {
      "id": "hd-20261009-212841-eccdc1b3971d/baseline/0/1/claim/31",
      "candidate_id": "hd-20261009-212841-eccdc1b3971d/baseline/0/1",
      "kind": "IDEA",
      "text": "Minor-league level-to-level promotion timing (player development). Owner: farm director. Decision: when to move a prospect up one level, made many times per season across affiliates. Historical cases: many promotions league-wide each season, with public minor-league stats. Observable outcome: the player's performance at the new level and whether he is later demoted back. Simple baseline: promote after a fixed time at the level or after a statistical threshold such as OPS or K-BB rate. Intervention: a promotion-readiness model that adjusts for age relative to the league, park, league environment and the public minor-league tracking data where it exists.",
      "status": "UNVERIFIED",
      "extractor": "line_grammar/v1"
    },
    {
      "id": "hd-20261009-212841-eccdc1b3971d/baseline/0/1/claim/32",
      "candidate_id": "hd-20261009-212841-eccdc1b3971d/baseline/0/1",
      "kind": "ASSUMPTION",
      "text": "Distinct from the explored \"minor league call-up translation\" family only if limited to intra-minor-league moves.",
      "status": "UNVERIFIED",
      "extractor": "line_grammar/v1"
    },
    {
      "id": "hd-20261009-212841-eccdc1b3971d/baseline/0/1/claim/33",
      "candidate_id": "hd-20261009-212841-eccdc1b3971d/baseline/0/1",
      "kind": "ASSUMPTION",
      "text": "Fails partly on (c). Value is long-run and indirect, so it does not add up within one season.",
      "status": "UNVERIFIED",
      "extractor": "line_grammar/v1"
    },
    {
      "id": "hd-20261009-212841-eccdc1b3971d/baseline/0/1/claim/34",
      "candidate_id": "hd-20261009-212841-eccdc1b3971d/baseline/0/1",
      "kind": "ASSUMPTION",
      "text": "Fails partly on (b). Development outcomes are confounded by instruction quality and the organization's roster needs.",
      "status": "UNVERIFIED",
      "extractor": "line_grammar/v1"
    },
    {
      "id": "hd-20261009-212841-eccdc1b3971d/baseline/0/1/claim/35",
      "candidate_id": "hd-20261009-212841-eccdc1b3971d/baseline/0/1",
      "kind": "UNKNOWN",
      "text": "public_minor_league_tracking_coverage",
      "status": "UNVERIFIED",
      "extractor": "line_grammar/v1"
    },
    {
      "id": "hd-20261009-212841-eccdc1b3971d/baseline/0/1/claim/36",
      "candidate_id": "hd-20261009-212841-eccdc1b3971d/baseline/0/1",
      "kind": "UNKNOWN",
      "text": "cubs_promotion_criteria",
      "status": "UNVERIFIED",
      "extractor": "line_grammar/v1"
    },
    {
      "id": "hd-20261009-212841-eccdc1b3971d/baseline/0/1/claim/37",
      "candidate_id": "hd-20261009-212841-eccdc1b3971d/baseline/0/1",
      "kind": "IDEA",
      "text": "Waiver claims and DFA-pool acquisitions. Owner: front office pro scouting. Decision: claim or pass on players placed on waivers or designated for assignment, made many times per season. Historical cases: many transactions league-wide each season, though claims are limited by waiver priority. Observable outcome: the claimed player's subsequent MLB performance and roster cost. Simple baseline: claim players with recent MLB time and fit for a roster need. Intervention: a ranking based on public pitch-level and batted-ball quality indicators to flag claims undervalued by surface stats.",
      "status": "UNVERIFIED",
      "extractor": "line_grammar/v1"
    },
    {
      "id": "hd-20261009-212841-eccdc1b3971d/baseline/0/1/claim/38",
      "candidate_id": "hd-20261009-212841-eccdc1b3971d/baseline/0/1",
      "kind": "ASSUMPTION",
      "text": "Fails on (a) for testing claim decisions by one club, because waiver priority and counterparties limit which claims succeed. It passes for league-wide tests of player-quality prediction.",
      "status": "UNVERIFIED",
      "extractor": "line_grammar/v1"
    },
    {
      "id": "hd-20261009-212841-eccdc1b3971d/baseline/0/1/claim/39",
      "candidate_id": "hd-20261009-212841-eccdc1b3971d/baseline/0/1",
      "kind": "ASSUMPTION",
      "text": "It may resemble the explored \"minor-league free agent triage\" result, where the model tied a rule based on prior MLB time, so the ceiling could be similarly low.",
      "status": "UNVERIFIED",
      "extractor": "line_grammar/v1"
    },
    {
      "id": "hd-20261009-212841-eccdc1b3971d/baseline/0/1/claim/40",
      "candidate_id": "hd-20261009-212841-eccdc1b3971d/baseline/0/1",
      "kind": "UNKNOWN",
      "text": "cubs_waiver_priority_history",
      "status": "UNVERIFIED",
      "extractor": "line_grammar/v1"
    },
    {
      "id": "hd-20261009-212841-eccdc1b3971d/baseline/0/1/claim/41",
      "candidate_id": "hd-20261009-212841-eccdc1b3971d/baseline/0/1",
      "kind": "IDEA",
      "text": "Defensive alignment within current shift rules (infield in or back, corner depth, outfield depth outside the Wrigley wind context). Owner: defensive coordinator. Decision: positioning on each pitch or batter, so many cases per game. Historical cases: very many league-wide in public positioning data. Observable outcome: whether the batted ball becomes an out, and the run value. Simple baseline: standard positioning charts by batter spray tendency. Intervention: positioning that is conditioned on the game state (for example, infield-in breakeven calculations) and on the pitcher's tendencies.",
      "status": "UNVERIFIED",
      "extractor": "line_grammar/v1"
    },
    {
      "id": "hd-20261009-212841-eccdc1b3971d/baseline/0/1/claim/42",
      "candidate_id": "hd-20261009-212841-eccdc1b3971d/baseline/0/1",
      "kind": "ASSUMPTION",
      "text": "Overlaps the explored \"Wrigley wind outfield positioning\" family. This idea is distinct only for infield and game-state alignment.",
      "status": "UNVERIFIED",
      "extractor": "line_grammar/v1"
    },
    {
      "id": "hd-20261009-212841-eccdc1b3971d/baseline/0/1/claim/43",
      "candidate_id": "hd-20261009-212841-eccdc1b3971d/baseline/0/1",
      "kind": "ASSUMPTION",
      "text": "The edges may already be competed away league-wide, which would undermine (d).",
      "status": "UNVERIFIED",
      "extractor": "line_grammar/v1"
    },
    {
      "id": "hd-20261009-212841-eccdc1b3971d/baseline/0/1/claim/44",
      "candidate_id": "hd-20261009-212841-eccdc1b3971d/baseline/0/1",
      "kind": "UNKNOWN",
      "text": "public_positioning_data_granularity",
      "status": "UNVERIFIED",
      "extractor": "line_grammar/v1"
    },
    {
      "id": "hd-20261009-212841-eccdc1b3971d/baseline/0/1/claim/45",
      "candidate_id": "hd-20261009-212841-eccdc1b3971d/baseline/0/1",
      "kind": "IDEA",
      "text": "Intentional walks and sacrifice bunts. Owner: manager. Decision: occasional, made multiple times per week. Historical cases: many league-wide each season, though decreasing. Observable outcome: change in run expectancy and win probability. Simple baseline: the manager's convention, or a published run-expectancy table. Intervention: a game-state-specific breakeven calculation that accounts for the batter, the on-deck hitter and the pitcher.",
      "status": "UNVERIFIED",
      "extractor": "line_grammar/v1"
    },
    {
      "id": "hd-20261009-212841-eccdc1b3971d/baseline/0/1/claim/46",
      "candidate_id": "hd-20261009-212841-eccdc1b3971d/baseline/0/1",
      "kind": "ASSUMPTION",
      "text": "Fails on (c). These decisions are now rare and each has small value, so the season total is likely modest.",
      "status": "UNVERIFIED",
      "extractor": "line_grammar/v1"
    },
    {
      "id": "hd-20261009-212841-eccdc1b3971d/baseline/0/1/claim/47",
      "candidate_id": "hd-20261009-212841-eccdc1b3971d/baseline/0/1",
      "kind": "UNKNOWN",
      "text": "cubs_current_iBB_bunt_frequency",
      "status": "UNVERIFIED",
      "extractor": "line_grammar/v1"
    },
    {
      "id": "hd-20261009-212841-eccdc1b3971d/baseline/0/1/claim/48",
      "candidate_id": "hd-20261009-212841-eccdc1b3971d/baseline/0/1",
      "kind": "ASSUMPTION",
      "text": "Across all ideas, (d) is the weakest criterion. Public data is also available to the other 29 clubs, so an edge requires underuse by the Cubs specifically, which is not established.",
      "status": "UNVERIFIED",
      "extractor": "line_grammar/v1"
    },
    {
      "id": "hd-20261009-212841-eccdc1b3971d/baseline/0/1/claim/49",
      "candidate_id": "hd-20261009-212841-eccdc1b3971d/baseline/0/1",
      "kind": "UNKNOWN",
      "text": "cubs_internal_tools_already_in_use",
      "status": "UNVERIFIED",
      "extractor": "line_grammar/v1"
    },
    {
      "id": "hd-20261009-212841-eccdc1b3971d/baseline/0/2/claim/1",
      "candidate_id": "hd-20261009-212841-eccdc1b3971d/baseline/0/2",
      "kind": "IDEA",
      "text": "Starter removal timing; owner manager and pitching coach; decision is whether to pull the starter before the next batter, made several times per game in every game; historical cases are every batter faced by a starter in public pitch-by-pitch data, many thousands per season league-wide; observable outcome is run expectancy change over the rest of the inning and the following innings; simple baseline is a pitch-count or times-through-the-order threshold; intervention is a pre-batter estimate combining fatigue signals (velocity and spin drift, release-point drift, recent command), the specific upcoming hitters, and which relievers are available.",
      "status": "UNVERIFIED",
      "extractor": "line_grammar/v1"
    },
    {
      "id": "hd-20261009-212841-eccdc1b3971d/baseline/0/2/claim/2",
      "candidate_id": "hd-20261009-212841-eccdc1b3971d/baseline/0/2",
      "kind": "ASSUMPTION",
      "text": "Public velocity and release-point drift within a game carries signal about the next few batters beyond what pitch count and times through the order already capture.",
      "status": "UNVERIFIED",
      "extractor": "line_grammar/v1"
    },
    {
      "id": "hd-20261009-212841-eccdc1b3971d/baseline/0/2/claim/3",
      "candidate_id": "hd-20261009-212841-eccdc1b3971d/baseline/0/2",
      "kind": "ASSUMPTION",
      "text": "The counterfactual is confounded because managers pulled starters when they already saw trouble, so a retrospective test needs matched or instrumented comparisons, not raw outcome comparisons.",
      "status": "UNVERIFIED",
      "extractor": "line_grammar/v1"
    },
    {
      "id": "hd-20261009-212841-eccdc1b3971d/baseline/0/2/claim/4",
      "candidate_id": "hd-20261009-212841-eccdc1b3971d/baseline/0/2",
      "kind": "ASSUMPTION",
      "text": "Criterion (c) may fail because a few runs saved per season could fall within noise for one club, even when league-wide statistical power under (a) is high.",
      "status": "UNVERIFIED",
      "extractor": "line_grammar/v1"
    },
    {
      "id": "hd-20261009-212841-eccdc1b3971d/baseline/0/2/claim/5",
      "candidate_id": "hd-20261009-212841-eccdc1b3971d/baseline/0/2",
      "kind": "UNKNOWN",
      "text": "cubs_current_starter_hook_rule",
      "status": "UNVERIFIED",
      "extractor": "line_grammar/v1"
    },
    {
      "id": "hd-20261009-212841-eccdc1b3971d/baseline/0/2/claim/6",
      "candidate_id": "hd-20261009-212841-eccdc1b3971d/baseline/0/2",
      "kind": "UNKNOWN",
      "text": "public_release_point_drift_predictive_value",
      "status": "UNVERIFIED",
      "extractor": "line_grammar/v1"
    },
    {
      "id": "hd-20261009-212841-eccdc1b3971d/baseline/0/2/claim/7",
      "candidate_id": "hd-20261009-212841-eccdc1b3971d/baseline/0/2",
      "kind": "IDEA",
      "text": "Reliever assignment by leverage and matchup; owner manager and bullpen coach; decision is which reliever enters and when, made in most games; historical cases are every relief entry league-wide in public play-by-play, many thousands per season; observable outcome is win probability added from entry to exit; simple baseline is fixed bullpen roles (closer, setup, middle relief); intervention is a pre-entry ranking that weights upcoming hitter handedness and pitch-type weakness, three-batter-minimum exposure, reliever rest, and preserving high-leverage arms for later innings.",
      "status": "UNVERIFIED",
      "extractor": "line_grammar/v1"
    },
    {
      "id": "hd-20261009-212841-eccdc1b3971d/baseline/0/2/claim/8",
      "candidate_id": "hd-20261009-212841-eccdc1b3971d/baseline/0/2",
      "kind": "ASSUMPTION",
      "text": "Fixed roles leave value unused, and that value is not already captured by clubs that informally deviate from roles.",
      "status": "UNVERIFIED",
      "extractor": "line_grammar/v1"
    },
    {
      "id": "hd-20261009-212841-eccdc1b3971d/baseline/0/2/claim/9",
      "candidate_id": "hd-20261009-212841-eccdc1b3971d/baseline/0/2",
      "kind": "ASSUMPTION",
      "text": "Because of the three-batter minimum, the tool has to score a pitcher against the next three or more hitters plus likely pinch hitters, not against a single matchup.",
      "status": "UNVERIFIED",
      "extractor": "line_grammar/v1"
    },
    {
      "id": "hd-20261009-212841-eccdc1b3971d/baseline/0/2/claim/10",
      "candidate_id": "hd-20261009-212841-eccdc1b3971d/baseline/0/2",
      "kind": "ASSUMPTION",
      "text": "Criterion (b) partly fails because reliever availability and soreness are private, so a public retrospective will mislabel some decisions as errors when the pitcher was actually unavailable.",
      "status": "UNVERIFIED",
      "extractor": "line_grammar/v1"
    },
    {
      "id": "hd-20261009-212841-eccdc1b3971d/baseline/0/2/claim/11",
      "candidate_id": "hd-20261009-212841-eccdc1b3971d/baseline/0/2",
      "kind": "UNKNOWN",
      "text": "reliever_availability_ground_truth",
      "status": "UNVERIFIED",
      "extractor": "line_grammar/v1"
    },
    {
      "id": "hd-20261009-212841-eccdc1b3971d/baseline/0/2/claim/12",
      "candidate_id": "hd-20261009-212841-eccdc1b3971d/baseline/0/2",
      "kind": "IDEA",
      "text": "Pinch-hit and platoon substitutions; owner manager; decision is whether to pinch-hit or start a platoon partner, made in most games; historical cases are every plate appearance where a bench bat was available, many thousands per season league-wide; observable outcome is plate-appearance run value plus the later defensive and bench-depletion cost; simple baseline is a handedness platoon rule; intervention is an estimate of the platoon split using shrinkage toward population splits, combined with a cost for losing the bench player later and for the defensive downgrade.",
      "status": "UNVERIFIED",
      "extractor": "line_grammar/v1"
    },
    {
      "id": "hd-20261009-212841-eccdc1b3971d/baseline/0/2/claim/13",
      "candidate_id": "hd-20261009-212841-eccdc1b3971d/baseline/0/2",
      "kind": "ASSUMPTION",
      "text": "Individual platoon splits are noisy enough that a shrinkage model differs meaningfully from both raw splits and a pure handedness rule.",
      "status": "UNVERIFIED",
      "extractor": "line_grammar/v1"
    },
    {
      "id": "hd-20261009-212841-eccdc1b3971d/baseline/0/2/claim/14",
      "candidate_id": "hd-20261009-212841-eccdc1b3971d/baseline/0/2",
      "kind": "ASSUMPTION",
      "text": "Criterion (c) may fail if the per-decision edge is small and the decisions are infrequent for a single roster.",
      "status": "UNVERIFIED",
      "extractor": "line_grammar/v1"
    },
    {
      "id": "hd-20261009-212841-eccdc1b3971d/baseline/0/2/claim/15",
      "candidate_id": "hd-20261009-212841-eccdc1b3971d/baseline/0/2",
      "kind": "UNKNOWN",
      "text": "cubs_bench_composition_by_season",
      "status": "UNVERIFIED",
      "extractor": "line_grammar/v1"
    },
    {
      "id": "hd-20261009-212841-eccdc1b3971d/baseline/0/2/claim/16",
      "candidate_id": "hd-20261009-212841-eccdc1b3971d/baseline/0/2",
      "kind": "IDEA",
      "text": "Stolen base attempts and baserunner sends; owner first-base and third-base coaches and the manager; decision is whether to attempt a steal, or send a runner home or to third on a hit, made many times per game; historical cases are every runner-on-base opportunity and every ball in play with a runner advancing, very numerous in public tracking and play-by-play data; observable outcome is safe or out plus the run expectancy change; simple baseline is a runner-speed threshold, or coach judgment proxied by league send rates; intervention is a pre-pitch or in-play probability model using sprint speed, pitcher time to plate, catcher pop time, fielder arm strength, and ball location and exit speed.",
      "status": "UNVERIFIED",
      "extractor": "line_grammar/v1"
    },
    {
      "id": "hd-20261009-212841-eccdc1b3971d/baseline/0/2/claim/17",
      "candidate_id": "hd-20261009-212841-eccdc1b3971d/baseline/0/2",
      "kind": "ASSUMPTION",
      "text": "The pickoff and disengagement limits and the larger bases changed the break-even steal rate, and some clubs' rules have not fully adjusted.",
      "status": "UNVERIFIED",
      "extractor": "line_grammar/v1"
    },
    {
      "id": "hd-20261009-212841-eccdc1b3971d/baseline/0/2/claim/18",
      "candidate_id": "hd-20261009-212841-eccdc1b3971d/baseline/0/2",
      "kind": "ASSUMPTION",
      "text": "A send model needs the ball position at the moment of the decision, which public tracking may not expose at enough granularity.",
      "status": "UNVERIFIED",
      "extractor": "line_grammar/v1"
    },
    {
      "id": "hd-20261009-212841-eccdc1b3971d/baseline/0/2/claim/19",
      "candidate_id": "hd-20261009-212841-eccdc1b3971d/baseline/0/2",
      "kind": "ASSUMPTION",
      "text": "Criterion (b) holds well for this family, but third-base send decisions are made in real time with no time for a tool, so the value would come from pre-game coach training and thresholds.",
      "status": "UNVERIFIED",
      "extractor": "line_grammar/v1"
    },
    {
      "id": "hd-20261009-212841-eccdc1b3971d/baseline/0/2/claim/20",
      "candidate_id": "hd-20261009-212841-eccdc1b3971d/baseline/0/2",
      "kind": "UNKNOWN",
      "text": "public_ball_tracking_granularity_for_send_decisions",
      "status": "UNVERIFIED",
      "extractor": "line_grammar/v1"
    },
    {
      "id": "hd-20261009-212841-eccdc1b3971d/baseline/0/2/claim/21",
      "candidate_id": "hd-20261009-212841-eccdc1b3971d/baseline/0/2",
      "kind": "IDEA",
      "text": "Infield and outfield positioning within the shift restrictions; owner defensive coordinator; decision is the positioning set per batter and pitcher pairing, made on every batter; historical cases are every ball in play with fielder starting positions, many thousands per season where public positioning data exists; observable outcome is out or hit and the run value of each ball in play; simple baseline is league-default or spray-chart-average positioning; intervention is positioning that conditions on the pitcher's likely pitch mix and location, the count, and the runners.",
      "status": "UNVERIFIED",
      "extractor": "line_grammar/v1"
    },
    {
      "id": "hd-20261009-212841-eccdc1b3971d/baseline/0/2/claim/22",
      "candidate_id": "hd-20261009-212841-eccdc1b3971d/baseline/0/2",
      "kind": "ASSUMPTION",
      "text": "This family is distinct from the explored Wrigley-wind outfield family because it focuses on infield depth and lateral shading under the shift restrictions, using pitcher and count conditioning.",
      "status": "UNVERIFIED",
      "extractor": "line_grammar/v1"
    },
    {
      "id": "hd-20261009-212841-eccdc1b3971d/baseline/0/2/claim/23",
      "candidate_id": "hd-20261009-212841-eccdc1b3971d/baseline/0/2",
      "kind": "ASSUMPTION",
      "text": "Criterion (d) may fail if public starting-position data is too coarse or too delayed to support per-count conditioning.",
      "status": "UNVERIFIED",
      "extractor": "line_grammar/v1"
    },
    {
      "id": "hd-20261009-212841-eccdc1b3971d/baseline/0/2/claim/24",
      "candidate_id": "hd-20261009-212841-eccdc1b3971d/baseline/0/2",
      "kind": "UNKNOWN",
      "text": "public_fielder_starting_position_availability",
      "status": "UNVERIFIED",
      "extractor": "line_grammar/v1"
    },
    {
      "id": "hd-20261009-212841-eccdc1b3971d/baseline/0/2/claim/25",
      "candidate_id": "hd-20261009-212841-eccdc1b3971d/baseline/0/2",
      "kind": "IDEA",
      "text": "Intentional walks, infield-in and bunt decisions; owner manager; decision is a set of tactical calls made several times per game; historical cases are every base-out-score state where the option existed, very numerous league-wide; observable outcome is run expectancy and win probability change; simple baseline is generic run-expectancy tables or traditional rules; intervention is a state-plus-matchup model that accounts for the specific hitter, the on-deck hitter, the pitcher's walk and ground-ball tendencies, and the game state.",
      "status": "UNVERIFIED",
      "extractor": "line_grammar/v1"
    },
    {
      "id": "hd-20261009-212841-eccdc1b3971d/baseline/0/2/claim/26",
      "candidate_id": "hd-20261009-212841-eccdc1b3971d/baseline/0/2",
      "kind": "ASSUMPTION",
      "text": "Most clubs already use run-expectancy rules, so the edge would come only from matchup specificity, and that edge may be small.",
      "status": "UNVERIFIED",
      "extractor": "line_grammar/v1"
    },
    {
      "id": "hd-20261009-212841-eccdc1b3971d/baseline/0/2/claim/27",
      "candidate_id": "hd-20261009-212841-eccdc1b3971d/baseline/0/2",
      "kind": "ASSUMPTION",
      "text": "Criterion (c) likely fails on its own, so this family may only matter when bundled with other in-game tools.",
      "status": "UNVERIFIED",
      "extractor": "line_grammar/v1"
    },
    {
      "id": "hd-20261009-212841-eccdc1b3971d/baseline/0/2/claim/28",
      "candidate_id": "hd-20261009-212841-eccdc1b3971d/baseline/0/2",
      "kind": "UNKNOWN",
      "text": "cubs_current_tactical_rule_set",
      "status": "UNVERIFIED",
      "extractor": "line_grammar/v1"
    },
    {
      "id": "hd-20261009-212841-eccdc1b3971d/baseline/0/2/claim/29",
      "candidate_id": "hd-20261009-212841-eccdc1b3971d/baseline/0/2",
      "kind": "IDEA",
      "text": "Position-player rest-day scheduling; owner manager and performance staff; decision is who sits on a given day, made daily; historical cases are every player-game league-wide where a regular sat or played, many thousands per season; observable outcome is short-term performance and later injured-list placement; simple baseline is a fixed rest cadence or rest tied to day games after night games; intervention is scheduling that targets low-value days (opposing starter matchup, travel, park) for rest, plus public workload signals such as sprint-speed decline.",
      "status": "UNVERIFIED",
      "extractor": "line_grammar/v1"
    },
    {
      "id": "hd-20261009-212841-eccdc1b3971d/baseline/0/2/claim/30",
      "candidate_id": "hd-20261009-212841-eccdc1b3971d/baseline/0/2",
      "kind": "ASSUMPTION",
      "text": "Criterion (b) partly fails because injury causation is unobservable and injured-list placements are partly strategic.",
      "status": "UNVERIFIED",
      "extractor": "line_grammar/v1"
    },
    {
      "id": "hd-20261009-212841-eccdc1b3971d/baseline/0/2/claim/31",
      "candidate_id": "hd-20261009-212841-eccdc1b3971d/baseline/0/2",
      "kind": "ASSUMPTION",
      "text": "The schedule and travel parts overlap with the explored travel-and-rest family, so this idea is distinct only in its opponent-matchup targeting of rest days.",
      "status": "UNVERIFIED",
      "extractor": "line_grammar/v1"
    },
    {
      "id": "hd-20261009-212841-eccdc1b3971d/baseline/0/2/claim/32",
      "candidate_id": "hd-20261009-212841-eccdc1b3971d/baseline/0/2",
      "kind": "UNKNOWN",
      "text": "causal_link_between_rest_and_injury_in_public_data",
      "status": "UNVERIFIED",
      "extractor": "line_grammar/v1"
    },
    {
      "id": "hd-20261009-212841-eccdc1b3971d/baseline/0/2/claim/33",
      "candidate_id": "hd-20261009-212841-eccdc1b3971d/baseline/0/2",
      "kind": "IDEA",
      "text": "Minor-league level assignment and promotion timing (player development); owner farm director; decision is whether to promote, hold or demote a prospect between levels, made many times per season across the system; historical cases are every level transition league-wide in public minor-league records, numerous each season; observable outcome is performance at the next level and later career outcomes; simple baseline is an age-for-level plus performance threshold rule; intervention is a promotion-readiness estimate using public minor-league pitch tracking where available, such as contact quality, chase rate, and pitch shape, instead of surface results.",
      "status": "UNVERIFIED",
      "extractor": "line_grammar/v1"
    },
    {
      "id": "hd-20261009-212841-eccdc1b3971d/baseline/0/2/claim/34",
      "candidate_id": "hd-20261009-212841-eccdc1b3971d/baseline/0/2",
      "kind": "ASSUMPTION",
      "text": "This differs from the explored MLB call-up translation family because it covers transitions between minor-league levels, not translation to MLB.",
      "status": "UNVERIFIED",
      "extractor": "line_grammar/v1"
    },
    {
      "id": "hd-20261009-212841-eccdc1b3971d/baseline/0/2/claim/35",
      "candidate_id": "hd-20261009-212841-eccdc1b3971d/baseline/0/2",
      "kind": "ASSUMPTION",
      "text": "Criterion (b) weakens because the long-run outcomes appear only years later, and promotion is confounded by development quality and the player's own trajectory.",
      "status": "UNVERIFIED",
      "extractor": "line_grammar/v1"
    },
    {
      "id": "hd-20261009-212841-eccdc1b3971d/baseline/0/2/claim/36",
      "candidate_id": "hd-20261009-212841-eccdc1b3971d/baseline/0/2",
      "kind": "UNKNOWN",
      "text": "public_minor_league_tracking_coverage_by_level_and_year",
      "status": "UNVERIFIED",
      "extractor": "line_grammar/v1"
    },
    {
      "id": "hd-20261009-212841-eccdc1b3971d/baseline/0/2/claim/37",
      "candidate_id": "hd-20261009-212841-eccdc1b3971d/baseline/0/2",
      "kind": "IDEA",
      "text": "Waiver claims and designated-for-assignment pickups; owner front office; decision is whether to claim a player, made frequently across a season league-wide; historical cases are every waiver and designation transaction league-wide, numerous each season; observable outcome is the claimed player's later MLB value; simple baseline is to claim based on prior MLB performance or option status; intervention is ranking claim targets by underlying skill indicators (pitch quality, contact quality, defensive tracking metrics) relative to their recent results.",
      "status": "UNVERIFIED",
      "extractor": "line_grammar/v1"
    },
    {
      "id": "hd-20261009-212841-eccdc1b3971d/baseline/0/2/claim/38",
      "candidate_id": "hd-20261009-212841-eccdc1b3971d/baseline/0/2",
      "kind": "ASSUMPTION",
      "text": "Claim priority order limits access, so the realized value depends on waiver position, which is a counterparty-driven constraint.",
      "status": "UNVERIFIED",
      "extractor": "line_grammar/v1"
    },
    {
      "id": "hd-20261009-212841-eccdc1b3971d/baseline/0/2/claim/39",
      "candidate_id": "hd-20261009-212841-eccdc1b3971d/baseline/0/2",
      "kind": "ASSUMPTION",
      "text": "Criterion (c) may fail because most claimed players provide marginal value, though occasional hits may matter.",
      "status": "UNVERIFIED",
      "extractor": "line_grammar/v1"
    },
    {
      "id": "hd-20261009-212841-eccdc1b3971d/baseline/0/2/claim/40",
      "candidate_id": "hd-20261009-212841-eccdc1b3971d/baseline/0/2",
      "kind": "UNKNOWN",
      "text": "historical_waiver_claim_outcome_dataset_completeness",
      "status": "UNVERIFIED",
      "extractor": "line_grammar/v1"
    },
    {
      "id": "hd-20261009-212841-eccdc1b3971d/baseline/0/2/claim/41",
      "candidate_id": "hd-20261009-212841-eccdc1b3971d/baseline/0/2",
      "kind": "IDEA",
      "text": "Catcher game calling and pitch selection; owner catcher, pitching coach and advance scouting; decision is the pitch type and location per pitch, made on every pitch; historical cases are every pitch in public pitch-tracking data, extremely numerous; observable outcome is pitch run value; simple baseline is the pitcher's season pitch mix by count; intervention is a count-and-hitter-specific suggestion set for pre-game planning.",
      "status": "UNVERIFIED",
      "extractor": "line_grammar/v1"
    },
    {
      "id": "hd-20261009-212841-eccdc1b3971d/baseline/0/2/claim/42",
      "candidate_id": "hd-20261009-212841-eccdc1b3971d/baseline/0/2",
      "kind": "ASSUMPTION",
      "text": "This overlaps with the explored pitch-sequence predictability self-scout family, so it should be pursued only as an offense-side complement: what pitch the hitter is weakest against, rather than how predictable the pitcher is.",
      "status": "UNVERIFIED",
      "extractor": "line_grammar/v1"
    },
    {
      "id": "hd-20261009-212841-eccdc1b3971d/baseline/0/2/claim/43",
      "candidate_id": "hd-20261009-212841-eccdc1b3971d/baseline/0/2",
      "kind": "ASSUMPTION",
      "text": "Intended location is not public, so the outcome compares actual pitches, not the decision that was called.",
      "status": "UNVERIFIED",
      "extractor": "line_grammar/v1"
    },
    {
      "id": "hd-20261009-212841-eccdc1b3971d/baseline/0/2/claim/44",
      "candidate_id": "hd-20261009-212841-eccdc1b3971d/baseline/0/2",
      "kind": "UNKNOWN",
      "text": "intended_pitch_location_data",
      "status": "UNVERIFIED",
      "extractor": "line_grammar/v1"
    },
    {
      "id": "hd-20261009-212841-eccdc1b3971d/baseline/0/2/claim/45",
      "candidate_id": "hd-20261009-212841-eccdc1b3971d/baseline/0/2",
      "kind": "IDEA",
      "text": "Lineup batting order construction; owner manager; decision is the batting order, made daily; historical cases are every lineup league-wide, numerous; observable outcome is runs scored; simple baseline is a conventional order; intervention is optimization by on-base and power estimates against the specific starter.",
      "status": "UNVERIFIED",
      "extractor": "line_grammar/v1"
    },
    {
      "id": "hd-20261009-212841-eccdc1b3971d/baseline/0/2/claim/46",
      "candidate_id": "hd-20261009-212841-eccdc1b3971d/baseline/0/2",
      "kind": "ASSUMPTION",
      "text": "Prior public analysis suggests batting-order gains are small, so criterion (c) likely fails and this idea should serve mainly as a negative control.",
      "status": "UNVERIFIED",
      "extractor": "line_grammar/v1"
    },
    {
      "id": "hd-20261009-212841-eccdc1b3971d/baseline/0/2/claim/47",
      "candidate_id": "hd-20261009-212841-eccdc1b3971d/baseline/0/2",
      "kind": "UNKNOWN",
      "text": "batting_order_effect_size_in_current_run_environment",
      "status": "UNVERIFIED",
      "extractor": "line_grammar/v1"
    },
    {
      "id": "hd-20261009-212841-eccdc1b3971d/baseline/0/2/claim/48",
      "candidate_id": "hd-20261009-212841-eccdc1b3971d/baseline/0/2",
      "kind": "UNKNOWN",
      "text": "cubs_private_decision_rules_any_family",
      "status": "UNVERIFIED",
      "extractor": "line_grammar/v1"
    },
    {
      "id": "hd-20261009-212841-eccdc1b3971d/baseline/0/2/claim/49",
      "candidate_id": "hd-20261009-212841-eccdc1b3971d/baseline/0/2",
      "kind": "UNKNOWN",
      "text": "evidence_supplied_for_any_family",
      "status": "UNVERIFIED",
      "extractor": "line_grammar/v1"
    },
    {
      "id": "hd-20261009-212841-eccdc1b3971d/candidates/0/0/claim/1",
      "candidate_id": "hd-20261009-212841-eccdc1b3971d/candidates/0/0",
      "kind": "IDEA",
      "text": "Third-base coach send/hold decisions; owner is the third-base coach with an advance and analytics staff; the decision comes up in nearly every game whenever a runner could try for home on a single or fly ball; league-wide historical cases number in the thousands per season through public play-by-play and tracking feeds; the observable outcome is safe, out, or held and the scoring that followed; the simple baseline is the coach's judgment plus a fixed rule like \"send with two outs\"; the intervention is a pregame card estimating break-even send probability by out, score, inning, runner sprint speed, fielder arm strength and fielder distance.",
      "status": "UNVERIFIED",
      "extractor": "line_grammar/v1"
    },
    {
      "id": "hd-20261009-212841-eccdc1b3971d/candidates/0/0/claim/2",
      "candidate_id": "hd-20261009-212841-eccdc1b3971d/candidates/0/0",
      "kind": "ASSUMPTION",
      "text": "Public tracking data records fielder throw distance, arm strength and runner position at the moment of the send decision accurately enough to rebuild the counterfactual for held runners.",
      "status": "UNVERIFIED",
      "extractor": "line_grammar/v1"
    },
    {
      "id": "hd-20261009-212841-eccdc1b3971d/candidates/0/0/claim/3",
      "candidate_id": "hd-20261009-212841-eccdc1b3971d/candidates/0/0",
      "kind": "ASSUMPTION",
      "text": "Held runners are a selected sample, so retrospective tests will be biased unless they model what would have happened on holds.",
      "status": "UNVERIFIED",
      "extractor": "line_grammar/v1"
    },
    {
      "id": "hd-20261009-212841-eccdc1b3971d/candidates/0/0/claim/4",
      "candidate_id": "hd-20261009-212841-eccdc1b3971d/candidates/0/0",
      "kind": "ASSUMPTION",
      "text": "Criterion (c) may fail if sends with a real edge are rare per club-season and most decisions are already obvious.",
      "status": "UNVERIFIED",
      "extractor": "line_grammar/v1"
    },
    {
      "id": "hd-20261009-212841-eccdc1b3971d/candidates/0/0/claim/5",
      "candidate_id": "hd-20261009-212841-eccdc1b3971d/candidates/0/0",
      "kind": "UNKNOWN",
      "text": "club_send_hold_baseline_policy",
      "status": "UNVERIFIED",
      "extractor": "line_grammar/v1"
    },
    {
      "id": "hd-20261009-212841-eccdc1b3971d/candidates/0/0/claim/6",
      "candidate_id": "hd-20261009-212841-eccdc1b3971d/candidates/0/0",
      "kind": "UNKNOWN",
      "text": "public_tracking_coverage_for_held_runners",
      "status": "UNVERIFIED",
      "extractor": "line_grammar/v1"
    },
    {
      "id": "hd-20261009-212841-eccdc1b3971d/candidates/0/0/claim/7",
      "candidate_id": "hd-20261009-212841-eccdc1b3971d/candidates/0/0",
      "kind": "IDEA",
      "text": "Starting pitcher removal timing; owner is the manager and pitching coach; the decision comes up every game, with several candidate moments per start; league-wide cases number in the thousands of starts per season, each with many decision points, in public pitch-by-pitch data; the observable outcome is run expectancy change after the pull or stay, plus later reliever workload; the simple baseline is a pitch-count or times-through-order rule; the intervention is a live estimate of the starter's current effectiveness from velocity, release and command drift compared with the specific available reliever.",
      "status": "UNVERIFIED",
      "extractor": "line_grammar/v1"
    },
    {
      "id": "hd-20261009-212841-eccdc1b3971d/candidates/0/0/claim/8",
      "candidate_id": "hd-20261009-212841-eccdc1b3971d/candidates/0/0",
      "kind": "ASSUMPTION",
      "text": "Within-game velocity and command decline predicts near-term run prevention beyond what times-through-order already captures.",
      "status": "UNVERIFIED",
      "extractor": "line_grammar/v1"
    },
    {
      "id": "hd-20261009-212841-eccdc1b3971d/candidates/0/0/claim/9",
      "candidate_id": "hd-20261009-212841-eccdc1b3971d/candidates/0/0",
      "kind": "ASSUMPTION",
      "text": "Counterfactual outcomes for the pitcher not used cannot be observed, so the evaluation relies on modeled rather than observed outcomes; this weakens (b).",
      "status": "UNVERIFIED",
      "extractor": "line_grammar/v1"
    },
    {
      "id": "hd-20261009-212841-eccdc1b3971d/candidates/0/0/claim/10",
      "candidate_id": "hd-20261009-212841-eccdc1b3971d/candidates/0/0",
      "kind": "ASSUMPTION",
      "text": "Workload carryover to later games, and the resulting injury risk, may outweigh single-game gains and is poorly observable in public data.",
      "status": "UNVERIFIED",
      "extractor": "line_grammar/v1"
    },
    {
      "id": "hd-20261009-212841-eccdc1b3971d/candidates/0/0/claim/11",
      "candidate_id": "hd-20261009-212841-eccdc1b3971d/candidates/0/0",
      "kind": "UNKNOWN",
      "text": "club_current_pull_rule",
      "status": "UNVERIFIED",
      "extractor": "line_grammar/v1"
    },
    {
      "id": "hd-20261009-212841-eccdc1b3971d/candidates/0/0/claim/12",
      "candidate_id": "hd-20261009-212841-eccdc1b3971d/candidates/0/0",
      "kind": "UNKNOWN",
      "text": "reliever_availability_ground_truth_for_own_club",
      "status": "UNVERIFIED",
      "extractor": "line_grammar/v1"
    },
    {
      "id": "hd-20261009-212841-eccdc1b3971d/candidates/0/0/claim/13",
      "candidate_id": "hd-20261009-212841-eccdc1b3971d/candidates/0/0",
      "kind": "IDEA",
      "text": "Stolen base and pickoff attempt choices under the pitch-clock disengagement limits; owners are the first-base coach, the manager and the runner; the decision comes up many times per game; league-wide cases number in the thousands of attempts and far more non-attempts per season in public data; the observable outcome is success, caught, pickoff or balk, plus the base-out state; the simple baseline is a green light for runners above a sprint-speed threshold; the intervention is a per-matchup estimate combining pitcher time to plate, catcher pop time, disengagements remaining, count and lead distance.",
      "status": "UNVERIFIED",
      "extractor": "line_grammar/v1"
    },
    {
      "id": "hd-20261009-212841-eccdc1b3971d/candidates/0/0/claim/14",
      "candidate_id": "hd-20261009-212841-eccdc1b3971d/candidates/0/0",
      "kind": "ASSUMPTION",
      "text": "Lead distance and jump data are publicly available at enough resolution to model non-attempts, not just attempts.",
      "status": "UNVERIFIED",
      "extractor": "line_grammar/v1"
    },
    {
      "id": "hd-20261009-212841-eccdc1b3971d/candidates/0/0/claim/15",
      "candidate_id": "hd-20261009-212841-eccdc1b3971d/candidates/0/0",
      "kind": "ASSUMPTION",
      "text": "League-wide adaptation since the rule change may have already removed most of the edge, which threatens (c).",
      "status": "UNVERIFIED",
      "extractor": "line_grammar/v1"
    },
    {
      "id": "hd-20261009-212841-eccdc1b3971d/candidates/0/0/claim/16",
      "candidate_id": "hd-20261009-212841-eccdc1b3971d/candidates/0/0",
      "kind": "UNKNOWN",
      "text": "public_lead_distance_data_availability",
      "status": "UNVERIFIED",
      "extractor": "line_grammar/v1"
    },
    {
      "id": "hd-20261009-212841-eccdc1b3971d/candidates/0/0/claim/17",
      "candidate_id": "hd-20261009-212841-eccdc1b3971d/candidates/0/0",
      "kind": "UNKNOWN",
      "text": "club_baserunning_green_light_policy",
      "status": "UNVERIFIED",
      "extractor": "line_grammar/v1"
    },
    {
      "id": "hd-20261009-212841-eccdc1b3971d/candidates/0/0/claim/18",
      "candidate_id": "hd-20261009-212841-eccdc1b3971d/candidates/0/0",
      "kind": "IDEA",
      "text": "Daily lineup rest-day selection for position players; owner is the manager with the performance staff; the decision comes up daily across a 162-game season; league-wide cases number in the thousands of player-days rested or played per season through public lineup cards; the observable outcome is next-game and next-week batted-ball quality, sprint speed trends, and later injured-list placements; the simple baseline is a fixed rest cadence or day-game-after-night-game rule; the intervention is a fatigue signal from public sprint speed, bat speed and exit velocity trends that suggests which days to rest.",
      "status": "UNVERIFIED",
      "extractor": "line_grammar/v1"
    },
    {
      "id": "hd-20261009-212841-eccdc1b3971d/candidates/0/0/claim/19",
      "candidate_id": "hd-20261009-212841-eccdc1b3971d/candidates/0/0",
      "kind": "ASSUMPTION",
      "text": "Public bat-speed and sprint-speed drift reflects fatigue rather than noise, swing changes or undisclosed minor injuries.",
      "status": "UNVERIFIED",
      "extractor": "line_grammar/v1"
    },
    {
      "id": "hd-20261009-212841-eccdc1b3971d/candidates/0/0/claim/20",
      "candidate_id": "hd-20261009-212841-eccdc1b3971d/candidates/0/0",
      "kind": "ASSUMPTION",
      "text": "Without private workload and medical data, (d) may fail because the club already holds much better information than the public signal.",
      "status": "UNVERIFIED",
      "extractor": "line_grammar/v1"
    },
    {
      "id": "hd-20261009-212841-eccdc1b3971d/candidates/0/0/claim/21",
      "candidate_id": "hd-20261009-212841-eccdc1b3971d/candidates/0/0",
      "kind": "ASSUMPTION",
      "text": "The value per correctly timed rest day may be too small to reach (c) unless it prevents injured-list stints.",
      "status": "UNVERIFIED",
      "extractor": "line_grammar/v1"
    },
    {
      "id": "hd-20261009-212841-eccdc1b3971d/candidates/0/0/claim/22",
      "candidate_id": "hd-20261009-212841-eccdc1b3971d/candidates/0/0",
      "kind": "UNKNOWN",
      "text": "link_between_public_fatigue_signal_and_injury",
      "status": "UNVERIFIED",
      "extractor": "line_grammar/v1"
    },
    {
      "id": "hd-20261009-212841-eccdc1b3971d/candidates/0/0/claim/23",
      "candidate_id": "hd-20261009-212841-eccdc1b3971d/candidates/0/0",
      "kind": "UNKNOWN",
      "text": "club_internal_rest_protocol",
      "status": "UNVERIFIED",
      "extractor": "line_grammar/v1"
    },
    {
      "id": "hd-20261009-212841-eccdc1b3971d/candidates/0/0/claim/24",
      "candidate_id": "hd-20261009-212841-eccdc1b3971d/candidates/0/0",
      "kind": "IDEA",
      "text": "Promotions between minor-league levels; owner is the farm director; the decision comes up continuously across the season; league-wide cases number in the hundreds to thousands of promotions per season through public MiLB transactions; the observable outcome is performance at the new level and time to the next promotion or demotion; the simple baseline is promoting on surface stats or age-for-level; the intervention ranks promotion readiness using public Statcast-style minor-league tracking (where it exists), plate discipline and contact quality rather than surface outcomes.",
      "status": "UNVERIFIED",
      "extractor": "line_grammar/v1"
    },
    {
      "id": "hd-20261009-212841-eccdc1b3971d/candidates/0/0/claim/25",
      "candidate_id": "hd-20261009-212841-eccdc1b3971d/candidates/0/0",
      "kind": "ASSUMPTION",
      "text": "Promotion outcomes are confounded because only players already judged ready get promoted, so a retrospective test needs a quasi-experimental design.",
      "status": "UNVERIFIED",
      "extractor": "line_grammar/v1"
    },
    {
      "id": "hd-20261009-212841-eccdc1b3971d/candidates/0/0/claim/26",
      "candidate_id": "hd-20261009-212841-eccdc1b3971d/candidates/0/0",
      "kind": "ASSUMPTION",
      "text": "Public minor-league tracking coverage differs by level and year, which may break (d) at the lower levels.",
      "status": "UNVERIFIED",
      "extractor": "line_grammar/v1"
    },
    {
      "id": "hd-20261009-212841-eccdc1b3971d/candidates/0/0/claim/27",
      "candidate_id": "hd-20261009-212841-eccdc1b3971d/candidates/0/0",
      "kind": "ASSUMPTION",
      "text": "The value of better promotion timing may only show up years later, which delays observing (b).",
      "status": "UNVERIFIED",
      "extractor": "line_grammar/v1"
    },
    {
      "id": "hd-20261009-212841-eccdc1b3971d/candidates/0/0/claim/28",
      "candidate_id": "hd-20261009-212841-eccdc1b3971d/candidates/0/0",
      "kind": "UNKNOWN",
      "text": "public_milb_tracking_coverage_by_level_year",
      "status": "UNVERIFIED",
      "extractor": "line_grammar/v1"
    },
    {
      "id": "hd-20261009-212841-eccdc1b3971d/candidates/0/0/claim/29",
      "candidate_id": "hd-20261009-212841-eccdc1b3971d/candidates/0/0",
      "kind": "UNKNOWN",
      "text": "club_promotion_criteria",
      "status": "UNVERIFIED",
      "extractor": "line_grammar/v1"
    },
    {
      "id": "hd-20261009-212841-eccdc1b3971d/candidates/0/0/claim/30",
      "candidate_id": "hd-20261009-212841-eccdc1b3971d/candidates/0/0",
      "kind": "IDEA",
      "text": "Waiver claims on designated-for-assignment players; owner is the front office; the decision comes up weekly or more often during the season; league-wide cases number in the hundreds of DFAs per season in public transaction logs; the observable outcome is whether claimed players produce value or are quickly DFA'd again; the simple baseline is claiming based on prior MLB results and options remaining; the intervention flags DFA'd players whose underlying pitch quality or contact metrics far exceed their surface results.",
      "status": "UNVERIFIED",
      "extractor": "line_grammar/v1"
    },
    {
      "id": "hd-20261009-212841-eccdc1b3971d/candidates/0/0/claim/31",
      "candidate_id": "hd-20261009-212841-eccdc1b3971d/candidates/0/0",
      "kind": "ASSUMPTION",
      "text": "Waiver priority and counterparty claims limit which players a club can actually acquire, which weakens control over the outcome.",
      "status": "UNVERIFIED",
      "extractor": "line_grammar/v1"
    },
    {
      "id": "hd-20261009-212841-eccdc1b3971d/candidates/0/0/claim/32",
      "candidate_id": "hd-20261009-212841-eccdc1b3971d/candidates/0/0",
      "kind": "ASSUMPTION",
      "text": "This overlaps the minor-league free agent triage family, which tied a prior-MLB-time rule, so the edge may again be small.",
      "status": "UNVERIFIED",
      "extractor": "line_grammar/v1"
    },
    {
      "id": "hd-20261009-212841-eccdc1b3971d/candidates/0/0/claim/33",
      "candidate_id": "hd-20261009-212841-eccdc1b3971d/candidates/0/0",
      "kind": "UNKNOWN",
      "text": "claim_success_rate_given_waiver_priority",
      "status": "UNVERIFIED",
      "extractor": "line_grammar/v1"
    },
    {
      "id": "hd-20261009-212841-eccdc1b3971d/candidates/0/0/claim/34",
      "candidate_id": "hd-20261009-212841-eccdc1b3971d/candidates/0/0",
      "kind": "UNKNOWN",
      "text": "differentiation_from_R001_result",
      "status": "UNVERIFIED",
      "extractor": "line_grammar/v1"
    },
    {
      "id": "hd-20261009-212841-eccdc1b3971d/candidates/0/0/claim/35",
      "candidate_id": "hd-20261009-212841-eccdc1b3971d/candidates/0/0",
      "kind": "IDEA",
      "text": "Bullpen warm-up decisions, including relievers who warm but do not enter; owner is the manager and bullpen coach; the decision comes up most games; league-wide historical cases are poorly recorded in public data; the outcome is reliever effectiveness and availability on following days; the simple baseline is warming on fixed triggers like a baserunner in a late close game; the intervention estimates the cost of a warm-up against the likelihood the reliever will be needed.",
      "status": "UNVERIFIED",
      "extractor": "line_grammar/v1"
    },
    {
      "id": "hd-20261009-212841-eccdc1b3971d/candidates/0/0/claim/36",
      "candidate_id": "hd-20261009-212841-eccdc1b3971d/candidates/0/0",
      "kind": "ASSUMPTION",
      "text": "Criterion (b) likely fails because public data rarely records warm-ups that do not lead to an appearance.",
      "status": "UNVERIFIED",
      "extractor": "line_grammar/v1"
    },
    {
      "id": "hd-20261009-212841-eccdc1b3971d/candidates/0/0/claim/37",
      "candidate_id": "hd-20261009-212841-eccdc1b3971d/candidates/0/0",
      "kind": "ASSUMPTION",
      "text": "This could only be tested on the club's own private logs, which limits league-wide statistical power under (a).",
      "status": "UNVERIFIED",
      "extractor": "line_grammar/v1"
    },
    {
      "id": "hd-20261009-212841-eccdc1b3971d/candidates/0/0/claim/38",
      "candidate_id": "hd-20261009-212841-eccdc1b3971d/candidates/0/0",
      "kind": "UNKNOWN",
      "text": "public_warmup_records_existence",
      "status": "UNVERIFIED",
      "extractor": "line_grammar/v1"
    },
    {
      "id": "hd-20261009-212841-eccdc1b3971d/candidates/0/0/claim/39",
      "candidate_id": "hd-20261009-212841-eccdc1b3971d/candidates/0/0",
      "kind": "IDEA",
      "text": "Catcher assignment for each starting pitcher; owner is the manager; the decision comes up daily; league-wide cases number in the thousands of pitcher-catcher pairings per season through public lineups and pitch data; the observable outcome is called-strike rate, pitch results and runs allowed for each pairing; the simple baseline is a fixed personal-catcher arrangement or the regular starter catching; the intervention estimates pairing-specific effects on called strikes and pitch-mix execution.",
      "status": "UNVERIFIED",
      "extractor": "line_grammar/v1"
    },
    {
      "id": "hd-20261009-212841-eccdc1b3971d/candidates/0/0/claim/40",
      "candidate_id": "hd-20261009-212841-eccdc1b3971d/candidates/0/0",
      "kind": "ASSUMPTION",
      "text": "Pairing effects are distinct and stable beyond each catcher's individual framing skill; this may not hold.",
      "status": "UNVERIFIED",
      "extractor": "line_grammar/v1"
    },
    {
      "id": "hd-20261009-212841-eccdc1b3971d/candidates/0/0/claim/41",
      "candidate_id": "hd-20261009-212841-eccdc1b3971d/candidates/0/0",
      "kind": "ASSUMPTION",
      "text": "The automated ball-strike challenge system could shrink framing value, which threatens (c) going forward.",
      "status": "UNVERIFIED",
      "extractor": "line_grammar/v1"
    },
    {
      "id": "hd-20261009-212841-eccdc1b3971d/candidates/0/0/claim/42",
      "candidate_id": "hd-20261009-212841-eccdc1b3971d/candidates/0/0",
      "kind": "UNKNOWN",
      "text": "pairing_effect_stability",
      "status": "UNVERIFIED",
      "extractor": "line_grammar/v1"
    },
    {
      "id": "hd-20261009-212841-eccdc1b3971d/candidates/0/0/claim/43",
      "candidate_id": "hd-20261009-212841-eccdc1b3971d/candidates/0/0",
      "kind": "UNKNOWN",
      "text": "abs_impact_on_framing_value",
      "status": "UNVERIFIED",
      "extractor": "line_grammar/v1"
    },
    {
      "id": "hd-20261009-212841-eccdc1b3971d/candidates/0/0/claim/44",
      "candidate_id": "hd-20261009-212841-eccdc1b3971d/candidates/0/0",
      "kind": "IDEA",
      "text": "Intentional walk, infield-in and bunt choices in close late-game situations; owner is the manager; the decision comes up a few times per week; league-wide cases number in the thousands per season in public play-by-play; the observable outcome is the change in win expectancy; the simple baseline is a generic win-expectancy chart; the intervention adjusts for the specific batter, on-deck hitter, pitcher and fielder ranges.",
      "status": "UNVERIFIED",
      "extractor": "line_grammar/v1"
    },
    {
      "id": "hd-20261009-212841-eccdc1b3971d/candidates/0/0/claim/45",
      "candidate_id": "hd-20261009-212841-eccdc1b3971d/candidates/0/0",
      "kind": "ASSUMPTION",
      "text": "Criterion (c) may fail because these decisions are already well studied and the gains left at the margin are small.",
      "status": "UNVERIFIED",
      "extractor": "line_grammar/v1"
    },
    {
      "id": "hd-20261009-212841-eccdc1b3971d/candidates/0/0/claim/46",
      "candidate_id": "hd-20261009-212841-eccdc1b3971d/candidates/0/0",
      "kind": "ASSUMPTION",
      "text": "Treating many small decisions as summing to a meaningful season value assumes they are independent and the effects do not cancel; this is unverified.",
      "status": "UNVERIFIED",
      "extractor": "line_grammar/v1"
    },
    {
      "id": "hd-20261009-212841-eccdc1b3971d/candidates/0/0/claim/47",
      "candidate_id": "hd-20261009-212841-eccdc1b3971d/candidates/0/0",
      "kind": "UNKNOWN",
      "text": "residual_edge_over_public_win_expectancy_tables",
      "status": "UNVERIFIED",
      "extractor": "line_grammar/v1"
    },
    {
      "id": "hd-20261009-212841-eccdc1b3971d/candidates/0/0/claim/48",
      "candidate_id": "hd-20261009-212841-eccdc1b3971d/candidates/0/0",
      "kind": "ASSUMPTION",
      "text": "Across all families, a high number of league-wide cases does not guarantee power if the true edge per decision is tiny compared with game-outcome noise.",
      "status": "UNVERIFIED",
      "extractor": "line_grammar/v1"
    },
    {
      "id": "hd-20261009-212841-eccdc1b3971d/candidates/0/0/claim/49",
      "candidate_id": "hd-20261009-212841-eccdc1b3971d/candidates/0/0",
      "kind": "ASSUMPTION",
      "text": "The club may already run equivalent tools, so the real baseline may be stronger than any simple rule assumed here.",
      "status": "UNVERIFIED",
      "extractor": "line_grammar/v1"
    },
    {
      "id": "hd-20261009-212841-eccdc1b3971d/candidates/0/0/claim/50",
      "candidate_id": "hd-20261009-212841-eccdc1b3971d/candidates/0/0",
      "kind": "UNKNOWN",
      "text": "cubs_existing_tooling_for_in_game_decisions",
      "status": "UNVERIFIED",
      "extractor": "line_grammar/v1"
    },
    {
      "id": "hd-20261009-212841-eccdc1b3971d/candidates/0/0/claim/51",
      "candidate_id": "hd-20261009-212841-eccdc1b3971d/candidates/0/0",
      "kind": "UNKNOWN",
      "text": "supplied_evidence",
      "status": "UNVERIFIED",
      "extractor": "line_grammar/v1"
    },
    {
      "id": "hd-20261009-212841-eccdc1b3971d/candidates/0/1/claim/1",
      "candidate_id": "hd-20261009-212841-eccdc1b3971d/candidates/0/1",
      "kind": "IDEA",
      "text": "Third-base coach send/hold decisions. Owner: third-base coach, with input from the advance and analytics staff. Decision: send or hold a runner on singles and doubles with a play at the plate possible, several times per series. Cases: every club generates these each season, and public tracking data covers multiple seasons, so league-wide cases are numerous. Outcome: safe, out, or held, and the resulting run expectancy, all publicly observable. Baseline: the coach's judgment, or a rule keyed only to runner sprint speed. Intervention: a pre-pitch card combining runner sprint speed, each outfielder's public arm strength and transfer time, outs, inning, score and on-deck hitter quality, giving a break-even send probability per situation.",
      "status": "UNVERIFIED",
      "extractor": "line_grammar/v1"
    },
    {
      "id": "hd-20261009-212841-eccdc1b3971d/candidates/0/1/claim/2",
      "candidate_id": "hd-20261009-212841-eccdc1b3971d/candidates/0/1",
      "kind": "ASSUMPTION",
      "text": "Fails (a) partly, because only sends produce an observed safe/out outcome; holds are censored, so tests of the counterfactual send depend on modeled throw outcomes.",
      "status": "UNVERIFIED",
      "extractor": "line_grammar/v1"
    },
    {
      "id": "hd-20261009-212841-eccdc1b3971d/candidates/0/1/claim/3",
      "candidate_id": "hd-20261009-212841-eccdc1b3971d/candidates/0/1",
      "kind": "ASSUMPTION",
      "text": "Fails (c) possibly, because aggregate run value per club-season may be small unless current coaching is systematically too conservative or too aggressive.",
      "status": "UNVERIFIED",
      "extractor": "line_grammar/v1"
    },
    {
      "id": "hd-20261009-212841-eccdc1b3971d/candidates/0/1/claim/4",
      "candidate_id": "hd-20261009-212841-eccdc1b3971d/candidates/0/1",
      "kind": "ASSUMPTION",
      "text": "Fails (d) possibly, because clubs may already give coaches arm-strength cards; public data may not show what the coach actually used.",
      "status": "UNVERIFIED",
      "extractor": "line_grammar/v1"
    },
    {
      "id": "hd-20261009-212841-eccdc1b3971d/candidates/0/1/claim/5",
      "candidate_id": "hd-20261009-212841-eccdc1b3971d/candidates/0/1",
      "kind": "UNKNOWN",
      "text": "league_wide_send_hold_case_count_per_season",
      "status": "UNVERIFIED",
      "extractor": "line_grammar/v1"
    },
    {
      "id": "hd-20261009-212841-eccdc1b3971d/candidates/0/1/claim/6",
      "candidate_id": "hd-20261009-212841-eccdc1b3971d/candidates/0/1",
      "kind": "UNKNOWN",
      "text": "whether_public_tracking_records_held_runner_opportunities_consistently",
      "status": "UNVERIFIED",
      "extractor": "line_grammar/v1"
    },
    {
      "id": "hd-20261009-212841-eccdc1b3971d/candidates/0/1/claim/7",
      "candidate_id": "hd-20261009-212841-eccdc1b3971d/candidates/0/1",
      "kind": "IDEA",
      "text": "Starting pitcher removal timing within a game. Owner: manager and pitching coach. Decision: remove or continue the starter at each batter boundary from the middle innings onward, every start. Cases: every start league-wide over many seasons, so the number of decision points is far larger than the number of starts. Outcome: the plate-appearance outcomes that follow, publicly observable. Baseline: a pitch-count threshold or times-through-order rule. Intervention: a per-batter estimate of starter-versus-reliever expected run value using within-game velocity and spin decay, upcoming hitter handedness and quality, and the reliever availability already known to the club.",
      "status": "UNVERIFIED",
      "extractor": "line_grammar/v1"
    },
    {
      "id": "hd-20261009-212841-eccdc1b3971d/candidates/0/1/claim/8",
      "candidate_id": "hd-20261009-212841-eccdc1b3971d/candidates/0/1",
      "kind": "ASSUMPTION",
      "text": "Fails (a) in the causal sense, because pitchers left in are selected for looking good, so naive retrospective comparisons are confounded.",
      "status": "UNVERIFIED",
      "extractor": "line_grammar/v1"
    },
    {
      "id": "hd-20261009-212841-eccdc1b3971d/candidates/0/1/claim/9",
      "candidate_id": "hd-20261009-212841-eccdc1b3971d/candidates/0/1",
      "kind": "ASSUMPTION",
      "text": "Overlaps with the explored bullpen-availability family; it is distinct only if the focus is on the starter's in-game decay signal rather than the bullpen's state.",
      "status": "UNVERIFIED",
      "extractor": "line_grammar/v1"
    },
    {
      "id": "hd-20261009-212841-eccdc1b3971d/candidates/0/1/claim/10",
      "candidate_id": "hd-20261009-212841-eccdc1b3971d/candidates/0/1",
      "kind": "ASSUMPTION",
      "text": "Fails (c) partly, because the long-run cost of starter workload, such as injury, is not observed within the game, so short-run run value may overstate the gain.",
      "status": "UNVERIFIED",
      "extractor": "line_grammar/v1"
    },
    {
      "id": "hd-20261009-212841-eccdc1b3971d/candidates/0/1/claim/11",
      "candidate_id": "hd-20261009-212841-eccdc1b3971d/candidates/0/1",
      "kind": "UNKNOWN",
      "text": "magnitude_of_within_game_velocity_decay_signal_beyond_pitch_count",
      "status": "UNVERIFIED",
      "extractor": "line_grammar/v1"
    },
    {
      "id": "hd-20261009-212841-eccdc1b3971d/candidates/0/1/claim/12",
      "candidate_id": "hd-20261009-212841-eccdc1b3971d/candidates/0/1",
      "kind": "IDEA",
      "text": "Infield-in versus infield-back with a runner on third and fewer than two outs. Owner: manager and infield coach. Decision: infield depth on each qualifying plate appearance, many times per season. Cases: the base-out state recurs throughout every season for all clubs, and public tracking includes fielder positioning, so cases are numerous. Outcome: whether the run scored, hit or out, and the batted-ball result, all public. Baseline: infield in late and close, back otherwise. Intervention: a batter- and pitcher-specific ground-ball and exit-velocity model plus runner speed, giving the break-even inning and score for each matchup.",
      "status": "UNVERIFIED",
      "extractor": "line_grammar/v1"
    },
    {
      "id": "hd-20261009-212841-eccdc1b3971d/candidates/0/1/claim/13",
      "candidate_id": "hd-20261009-212841-eccdc1b3971d/candidates/0/1",
      "kind": "ASSUMPTION",
      "text": "Fails (c) possibly, because the situation is frequent but the per-decision value difference may be small.",
      "status": "UNVERIFIED",
      "extractor": "line_grammar/v1"
    },
    {
      "id": "hd-20261009-212841-eccdc1b3971d/candidates/0/1/claim/14",
      "candidate_id": "hd-20261009-212841-eccdc1b3971d/candidates/0/1",
      "kind": "ASSUMPTION",
      "text": "Fails (a) partly, because public positioning data may not distinguish deliberate infield-in from shading, and the 2023 shift restrictions changed the feasible alignments, which shortens the comparable history.",
      "status": "UNVERIFIED",
      "extractor": "line_grammar/v1"
    },
    {
      "id": "hd-20261009-212841-eccdc1b3971d/candidates/0/1/claim/15",
      "candidate_id": "hd-20261009-212841-eccdc1b3971d/candidates/0/1",
      "kind": "UNKNOWN",
      "text": "whether_public_positioning_data_labels_infield_in_reliably_across_seasons",
      "status": "UNVERIFIED",
      "extractor": "line_grammar/v1"
    },
    {
      "id": "hd-20261009-212841-eccdc1b3971d/candidates/0/1/claim/16",
      "candidate_id": "hd-20261009-212841-eccdc1b3971d/candidates/0/1",
      "kind": "IDEA",
      "text": "Minor-league level-promotion timing. Owner: player development director and farm director. Decision: promote, hold or demote a player between minor-league levels, evaluated continually and acted on many times per season. Cases: all 30 organizations move many players between levels each season, and public minor-league transaction and stat records exist, so cases are numerous. Outcome: performance and strikeout/walk changes at the new level, and eventual MLB arrival, publicly observable with lags. Baseline: promote after a fixed time at a level or when surface stats such as OPS or ERA cross a threshold. Intervention: a model favoring stable, fast-stabilizing indicators (contact rate, chase rate, minor-league tracking where public, strikeout-minus-walk rate) and age-relative-to-level, estimating the probability of success at the next level.",
      "status": "UNVERIFIED",
      "extractor": "line_grammar/v1"
    },
    {
      "id": "hd-20261009-212841-eccdc1b3971d/candidates/0/1/claim/17",
      "candidate_id": "hd-20261009-212841-eccdc1b3971d/candidates/0/1",
      "kind": "ASSUMPTION",
      "text": "Fails (a) causally, because promotion decisions are selected on private information, so retrospective tests compare promoted players to held ones who differ in unobserved ways.",
      "status": "UNVERIFIED",
      "extractor": "line_grammar/v1"
    },
    {
      "id": "hd-20261009-212841-eccdc1b3971d/candidates/0/1/claim/18",
      "candidate_id": "hd-20261009-212841-eccdc1b3971d/candidates/0/1",
      "kind": "ASSUMPTION",
      "text": "Fails (b) partly, because the long-run development outcome is delayed by years and confounded by injuries and later coaching.",
      "status": "UNVERIFIED",
      "extractor": "line_grammar/v1"
    },
    {
      "id": "hd-20261009-212841-eccdc1b3971d/candidates/0/1/claim/19",
      "candidate_id": "hd-20261009-212841-eccdc1b3971d/candidates/0/1",
      "kind": "ASSUMPTION",
      "text": "Fails (d) possibly, because minor-league tracking data are less public than MLB data and access may be restricted.",
      "status": "UNVERIFIED",
      "extractor": "line_grammar/v1"
    },
    {
      "id": "hd-20261009-212841-eccdc1b3971d/candidates/0/1/claim/20",
      "candidate_id": "hd-20261009-212841-eccdc1b3971d/candidates/0/1",
      "kind": "UNKNOWN",
      "text": "public_availability_of_minor_league_tracking_metrics_by_level_and_season",
      "status": "UNVERIFIED",
      "extractor": "line_grammar/v1"
    },
    {
      "id": "hd-20261009-212841-eccdc1b3971d/candidates/0/1/claim/21",
      "candidate_id": "hd-20261009-212841-eccdc1b3971d/candidates/0/1",
      "kind": "UNKNOWN",
      "text": "whether_too_early_promotion_has_measurable_developmental_harm",
      "status": "UNVERIFIED",
      "extractor": "line_grammar/v1"
    },
    {
      "id": "hd-20261009-212841-eccdc1b3971d/candidates/0/1/claim/22",
      "candidate_id": "hd-20261009-212841-eccdc1b3971d/candidates/0/1",
      "kind": "IDEA",
      "text": "Minor-league pitcher workload and progression limits. Owner: player development and the medical/performance staff. Decision: innings, pitch-count and rest limits for each developing pitcher, set every outing. Cases: a large number of outings each season across all organizations. Outcome: public injured-list placements, velocity changes and missed time, observable with noise. Baseline: a uniform innings-increase cap year over year or fixed pitch counts by level. Intervention: an individualized limit using public velocity trends within and across outings, age and workload history, flagging pitchers whose decline pattern resembles past injured comparables.",
      "status": "UNVERIFIED",
      "extractor": "line_grammar/v1"
    },
    {
      "id": "hd-20261009-212841-eccdc1b3971d/candidates/0/1/claim/23",
      "candidate_id": "hd-20261009-212841-eccdc1b3971d/candidates/0/1",
      "kind": "ASSUMPTION",
      "text": "Fails (b) badly, because minor-league injury reporting is incomplete and clubs may disguise injuries as roster moves.",
      "status": "UNVERIFIED",
      "extractor": "line_grammar/v1"
    },
    {
      "id": "hd-20261009-212841-eccdc1b3971d/candidates/0/1/claim/24",
      "candidate_id": "hd-20261009-212841-eccdc1b3971d/candidates/0/1",
      "kind": "ASSUMPTION",
      "text": "Fails (a) for causal tests, because workload choices respond to private medical information.",
      "status": "UNVERIFIED",
      "extractor": "line_grammar/v1"
    },
    {
      "id": "hd-20261009-212841-eccdc1b3971d/candidates/0/1/claim/25",
      "candidate_id": "hd-20261009-212841-eccdc1b3971d/candidates/0/1",
      "kind": "ASSUMPTION",
      "text": "Fails (c) uncertainly, because the payoff depends on rare high-cost injuries, which gives low statistical power even with many outings.",
      "status": "UNVERIFIED",
      "extractor": "line_grammar/v1"
    },
    {
      "id": "hd-20261009-212841-eccdc1b3971d/candidates/0/1/claim/26",
      "candidate_id": "hd-20261009-212841-eccdc1b3971d/candidates/0/1",
      "kind": "UNKNOWN",
      "text": "completeness_of_public_minor_league_injured_list_data",
      "status": "UNVERIFIED",
      "extractor": "line_grammar/v1"
    },
    {
      "id": "hd-20261009-212841-eccdc1b3971d/candidates/0/1/claim/27",
      "candidate_id": "hd-20261009-212841-eccdc1b3971d/candidates/0/1",
      "kind": "IDEA",
      "text": "Late-game defensive substitution. Owner: manager and bench coach. Decision: replace a weaker defender with a stronger one when leading late, many games per season. Cases: every club makes this choice, or passes on it, routinely, so league-wide cases are numerous. Outcome: subsequent defensive plays, the lost bat if the game is tied or extended, and the result, all publicly observable. Baseline: substitute when leading by a small margin in the final innings. Intervention: a per-situation estimate trading expected defensive runs saved over the remaining outs against the expected offensive loss if the substitute's spot comes up again, including extra-innings probability.",
      "status": "UNVERIFIED",
      "extractor": "line_grammar/v1"
    },
    {
      "id": "hd-20261009-212841-eccdc1b3971d/candidates/0/1/claim/28",
      "candidate_id": "hd-20261009-212841-eccdc1b3971d/candidates/0/1",
      "kind": "ASSUMPTION",
      "text": "Fails (c) possibly, because the remaining outs are few, so value per decision is small and only adds up if the baseline is badly miscalibrated.",
      "status": "UNVERIFIED",
      "extractor": "line_grammar/v1"
    },
    {
      "id": "hd-20261009-212841-eccdc1b3971d/candidates/0/1/claim/29",
      "candidate_id": "hd-20261009-212841-eccdc1b3971d/candidates/0/1",
      "kind": "ASSUMPTION",
      "text": "Fails (a) partly, because the substitute's defensive impact over a few outs is mostly unobservable noise; tests must rely on modeled defensive value.",
      "status": "UNVERIFIED",
      "extractor": "line_grammar/v1"
    },
    {
      "id": "hd-20261009-212841-eccdc1b3971d/candidates/0/1/claim/30",
      "candidate_id": "hd-20261009-212841-eccdc1b3971d/candidates/0/1",
      "kind": "UNKNOWN",
      "text": "whether_current_league_practice_differs_measurably_from_model_break_even",
      "status": "UNVERIFIED",
      "extractor": "line_grammar/v1"
    },
    {
      "id": "hd-20261009-212841-eccdc1b3971d/candidates/0/1/claim/31",
      "candidate_id": "hd-20261009-212841-eccdc1b3971d/candidates/0/1",
      "kind": "IDEA",
      "text": "Manager replay challenges on non-ball-strike plays. Owner: replay coordinator and manager. Decision: challenge or not on close plays at the bases, tag plays and catches, multiple opportunities per game. Cases: challenges occur league-wide many times per season and outcomes are published, so cases are numerous. Outcome: overturned, confirmed or stands, publicly reported. Baseline: challenge whenever the video room's confidence crosses a gut threshold, with conservative behavior early in games. Intervention: a break-even model combining overturn probability, the play's run or win-expectancy swing, the inning and the option value of retaining the challenge.",
      "status": "UNVERIFIED",
      "extractor": "line_grammar/v1"
    },
    {
      "id": "hd-20261009-212841-eccdc1b3971d/candidates/0/1/claim/32",
      "candidate_id": "hd-20261009-212841-eccdc1b3971d/candidates/0/1",
      "kind": "ASSUMPTION",
      "text": "Fails (d) partly, because the key input, the video room's own read, is private, and public data show only challenged plays, not unchallenged close plays.",
      "status": "UNVERIFIED",
      "extractor": "line_grammar/v1"
    },
    {
      "id": "hd-20261009-212841-eccdc1b3971d/candidates/0/1/claim/33",
      "candidate_id": "hd-20261009-212841-eccdc1b3971d/candidates/0/1",
      "kind": "ASSUMPTION",
      "text": "Fails (c) possibly, because overturn value is concentrated in a small number of high-leverage plays per club-season.",
      "status": "UNVERIFIED",
      "extractor": "line_grammar/v1"
    },
    {
      "id": "hd-20261009-212841-eccdc1b3971d/candidates/0/1/claim/34",
      "candidate_id": "hd-20261009-212841-eccdc1b3971d/candidates/0/1",
      "kind": "ASSUMPTION",
      "text": "Overlaps conceptually with the explored ABS challenge-strategy family; it is distinct only because the inputs are video confidence and play leverage rather than pitch location.",
      "status": "UNVERIFIED",
      "extractor": "line_grammar/v1"
    },
    {
      "id": "hd-20261009-212841-eccdc1b3971d/candidates/0/1/claim/35",
      "candidate_id": "hd-20261009-212841-eccdc1b3971d/candidates/0/1",
      "kind": "UNKNOWN",
      "text": "availability_of_unchallenged_close_play_records",
      "status": "UNVERIFIED",
      "extractor": "line_grammar/v1"
    },
    {
      "id": "hd-20261009-212841-eccdc1b3971d/candidates/0/1/claim/36",
      "candidate_id": "hd-20261009-212841-eccdc1b3971d/candidates/0/1",
      "kind": "IDEA",
      "text": "Intentional walk decisions after the automatic intentional walk rule. Owner: manager. Decision: issue an intentional walk in base-out and score states where it is possible, several times per month. Cases: league-wide intentional walks and comparable non-walk situations recur each season, so cases are numerous. Outcome: subsequent plate appearances and runs, publicly observable. Baseline: walk the dangerous hitter with first base open late in close games. Intervention: a matchup-specific run- and win-expectancy comparison using the batter and on-deck hitter's pitch-type vulnerabilities against the current pitcher, and the platoon and bench state.",
      "status": "UNVERIFIED",
      "extractor": "line_grammar/v1"
    },
    {
      "id": "hd-20261009-212841-eccdc1b3971d/candidates/0/1/claim/37",
      "candidate_id": "hd-20261009-212841-eccdc1b3971d/candidates/0/1",
      "kind": "ASSUMPTION",
      "text": "Fails (c) likely, because intentional walks are less frequent in modern play, so total value per club may be small.",
      "status": "UNVERIFIED",
      "extractor": "line_grammar/v1"
    },
    {
      "id": "hd-20261009-212841-eccdc1b3971d/candidates/0/1/claim/38",
      "candidate_id": "hd-20261009-212841-eccdc1b3971d/candidates/0/1",
      "kind": "ASSUMPTION",
      "text": "Fails (a) partly, because walks are chosen in non-random situations, which confounds naive retrospective comparisons.",
      "status": "UNVERIFIED",
      "extractor": "line_grammar/v1"
    },
    {
      "id": "hd-20261009-212841-eccdc1b3971d/candidates/0/1/claim/39",
      "candidate_id": "hd-20261009-212841-eccdc1b3971d/candidates/0/1",
      "kind": "UNKNOWN",
      "text": "league_wide_intentional_walk_frequency_trend_since_rule_change",
      "status": "UNVERIFIED",
      "extractor": "line_grammar/v1"
    },
    {
      "id": "hd-20261009-212841-eccdc1b3971d/candidates/0/1/claim/40",
      "candidate_id": "hd-20261009-212841-eccdc1b3971d/candidates/0/1",
      "kind": "IDEA",
      "text": "Cross-cutting test design that applies to all ideas above. Use decision-point-level retrospective evaluation, with propensity or situational matching where choices are confounded, and report break-even margins rather than claimed wins.",
      "status": "UNVERIFIED",
      "extractor": "line_grammar/v1"
    },
    {
      "id": "hd-20261009-212841-eccdc1b3971d/candidates/0/1/claim/41",
      "candidate_id": "hd-20261009-212841-eccdc1b3971d/candidates/0/1",
      "kind": "ASSUMPTION",
      "text": "Public tracking and play-by-play data are lawfully accessible and sufficiently complete for each decision type; this requires verification per source.",
      "status": "UNVERIFIED",
      "extractor": "line_grammar/v1"
    },
    {
      "id": "hd-20261009-212841-eccdc1b3971d/candidates/0/1/claim/42",
      "candidate_id": "hd-20261009-212841-eccdc1b3971d/candidates/0/1",
      "kind": "ASSUMPTION",
      "text": "A club-level advantage requires that Cubs practice actually differs from the model break-even; no public evidence was supplied either way.",
      "status": "UNVERIFIED",
      "extractor": "line_grammar/v1"
    },
    {
      "id": "hd-20261009-212841-eccdc1b3971d/candidates/0/1/claim/43",
      "candidate_id": "hd-20261009-212841-eccdc1b3971d/candidates/0/1",
      "kind": "UNKNOWN",
      "text": "current_chicago_cubs_practice_for_each_decision_type",
      "status": "UNVERIFIED",
      "extractor": "line_grammar/v1"
    },
    {
      "id": "hd-20261009-212841-eccdc1b3971d/candidates/0/1/claim/44",
      "candidate_id": "hd-20261009-212841-eccdc1b3971d/candidates/0/1",
      "kind": "UNKNOWN",
      "text": "supplied_evidence_none",
      "status": "UNVERIFIED",
      "extractor": "line_grammar/v1"
    },
    {
      "id": "hd-20261009-212841-eccdc1b3971d/candidates/0/2/claim/1",
      "candidate_id": "hd-20261009-212841-eccdc1b3971d/candidates/0/2",
      "kind": "IDEA",
      "text": "Problem: infield depth and lateral alignment within the current shift restrictions. Owner: the defensive coordinator and advance staff. Decision: the pre-pitch infield placement for each plate appearance, made thousands of times per team-season. Cases: every ball in play league-wide with tracked fielder starting positions, for each season since the restrictions began. Observable outcome: batted-ball result (out, hit, extra bases) given launch characteristics and starting positions. Baseline: the default alignment by batter handedness and pull tendency. Intervention: a per-batter, per-pitcher-type alignment recommender, checked retrospectively against the default on held-out seasons.",
      "status": "UNVERIFIED",
      "extractor": "line_grammar/v1"
    },
    {
      "id": "hd-20261009-212841-eccdc1b3971d/candidates/0/2/claim/2",
      "candidate_id": "hd-20261009-212841-eccdc1b3971d/candidates/0/2",
      "kind": "ASSUMPTION",
      "text": "Public tracking data records fielder starting positions precisely enough and for enough of each season to separate alignment effects from batted-ball quality.",
      "status": "UNVERIFIED",
      "extractor": "line_grammar/v1"
    },
    {
      "id": "hd-20261009-212841-eccdc1b3971d/candidates/0/2/claim/3",
      "candidate_id": "hd-20261009-212841-eccdc1b3971d/candidates/0/2",
      "kind": "ASSUMPTION",
      "text": "Rule constraints leave enough room for alignment choices that the gap between a tuned and a default alignment is meaningful over a season. This could fail (c) if most clubs already use near-optimal legal alignments.",
      "status": "UNVERIFIED",
      "extractor": "line_grammar/v1"
    },
    {
      "id": "hd-20261009-212841-eccdc1b3971d/candidates/0/2/claim/4",
      "candidate_id": "hd-20261009-212841-eccdc1b3971d/candidates/0/2",
      "kind": "ASSUMPTION",
      "text": "Batters do not change their spray behavior quickly in response to alignment. If they do, the retrospective test overstates the gain.",
      "status": "UNVERIFIED",
      "extractor": "line_grammar/v1"
    },
    {
      "id": "hd-20261009-212841-eccdc1b3971d/candidates/0/2/claim/5",
      "candidate_id": "hd-20261009-212841-eccdc1b3971d/candidates/0/2",
      "kind": "UNKNOWN",
      "text": "public_fielder_start_position_coverage_by_season",
      "status": "UNVERIFIED",
      "extractor": "line_grammar/v1"
    },
    {
      "id": "hd-20261009-212841-eccdc1b3971d/candidates/0/2/claim/6",
      "candidate_id": "hd-20261009-212841-eccdc1b3971d/candidates/0/2",
      "kind": "UNKNOWN",
      "text": "cubs_current_infield_alignment_policy",
      "status": "UNVERIFIED",
      "extractor": "line_grammar/v1"
    },
    {
      "id": "hd-20261009-212841-eccdc1b3971d/candidates/0/2/claim/7",
      "candidate_id": "hd-20261009-212841-eccdc1b3971d/candidates/0/2",
      "kind": "IDEA",
      "text": "Problem: timing of level-to-level minor-league promotions (for example High-A to Double-A), excluding minor-league-to-MLB call-ups, which were already explored. Owner: the farm director. Decision: whether to promote a prospect now or hold them, made many times per organization each season. Cases: every intra-minor-league promotion league-wide, reconstructable from public transaction logs and level-by-level stat lines. Observable outcome: performance at the next level over a fixed window, plus later public outcomes such as reaching MLB or stalling. Baseline: promote after a fixed playing-time threshold combined with an age-for-level rule. Intervention: a model using public underlying indicators (strikeout and walk rates, contact quality where available) to flag early-promote and hold candidates.",
      "status": "UNVERIFIED",
      "extractor": "line_grammar/v1"
    },
    {
      "id": "hd-20261009-212841-eccdc1b3971d/candidates/0/2/claim/8",
      "candidate_id": "hd-20261009-212841-eccdc1b3971d/candidates/0/2",
      "kind": "ASSUMPTION",
      "text": "Promotion timing has a causal effect on development rather than just reflecting talent. Promoted players are selected, so a naive comparison will be confounded. This fails (a)'s usefulness unless a credible comparison design exists.",
      "status": "UNVERIFIED",
      "extractor": "line_grammar/v1"
    },
    {
      "id": "hd-20261009-212841-eccdc1b3971d/candidates/0/2/claim/9",
      "candidate_id": "hd-20261009-212841-eccdc1b3971d/candidates/0/2",
      "kind": "ASSUMPTION",
      "text": "Public minor-league tracking data is consistent enough across levels and seasons to serve as pre-decision information. This is a risk to (d).",
      "status": "UNVERIFIED",
      "extractor": "line_grammar/v1"
    },
    {
      "id": "hd-20261009-212841-eccdc1b3971d/candidates/0/2/claim/10",
      "candidate_id": "hd-20261009-212841-eccdc1b3971d/candidates/0/2",
      "kind": "ASSUMPTION",
      "text": "The value at stake accumulates across many prospects to something meaningful for one club. This is plausible for (c), but outcomes lag by years.",
      "status": "UNVERIFIED",
      "extractor": "line_grammar/v1"
    },
    {
      "id": "hd-20261009-212841-eccdc1b3971d/candidates/0/2/claim/11",
      "candidate_id": "hd-20261009-212841-eccdc1b3971d/candidates/0/2",
      "kind": "UNKNOWN",
      "text": "public_minor_league_transaction_completeness",
      "status": "UNVERIFIED",
      "extractor": "line_grammar/v1"
    },
    {
      "id": "hd-20261009-212841-eccdc1b3971d/candidates/0/2/claim/12",
      "candidate_id": "hd-20261009-212841-eccdc1b3971d/candidates/0/2",
      "kind": "UNKNOWN",
      "text": "public_minor_league_statcast_coverage_by_level_and_season",
      "status": "UNVERIFIED",
      "extractor": "line_grammar/v1"
    },
    {
      "id": "hd-20261009-212841-eccdc1b3971d/candidates/0/2/claim/13",
      "candidate_id": "hd-20261009-212841-eccdc1b3971d/candidates/0/2",
      "kind": "IDEA",
      "text": "Problem: year-over-year workload progression for minor-league pitchers. Owner: the pitching coordinator and medical staff. Decision: each pitcher's innings or pitch-count ceiling and in-season pacing, set for every pitcher in an organization each year. Cases: thousands of pitcher-seasons league-wide with public innings, appearance and pitch-count logs. Observable outcome: publicly reported injured-list placements and next-season availability. Baseline: a fixed percentage increase over the prior season's innings. Intervention: a pacing rule that also uses public signals such as velocity trends, pitches per inning, and short-rest appearances.",
      "status": "UNVERIFIED",
      "extractor": "line_grammar/v1"
    },
    {
      "id": "hd-20261009-212841-eccdc1b3971d/candidates/0/2/claim/14",
      "candidate_id": "hd-20261009-212841-eccdc1b3971d/candidates/0/2",
      "kind": "ASSUMPTION",
      "text": "Public injured-list records for minor-league pitchers capture injuries reliably. Underreporting would break (b).",
      "status": "UNVERIFIED",
      "extractor": "line_grammar/v1"
    },
    {
      "id": "hd-20261009-212841-eccdc1b3971d/candidates/0/2/claim/15",
      "candidate_id": "hd-20261009-212841-eccdc1b3971d/candidates/0/2",
      "kind": "ASSUMPTION",
      "text": "Workload is a meaningful driver of injury compared with unobserved biomechanics. If not, the intervention has a low ceiling, similar to the R001 result.",
      "status": "UNVERIFIED",
      "extractor": "line_grammar/v1"
    },
    {
      "id": "hd-20261009-212841-eccdc1b3971d/candidates/0/2/claim/16",
      "candidate_id": "hd-20261009-212841-eccdc1b3971d/candidates/0/2",
      "kind": "ASSUMPTION",
      "text": "Velocity data is publicly available at enough minor-league levels to be a pre-decision input.",
      "status": "UNVERIFIED",
      "extractor": "line_grammar/v1"
    },
    {
      "id": "hd-20261009-212841-eccdc1b3971d/candidates/0/2/claim/17",
      "candidate_id": "hd-20261009-212841-eccdc1b3971d/candidates/0/2",
      "kind": "UNKNOWN",
      "text": "minor_league_il_reporting_completeness",
      "status": "UNVERIFIED",
      "extractor": "line_grammar/v1"
    },
    {
      "id": "hd-20261009-212841-eccdc1b3971d/candidates/0/2/claim/18",
      "candidate_id": "hd-20261009-212841-eccdc1b3971d/candidates/0/2",
      "kind": "UNKNOWN",
      "text": "public_minor_league_pitch_count_availability",
      "status": "UNVERIFIED",
      "extractor": "line_grammar/v1"
    },
    {
      "id": "hd-20261009-212841-eccdc1b3971d/candidates/0/2/claim/19",
      "candidate_id": "hd-20261009-212841-eccdc1b3971d/candidates/0/2",
      "kind": "IDEA",
      "text": "Problem: individualized hitter approach plans (swing or take by count and pitch zone) against a specific opposing starter. Owner: the hitting coaches. Decision: the pre-game plan for each hitter in each game, made daily. Cases: every plate appearance league-wide, with public pitch-level data on swing decisions. Observable outcome: swing-decision quality and run value per plate appearance against that pitcher type. Baseline: a uniform team approach adjusted only for pitcher handedness. Intervention: plans that match each hitter's demonstrated swing-decision weaknesses to the opposing pitcher's location and count tendencies.",
      "status": "UNVERIFIED",
      "extractor": "line_grammar/v1"
    },
    {
      "id": "hd-20261009-212841-eccdc1b3971d/candidates/0/2/claim/20",
      "candidate_id": "hd-20261009-212841-eccdc1b3971d/candidates/0/2",
      "kind": "ASSUMPTION",
      "text": "The retrospective test cannot observe what plan a hitter was given. Only the mismatch between hitter tendencies and pitcher tendencies can be measured, so the test checks for opportunity rather than the effect of the intervention. This is a failure on (b) for the intervention itself.",
      "status": "UNVERIFIED",
      "extractor": "line_grammar/v1"
    },
    {
      "id": "hd-20261009-212841-eccdc1b3971d/candidates/0/2/claim/21",
      "candidate_id": "hd-20261009-212841-eccdc1b3971d/candidates/0/2",
      "kind": "ASSUMPTION",
      "text": "Hitters can execute plan changes within a game without losing performance elsewhere.",
      "status": "UNVERIFIED",
      "extractor": "line_grammar/v1"
    },
    {
      "id": "hd-20261009-212841-eccdc1b3971d/candidates/0/2/claim/22",
      "candidate_id": "hd-20261009-212841-eccdc1b3971d/candidates/0/2",
      "kind": "ASSUMPTION",
      "text": "Opposing pitchers do not adapt within the series. This overlaps with the explored pitch-sequence family and needs separation.",
      "status": "UNVERIFIED",
      "extractor": "line_grammar/v1"
    },
    {
      "id": "hd-20261009-212841-eccdc1b3971d/candidates/0/2/claim/23",
      "candidate_id": "hd-20261009-212841-eccdc1b3971d/candidates/0/2",
      "kind": "UNKNOWN",
      "text": "cubs_existing_hitter_plan_process",
      "status": "UNVERIFIED",
      "extractor": "line_grammar/v1"
    },
    {
      "id": "hd-20261009-212841-eccdc1b3971d/candidates/0/2/claim/24",
      "candidate_id": "hd-20261009-212841-eccdc1b3971d/candidates/0/2",
      "kind": "IDEA",
      "text": "Problem: converting minor-league players to new positions (for example shortstop to second base or center field, or position player to pitcher). Owner: the player development director. Decision: whether and when to convert, made a moderate number of times per organization each year. Cases: conversions league-wide are identifiable from public appearance-by-position logs, but they number far fewer than promotions. Observable outcome: defensive metrics at the new position where public, plus offensive trajectory and progression to MLB. Baseline: convert when a player's age-for-level and error or range proxies fall below a threshold. Intervention: a model predicting the defensive value gain from a move using public batted-ball and sprint data.",
      "status": "UNVERIFIED",
      "extractor": "line_grammar/v1"
    },
    {
      "id": "hd-20261009-212841-eccdc1b3971d/candidates/0/2/claim/25",
      "candidate_id": "hd-20261009-212841-eccdc1b3971d/candidates/0/2",
      "kind": "ASSUMPTION",
      "text": "Enough conversions happen league-wide each season for statistical power. This is likely marginal on (a), and conversions to pitcher may be too rare.",
      "status": "UNVERIFIED",
      "extractor": "line_grammar/v1"
    },
    {
      "id": "hd-20261009-212841-eccdc1b3971d/candidates/0/2/claim/26",
      "candidate_id": "hd-20261009-212841-eccdc1b3971d/candidates/0/2",
      "kind": "ASSUMPTION",
      "text": "Public minor-league defensive metrics exist and are reliable. If not, (b) fails.",
      "status": "UNVERIFIED",
      "extractor": "line_grammar/v1"
    },
    {
      "id": "hd-20261009-212841-eccdc1b3971d/candidates/0/2/claim/27",
      "candidate_id": "hd-20261009-212841-eccdc1b3971d/candidates/0/2",
      "kind": "UNKNOWN",
      "text": "count_of_public_identifiable_position_conversions_per_season",
      "status": "UNVERIFIED",
      "extractor": "line_grammar/v1"
    },
    {
      "id": "hd-20261009-212841-eccdc1b3971d/candidates/0/2/claim/28",
      "candidate_id": "hd-20261009-212841-eccdc1b3971d/candidates/0/2",
      "kind": "IDEA",
      "text": "Problem: choosing which player to take within a draft round, as distinct from the explored bonus-pool allocation. Owner: the scouting director. Decision: hundreds of picks league-wide each year, including about one per round for each club. Cases: many draft classes of public pick lists linked to public pro outcomes. Observable outcome: progress through the minors and MLB value, observed only after many years. Baseline: consensus public prospect rankings. Intervention: a model reweighting public amateur performance data against the consensus.",
      "status": "UNVERIFIED",
      "extractor": "line_grammar/v1"
    },
    {
      "id": "hd-20261009-212841-eccdc1b3971d/candidates/0/2/claim/29",
      "candidate_id": "hd-20261009-212841-eccdc1b3971d/candidates/0/2",
      "kind": "ASSUMPTION",
      "text": "This is included as a challenge case. It meets (a) and (d) partly, but fails timeliness on (b) because outcomes lag by five or more years. Public amateur data may also be thin compared with private scouting, which weakens (d).",
      "status": "UNVERIFIED",
      "extractor": "line_grammar/v1"
    },
    {
      "id": "hd-20261009-212841-eccdc1b3971d/candidates/0/2/claim/30",
      "candidate_id": "hd-20261009-212841-eccdc1b3971d/candidates/0/2",
      "kind": "ASSUMPTION",
      "text": "Public consensus rankings already incorporate most public information, which would leave little room above the baseline.",
      "status": "UNVERIFIED",
      "extractor": "line_grammar/v1"
    },
    {
      "id": "hd-20261009-212841-eccdc1b3971d/candidates/0/2/claim/31",
      "candidate_id": "hd-20261009-212841-eccdc1b3971d/candidates/0/2",
      "kind": "UNKNOWN",
      "text": "historical_public_consensus_ranking_archives_availability",
      "status": "UNVERIFIED",
      "extractor": "line_grammar/v1"
    },
    {
      "id": "hd-20261009-212841-eccdc1b3971d/candidates/0/2/claim/32",
      "candidate_id": "hd-20261009-212841-eccdc1b3971d/candidates/0/2",
      "kind": "UNKNOWN",
      "text": "public_amateur_tracking_data_coverage",
      "status": "UNVERIFIED",
      "extractor": "line_grammar/v1"
    },
    {
      "id": "hd-20261009-212841-eccdc1b3971d/candidates/0/2/claim/33",
      "candidate_id": "hd-20261009-212841-eccdc1b3971d/candidates/0/2",
      "kind": "IDEA",
      "text": "Problem: scheduling rest days for everyday position players during the season. This is distinct from the explored travel planning family because the trigger is player performance and fatigue signals rather than travel. Owner: the manager and performance staff. Decision: which regular sits on which day, made many times per team-season. Cases: every regular's games-played sequence league-wide is public. Observable outcome: performance and sprint-speed trends after rest compared with continued play, plus injured-list placements. Baseline: rest each regular on a fixed cadence or on day games after night games. Intervention: rest triggered by public signals such as sprint-speed decline, bat-speed decline, and the opposing starter's handedness.",
      "status": "UNVERIFIED",
      "extractor": "line_grammar/v1"
    },
    {
      "id": "hd-20261009-212841-eccdc1b3971d/candidates/0/2/claim/34",
      "candidate_id": "hd-20261009-212841-eccdc1b3971d/candidates/0/2",
      "kind": "ASSUMPTION",
      "text": "Rest decisions are largely driven by matchups and minor injuries that are not public. This confounds a retrospective test and hurts (b).",
      "status": "UNVERIFIED",
      "extractor": "line_grammar/v1"
    },
    {
      "id": "hd-20261009-212841-eccdc1b3971d/candidates/0/2/claim/35",
      "candidate_id": "hd-20261009-212841-eccdc1b3971d/candidates/0/2",
      "kind": "ASSUMPTION",
      "text": "The performance difference from optimized rest timing adds up to meaningful value over a season. This is uncertain on (c) and may be small.",
      "status": "UNVERIFIED",
      "extractor": "line_grammar/v1"
    },
    {
      "id": "hd-20261009-212841-eccdc1b3971d/candidates/0/2/claim/36",
      "candidate_id": "hd-20261009-212841-eccdc1b3971d/candidates/0/2",
      "kind": "UNKNOWN",
      "text": "public_bat_speed_and_sprint_speed_game_level_availability",
      "status": "UNVERIFIED",
      "extractor": "line_grammar/v1"
    },
    {
      "id": "hd-20261009-212841-eccdc1b3971d/candidates/0/2/claim/37",
      "candidate_id": "hd-20261009-212841-eccdc1b3971d/candidates/0/2",
      "kind": "UNKNOWN",
      "text": "cubs_current_rest_policy",
      "status": "UNVERIFIED",
      "extractor": "line_grammar/v1"
    },
    {
      "id": "hd-20261009-212841-eccdc1b3971d/candidates/0/2/claim/38",
      "candidate_id": "hd-20261009-212841-eccdc1b3971d/candidates/0/2",
      "kind": "ASSUMPTION",
      "text": "Across all ideas above, the minor-league ideas depend on public data completeness, which has not been verified. No statistics or Cubs-specific claims are made, and no supplied evidence was provided to support any line.",
      "status": "UNVERIFIED",
      "extractor": "line_grammar/v1"
    },
    {
      "id": "hd-20261009-212841-eccdc1b3971d/candidates/0/3/claim/1",
      "candidate_id": "hd-20261009-212841-eccdc1b3971d/candidates/0/3",
      "kind": "IDEA",
      "text": "Problem: third-base-coach send/hold choices on runners trying to score from second on a single or from first on a double. Owner: third-base coach, with advance and analytics staff preparing per-opponent cards. Decision: send or hold, made many times per season. Historical cases: league-wide, every such play in tracked MLB games across multiple seasons. Observable outcome: runner safe, out, or held, plus the later run expectancy of the resulting base-out state. Simple baseline: the coach's current tendency, or a rule based on runner speed tier and outfielder depth. Intervention: a pregame card giving send thresholds by opposing outfielder arm, transfer time, depth, runner sprint speed, outs and score state.",
      "status": "UNVERIFIED",
      "extractor": "line_grammar/v1"
    },
    {
      "id": "hd-20261009-212841-eccdc1b3971d/candidates/0/3/claim/2",
      "candidate_id": "hd-20261009-212841-eccdc1b3971d/candidates/0/3",
      "kind": "ASSUMPTION",
      "text": "Public tracking data records outfielder fielding position, throw speed and runner speed precisely enough to rebuild the conditions at the moment of decision.",
      "status": "UNVERIFIED",
      "extractor": "line_grammar/v1"
    },
    {
      "id": "hd-20261009-212841-eccdc1b3971d/candidates/0/3/claim/3",
      "candidate_id": "hd-20261009-212841-eccdc1b3971d/candidates/0/3",
      "kind": "ASSUMPTION",
      "text": "Held runners' counterfactual outcomes can be estimated without bias, even though holds are only observed when the coach chose to hold, so selection bias is severe.",
      "status": "UNVERIFIED",
      "extractor": "line_grammar/v1"
    },
    {
      "id": "hd-20261009-212841-eccdc1b3971d/candidates/0/3/claim/4",
      "candidate_id": "hd-20261009-212841-eccdc1b3971d/candidates/0/3",
      "kind": "ASSUMPTION",
      "text": "A coach can use a simple per-opponent card in a split-second decision. If not, criterion (d) fails at execution even if the analysis succeeds.",
      "status": "UNVERIFIED",
      "extractor": "line_grammar/v1"
    },
    {
      "id": "hd-20261009-212841-eccdc1b3971d/candidates/0/3/claim/5",
      "candidate_id": "hd-20261009-212841-eccdc1b3971d/candidates/0/3",
      "kind": "ASSUMPTION",
      "text": "The total value over a season is meaningful rather than a few runs. This must be measured, not assumed, and criterion (c) may fail.",
      "status": "UNVERIFIED",
      "extractor": "line_grammar/v1"
    },
    {
      "id": "hd-20261009-212841-eccdc1b3971d/candidates/0/3/claim/6",
      "candidate_id": "hd-20261009-212841-eccdc1b3971d/candidates/0/3",
      "kind": "UNKNOWN",
      "text": "public_dataset_coverage_of_send_hold_events",
      "status": "UNVERIFIED",
      "extractor": "line_grammar/v1"
    },
    {
      "id": "hd-20261009-212841-eccdc1b3971d/candidates/0/3/claim/7",
      "candidate_id": "hd-20261009-212841-eccdc1b3971d/candidates/0/3",
      "kind": "UNKNOWN",
      "text": "cubs_current_send_hold_policy",
      "status": "UNVERIFIED",
      "extractor": "line_grammar/v1"
    },
    {
      "id": "hd-20261009-212841-eccdc1b3971d/candidates/0/3/claim/8",
      "candidate_id": "hd-20261009-212841-eccdc1b3971d/candidates/0/3",
      "kind": "UNKNOWN",
      "text": "magnitude_of_league_wide_send_hold_inefficiency",
      "status": "UNVERIFIED",
      "extractor": "line_grammar/v1"
    },
    {
      "id": "hd-20261009-212841-eccdc1b3971d/candidates/0/3/claim/9",
      "candidate_id": "hd-20261009-212841-eccdc1b3971d/candidates/0/3",
      "kind": "IDEA",
      "text": "Problem: outfielder throw-target choices, such as throwing home versus hitting the cutoff to hold the trailing runner. Owner: outfield coach and defensive coordinator. Decision: throw target on each runner-advance play, made many times per season. Historical cases: league-wide, all outfield hits with runners on in tracked games. Observable outcome: lead runner out or safe, trailing runner advanced or not, and run expectancy after the play. Simple baseline: always throw to the lead runner's base, or coach discretion. Intervention: a pregame matrix of throw targets by fielder arm, runner speeds and base-out state.",
      "status": "UNVERIFIED",
      "extractor": "line_grammar/v1"
    },
    {
      "id": "hd-20261009-212841-eccdc1b3971d/candidates/0/3/claim/10",
      "candidate_id": "hd-20261009-212841-eccdc1b3971d/candidates/0/3",
      "kind": "ASSUMPTION",
      "text": "Throw target is identifiable in public data. It may need video labeling, which raises cost and threatens criterion (b).",
      "status": "UNVERIFIED",
      "extractor": "line_grammar/v1"
    },
    {
      "id": "hd-20261009-212841-eccdc1b3971d/candidates/0/3/claim/11",
      "candidate_id": "hd-20261009-212841-eccdc1b3971d/candidates/0/3",
      "kind": "ASSUMPTION",
      "text": "Fielders can follow a prepared matrix under game conditions.",
      "status": "UNVERIFIED",
      "extractor": "line_grammar/v1"
    },
    {
      "id": "hd-20261009-212841-eccdc1b3971d/candidates/0/3/claim/12",
      "candidate_id": "hd-20261009-212841-eccdc1b3971d/candidates/0/3",
      "kind": "ASSUMPTION",
      "text": "This is distinct from positioning work, because it concerns the decision after the catch rather than alignment.",
      "status": "UNVERIFIED",
      "extractor": "line_grammar/v1"
    },
    {
      "id": "hd-20261009-212841-eccdc1b3971d/candidates/0/3/claim/13",
      "candidate_id": "hd-20261009-212841-eccdc1b3971d/candidates/0/3",
      "kind": "UNKNOWN",
      "text": "public_labeling_of_throw_targets",
      "status": "UNVERIFIED",
      "extractor": "line_grammar/v1"
    },
    {
      "id": "hd-20261009-212841-eccdc1b3971d/candidates/0/3/claim/14",
      "candidate_id": "hd-20261009-212841-eccdc1b3971d/candidates/0/3",
      "kind": "UNKNOWN",
      "text": "value_per_season_of_throw_target_optimization",
      "status": "UNVERIFIED",
      "extractor": "line_grammar/v1"
    },
    {
      "id": "hd-20261009-212841-eccdc1b3971d/candidates/0/3/claim/15",
      "candidate_id": "hd-20261009-212841-eccdc1b3971d/candidates/0/3",
      "kind": "IDEA",
      "text": "Problem: runner tag-up and advance decisions on fly balls and balls in the dirt. Owner: baserunning coordinator and first- and third-base coaches. Decision: go or stay, made many times per season. Historical cases: league-wide, every fly ball with a runner on third or second and fewer than two outs, plus pitches in the dirt with runners on. Observable outcome: advance, out, or stay, and the resulting run expectancy. Simple baseline: a fixed rule such as \"tag on any medium-depth fly,\" or current club tendencies. Intervention: opponent-specific go thresholds using catcher block and transfer metrics, outfielder arm and catch-point depth, and runner speed.",
      "status": "UNVERIFIED",
      "extractor": "line_grammar/v1"
    },
    {
      "id": "hd-20261009-212841-eccdc1b3971d/candidates/0/3/claim/16",
      "candidate_id": "hd-20261009-212841-eccdc1b3971d/candidates/0/3",
      "kind": "ASSUMPTION",
      "text": "Catcher blocking and outfielder throwing metrics are stable enough within a season to justify thresholds specific to each opponent.",
      "status": "UNVERIFIED",
      "extractor": "line_grammar/v1"
    },
    {
      "id": "hd-20261009-212841-eccdc1b3971d/candidates/0/3/claim/17",
      "candidate_id": "hd-20261009-212841-eccdc1b3971d/candidates/0/3",
      "kind": "ASSUMPTION",
      "text": "Runners who stay are not mostly cases where going was obviously wrong, so the comparison is not trivially confounded.",
      "status": "UNVERIFIED",
      "extractor": "line_grammar/v1"
    },
    {
      "id": "hd-20261009-212841-eccdc1b3971d/candidates/0/3/claim/18",
      "candidate_id": "hd-20261009-212841-eccdc1b3971d/candidates/0/3",
      "kind": "ASSUMPTION",
      "text": "This does not substantially overlap already explored stolen-base or baserunner families. That needs a reviewer's check.",
      "status": "UNVERIFIED",
      "extractor": "line_grammar/v1"
    },
    {
      "id": "hd-20261009-212841-eccdc1b3971d/candidates/0/3/claim/19",
      "candidate_id": "hd-20261009-212841-eccdc1b3971d/candidates/0/3",
      "kind": "UNKNOWN",
      "text": "overlap_with_explored_baserunning_families",
      "status": "UNVERIFIED",
      "extractor": "line_grammar/v1"
    },
    {
      "id": "hd-20261009-212841-eccdc1b3971d/candidates/0/3/claim/20",
      "candidate_id": "hd-20261009-212841-eccdc1b3971d/candidates/0/3",
      "kind": "UNKNOWN",
      "text": "public_availability_of_catcher_blocking_inputs",
      "status": "UNVERIFIED",
      "extractor": "line_grammar/v1"
    },
    {
      "id": "hd-20261009-212841-eccdc1b3971d/candidates/0/3/claim/21",
      "candidate_id": "hd-20261009-212841-eccdc1b3971d/candidates/0/3",
      "kind": "IDEA",
      "text": "Problem: manager replay-challenge decisions on reviewable non-pitch calls such as tag plays, force plays and fair/foul calls. Owner: manager and replay-room staff. Decision: challenge or not, made several times per week per club. Historical cases: league-wide, every published replay review and outcome across seasons. Observable outcome: call overturned or confirmed, and loss of challenge capacity. Simple baseline: challenge whenever the replay room signals \"likely,\" or challenge late-game close plays only. Intervention: a calibration audit of replay-room confidence against overturn outcomes, with challenge thresholds that depend on leverage and challenges remaining.",
      "status": "UNVERIFIED",
      "extractor": "line_grammar/v1"
    },
    {
      "id": "hd-20261009-212841-eccdc1b3971d/candidates/0/3/claim/22",
      "candidate_id": "hd-20261009-212841-eccdc1b3971d/candidates/0/3",
      "kind": "ASSUMPTION",
      "text": "Public replay logs include enough play context to estimate leverage. Unchallenged missed calls are mostly unobservable, so criterion (b) is only partly met.",
      "status": "UNVERIFIED",
      "extractor": "line_grammar/v1"
    },
    {
      "id": "hd-20261009-212841-eccdc1b3971d/candidates/0/3/claim/23",
      "candidate_id": "hd-20261009-212841-eccdc1b3971d/candidates/0/3",
      "kind": "ASSUMPTION",
      "text": "The value at stake is meaningful. It may be small relative to other families, so criterion (c) is at risk.",
      "status": "UNVERIFIED",
      "extractor": "line_grammar/v1"
    },
    {
      "id": "hd-20261009-212841-eccdc1b3971d/candidates/0/3/claim/24",
      "candidate_id": "hd-20261009-212841-eccdc1b3971d/candidates/0/3",
      "kind": "ASSUMPTION",
      "text": "The replay room's internal confidence signals could be logged going forward. This is a prospective test, not a retrospective one.",
      "status": "UNVERIFIED",
      "extractor": "line_grammar/v1"
    },
    {
      "id": "hd-20261009-212841-eccdc1b3971d/candidates/0/3/claim/25",
      "candidate_id": "hd-20261009-212841-eccdc1b3971d/candidates/0/3",
      "kind": "UNKNOWN",
      "text": "public_replay_log_granularity",
      "status": "UNVERIFIED",
      "extractor": "line_grammar/v1"
    },
    {
      "id": "hd-20261009-212841-eccdc1b3971d/candidates/0/3/claim/26",
      "candidate_id": "hd-20261009-212841-eccdc1b3971d/candidates/0/3",
      "kind": "UNKNOWN",
      "text": "unchallenged_missed_call_rate",
      "status": "UNVERIFIED",
      "extractor": "line_grammar/v1"
    },
    {
      "id": "hd-20261009-212841-eccdc1b3971d/candidates/0/3/claim/27",
      "candidate_id": "hd-20261009-212841-eccdc1b3971d/candidates/0/3",
      "kind": "IDEA",
      "text": "Problem: how much weight to give spring-training performance in Opening Day roster and role choices. Owner: front office and major-league staff. Decision: roster spots and roles for marginal players, made once per spring, with several cases per club and many league-wide. Historical cases: league-wide, players with spring data whose roster outcome and following-season performance are public. Observable outcome: regular-season performance and roster survival. Simple baseline: ignore spring stats entirely and rank by projection, or rank by spring surface stats. Intervention: test whether spring tracking data such as velocity, swing speed and contact quality, where publicly captured, adds signal beyond projections.",
      "status": "UNVERIFIED",
      "extractor": "line_grammar/v1"
    },
    {
      "id": "hd-20261009-212841-eccdc1b3971d/candidates/0/3/claim/28",
      "candidate_id": "hd-20261009-212841-eccdc1b3971d/candidates/0/3",
      "kind": "ASSUMPTION",
      "text": "Public spring tracking data exists for enough venues and seasons. Coverage gaps may break criteria (a) and (d).",
      "status": "UNVERIFIED",
      "extractor": "line_grammar/v1"
    },
    {
      "id": "hd-20261009-212841-eccdc1b3971d/candidates/0/3/claim/29",
      "candidate_id": "hd-20261009-212841-eccdc1b3971d/candidates/0/3",
      "kind": "ASSUMPTION",
      "text": "Selection bias can be handled. Players who made rosters got playing time and others did not, so outcomes are only observed for those selected.",
      "status": "UNVERIFIED",
      "extractor": "line_grammar/v1"
    },
    {
      "id": "hd-20261009-212841-eccdc1b3971d/candidates/0/3/claim/30",
      "candidate_id": "hd-20261009-212841-eccdc1b3971d/candidates/0/3",
      "kind": "ASSUMPTION",
      "text": "Marginal roster spots carry enough value to satisfy criterion (c). This may fail if their replacement-level differences are tiny.",
      "status": "UNVERIFIED",
      "extractor": "line_grammar/v1"
    },
    {
      "id": "hd-20261009-212841-eccdc1b3971d/candidates/0/3/claim/31",
      "candidate_id": "hd-20261009-212841-eccdc1b3971d/candidates/0/3",
      "kind": "UNKNOWN",
      "text": "spring_tracking_data_public_coverage",
      "status": "UNVERIFIED",
      "extractor": "line_grammar/v1"
    },
    {
      "id": "hd-20261009-212841-eccdc1b3971d/candidates/0/3/claim/32",
      "candidate_id": "hd-20261009-212841-eccdc1b3971d/candidates/0/3",
      "kind": "UNKNOWN",
      "text": "incremental_signal_over_projection_systems",
      "status": "UNVERIFIED",
      "extractor": "line_grammar/v1"
    },
    {
      "id": "hd-20261009-212841-eccdc1b3971d/candidates/0/3/claim/33",
      "candidate_id": "hd-20261009-212841-eccdc1b3971d/candidates/0/3",
      "kind": "IDEA",
      "text": "Problem: converting minor-league starters to relievers, or relievers to starters, in player development. Owner: pitching development staff. Decision: role conversion, made several times per season per organization and many times league-wide. Historical cases: league-wide, minor-league pitchers whose role changed, identifiable from public game logs. Observable outcome: later level reached, MLB appearances and performance after the switch. Simple baseline: convert when a pitcher is old for the level and has a fastball-heavy profile or poor stamina. Intervention: a model using public minor-league tracking data and pitch-mix breadth to rank which pitchers are likely to gain from conversion.",
      "status": "UNVERIFIED",
      "extractor": "line_grammar/v1"
    },
    {
      "id": "hd-20261009-212841-eccdc1b3971d/candidates/0/3/claim/34",
      "candidate_id": "hd-20261009-212841-eccdc1b3971d/candidates/0/3",
      "kind": "ASSUMPTION",
      "text": "Public minor-league pitch tracking covers enough levels and years to train on.",
      "status": "UNVERIFIED",
      "extractor": "line_grammar/v1"
    },
    {
      "id": "hd-20261009-212841-eccdc1b3971d/candidates/0/3/claim/35",
      "candidate_id": "hd-20261009-212841-eccdc1b3971d/candidates/0/3",
      "kind": "ASSUMPTION",
      "text": "Role changes driven by injury or organizational need can be separated from performance-driven conversions. If not, the causal estimate is confounded.",
      "status": "UNVERIFIED",
      "extractor": "line_grammar/v1"
    },
    {
      "id": "hd-20261009-212841-eccdc1b3971d/candidates/0/3/claim/36",
      "candidate_id": "hd-20261009-212841-eccdc1b3971d/candidates/0/3",
      "kind": "ASSUMPTION",
      "text": "Outcomes are observed within a horizon useful to the club. Development lag may delay feedback by several years and weaken criterion (b).",
      "status": "UNVERIFIED",
      "extractor": "line_grammar/v1"
    },
    {
      "id": "hd-20261009-212841-eccdc1b3971d/candidates/0/3/claim/37",
      "candidate_id": "hd-20261009-212841-eccdc1b3971d/candidates/0/3",
      "kind": "ASSUMPTION",
      "text": "This differs enough from the explored call-up translation and pitch design families.",
      "status": "UNVERIFIED",
      "extractor": "line_grammar/v1"
    },
    {
      "id": "hd-20261009-212841-eccdc1b3971d/candidates/0/3/claim/38",
      "candidate_id": "hd-20261009-212841-eccdc1b3971d/candidates/0/3",
      "kind": "UNKNOWN",
      "text": "public_minor_league_tracking_coverage_by_level",
      "status": "UNVERIFIED",
      "extractor": "line_grammar/v1"
    },
    {
      "id": "hd-20261009-212841-eccdc1b3971d/candidates/0/3/claim/39",
      "candidate_id": "hd-20261009-212841-eccdc1b3971d/candidates/0/3",
      "kind": "UNKNOWN",
      "text": "identifiability_of_conversion_reasons",
      "status": "UNVERIFIED",
      "extractor": "line_grammar/v1"
    },
    {
      "id": "hd-20261009-212841-eccdc1b3971d/candidates/0/3/claim/40",
      "candidate_id": "hd-20261009-212841-eccdc1b3971d/candidates/0/3",
      "kind": "UNKNOWN",
      "text": "cubs_current_conversion_criteria",
      "status": "UNVERIFIED",
      "extractor": "line_grammar/v1"
    },
    {
      "id": "hd-20261009-212841-eccdc1b3971d/candidates/0/3/claim/41",
      "candidate_id": "hd-20261009-212841-eccdc1b3971d/candidates/0/3",
      "kind": "ASSUMPTION",
      "text": "Across all of these ideas, league-wide retrospective tests measure average opportunity, not whether the Cubs specifically underperform. Club-specific tendencies need separate verification from public play-by-play data.",
      "status": "UNVERIFIED",
      "extractor": "line_grammar/v1"
    },
    {
      "id": "hd-20261009-212841-eccdc1b3971d/candidates/0/3/claim/42",
      "candidate_id": "hd-20261009-212841-eccdc1b3971d/candidates/0/3",
      "kind": "UNKNOWN",
      "text": "whether_any_family_clears_meaningful_seasonal_value_threshold",
      "status": "UNVERIFIED",
      "extractor": "line_grammar/v1"
    },
    {
      "id": "hd-20261009-212841-eccdc1b3971d/candidates/0/4/claim/1",
      "candidate_id": "hd-20261009-212841-eccdc1b3971d/candidates/0/4",
      "kind": "IDEA",
      "text": "Lineup batting-order construction (owner: manager with analytics staff; decision: daily order of the nine starters, about 162 times per club per season). Historical cases: every lineup card league-wide, publicly recorded per game in play-by-play archives. Observable outcome: plate appearances by lineup slot and runs scored. Simple baseline: a fixed template such as best on-base hitters at the top and the power hitter in a middle slot. Intervention: a run-expectancy simulator that suggests order swaps using projected platoon matchups and probable opposing relievers, plus a record of when the manager overrode it.",
      "status": "UNVERIFIED",
      "extractor": "line_grammar/v1"
    },
    {
      "id": "hd-20261009-212841-eccdc1b3971d/candidates/0/4/claim/2",
      "candidate_id": "hd-20261009-212841-eccdc1b3971d/candidates/0/4",
      "kind": "ASSUMPTION",
      "text": "Public analyses commonly treat batting-order effects as small per game; season-level value may fail criterion (c) even if criterion (a) is strongly satisfied.",
      "status": "UNVERIFIED",
      "extractor": "line_grammar/v1"
    },
    {
      "id": "hd-20261009-212841-eccdc1b3971d/candidates/0/4/claim/3",
      "candidate_id": "hd-20261009-212841-eccdc1b3971d/candidates/0/4",
      "kind": "ASSUMPTION",
      "text": "The counterfactual of runs under a different order cannot be observed, so retrospective tests depend on simulation rather than on outcome comparison; this weakens criterion (b).",
      "status": "UNVERIFIED",
      "extractor": "line_grammar/v1"
    },
    {
      "id": "hd-20261009-212841-eccdc1b3971d/candidates/0/4/claim/4",
      "candidate_id": "hd-20261009-212841-eccdc1b3971d/candidates/0/4",
      "kind": "ASSUMPTION",
      "text": "Order can affect player comfort or preparation in ways that public data does not capture.",
      "status": "UNVERIFIED",
      "extractor": "line_grammar/v1"
    },
    {
      "id": "hd-20261009-212841-eccdc1b3971d/candidates/0/4/claim/5",
      "candidate_id": "hd-20261009-212841-eccdc1b3971d/candidates/0/4",
      "kind": "UNKNOWN",
      "text": "club_baseline_lineup_rule",
      "status": "UNVERIFIED",
      "extractor": "line_grammar/v1"
    },
    {
      "id": "hd-20261009-212841-eccdc1b3971d/candidates/0/4/claim/6",
      "candidate_id": "hd-20261009-212841-eccdc1b3971d/candidates/0/4",
      "kind": "UNKNOWN",
      "text": "public_estimate_of_order_effect_size_for_validation",
      "status": "UNVERIFIED",
      "extractor": "line_grammar/v1"
    },
    {
      "id": "hd-20261009-212841-eccdc1b3971d/candidates/0/4/claim/7",
      "candidate_id": "hd-20261009-212841-eccdc1b3971d/candidates/0/4",
      "kind": "IDEA",
      "text": "Manager replay challenge selection (owner: manager and replay-review staff; decision: whether to challenge a close call, many opportunities per club-season). Historical cases: every challenge league-wide since expanded replay, with outcomes in public records; declined opportunities are only partly observable. Observable outcome: call overturned, confirmed, or stands, and the change in run or win expectancy. Simple baseline: challenge when the replay coordinator's confidence feels high, saving challenges for late innings. Intervention: a calibration ledger of coordinator confidence versus result, plus a leverage-weighted threshold that changes by inning and by challenges remaining.",
      "status": "UNVERIFIED",
      "extractor": "line_grammar/v1"
    },
    {
      "id": "hd-20261009-212841-eccdc1b3971d/candidates/0/4/claim/8",
      "candidate_id": "hd-20261009-212841-eccdc1b3971d/candidates/0/4",
      "kind": "ASSUMPTION",
      "text": "Unchallenged close plays are not systematically logged in public data, so the denominator of opportunities is missing; this partially fails criterion (a) for the \"should have challenged\" side.",
      "status": "UNVERIFIED",
      "extractor": "line_grammar/v1"
    },
    {
      "id": "hd-20261009-212841-eccdc1b3971d/candidates/0/4/claim/9",
      "candidate_id": "hd-20261009-212841-eccdc1b3971d/candidates/0/4",
      "kind": "ASSUMPTION",
      "text": "Coordinator confidence would have to be recorded prospectively by the club; public data cannot reconstruct it.",
      "status": "UNVERIFIED",
      "extractor": "line_grammar/v1"
    },
    {
      "id": "hd-20261009-212841-eccdc1b3971d/candidates/0/4/claim/10",
      "candidate_id": "hd-20261009-212841-eccdc1b3971d/candidates/0/4",
      "kind": "ASSUMPTION",
      "text": "Value per overturned call may be modest; the season total for criterion (c) needs verification.",
      "status": "UNVERIFIED",
      "extractor": "line_grammar/v1"
    },
    {
      "id": "hd-20261009-212841-eccdc1b3971d/candidates/0/4/claim/11",
      "candidate_id": "hd-20261009-212841-eccdc1b3971d/candidates/0/4",
      "kind": "UNKNOWN",
      "text": "public_dataset_of_unchallenged_close_plays",
      "status": "UNVERIFIED",
      "extractor": "line_grammar/v1"
    },
    {
      "id": "hd-20261009-212841-eccdc1b3971d/candidates/0/4/claim/12",
      "candidate_id": "hd-20261009-212841-eccdc1b3971d/candidates/0/4",
      "kind": "UNKNOWN",
      "text": "overturn_rate_by_play_type_public_source",
      "status": "UNVERIFIED",
      "extractor": "line_grammar/v1"
    },
    {
      "id": "hd-20261009-212841-eccdc1b3971d/candidates/0/4/claim/13",
      "candidate_id": "hd-20261009-212841-eccdc1b3971d/candidates/0/4",
      "kind": "IDEA",
      "text": "Position-player pitching and mop-up allocation (owner: manager and pitching coach; decision: who pitches in low-leverage blowout innings, many times per club-season). Historical cases: every low-leverage relief inning league-wide, with leverage measurable from public play-by-play. Observable outcome: runs allowed in the blowout, plus the workload and next-days availability of affected relievers. Simple baseline: use the last reliever on the depth chart, or a position player past a fixed run-differential threshold. Intervention: a rule that weighs comeback probability against the expected cost of reliever fatigue over the following series.",
      "status": "UNVERIFIED",
      "extractor": "line_grammar/v1"
    },
    {
      "id": "hd-20261009-212841-eccdc1b3971d/candidates/0/4/claim/14",
      "candidate_id": "hd-20261009-212841-eccdc1b3971d/candidates/0/4",
      "kind": "ASSUMPTION",
      "text": "The downstream fatigue cost is inferred rather than observed; outcome attribution for criterion (b) is weak.",
      "status": "UNVERIFIED",
      "extractor": "line_grammar/v1"
    },
    {
      "id": "hd-20261009-212841-eccdc1b3971d/candidates/0/4/claim/15",
      "candidate_id": "hd-20261009-212841-eccdc1b3971d/candidates/0/4",
      "kind": "ASSUMPTION",
      "text": "Eligibility rules for position-player pitching have changed over time, which shrinks the comparable pool for criterion (a).",
      "status": "UNVERIFIED",
      "extractor": "line_grammar/v1"
    },
    {
      "id": "hd-20261009-212841-eccdc1b3971d/candidates/0/4/claim/16",
      "candidate_id": "hd-20261009-212841-eccdc1b3971d/candidates/0/4",
      "kind": "ASSUMPTION",
      "text": "Overlap with the explored \"opposing bullpen availability\" family is partial; this idea concerns the club's own bullpen.",
      "status": "UNVERIFIED",
      "extractor": "line_grammar/v1"
    },
    {
      "id": "hd-20261009-212841-eccdc1b3971d/candidates/0/4/claim/17",
      "candidate_id": "hd-20261009-212841-eccdc1b3971d/candidates/0/4",
      "kind": "UNKNOWN",
      "text": "current_position_player_pitching_eligibility_rule",
      "status": "UNVERIFIED",
      "extractor": "line_grammar/v1"
    },
    {
      "id": "hd-20261009-212841-eccdc1b3971d/candidates/0/4/claim/18",
      "candidate_id": "hd-20261009-212841-eccdc1b3971d/candidates/0/4",
      "kind": "UNKNOWN",
      "text": "measurable_link_between_mop_up_usage_and_next_day_performance",
      "status": "UNVERIFIED",
      "extractor": "line_grammar/v1"
    },
    {
      "id": "hd-20261009-212841-eccdc1b3971d/candidates/0/4/claim/19",
      "candidate_id": "hd-20261009-212841-eccdc1b3971d/candidates/0/4",
      "kind": "IDEA",
      "text": "Affiliate level-to-level promotion timing within the minor leagues (owner: farm director; decision: when to promote a prospect from one minor-league level to the next, dozens of moves per organization-season). Historical cases: thousands of public level changes league-wide in MiLB transaction and stat records. Observable outcome: performance and age-relative-to-level at the new level, and eventual MLB arrival. Simple baseline: promote after a fixed time-at-level or a statistical threshold. Intervention: a public-data hazard model of how hitters and pitchers struggle or adjust after promotion, used to flag prospects who are likely ready early or too late.",
      "status": "UNVERIFIED",
      "extractor": "line_grammar/v1"
    },
    {
      "id": "hd-20261009-212841-eccdc1b3971d/candidates/0/4/claim/20",
      "candidate_id": "hd-20261009-212841-eccdc1b3971d/candidates/0/4",
      "kind": "ASSUMPTION",
      "text": "Promotion choices are confounded by private scouting, injury, and roster need, so a retrospective comparison is selection-biased; criterion (b) is observable but not causal.",
      "status": "UNVERIFIED",
      "extractor": "line_grammar/v1"
    },
    {
      "id": "hd-20261009-212841-eccdc1b3971d/candidates/0/4/claim/21",
      "candidate_id": "hd-20261009-212841-eccdc1b3971d/candidates/0/4",
      "kind": "ASSUMPTION",
      "text": "This differs from the explored \"call-up translation\" family because it concerns minor-to-minor moves; it could still be judged duplicative.",
      "status": "UNVERIFIED",
      "extractor": "line_grammar/v1"
    },
    {
      "id": "hd-20261009-212841-eccdc1b3971d/candidates/0/4/claim/22",
      "candidate_id": "hd-20261009-212841-eccdc1b3971d/candidates/0/4",
      "kind": "ASSUMPTION",
      "text": "Value for criterion (c) shows up over years rather than within one season.",
      "status": "UNVERIFIED",
      "extractor": "line_grammar/v1"
    },
    {
      "id": "hd-20261009-212841-eccdc1b3971d/candidates/0/4/claim/23",
      "candidate_id": "hd-20261009-212841-eccdc1b3971d/candidates/0/4",
      "kind": "UNKNOWN",
      "text": "completeness_of_public_minor_league_transaction_history",
      "status": "UNVERIFIED",
      "extractor": "line_grammar/v1"
    },
    {
      "id": "hd-20261009-212841-eccdc1b3971d/candidates/0/4/claim/24",
      "candidate_id": "hd-20261009-212841-eccdc1b3971d/candidates/0/4",
      "kind": "UNKNOWN",
      "text": "whether_public_minor_league_pitch_tracking_covers_all_levels_consistently",
      "status": "UNVERIFIED",
      "extractor": "line_grammar/v1"
    },
    {
      "id": "hd-20261009-212841-eccdc1b3971d/candidates/0/4/claim/25",
      "candidate_id": "hd-20261009-212841-eccdc1b3971d/candidates/0/4",
      "kind": "IDEA",
      "text": "Amateur draft pick selection in middle and late rounds (owner: scouting director; decision: choice at each pick, many picks per club per year). Historical cases: every pick league-wide each year, with public draft records and later public career stats. Observable outcome: signing status, minor-league progression, and MLB appearances, observable after a long lag. Simple baseline: follow a consensus public prospect ranking, or use college performance thresholds. Intervention: a model that measures how far the club deviates from public consensus and which deviation types later paid off league-wide.",
      "status": "UNVERIFIED",
      "extractor": "line_grammar/v1"
    },
    {
      "id": "hd-20261009-212841-eccdc1b3971d/candidates/0/4/claim/26",
      "candidate_id": "hd-20261009-212841-eccdc1b3971d/candidates/0/4",
      "kind": "ASSUMPTION",
      "text": "Outcome lag of several years fails the timeliness side of criterion (b) for any near-term test.",
      "status": "UNVERIFIED",
      "extractor": "line_grammar/v1"
    },
    {
      "id": "hd-20261009-212841-eccdc1b3971d/candidates/0/4/claim/27",
      "candidate_id": "hd-20261009-212841-eccdc1b3971d/candidates/0/4",
      "kind": "ASSUMPTION",
      "text": "Signability and bonus negotiation are counterparty-driven and overlap the explored bonus-pool family.",
      "status": "UNVERIFIED",
      "extractor": "line_grammar/v1"
    },
    {
      "id": "hd-20261009-212841-eccdc1b3971d/candidates/0/4/claim/28",
      "candidate_id": "hd-20261009-212841-eccdc1b3971d/candidates/0/4",
      "kind": "ASSUMPTION",
      "text": "Archived public consensus rankings from before each draft may be incomplete for later rounds; this threatens criterion (d).",
      "status": "UNVERIFIED",
      "extractor": "line_grammar/v1"
    },
    {
      "id": "hd-20261009-212841-eccdc1b3971d/candidates/0/4/claim/29",
      "candidate_id": "hd-20261009-212841-eccdc1b3971d/candidates/0/4",
      "kind": "UNKNOWN",
      "text": "archived_pre_draft_public_rankings_depth",
      "status": "UNVERIFIED",
      "extractor": "line_grammar/v1"
    },
    {
      "id": "hd-20261009-212841-eccdc1b3971d/candidates/0/4/claim/30",
      "candidate_id": "hd-20261009-212841-eccdc1b3971d/candidates/0/4",
      "kind": "UNKNOWN",
      "text": "public_amateur_performance_data_coverage",
      "status": "UNVERIFIED",
      "extractor": "line_grammar/v1"
    },
    {
      "id": "hd-20261009-212841-eccdc1b3971d/candidates/0/4/claim/31",
      "candidate_id": "hd-20261009-212841-eccdc1b3971d/candidates/0/4",
      "kind": "IDEA",
      "text": "Late-inning defensive replacement decisions (owner: manager and bench coach; decision: whether to substitute a better fielder when protecting a lead, many times per club-season). Historical cases: every late-game defensive substitution, plus every non-substitution, reconstructable from public play-by-play and lineup changes. Observable outcome: balls in play to the replaced position and runs allowed in the remaining innings. Simple baseline: always replace a designated weak fielder when leading in the late innings. Intervention: a leverage-aware rule that includes the cost of losing the original bat if the game goes to extra innings.",
      "status": "UNVERIFIED",
      "extractor": "line_grammar/v1"
    },
    {
      "id": "hd-20261009-212841-eccdc1b3971d/candidates/0/4/claim/32",
      "candidate_id": "hd-20261009-212841-eccdc1b3971d/candidates/0/4",
      "kind": "ASSUMPTION",
      "text": "Few balls reach any one position per inning, so the per-decision signal is noisy; criterion (a) may hold while effective statistical power stays low.",
      "status": "UNVERIFIED",
      "extractor": "line_grammar/v1"
    },
    {
      "id": "hd-20261009-212841-eccdc1b3971d/candidates/0/4/claim/33",
      "candidate_id": "hd-20261009-212841-eccdc1b3971d/candidates/0/4",
      "kind": "ASSUMPTION",
      "text": "Overlap with the explored \"bench\" families needs checking.",
      "status": "UNVERIFIED",
      "extractor": "line_grammar/v1"
    },
    {
      "id": "hd-20261009-212841-eccdc1b3971d/candidates/0/4/claim/34",
      "candidate_id": "hd-20261009-212841-eccdc1b3971d/candidates/0/4",
      "kind": "UNKNOWN",
      "text": "public_fielding_run_value_granularity_by_inning",
      "status": "UNVERIFIED",
      "extractor": "line_grammar/v1"
    },
    {
      "id": "hd-20261009-212841-eccdc1b3971d/candidates/0/4/claim/35",
      "candidate_id": "hd-20261009-212841-eccdc1b3971d/candidates/0/4",
      "kind": "UNKNOWN",
      "text": "extra_inning_frequency_needed_for_cost_term",
      "status": "UNVERIFIED",
      "extractor": "line_grammar/v1"
    },
    {
      "id": "hd-20261009-212841-eccdc1b3971d/candidates/0/4/claim/36",
      "candidate_id": "hd-20261009-212841-eccdc1b3971d/candidates/0/4",
      "kind": "ASSUMPTION",
      "text": "The unconventional element across these ideas is ranking decision families by statistical power and observability before building tools; that ranking itself still needs verification.",
      "status": "UNVERIFIED",
      "extractor": "line_grammar/v1"
    },
    {
      "id": "hd-20261009-212841-eccdc1b3971d/candidates/0/4/claim/37",
      "candidate_id": "hd-20261009-212841-eccdc1b3971d/candidates/0/4",
      "kind": "UNKNOWN",
      "text": "club_simple_rule_for_each_decision",
      "status": "UNVERIFIED",
      "extractor": "line_grammar/v1"
    },
    {
      "id": "hd-20261009-212841-eccdc1b3971d/candidates/0/4/claim/38",
      "candidate_id": "hd-20261009-212841-eccdc1b3971d/candidates/0/4",
      "kind": "UNKNOWN",
      "text": "minimum_detectable_effect_per_family",
      "status": "UNVERIFIED",
      "extractor": "line_grammar/v1"
    },
    {
      "id": "hd-20261009-212841-eccdc1b3971d/candidates/0/5/claim/1",
      "candidate_id": "hd-20261009-212841-eccdc1b3971d/candidates/0/5",
      "kind": "IDEA",
      "text": "Problem=manager replay challenges on non-ABS plays (safe/out, fair/foul, catch/trap, HBP); owner=manager with replay coordinator; decision=challenge or let the call stand, at a frequency of several plausible windows per week; historical cases=every challenged play league-wide each season since expanded replay began, plus unchallenged close plays recoverable from public tracking and video logs; outcome=overturned or confirmed, published per play; baseline=challenge when the replay coordinator's video looks favorable, adjusted for inning and remaining challenges; intervention=a model that combines play type, call type, camera-angle availability, leverage and remaining-challenge state to rank challenge value.",
      "status": "UNVERIFIED",
      "extractor": "line_grammar/v1"
    },
    {
      "id": "hd-20261009-212841-eccdc1b3971d/candidates/0/5/claim/2",
      "candidate_id": "hd-20261009-212841-eccdc1b3971d/candidates/0/5",
      "kind": "ASSUMPTION",
      "text": "(a) holds for challenged plays, but unchallenged close calls are a selected and incomplete sample, so counterfactual overturn rates for skipped challenges may be biased.",
      "status": "UNVERIFIED",
      "extractor": "line_grammar/v1"
    },
    {
      "id": "hd-20261009-212841-eccdc1b3971d/candidates/0/5/claim/3",
      "candidate_id": "hd-20261009-212841-eccdc1b3971d/candidates/0/5",
      "kind": "ASSUMPTION",
      "text": "(c) may fail because overturn value per play is small and most clubs may already capture most of it, leaving a low ceiling like the earlier minor-league free agent result.",
      "status": "UNVERIFIED",
      "extractor": "line_grammar/v1"
    },
    {
      "id": "hd-20261009-212841-eccdc1b3971d/candidates/0/5/claim/4",
      "candidate_id": "hd-20261009-212841-eccdc1b3971d/candidates/0/5",
      "kind": "ASSUMPTION",
      "text": "(d) may fail because the most informative input, the coordinator's live view of angles, is private and fast, so a public-data model may only tie the human baseline.",
      "status": "UNVERIFIED",
      "extractor": "line_grammar/v1"
    },
    {
      "id": "hd-20261009-212841-eccdc1b3971d/candidates/0/5/claim/5",
      "candidate_id": "hd-20261009-212841-eccdc1b3971d/candidates/0/5",
      "kind": "UNKNOWN",
      "text": "league-wide count of unchallenged plays that would have been overturned",
      "status": "UNVERIFIED",
      "extractor": "line_grammar/v1"
    },
    {
      "id": "hd-20261009-212841-eccdc1b3971d/candidates/0/5/claim/6",
      "candidate_id": "hd-20261009-212841-eccdc1b3971d/candidates/0/5",
      "kind": "UNKNOWN",
      "text": "Cubs challenge success rate relative to league",
      "status": "UNVERIFIED",
      "extractor": "line_grammar/v1"
    },
    {
      "id": "hd-20261009-212841-eccdc1b3971d/candidates/0/5/claim/7",
      "candidate_id": "hd-20261009-212841-eccdc1b3971d/candidates/0/5",
      "kind": "IDEA",
      "text": "Problem=in-season promotions between minor-league levels (Low-A to High-A to Double-A to Triple-A); owner=farm director and player-development staff; decision=promote now, hold, or demote, made many times per season per organization; historical cases=every level change across all organizations each season, reconstructable from public transaction logs and level-by-level stat lines; outcome=post-move performance at the new level, plus eventual MLB arrival or release, both public; baseline=promote after a stretch of strong surface stats or by age-for-level convention; intervention=a promotion-readiness score from public pitch-level and batted-ball data at levels where it exists, such as Triple-A and parts of the Florida State League, compared against the age-and-OPS rule.",
      "status": "UNVERIFIED",
      "extractor": "line_grammar/v1"
    },
    {
      "id": "hd-20261009-212841-eccdc1b3971d/candidates/0/5/claim/8",
      "candidate_id": "hd-20261009-212841-eccdc1b3971d/candidates/0/5",
      "kind": "ASSUMPTION",
      "text": "This is distinct from MLB call-up translation because the decision is about minor-league development pacing, not about MLB roster value.",
      "status": "UNVERIFIED",
      "extractor": "line_grammar/v1"
    },
    {
      "id": "hd-20261009-212841-eccdc1b3971d/candidates/0/5/claim/9",
      "candidate_id": "hd-20261009-212841-eccdc1b3971d/candidates/0/5",
      "kind": "ASSUMPTION",
      "text": "(b) partly fails because the true outcome, long-run development, is observed years later and is confounded by injuries, mechanical changes and later promotions.",
      "status": "UNVERIFIED",
      "extractor": "line_grammar/v1"
    },
    {
      "id": "hd-20261009-212841-eccdc1b3971d/candidates/0/5/claim/10",
      "candidate_id": "hd-20261009-212841-eccdc1b3971d/candidates/0/5",
      "kind": "ASSUMPTION",
      "text": "(c) may fail because the value of earlier or later promotion per player may be small and hard to separate from player quality, which drives both the promotion and the outcome.",
      "status": "UNVERIFIED",
      "extractor": "line_grammar/v1"
    },
    {
      "id": "hd-20261009-212841-eccdc1b3971d/candidates/0/5/claim/11",
      "candidate_id": "hd-20261009-212841-eccdc1b3971d/candidates/0/5",
      "kind": "ASSUMPTION",
      "text": "Organizational reasons such as roster space at the next level, rehab assignments and protecting a player from Rule 5 drive many moves, so a public dataset sees decisions without their constraints.",
      "status": "UNVERIFIED",
      "extractor": "line_grammar/v1"
    },
    {
      "id": "hd-20261009-212841-eccdc1b3971d/candidates/0/5/claim/12",
      "candidate_id": "hd-20261009-212841-eccdc1b3971d/candidates/0/5",
      "kind": "UNKNOWN",
      "text": "completeness of public pitch-tracking coverage by minor-league level and season",
      "status": "UNVERIFIED",
      "extractor": "line_grammar/v1"
    },
    {
      "id": "hd-20261009-212841-eccdc1b3971d/candidates/0/5/claim/13",
      "candidate_id": "hd-20261009-212841-eccdc1b3971d/candidates/0/5",
      "kind": "UNKNOWN",
      "text": "whether demotions are labeled consistently in public transaction feeds",
      "status": "UNVERIFIED",
      "extractor": "line_grammar/v1"
    },
    {
      "id": "hd-20261009-212841-eccdc1b3971d/candidates/0/5/claim/14",
      "candidate_id": "hd-20261009-212841-eccdc1b3971d/candidates/0/5",
      "kind": "IDEA",
      "text": "Problem=undrafted amateur signings after the shortened draft; owner=amateur scouting director; decision=which undrafted college and junior-college players to sign at the capped bonus, made once a year across many players; historical cases=all undrafted signings league-wide since the draft was shortened, each with public amateur stats and, for many college players, public tracking data from summer leagues; outcome=minor-league performance and retention, which is public; baseline=sign the highest-ranked remaining players on public prospect boards, or players with strong conference stats; intervention=a model that combines public college stats, strength-of-schedule adjustment and summer-league tracking.",
      "status": "UNVERIFIED",
      "extractor": "line_grammar/v1"
    },
    {
      "id": "hd-20261009-212841-eccdc1b3971d/candidates/0/5/claim/15",
      "candidate_id": "hd-20261009-212841-eccdc1b3971d/candidates/0/5",
      "kind": "ASSUMPTION",
      "text": "This may repeat the minor-league free agent finding of a low ceiling, so it is a lower-priority family unless early outcomes vary widely.",
      "status": "UNVERIFIED",
      "extractor": "line_grammar/v1"
    },
    {
      "id": "hd-20261009-212841-eccdc1b3971d/candidates/0/5/claim/16",
      "candidate_id": "hd-20261009-212841-eccdc1b3971d/candidates/0/5",
      "kind": "ASSUMPTION",
      "text": "(a) is weak because the post-shortening seasons are few, and the outcome lag is long.",
      "status": "UNVERIFIED",
      "extractor": "line_grammar/v1"
    },
    {
      "id": "hd-20261009-212841-eccdc1b3971d/candidates/0/5/claim/17",
      "candidate_id": "hd-20261009-212841-eccdc1b3971d/candidates/0/5",
      "kind": "ASSUMPTION",
      "text": "(c) and the counterparty problem both apply, because a player chooses among competing offers and the club's choice does not guarantee a signing.",
      "status": "UNVERIFIED",
      "extractor": "line_grammar/v1"
    },
    {
      "id": "hd-20261009-212841-eccdc1b3971d/candidates/0/5/claim/18",
      "candidate_id": "hd-20261009-212841-eccdc1b3971d/candidates/0/5",
      "kind": "UNKNOWN",
      "text": "count of undrafted signings per season league-wide since the draft was shortened",
      "status": "UNVERIFIED",
      "extractor": "line_grammar/v1"
    },
    {
      "id": "hd-20261009-212841-eccdc1b3971d/candidates/0/5/claim/19",
      "candidate_id": "hd-20261009-212841-eccdc1b3971d/candidates/0/5",
      "kind": "UNKNOWN",
      "text": "availability and licensing of college and summer-league tracking data",
      "status": "UNVERIFIED",
      "extractor": "line_grammar/v1"
    },
    {
      "id": "hd-20261009-212841-eccdc1b3971d/candidates/0/5/claim/20",
      "candidate_id": "hd-20261009-212841-eccdc1b3971d/candidates/0/5",
      "kind": "IDEA",
      "text": "Problem=choosing which regular to rest on which day; owner=manager with performance staff; decision=the daily lineup omission, made most days of the season; historical cases=every starter-absence day league-wide, inferable from public lineups and injury lists; outcome=the team result that day and the rested player's later performance and injured-list placements, all public; baseline=rest players by a fixed cadence, or on day games after night games, or against tough opposing starters; intervention=pick rest days by the expected run cost of the replacement, given the opposing starter's handedness and quality and the bench matchup.",
      "status": "UNVERIFIED",
      "extractor": "line_grammar/v1"
    },
    {
      "id": "hd-20261009-212841-eccdc1b3971d/candidates/0/5/claim/21",
      "candidate_id": "hd-20261009-212841-eccdc1b3971d/candidates/0/5",
      "kind": "ASSUMPTION",
      "text": "This may overlap the already explored travel and rest planning family; it differs only if the objective is matchup run cost rather than fatigue.",
      "status": "UNVERIFIED",
      "extractor": "line_grammar/v1"
    },
    {
      "id": "hd-20261009-212841-eccdc1b3971d/candidates/0/5/claim/22",
      "candidate_id": "hd-20261009-212841-eccdc1b3971d/candidates/0/5",
      "kind": "ASSUMPTION",
      "text": "(b) partly fails because the benefit of rest for injury prevention is not observable at the play level and is confounded by unreported minor injuries.",
      "status": "UNVERIFIED",
      "extractor": "line_grammar/v1"
    },
    {
      "id": "hd-20261009-212841-eccdc1b3971d/candidates/0/5/claim/23",
      "candidate_id": "hd-20261009-212841-eccdc1b3971d/candidates/0/5",
      "kind": "ASSUMPTION",
      "text": "(c) may be small per game, though it adds up across a season; that is the hypothesis to test, not a given.",
      "status": "UNVERIFIED",
      "extractor": "line_grammar/v1"
    },
    {
      "id": "hd-20261009-212841-eccdc1b3971d/candidates/0/5/claim/24",
      "candidate_id": "hd-20261009-212841-eccdc1b3971d/candidates/0/5",
      "kind": "UNKNOWN",
      "text": "whether public lineups distinguish planned rest from undisclosed injury",
      "status": "UNVERIFIED",
      "extractor": "line_grammar/v1"
    },
    {
      "id": "hd-20261009-212841-eccdc1b3971d/candidates/0/5/claim/25",
      "candidate_id": "hd-20261009-212841-eccdc1b3971d/candidates/0/5",
      "kind": "IDEA",
      "text": "Problem=intentional walks and unintentional-intentional pitch-around choices; owner=manager and pitching coach; decision=walk or pitch to a batter with a base open, faced several times per week; historical cases=every base-open, late-leverage plate appearance league-wide, with the choice inferable for automatic walks and approximately inferable from pitch location for pitch-arounds; outcome=play result and win-probability change, public; baseline=walk dangerous hitters with first base open late in close games; intervention=a matchup-specific run-expectancy comparison using the next hitter's projection and the platoon state.",
      "status": "UNVERIFIED",
      "extractor": "line_grammar/v1"
    },
    {
      "id": "hd-20261009-212841-eccdc1b3971d/candidates/0/5/claim/26",
      "candidate_id": "hd-20261009-212841-eccdc1b3971d/candidates/0/5",
      "kind": "ASSUMPTION",
      "text": "(c) likely fails because public research suggests these decisions carry little value per case, and clubs may have converged on them already; that claim needs verification and is not supplied here.",
      "status": "UNVERIFIED",
      "extractor": "line_grammar/v1"
    },
    {
      "id": "hd-20261009-212841-eccdc1b3971d/candidates/0/5/claim/27",
      "candidate_id": "hd-20261009-212841-eccdc1b3971d/candidates/0/5",
      "kind": "ASSUMPTION",
      "text": "Labeling pitch-arounds from pitch location adds measurement error that could swamp a small effect.",
      "status": "UNVERIFIED",
      "extractor": "line_grammar/v1"
    },
    {
      "id": "hd-20261009-212841-eccdc1b3971d/candidates/0/5/claim/28",
      "candidate_id": "hd-20261009-212841-eccdc1b3971d/candidates/0/5",
      "kind": "UNKNOWN",
      "text": "league-wide frequency of automatic intentional walks since the automatic walk rule was adopted",
      "status": "UNVERIFIED",
      "extractor": "line_grammar/v1"
    },
    {
      "id": "hd-20261009-212841-eccdc1b3971d/candidates/0/5/claim/29",
      "candidate_id": "hd-20261009-212841-eccdc1b3971d/candidates/0/5",
      "kind": "IDEA",
      "text": "Problem=bullpen warm-ups that are not followed by an appearance; owner=manager and bullpen coach; decision=whether to get a reliever up, made in most close games; outcome=reliever fatigue and next-day effectiveness; baseline=warm up the next reliever when the pitcher on the mound reaches a pitch count or allows baserunners; intervention=a warm-up trigger model.",
      "status": "UNVERIFIED",
      "extractor": "line_grammar/v1"
    },
    {
      "id": "hd-20261009-212841-eccdc1b3971d/candidates/0/5/claim/30",
      "candidate_id": "hd-20261009-212841-eccdc1b3971d/candidates/0/5",
      "kind": "ASSUMPTION",
      "text": "This is included as a deliberate failure case, because (b) fails: warm-up events and pitch counts are not reliably public, so a retrospective test lacks labels even though (a) and (c) may hold.",
      "status": "UNVERIFIED",
      "extractor": "line_grammar/v1"
    },
    {
      "id": "hd-20261009-212841-eccdc1b3971d/candidates/0/5/claim/31",
      "candidate_id": "hd-20261009-212841-eccdc1b3971d/candidates/0/5",
      "kind": "ASSUMPTION",
      "text": "The idea is viable only with the club's private bullpen logs, which conflicts with the public-data constraint, so it should be parked rather than tested.",
      "status": "UNVERIFIED",
      "extractor": "line_grammar/v1"
    },
    {
      "id": "hd-20261009-212841-eccdc1b3971d/candidates/0/5/claim/32",
      "candidate_id": "hd-20261009-212841-eccdc1b3971d/candidates/0/5",
      "kind": "UNKNOWN",
      "text": "any public source that logs bullpen warm-ups",
      "status": "UNVERIFIED",
      "extractor": "line_grammar/v1"
    },
    {
      "id": "hd-20261009-212841-eccdc1b3971d/candidates/0/5/claim/33",
      "candidate_id": "hd-20261009-212841-eccdc1b3971d/candidates/0/5",
      "kind": "IDEA",
      "text": "Problem=batting-order construction; owner=manager; decision=lineup order, set daily; historical cases=every lineup league-wide; outcome=runs scored, public; baseline=a conventional order with the best on-base hitters near the top; intervention=a simulation-optimized order.",
      "status": "UNVERIFIED",
      "extractor": "line_grammar/v1"
    },
    {
      "id": "hd-20261009-212841-eccdc1b3971d/candidates/0/5/claim/34",
      "candidate_id": "hd-20261009-212841-eccdc1b3971d/candidates/0/5",
      "kind": "ASSUMPTION",
      "text": "This is included as a (c) failure case: public research suggests that optimal and reasonable orders differ by little over a season, and the effect would be undetectable against noise even with strong (a); this needs citation before it is relied on.",
      "status": "UNVERIFIED",
      "extractor": "line_grammar/v1"
    },
    {
      "id": "hd-20261009-212841-eccdc1b3971d/candidates/0/5/claim/35",
      "candidate_id": "hd-20261009-212841-eccdc1b3971d/candidates/0/5",
      "kind": "UNKNOWN",
      "text": "supplied evidence for any family above, because the evidence array is empty",
      "status": "UNVERIFIED",
      "extractor": "line_grammar/v1"
    },
    {
      "id": "hd-20261009-212841-eccdc1b3971d/candidates/0/5/claim/36",
      "candidate_id": "hd-20261009-212841-eccdc1b3971d/candidates/0/5",
      "kind": "UNKNOWN",
      "text": "Cubs-specific baselines, which are not public and must not be assumed",
      "status": "UNVERIFIED",
      "extractor": "line_grammar/v1"
    }
  ],
  "evidence": [
    {
      "id": "objective_context",
      "text": "Where could software create a meaningful baseball advantage for the Chicago Cubs? Second pass. A critique of the first pass found that most candidate decisions (qualifying offers, posting bids, arbitration hearings, postseason rosters, coach moves) have too few historical cases to test any tool against a club's simple rule, and many outcomes are driven by counterparties. Find decisions that combine: (a) many historical cases per season league-wide, so a retrospective test has statistical power; (b) an outcome that is publicly observable after the decision; (c) value at stake that adds up to something meaningful for one club over a season; (d) public information available before the decision that a simple rule might underuse. Include player-development, in-season management and roster decisions, and say where (a) to (d) would fail. OUTPUT GUIDANCE (format only): Each IDEA names the problem, owner, decision and its frequency, an estimate-free description of the number of historical cases, the observable outcome, the simple baseline, and the intervention. Follow with ASSUMPTION and UNKNOWN lines. Do not invent statistics or private Cubs information.",
      "facts": {},
      "provenance": {
        "source_type": "UNCLASSIFIED",
        "produced_by": "unknown",
        "source_ref": "",
        "independent_of_implementation": false,
        "represents_observed_reality": false
      }
    }
  ],
  "unresolved_assumptions": [
    "Public tracking data records fielder throw distance, arm strength and runner position at the moment of the send decision accurately enough to rebuild the counterfactual for held runners.",
    "Held runners are a selected sample, so retrospective tests will be biased unless they model what would have happened on holds.",
    "Criterion (c) may fail if sends with a real edge are rare per club-season and most decisions are already obvious.",
    "Within-game velocity and command decline predicts near-term run prevention beyond what times-through-order already captures.",
    "Counterfactual outcomes for the pitcher not used cannot be observed, so the evaluation relies on modeled rather than observed outcomes; this weakens (b).",
    "Workload carryover to later games, and the resulting injury risk, may outweigh single-game gains and is poorly observable in public data.",
    "Lead distance and jump data are publicly available at enough resolution to model non-attempts, not just attempts.",
    "League-wide adaptation since the rule change may have already removed most of the edge, which threatens (c).",
    "Public bat-speed and sprint-speed drift reflects fatigue rather than noise, swing changes or undisclosed minor injuries.",
    "Without private workload and medical data, (d) may fail because the club already holds much better information than the public signal.",
    "The value per correctly timed rest day may be too small to reach (c) unless it prevents injured-list stints.",
    "Promotion outcomes are confounded because only players already judged ready get promoted, so a retrospective test needs a quasi-experimental design.",
    "Public minor-league tracking coverage differs by level and year, which may break (d) at the lower levels.",
    "The value of better promotion timing may only show up years later, which delays observing (b).",
    "Waiver priority and counterparty claims limit which players a club can actually acquire, which weakens control over the outcome.",
    "This overlaps the minor-league free agent triage family, which tied a prior-MLB-time rule, so the edge may again be small.",
    "Criterion (b) likely fails because public data rarely records warm-ups that do not lead to an appearance.",
    "This could only be tested on the club's own private logs, which limits league-wide statistical power under (a).",
    "Pairing effects are distinct and stable beyond each catcher's individual framing skill; this may not hold.",
    "The automated ball-strike challenge system could shrink framing value, which threatens (c) going forward.",
    "Criterion (c) may fail because these decisions are already well studied and the gains left at the margin are small.",
    "Treating many small decisions as summing to a meaningful season value assumes they are independent and the effects do not cancel; this is unverified.",
    "Across all families, a high number of league-wide cases does not guarantee power if the true edge per decision is tiny compared with game-outcome noise.",
    "The club may already run equivalent tools, so the real baseline may be stronger than any simple rule assumed here.",
    "Fails (a) partly, because only sends produce an observed safe/out outcome; holds are censored, so tests of the counterfactual send depend on modeled throw outcomes.",
    "Fails (c) possibly, because aggregate run value per club-season may be small unless current coaching is systematically too conservative or too aggressive.",
    "Fails (d) possibly, because clubs may already give coaches arm-strength cards; public data may not show what the coach actually used.",
    "Fails (a) in the causal sense, because pitchers left in are selected for looking good, so naive retrospective comparisons are confounded.",
    "Overlaps with the explored bullpen-availability family; it is distinct only if the focus is on the starter's in-game decay signal rather than the bullpen's state.",
    "Fails (c) partly, because the long-run cost of starter workload, such as injury, is not observed within the game, so short-run run value may overstate the gain.",
    "Fails (c) possibly, because the situation is frequent but the per-decision value difference may be small.",
    "Fails (a) partly, because public positioning data may not distinguish deliberate infield-in from shading, and the 2023 shift restrictions changed the feasible alignments, which shortens the comparable history.",
    "Fails (a) causally, because promotion decisions are selected on private information, so retrospective tests compare promoted players to held ones who differ in unobserved ways.",
    "Fails (b) partly, because the long-run development outcome is delayed by years and confounded by injuries and later coaching.",
    "Fails (d) possibly, because minor-league tracking data are less public than MLB data and access may be restricted.",
    "Fails (b) badly, because minor-league injury reporting is incomplete and clubs may disguise injuries as roster moves.",
    "Fails (a) for causal tests, because workload choices respond to private medical information.",
    "Fails (c) uncertainly, because the payoff depends on rare high-cost injuries, which gives low statistical power even with many outings.",
    "Fails (c) possibly, because the remaining outs are few, so value per decision is small and only adds up if the baseline is badly miscalibrated.",
    "Fails (a) partly, because the substitute's defensive impact over a few outs is mostly unobservable noise; tests must rely on modeled defensive value.",
    "Fails (d) partly, because the key input, the video room's own read, is private, and public data show only challenged plays, not unchallenged close plays.",
    "Fails (c) possibly, because overturn value is concentrated in a small number of high-leverage plays per club-season.",
    "Overlaps conceptually with the explored ABS challenge-strategy family; it is distinct only because the inputs are video confidence and play leverage rather than pitch location.",
    "Fails (c) likely, because intentional walks are less frequent in modern play, so total value per club may be small.",
    "Fails (a) partly, because walks are chosen in non-random situations, which confounds naive retrospective comparisons.",
    "Public tracking and play-by-play data are lawfully accessible and sufficiently complete for each decision type; this requires verification per source.",
    "A club-level advantage requires that Cubs practice actually differs from the model break-even; no public evidence was supplied either way.",
    "Public tracking data records fielder starting positions precisely enough and for enough of each season to separate alignment effects from batted-ball quality.",
    "Rule constraints leave enough room for alignment choices that the gap between a tuned and a default alignment is meaningful over a season. This could fail (c) if most clubs already use near-optimal legal alignments.",
    "Batters do not change their spray behavior quickly in response to alignment. If they do, the retrospective test overstates the gain.",
    "Promotion timing has a causal effect on development rather than just reflecting talent. Promoted players are selected, so a naive comparison will be confounded. This fails (a)'s usefulness unless a credible comparison design exists.",
    "Public minor-league tracking data is consistent enough across levels and seasons to serve as pre-decision information. This is a risk to (d).",
    "The value at stake accumulates across many prospects to something meaningful for one club. This is plausible for (c), but outcomes lag by years.",
    "Public injured-list records for minor-league pitchers capture injuries reliably. Underreporting would break (b).",
    "Workload is a meaningful driver of injury compared with unobserved biomechanics. If not, the intervention has a low ceiling, similar to the R001 result.",
    "Velocity data is publicly available at enough minor-league levels to be a pre-decision input.",
    "The retrospective test cannot observe what plan a hitter was given. Only the mismatch between hitter tendencies and pitcher tendencies can be measured, so the test checks for opportunity rather than the effect of the intervention. This is a failure on (b) for the intervention itself.",
    "Hitters can execute plan changes within a game without losing performance elsewhere.",
    "Opposing pitchers do not adapt within the series. This overlaps with the explored pitch-sequence family and needs separation.",
    "Enough conversions happen league-wide each season for statistical power. This is likely marginal on (a), and conversions to pitcher may be too rare.",
    "Public minor-league defensive metrics exist and are reliable. If not, (b) fails.",
    "This is included as a challenge case. It meets (a) and (d) partly, but fails timeliness on (b) because outcomes lag by five or more years. Public amateur data may also be thin compared with private scouting, which weakens (d).",
    "Public consensus rankings already incorporate most public information, which would leave little room above the baseline.",
    "Rest decisions are largely driven by matchups and minor injuries that are not public. This confounds a retrospective test and hurts (b).",
    "The performance difference from optimized rest timing adds up to meaningful value over a season. This is uncertain on (c) and may be small.",
    "Across all ideas above, the minor-league ideas depend on public data completeness, which has not been verified. No statistics or Cubs-specific claims are made, and no supplied evidence was provided to support any line.",
    "Public tracking data records outfielder fielding position, throw speed and runner speed precisely enough to rebuild the conditions at the moment of decision.",
    "Held runners' counterfactual outcomes can be estimated without bias, even though holds are only observed when the coach chose to hold, so selection bias is severe.",
    "A coach can use a simple per-opponent card in a split-second decision. If not, criterion (d) fails at execution even if the analysis succeeds.",
    "The total value over a season is meaningful rather than a few runs. This must be measured, not assumed, and criterion (c) may fail.",
    "Throw target is identifiable in public data. It may need video labeling, which raises cost and threatens criterion (b).",
    "Fielders can follow a prepared matrix under game conditions.",
    "This is distinct from positioning work, because it concerns the decision after the catch rather than alignment.",
    "Catcher blocking and outfielder throwing metrics are stable enough within a season to justify thresholds specific to each opponent.",
    "Runners who stay are not mostly cases where going was obviously wrong, so the comparison is not trivially confounded.",
    "This does not substantially overlap already explored stolen-base or baserunner families. That needs a reviewer's check.",
    "Public replay logs include enough play context to estimate leverage. Unchallenged missed calls are mostly unobservable, so criterion (b) is only partly met.",
    "The value at stake is meaningful. It may be small relative to other families, so criterion (c) is at risk.",
    "The replay room's internal confidence signals could be logged going forward. This is a prospective test, not a retrospective one.",
    "Public spring tracking data exists for enough venues and seasons. Coverage gaps may break criteria (a) and (d).",
    "Selection bias can be handled. Players who made rosters got playing time and others did not, so outcomes are only observed for those selected.",
    "Marginal roster spots carry enough value to satisfy criterion (c). This may fail if their replacement-level differences are tiny.",
    "Public minor-league pitch tracking covers enough levels and years to train on.",
    "Role changes driven by injury or organizational need can be separated from performance-driven conversions. If not, the causal estimate is confounded.",
    "Outcomes are observed within a horizon useful to the club. Development lag may delay feedback by several years and weaken criterion (b).",
    "This differs enough from the explored call-up translation and pitch design families.",
    "Across all of these ideas, league-wide retrospective tests measure average opportunity, not whether the Cubs specifically underperform. Club-specific tendencies need separate verification from public play-by-play data.",
    "Public analyses commonly treat batting-order effects as small per game; season-level value may fail criterion (c) even if criterion (a) is strongly satisfied.",
    "The counterfactual of runs under a different order cannot be observed, so retrospective tests depend on simulation rather than on outcome comparison; this weakens criterion (b).",
    "Order can affect player comfort or preparation in ways that public data does not capture.",
    "Unchallenged close plays are not systematically logged in public data, so the denominator of opportunities is missing; this partially fails criterion (a) for the \"should have challenged\" side.",
    "Coordinator confidence would have to be recorded prospectively by the club; public data cannot reconstruct it.",
    "Value per overturned call may be modest; the season total for criterion (c) needs verification.",
    "The downstream fatigue cost is inferred rather than observed; outcome attribution for criterion (b) is weak.",
    "Eligibility rules for position-player pitching have changed over time, which shrinks the comparable pool for criterion (a).",
    "Overlap with the explored \"opposing bullpen availability\" family is partial; this idea concerns the club's own bullpen.",
    "Promotion choices are confounded by private scouting, injury, and roster need, so a retrospective comparison is selection-biased; criterion (b) is observable but not causal.",
    "This differs from the explored \"call-up translation\" family because it concerns minor-to-minor moves; it could still be judged duplicative.",
    "Value for criterion (c) shows up over years rather than within one season.",
    "Outcome lag of several years fails the timeliness side of criterion (b) for any near-term test.",
    "Signability and bonus negotiation are counterparty-driven and overlap the explored bonus-pool family.",
    "Archived public consensus rankings from before each draft may be incomplete for later rounds; this threatens criterion (d).",
    "Few balls reach any one position per inning, so the per-decision signal is noisy; criterion (a) may hold while effective statistical power stays low.",
    "Overlap with the explored \"bench\" families needs checking.",
    "The unconventional element across these ideas is ranking decision families by statistical power and observability before building tools; that ranking itself still needs verification.",
    "(a) holds for challenged plays, but unchallenged close calls are a selected and incomplete sample, so counterfactual overturn rates for skipped challenges may be biased.",
    "(c) may fail because overturn value per play is small and most clubs may already capture most of it, leaving a low ceiling like the earlier minor-league free agent result.",
    "(d) may fail because the most informative input, the coordinator's live view of angles, is private and fast, so a public-data model may only tie the human baseline.",
    "This is distinct from MLB call-up translation because the decision is about minor-league development pacing, not about MLB roster value.",
    "(b) partly fails because the true outcome, long-run development, is observed years later and is confounded by injuries, mechanical changes and later promotions.",
    "(c) may fail because the value of earlier or later promotion per player may be small and hard to separate from player quality, which drives both the promotion and the outcome.",
    "Organizational reasons such as roster space at the next level, rehab assignments and protecting a player from Rule 5 drive many moves, so a public dataset sees decisions without their constraints.",
    "This may repeat the minor-league free agent finding of a low ceiling, so it is a lower-priority family unless early outcomes vary widely.",
    "(a) is weak because the post-shortening seasons are few, and the outcome lag is long.",
    "(c) and the counterparty problem both apply, because a player chooses among competing offers and the club's choice does not guarantee a signing.",
    "This may overlap the already explored travel and rest planning family; it differs only if the objective is matchup run cost rather than fatigue.",
    "(b) partly fails because the benefit of rest for injury prevention is not observable at the play level and is confounded by unreported minor injuries.",
    "(c) may be small per game, though it adds up across a season; that is the hypothesis to test, not a given.",
    "(c) likely fails because public research suggests these decisions carry little value per case, and clubs may have converged on them already; that claim needs verification and is not supplied here.",
    "Labeling pitch-arounds from pitch location adds measurement error that could swamp a small effect.",
    "This is included as a deliberate failure case, because (b) fails: warm-up events and pitch counts are not reliably public, so a retrospective test lacks labels even though (a) and (c) may hold.",
    "The idea is viable only with the club's private bullpen logs, which conflicts with the public-data constraint, so it should be parked rather than tested.",
    "This is included as a (c) failure case: public research suggests that optimal and reasonable orders differ by little over a season, and the effect would be undetectable against noise even with strong (a); this needs citation before it is relied on."
  ],
  "contradictions": [],
  "scores": [
    {
      "candidate_id": "hd-20261009-212841-eccdc1b3971d/candidates/0/0",
      "duplicate_of": null,
      "cluster_id": "hd-20261009-212841-eccdc1b3971d/candidates/0/0",
      "novelty": {
        "value": 0.6019151846785226,
        "scorer_type": "heuristic"
      },
      "relevance": {
        "value": true,
        "scorer_type": "heuristic",
        "method": "objective_content_token_overlap"
      },
      "failure_count": 0,
      "blocking_failure_count": 0,
      "claim_status_counts": {
        "SUPPORTED": 0,
        "ECHO": 0,
        "CONTRADICTED": 0,
        "UNCERTAIN": 51,
        "UNSUPPORTED": 0
      },
      "citation_error_count": 0,
      "unresolved_count": 51,
      "measurement_version": 2,
      "supported_count": 0,
      "false_premise_rejection_count": 0,
      "measurement_type": "deterministic",
      "decision": "INVESTIGATE",
      "decision_type": "heuristic",
      "reason": "Proposal merits investigation only; feasibility and assumptions remain unverified."
    },
    {
      "candidate_id": "hd-20261009-212841-eccdc1b3971d/candidates/0/1",
      "duplicate_of": null,
      "cluster_id": "hd-20261009-212841-eccdc1b3971d/candidates/0/1",
      "novelty": {
        "value": 0.6386138613861386,
        "scorer_type": "heuristic"
      },
      "relevance": {
        "value": true,
        "scorer_type": "heuristic",
        "method": "objective_content_token_overlap"
      },
      "failure_count": 0,
      "blocking_failure_count": 0,
      "claim_status_counts": {
        "SUPPORTED": 0,
        "ECHO": 0,
        "CONTRADICTED": 0,
        "UNCERTAIN": 44,
        "UNSUPPORTED": 0
      },
      "citation_error_count": 0,
      "unresolved_count": 44,
      "measurement_version": 2,
      "supported_count": 0,
      "false_premise_rejection_count": 0,
      "measurement_type": "deterministic",
      "decision": "INVESTIGATE",
      "decision_type": "heuristic",
      "reason": "Proposal merits investigation only; feasibility and assumptions remain unverified."
    },
    {
      "candidate_id": "hd-20261009-212841-eccdc1b3971d/candidates/0/2",
      "duplicate_of": null,
      "cluster_id": "hd-20261009-212841-eccdc1b3971d/candidates/0/2",
      "novelty": {
        "value": 0.6489071038251366,
        "scorer_type": "heuristic"
      },
      "relevance": {
        "value": true,
        "scorer_type": "heuristic",
        "method": "objective_content_token_overlap"
      },
      "failure_count": 0,
      "blocking_failure_count": 0,
      "claim_status_counts": {
        "SUPPORTED": 0,
        "ECHO": 0,
        "CONTRADICTED": 0,
        "UNCERTAIN": 38,
        "UNSUPPORTED": 0
      },
      "citation_error_count": 0,
      "unresolved_count": 38,
      "measurement_version": 2,
      "supported_count": 0,
      "false_premise_rejection_count": 0,
      "measurement_type": "deterministic",
      "decision": "INVESTIGATE",
      "decision_type": "heuristic",
      "reason": "Proposal merits investigation only; feasibility and assumptions remain unverified."
    },
    {
      "candidate_id": "hd-20261009-212841-eccdc1b3971d/candidates/0/3",
      "duplicate_of": null,
      "cluster_id": "hd-20261009-212841-eccdc1b3971d/candidates/0/3",
      "novelty": {
        "value": 0.6671087533156499,
        "scorer_type": "heuristic"
      },
      "relevance": {
        "value": true,
        "scorer_type": "heuristic",
        "method": "objective_content_token_overlap"
      },
      "failure_count": 0,
      "blocking_failure_count": 0,
      "claim_status_counts": {
        "SUPPORTED": 0,
        "ECHO": 0,
        "CONTRADICTED": 0,
        "UNCERTAIN": 42,
        "UNSUPPORTED": 0
      },
      "citation_error_count": 0,
      "unresolved_count": 42,
      "measurement_version": 2,
      "supported_count": 0,
      "false_premise_rejection_count": 0,
      "measurement_type": "deterministic",
      "decision": "INVESTIGATE",
      "decision_type": "heuristic",
      "reason": "Proposal merits investigation only; feasibility and assumptions remain unverified."
    },
    {
      "candidate_id": "hd-20261009-212841-eccdc1b3971d/candidates/0/4",
      "duplicate_of": null,
      "cluster_id": "hd-20261009-212841-eccdc1b3971d/candidates/0/4",
      "novelty": {
        "value": 0.6813333333333333,
        "scorer_type": "heuristic"
      },
      "relevance": {
        "value": true,
        "scorer_type": "heuristic",
        "method": "objective_content_token_overlap"
      },
      "failure_count": 0,
      "blocking_failure_count": 0,
      "claim_status_counts": {
        "SUPPORTED": 0,
        "ECHO": 0,
        "CONTRADICTED": 0,
        "UNCERTAIN": 38,
        "UNSUPPORTED": 0
      },
      "citation_error_count": 0,
      "unresolved_count": 38,
      "measurement_version": 2,
      "supported_count": 0,
      "false_premise_rejection_count": 0,
      "measurement_type": "deterministic",
      "decision": "INVESTIGATE",
      "decision_type": "heuristic",
      "reason": "Proposal merits investigation only; feasibility and assumptions remain unverified."
    },
    {
      "candidate_id": "hd-20261009-212841-eccdc1b3971d/candidates/0/5",
      "duplicate_of": null,
      "cluster_id": "hd-20261009-212841-eccdc1b3971d/candidates/0/5",
      "novelty": {
        "value": 0.6649550706033376,
        "scorer_type": "heuristic"
      },
      "relevance": {
        "value": true,
        "scorer_type": "heuristic",
        "method": "objective_content_token_overlap"
      },
      "failure_count": 0,
      "blocking_failure_count": 0,
      "claim_status_counts": {
        "SUPPORTED": 0,
        "ECHO": 0,
        "CONTRADICTED": 0,
        "UNCERTAIN": 36,
        "UNSUPPORTED": 0
      },
      "citation_error_count": 0,
      "unresolved_count": 36,
      "measurement_version": 2,
      "supported_count": 0,
      "false_premise_rejection_count": 0,
      "measurement_type": "deterministic",
      "decision": "INVESTIGATE",
      "decision_type": "heuristic",
      "reason": "Proposal merits investigation only; feasibility and assumptions remain unverified."
    }
  ],
  "verification_status": "REQUIRES_DOWNSTREAM_REVIEW",
  "recommended_disposition": "DEFER",
  "provenance": {
    "run_id": "hd-20261009-212841-eccdc1b3971d",
    "producer_component": "howldream",
    "producer_version": "0.4.4",
    "model_or_provider": null,
    "observation_kind": "EXTERNALLY_OBSERVED",
    "created_at": "2026-10-09T21:35:57.454829+00:00",
    "transformations": [
      "explored"
    ],
    "request_id": "cubs-r003-p4-divergent2",
    "request_provenance": {
      "run_id": null,
      "producer_component": null,
      "producer_version": null,
      "model_or_provider": null,
      "observation_kind": null,
      "created_at": "2026-10-09T21:28:41.854105+00:00",
      "transformations": []
    },
    "source_candidates": [],
    "discovery_analysis": {
      "metrics": {
        "context_echo_ratio": 0.2727272727272727,
        "evidence_echo_ratio": 0.1590909090909091,
        "novel_concept_ratio": 0.5,
        "repeated_family_ratio": 0.5454545454545454,
        "idea_count": 44,
        "cluster_count": 20,
        "warnings": [],
        "method": "concept_tokens_and_leading_phrases/v3; Jaccard cluster threshold 0.5 or first-8-content-word phrase link; echo coverage 0.6 or first-16-word phrase link",
        "measurement_type": "ADVISORY_HEURISTIC",
        "limitations": "Not semantic equivalence, calibrated novelty, entailment or usefulness"
      },
      "artifact": "discovery.json"
    },
    "purpose": "discovery",
    "constraints": [
      "Do not assume the problem or the solution.",
      "Lawfully accessible public, historical, or clearly labeled synthetic data only.",
      "Do not invent private Chicago Cubs information or statistics.",
      "Distinguish fact, assumption, hypothesis, and speculation."
    ],
    "diversity_memory": true,
    "risk_class": "EXPLORATORY",
    "parent_run_id": null,
    "originating_component": "operator"
  },
  "descent_dag": {
    "nodes": {
      "obj-cubs-r003-p4-divergent2": {
        "node_id": "obj-cubs-r003-p4-divergent2",
        "node_type": "OBJECTIVE",
        "label": "Objective: Where could software create a meaningful baseball advantage for the Chicago Cubs",
        "details": {
          "objective": "Where could software create a meaningful baseball advantage for the Chicago Cubs? Second pass. A critique of the first pass found that most candidate decisions (qualifying offers, posting bids, arbitration hearings, postseason rosters, coach moves) have too few historical cases to test any tool against a club's simple rule, and many outcomes are driven by counterparties. Find decisions that combine: (a) many historical cases per season league-wide, so a retrospective test has statistical power; (b) an outcome that is publicly observable after the decision; (c) value at stake that adds up to something meaningful for one club over a season; (d) public information available before the decision that a simple rule might underuse. Include player-development, in-season management and roster decisions, and say where (a) to (d) would fail. OUTPUT GUIDANCE (format only): Each IDEA names the problem, owner, decision and its frequency, an estimate-free description of the number of historical cases, the observable outcome, the simple baseline, and the intervention. Follow with ASSUMPTION and UNKNOWN lines. Do not invent statistics or private Cubs information.",
          "originating_component": "operator"
        },
        "created_at": "2026-10-09T21:35:57.452933+00:00"
      },
      "hd-20261009-212841-eccdc1b3971d/baseline": {
        "node_id": "hd-20261009-212841-eccdc1b3971d/baseline",
        "node_type": "BASELINE",
        "label": "Baseline Generation",
        "details": {
          "count": 3
        },
        "created_at": "2026-10-09T21:35:57.452957+00:00"
      },
      "hd-20261009-212841-eccdc1b3971d/dream": {
        "node_id": "hd-20261009-212841-eccdc1b3971d/dream",
        "node_type": "DREAM_RUN",
        "label": "DREAM Run hd-20261009-212841-eccdc1b3971d",
        "details": {
          "mode": "dream",
          "run_id": "hd-20261009-212841-eccdc1b3971d"
        },
        "created_at": "2026-10-09T21:35:57.452993+00:00"
      },
      "hd-20261009-212841-eccdc1b3971d/candidates/0/0": {
        "node_id": "hd-20261009-212841-eccdc1b3971d/candidates/0/0",
        "node_type": "CANDIDATE",
        "label": "Candidate 0: IDEA: Third-base coach send/hold decisions; owner is the thi",
        "details": {
          "text_hash": "d683e6f3e181295b33a4f401ca7c7ddf5e08c6c3c77a63f3260ac253c708f933",
          "trial": 0,
          "index": 0
        },
        "created_at": "2026-10-09T21:35:57.453023+00:00"
      },
      "hd-20261009-212841-eccdc1b3971d/candidates/0/0/challenge": {
        "node_id": "hd-20261009-212841-eccdc1b3971d/candidates/0/0/challenge",
        "node_type": "NIGHTMARE_CHALLENGE",
        "label": "Nightmare Challenge for Candidate 0",
        "details": {
          "perturbations": []
        },
        "created_at": "2026-10-09T21:35:57.453047+00:00"
      },
      "hd-20261009-212841-eccdc1b3971d/candidates/0/0/wake": {
        "node_id": "hd-20261009-212841-eccdc1b3971d/candidates/0/0/wake",
        "node_type": "WAKE_VERIFICATION",
        "label": "Wake Verification for Candidate 0",
        "details": {
          "trust": "UNVERIFIED"
        },
        "created_at": "2026-10-09T21:35:57.453067+00:00"
      },
      "hd-20261009-212841-eccdc1b3971d/candidates/0/1": {
        "node_id": "hd-20261009-212841-eccdc1b3971d/candidates/0/1",
        "node_type": "CANDIDATE",
        "label": "Candidate 1: IDEA: Third-base coach send/hold decisions. Owner: third-bas",
        "details": {
          "text_hash": "09816e24cc397dffaff9e0dc8f5da4f80510c00281c914da4827e252a59e752c",
          "trial": 0,
          "index": 1
        },
        "created_at": "2026-10-09T21:35:57.453365+00:00"
      },
      "hd-20261009-212841-eccdc1b3971d/candidates/0/1/challenge": {
        "node_id": "hd-20261009-212841-eccdc1b3971d/candidates/0/1/challenge",
        "node_type": "NIGHTMARE_CHALLENGE",
        "label": "Nightmare Challenge for Candidate 1",
        "details": {
          "perturbations": []
        },
        "created_at": "2026-10-09T21:35:57.453388+00:00"
      },
      "hd-20261009-212841-eccdc1b3971d/candidates/0/1/wake": {
        "node_id": "hd-20261009-212841-eccdc1b3971d/candidates/0/1/wake",
        "node_type": "WAKE_VERIFICATION",
        "label": "Wake Verification for Candidate 1",
        "details": {
          "trust": "UNVERIFIED"
        },
        "created_at": "2026-10-09T21:35:57.453417+00:00"
      },
      "hd-20261009-212841-eccdc1b3971d/candidates/0/2": {
        "node_id": "hd-20261009-212841-eccdc1b3971d/candidates/0/2",
        "node_type": "CANDIDATE",
        "label": "Candidate 2: IDEA: Problem: infield depth and lateral alignment within th",
        "details": {
          "text_hash": "f8287306c65ad0ae5659642cd5fda5dc90ebb9493c7f261aec3e4d84e147ed34",
          "trial": 0,
          "index": 2
        },
        "created_at": "2026-10-09T21:35:57.453674+00:00"
      },
      "hd-20261009-212841-eccdc1b3971d/candidates/0/2/challenge": {
        "node_id": "hd-20261009-212841-eccdc1b3971d/candidates/0/2/challenge",
        "node_type": "NIGHTMARE_CHALLENGE",
        "label": "Nightmare Challenge for Candidate 2",
        "details": {
          "perturbations": []
        },
        "created_at": "2026-10-09T21:35:57.453699+00:00"
      },
      "hd-20261009-212841-eccdc1b3971d/candidates/0/2/wake": {
        "node_id": "hd-20261009-212841-eccdc1b3971d/candidates/0/2/wake",
        "node_type": "WAKE_VERIFICATION",
        "label": "Wake Verification for Candidate 2",
        "details": {
          "trust": "UNVERIFIED"
        },
        "created_at": "2026-10-09T21:35:57.453720+00:00"
      },
      "hd-20261009-212841-eccdc1b3971d/candidates/0/3": {
        "node_id": "hd-20261009-212841-eccdc1b3971d/candidates/0/3",
        "node_type": "CANDIDATE",
        "label": "Candidate 3: IDEA: Problem: third-base-coach send/hold choices on runners",
        "details": {
          "text_hash": "f1a68f58332c0d9ad2356b216c684cb0a617f80aa6554cc88819bb86afa55cf8",
          "trial": 0,
          "index": 3
        },
        "created_at": "2026-10-09T21:35:57.453942+00:00"
      },
      "hd-20261009-212841-eccdc1b3971d/candidates/0/3/challenge": {
        "node_id": "hd-20261009-212841-eccdc1b3971d/candidates/0/3/challenge",
        "node_type": "NIGHTMARE_CHALLENGE",
        "label": "Nightmare Challenge for Candidate 3",
        "details": {
          "perturbations": []
        },
        "created_at": "2026-10-09T21:35:57.453967+00:00"
      },
      "hd-20261009-212841-eccdc1b3971d/candidates/0/3/wake": {
        "node_id": "hd-20261009-212841-eccdc1b3971d/candidates/0/3/wake",
        "node_type": "WAKE_VERIFICATION",
        "label": "Wake Verification for Candidate 3",
        "details": {
          "trust": "UNVERIFIED"
        },
        "created_at": "2026-10-09T21:35:57.453987+00:00"
      },
      "hd-20261009-212841-eccdc1b3971d/candidates/0/4": {
        "node_id": "hd-20261009-212841-eccdc1b3971d/candidates/0/4",
        "node_type": "CANDIDATE",
        "label": "Candidate 4: IDEA: Lineup batting-order construction (owner: manager with",
        "details": {
          "text_hash": "8c20ec620d54380f1f98d11211cfad2921eae610ef07b8d5dff01bd7d2e2a974",
          "trial": 0,
          "index": 4
        },
        "created_at": "2026-10-09T21:35:57.454212+00:00"
      },
      "hd-20261009-212841-eccdc1b3971d/candidates/0/4/challenge": {
        "node_id": "hd-20261009-212841-eccdc1b3971d/candidates/0/4/challenge",
        "node_type": "NIGHTMARE_CHALLENGE",
        "label": "Nightmare Challenge for Candidate 4",
        "details": {
          "perturbations": []
        },
        "created_at": "2026-10-09T21:35:57.454235+00:00"
      },
      "hd-20261009-212841-eccdc1b3971d/candidates/0/4/wake": {
        "node_id": "hd-20261009-212841-eccdc1b3971d/candidates/0/4/wake",
        "node_type": "WAKE_VERIFICATION",
        "label": "Wake Verification for Candidate 4",
        "details": {
          "trust": "UNVERIFIED"
        },
        "created_at": "2026-10-09T21:35:57.454257+00:00"
      },
      "hd-20261009-212841-eccdc1b3971d/candidates/0/5": {
        "node_id": "hd-20261009-212841-eccdc1b3971d/candidates/0/5",
        "node_type": "CANDIDATE",
        "label": "Candidate 5: IDEA: Problem=manager replay challenges on non-ABS plays (sa",
        "details": {
          "text_hash": "86a86f5233e7195f2d1e8f984e9a580dfa187ebcdcaf7fc17e16070736ddd2d0",
          "trial": 0,
          "index": 5
        },
        "created_at": "2026-10-09T21:35:57.454495+00:00"
      },
      "hd-20261009-212841-eccdc1b3971d/candidates/0/5/challenge": {
        "node_id": "hd-20261009-212841-eccdc1b3971d/candidates/0/5/challenge",
        "node_type": "NIGHTMARE_CHALLENGE",
        "label": "Nightmare Challenge for Candidate 5",
        "details": {
          "perturbations": []
        },
        "created_at": "2026-10-09T21:35:57.454519+00:00"
      },
      "hd-20261009-212841-eccdc1b3971d/candidates/0/5/wake": {
        "node_id": "hd-20261009-212841-eccdc1b3971d/candidates/0/5/wake",
        "node_type": "WAKE_VERIFICATION",
        "label": "Wake Verification for Candidate 5",
        "details": {
          "trust": "UNVERIFIED"
        },
        "created_at": "2026-10-09T21:35:57.454542+00:00"
      }
    },
    "edges": [
      {
        "source": "obj-cubs-r003-p4-divergent2",
        "target": "hd-20261009-212841-eccdc1b3971d/baseline",
        "relation": "baseline_for"
      },
      {
        "source": "obj-cubs-r003-p4-divergent2",
        "target": "hd-20261009-212841-eccdc1b3971d/dream",
        "relation": "explored_by"
      },
      {
        "source": "hd-20261009-212841-eccdc1b3971d/dream",
        "target": "hd-20261009-212841-eccdc1b3971d/candidates/0/0",
        "relation": "generated"
      },
      {
        "source": "hd-20261009-212841-eccdc1b3971d/candidates/0/0",
        "target": "hd-20261009-212841-eccdc1b3971d/candidates/0/0/challenge",
        "relation": "challenged_by"
      },
      {
        "source": "hd-20261009-212841-eccdc1b3971d/candidates/0/0/challenge",
        "target": "hd-20261009-212841-eccdc1b3971d/candidates/0/0/wake",
        "relation": "verified_at"
      },
      {
        "source": "hd-20261009-212841-eccdc1b3971d/dream",
        "target": "hd-20261009-212841-eccdc1b3971d/candidates/0/1",
        "relation": "generated"
      },
      {
        "source": "hd-20261009-212841-eccdc1b3971d/candidates/0/1",
        "target": "hd-20261009-212841-eccdc1b3971d/candidates/0/1/challenge",
        "relation": "challenged_by"
      },
      {
        "source": "hd-20261009-212841-eccdc1b3971d/candidates/0/1/challenge",
        "target": "hd-20261009-212841-eccdc1b3971d/candidates/0/1/wake",
        "relation": "verified_at"
      },
      {
        "source": "hd-20261009-212841-eccdc1b3971d/dream",
        "target": "hd-20261009-212841-eccdc1b3971d/candidates/0/2",
        "relation": "generated"
      },
      {
        "source": "hd-20261009-212841-eccdc1b3971d/candidates/0/2",
        "target": "hd-20261009-212841-eccdc1b3971d/candidates/0/2/challenge",
        "relation": "challenged_by"
      },
      {
        "source": "hd-20261009-212841-eccdc1b3971d/candidates/0/2/challenge",
        "target": "hd-20261009-212841-eccdc1b3971d/candidates/0/2/wake",
        "relation": "verified_at"
      },
      {
        "source": "hd-20261009-212841-eccdc1b3971d/dream",
        "target": "hd-20261009-212841-eccdc1b3971d/candidates/0/3",
        "relation": "generated"
      },
      {
        "source": "hd-20261009-212841-eccdc1b3971d/candidates/0/3",
        "target": "hd-20261009-212841-eccdc1b3971d/candidates/0/3/challenge",
        "relation": "challenged_by"
      },
      {
        "source": "hd-20261009-212841-eccdc1b3971d/candidates/0/3/challenge",
        "target": "hd-20261009-212841-eccdc1b3971d/candidates/0/3/wake",
        "relation": "verified_at"
      },
      {
        "source": "hd-20261009-212841-eccdc1b3971d/dream",
        "target": "hd-20261009-212841-eccdc1b3971d/candidates/0/4",
        "relation": "generated"
      },
      {
        "source": "hd-20261009-212841-eccdc1b3971d/candidates/0/4",
        "target": "hd-20261009-212841-eccdc1b3971d/candidates/0/4/challenge",
        "relation": "challenged_by"
      },
      {
        "source": "hd-20261009-212841-eccdc1b3971d/candidates/0/4/challenge",
        "target": "hd-20261009-212841-eccdc1b3971d/candidates/0/4/wake",
        "relation": "verified_at"
      },
      {
        "source": "hd-20261009-212841-eccdc1b3971d/dream",
        "target": "hd-20261009-212841-eccdc1b3971d/candidates/0/5",
        "relation": "generated"
      },
      {
        "source": "hd-20261009-212841-eccdc1b3971d/candidates/0/5",
        "target": "hd-20261009-212841-eccdc1b3971d/candidates/0/5/challenge",
        "relation": "challenged_by"
      },
      {
        "source": "hd-20261009-212841-eccdc1b3971d/candidates/0/5/challenge",
        "target": "hd-20261009-212841-eccdc1b3971d/candidates/0/5/wake",
        "relation": "verified_at"
      }
    ],
    "max_depth": 20,
    "max_branching_factor": 50
  }
}
