{
  "schema_version": "howl.exploration_result/v1",
  "exploration_id": "hd-20261008-143634-565a00716635",
  "parent_request_id": "cubs-r001-p2-critique",
  "objective": "Critique these six candidate software opportunities for the Chicago Cubs (an MLB club). For EACH candidate, attack: (1) plausibility of the baseball problem and whether the decision really recurs; (2) whether the decision-relevant data is lawfully public AND available at decision time (no hindsight); (3) actionability: what would a staff member do differently; (4) testability: what retrospective evaluation against a simple baseline is possible with public data; (5) existing alternatives (spreadsheets, public tools, vendor systems, what sophisticated clubs already have); (6) what would make this project LOOK useful while actually providing little or no baseball advantage. Then do a BLIND-SPOT analysis of the set as a whole: shared assumptions, user groups or decision types none of them cover, and failure modes common to all. OUTPUT GUIDANCE (format only): use ASSUMPTION lines for challenges, UNKNOWN lines for missing evidence, and IDEA lines only for a sharpened or replacement opportunity that the critique reveals. Prefix each line's content with the candidate's short name.",
  "originating_component": "operator",
  "authority": {
    "type": "ADVISORY",
    "executable": false
  },
  "candidates": [
    {
      "schema_version": "howl.candidate/v1",
      "candidate_id": "hd-20261008-143634-565a00716635/candidates/0/0",
      "source_run_id": "hd-20261008-143634-565a00716635",
      "parent_request_id": "cubs-r001-p2-critique",
      "objective": "Critique these six candidate software opportunities for the Chicago Cubs (an MLB club). For EACH candidate, attack: (1) plausibility of the baseball problem and whether the decision really recurs; (2) whether the decision-relevant data is lawfully public AND available at decision time (no hindsight); (3) actionability: what would a staff member do differently; (4) testability: what retrospective evaluation against a simple baseline is possible with public data; (5) existing alternatives (spreadsheets, public tools, vendor systems, what sophisticated clubs already have); (6) what would make this project LOOK useful while actually providing little or no baseball advantage. Then do a BLIND-SPOT analysis of the set as a whole: shared assumptions, user groups or decision types none of them cover, and failure modes common to all. OUTPUT GUIDANCE (format only): use ASSUMPTION lines for challenges, UNKNOWN lines for missing evidence, and IDEA lines only for a sharpened or replacement opportunity that the critique reveals. Prefix each line's content with the candidate's short name.",
      "text": "ASSUMPTION: callups: Recurrence is real but low-frequency. Promotion calls number in the dozens per season, and they are driven by roster slots, 40-man status, injuries and development plans more than by readiness estimates.\nASSUMPTION: callups: Public MiLB stats are available at decision time, but Statcast-style tracking coverage varies by level, so a translation model may rest on thin features such as outcomes and age relative to level.\nASSUMPTION: callups: A staff member would change little. They probably already read public translated stats such as FanGraphs and Baseball Savant, so uncertainty bands may only confirm a decision already made on roster grounds.\nASSUMPTION: callups: A retrospective test is feasible with public data. Use only information available as of each date, compare against a naive baseline (raw or league-adjusted rate stats with age), and score on later MLB outcomes. Survivorship bias is the main risk, because only promoted players have MLB outcomes.\nASSUMPTION: callups: Alternatives are existing public translation and projection systems and whatever sophisticated clubs hold internally. A public-data version is at best a baseline.\nASSUMPTION: callups: It would look useful through polished uncertainty bands that are never scored for calibration, in-sample fits, or accuracy gained mainly by predicting who is called up rather than who succeeds.\nASSUMPTION: rules_ledger: The decision recurs, but errors are probably rare. A well-kept spreadsheet plus a rules-literate staffer may already deliver most of the value.\nASSUMPTION: rules_ledger: Public transaction logs may not capture option-year edge cases, injured-list time or non-public clauses, so the ledger could be wrong in the cases where it matters most.\nASSUMPTION: rules_ledger: The action is concrete, a warning before a move becomes impossible. But the value is avoided error, not information, so it is only worth building if past errors happened.\nASSUMPTION: rules_ledger: Retrospective testing is weak. Public logs rarely show near-misses, so one could only check whether the ledger reproduces known statuses.\nASSUMPTION: rules_ledger: It would look useful through an impressive dashboard of dates that duplicates what the transactions office already tracks, with no measured reduction in errors.\nASSUMPTION: rules_ledger: Rule and CBA changes would need manual upkeep, and a stale encoding is worse than a person who knows the rules.\nASSUMPTION: return_to_play: Public IL data carries only coarse injury descriptions, which may not be specific enough to define meaningful comparables.\nASSUMPTION: return_to_play: Clinical judgment and private medical information dominate timelines, so a public distribution may anchor staff on a misleading base rate.\nASSUMPTION: return_to_play: The action is limited to roster contingency planning, such as how long to plan for a replacement. This is plausibly useful but small.\nASSUMPTION: return_to_play: A test is possible. Compare predicted days missed from public comparables against a simple baseline such as the league median by coarse injury category. The IL placement date is known at decision time, but injury labels may be revised afterward.\nASSUMPTION: return_to_play: It would look useful through wide, honest-looking distributions that no one acts on, or through a tool that implicitly pulls in private Cubs medical data and creates a privacy and compliance problem.\nASSUMPTION: return_to_play: Clubs with internal medical databases likely already do this better, so a public version is parity at best.\nASSUMPTION: pitch_predictability: The decision is real and recurs daily. Public pitch data (count, prior pitch, handedness) is lawful and available, and an opponent could build the same model.\nASSUMPTION: pitch_predictability: Predictability is not the same as exploitability. A predictable pitch may still be effective if its quality is high, and reducing predictability may cost pitch quality.\nASSUMPTION: pitch_predictability: Actionability is plausible, since a pitching coach or catcher could change sequencing. Real clubs probably already run versions of this, so the gain is likely parity.\nASSUMPTION: pitch_predictability: Testing is feasible on public data. Compare a count-only baseline with richer models and check whether predictability measured early in a season relates to later outcomes. The link to run prevention is unproven.\nASSUMPTION: pitch_predictability: It would look useful through entropy numbers or predictive accuracy that mostly reflect each pitcher's pitch mix, which is already visible in public data.\nASSUMPTION: normalization: The decision recurs, and it overlaps heavily with callups. Both need the same league-season adjustments and could be one project.\nASSUMPTION: normalization: Public MiLB data and documented rule changes are available by season. But rule regimes change mid-season and sample sizes per league-season are small, so adjustment factors may be noisy.\nASSUMPTION: normalization: The staff action is a different promotion order or prospect ranking. Public sites and park factors partly normalize already, so the marginal change may be small.\nASSUMPTION: normalization: A retrospective test is possible. Check whether adjusted stats predict next-level or MLB performance better than raw stats with level and age. Rule regimes confound this, because few players cross regimes.\nASSUMPTION: normalization: It would look useful through elaborate park and rule adjustments that fit past data well but add nothing to out-of-sample prediction over a simple level-and-age baseline.\nASSUMPTION: opp_bullpen: Reliever usage is public after the fact through box scores, but availability at decision time depends on unobservable warm-ups, injuries and internal usage rules, so forecasts may be only slightly better than a naive rule.\nASSUMPTION: opp_bullpen: Actionability is limited. Lineups are usually set before the opponent's bullpen use is known, and the Cubs' moves are mostly dictated by game state.\nASSUMPTION: opp_bullpen: Testing is feasible. Predict each opponent's relievers used on each date and compare against a naive baseline such as no pitches in the last two days. A test with no real baseline would only show that rested pitchers pitch.\nASSUMPTION: opp_bullpen: Advance staff already estimate this informally, and sophisticated clubs probably have fuller internal usage models.\nASSUMPTION: opp_bullpen: It would look useful through high accuracy on easy cases, such as relievers who pitched yesterday, while saying nothing about the closer calls where the decision actually changes.\nUNKNOWN: callups: public_milb_statcast_coverage_by_level\nUNKNOWN: callups: cubs_existing_translation_models\nUNKNOWN: rules_ledger: cubs_roster_admin_error_history\nUNKNOWN: rules_ledger: completeness_of_public_option_status_data\nUNKNOWN: return_to_play: granularity_of_public_injury_descriptions\nUNKNOWN: return_to_play: cubs_current_timeline_estimation_process\nUNKNOWN: pitch_predictability: evidence_linking_sequence_entropy_to_run_prevention\nUNKNOWN: pitch_predictability: cubs_existing_sequence_audit\nUNKNOWN: normalization: minor_league_rule_regime_effect_sizes\nUNKNOWN: normalization: public_milb_park_factor_quality\nUNKNOWN: opp_bullpen: forecast_accuracy_vs_naive_rule\nUNKNOWN: opp_bullpen: unobserved_bullpen_warmups_effect\nCONFLICT: pooled_assumption_attribution (the assumption lists are pooled across many ideas and not mapped to the six candidates, so some listed assumptions, such as tipping or grounds crew, do not belong to these six)\nASSUMPTION: blind_spots: All six lean on public data and assume a public-data tool can beat what sophisticated clubs already hold. At best they reach parity.\nASSUMPTION: blind_spots: None addresses amateur draft or international scouting, hitter or pitcher development decisions, in-season roster optimization, or players themselves as users.\nASSUMPTION: blind_spots: Four of the six (callups, normalization, return_to_play, rules_ledger) are front-office or analyst tools. Coaches and game-day staff are barely covered, and those groups' willingness to use a tool is untested.\nASSUMPTION: blind_spots: Common failure modes include small samples, no pre-registered baseline, hindsight leakage from later-revised data, adoption failure, and no measurement of changed decisions.\nASSUMPTION: blind_spots: Success is judged by prediction accuracy rather than by changed decisions and downstream wins, so a tool could be accurate and still add nothing.\nIDEA: shared: a pre-registered backtest harness on public data, with naive baselines and time-stamped inputs, that scores any candidate on out-of-sample performance before anything is built\nIDEA: callups: merge callups and normalization into one translation baseline, evaluated on out-of-sample MLB outcomes against a level-and-age baseline, before any interface is built\nIDEA: rules_ledger: first audit whether any rules-related errors have occurred, via interviews with staff, and build the ledger only if they have",
      "condition": "dream",
      "trust": "UNVERIFIED",
      "status": "UNRESOLVED",
      "authority": {
        "type": "ADVISORY",
        "executable": false
      },
      "claims": [
        {
          "id": "hd-20261008-143634-565a00716635/candidates/0/0/claim/1",
          "candidate_id": "hd-20261008-143634-565a00716635/candidates/0/0",
          "kind": "ASSUMPTION",
          "text": "callups: Recurrence is real but low-frequency. Promotion calls number in the dozens per season, and they are driven by roster slots, 40-man status, injuries and development plans more than by readiness estimates.",
          "status": "UNVERIFIED",
          "extractor": "line_grammar/v1"
        },
        {
          "id": "hd-20261008-143634-565a00716635/candidates/0/0/claim/2",
          "candidate_id": "hd-20261008-143634-565a00716635/candidates/0/0",
          "kind": "ASSUMPTION",
          "text": "callups: Public MiLB stats are available at decision time, but Statcast-style tracking coverage varies by level, so a translation model may rest on thin features such as outcomes and age relative to level.",
          "status": "UNVERIFIED",
          "extractor": "line_grammar/v1"
        },
        {
          "id": "hd-20261008-143634-565a00716635/candidates/0/0/claim/3",
          "candidate_id": "hd-20261008-143634-565a00716635/candidates/0/0",
          "kind": "ASSUMPTION",
          "text": "callups: A staff member would change little. They probably already read public translated stats such as FanGraphs and Baseball Savant, so uncertainty bands may only confirm a decision already made on roster grounds.",
          "status": "UNVERIFIED",
          "extractor": "line_grammar/v1"
        },
        {
          "id": "hd-20261008-143634-565a00716635/candidates/0/0/claim/4",
          "candidate_id": "hd-20261008-143634-565a00716635/candidates/0/0",
          "kind": "ASSUMPTION",
          "text": "callups: A retrospective test is feasible with public data. Use only information available as of each date, compare against a naive baseline (raw or league-adjusted rate stats with age), and score on later MLB outcomes. Survivorship bias is the main risk, because only promoted players have MLB outcomes.",
          "status": "UNVERIFIED",
          "extractor": "line_grammar/v1"
        },
        {
          "id": "hd-20261008-143634-565a00716635/candidates/0/0/claim/5",
          "candidate_id": "hd-20261008-143634-565a00716635/candidates/0/0",
          "kind": "ASSUMPTION",
          "text": "callups: Alternatives are existing public translation and projection systems and whatever sophisticated clubs hold internally. A public-data version is at best a baseline.",
          "status": "UNVERIFIED",
          "extractor": "line_grammar/v1"
        },
        {
          "id": "hd-20261008-143634-565a00716635/candidates/0/0/claim/6",
          "candidate_id": "hd-20261008-143634-565a00716635/candidates/0/0",
          "kind": "ASSUMPTION",
          "text": "callups: It would look useful through polished uncertainty bands that are never scored for calibration, in-sample fits, or accuracy gained mainly by predicting who is called up rather than who succeeds.",
          "status": "UNVERIFIED",
          "extractor": "line_grammar/v1"
        },
        {
          "id": "hd-20261008-143634-565a00716635/candidates/0/0/claim/7",
          "candidate_id": "hd-20261008-143634-565a00716635/candidates/0/0",
          "kind": "ASSUMPTION",
          "text": "rules_ledger: The decision recurs, but errors are probably rare. A well-kept spreadsheet plus a rules-literate staffer may already deliver most of the value.",
          "status": "UNVERIFIED",
          "extractor": "line_grammar/v1"
        },
        {
          "id": "hd-20261008-143634-565a00716635/candidates/0/0/claim/8",
          "candidate_id": "hd-20261008-143634-565a00716635/candidates/0/0",
          "kind": "ASSUMPTION",
          "text": "rules_ledger: Public transaction logs may not capture option-year edge cases, injured-list time or non-public clauses, so the ledger could be wrong in the cases where it matters most.",
          "status": "UNVERIFIED",
          "extractor": "line_grammar/v1"
        },
        {
          "id": "hd-20261008-143634-565a00716635/candidates/0/0/claim/9",
          "candidate_id": "hd-20261008-143634-565a00716635/candidates/0/0",
          "kind": "ASSUMPTION",
          "text": "rules_ledger: The action is concrete, a warning before a move becomes impossible. But the value is avoided error, not information, so it is only worth building if past errors happened.",
          "status": "UNVERIFIED",
          "extractor": "line_grammar/v1"
        },
        {
          "id": "hd-20261008-143634-565a00716635/candidates/0/0/claim/10",
          "candidate_id": "hd-20261008-143634-565a00716635/candidates/0/0",
          "kind": "ASSUMPTION",
          "text": "rules_ledger: Retrospective testing is weak. Public logs rarely show near-misses, so one could only check whether the ledger reproduces known statuses.",
          "status": "UNVERIFIED",
          "extractor": "line_grammar/v1"
        },
        {
          "id": "hd-20261008-143634-565a00716635/candidates/0/0/claim/11",
          "candidate_id": "hd-20261008-143634-565a00716635/candidates/0/0",
          "kind": "ASSUMPTION",
          "text": "rules_ledger: It would look useful through an impressive dashboard of dates that duplicates what the transactions office already tracks, with no measured reduction in errors.",
          "status": "UNVERIFIED",
          "extractor": "line_grammar/v1"
        },
        {
          "id": "hd-20261008-143634-565a00716635/candidates/0/0/claim/12",
          "candidate_id": "hd-20261008-143634-565a00716635/candidates/0/0",
          "kind": "ASSUMPTION",
          "text": "rules_ledger: Rule and CBA changes would need manual upkeep, and a stale encoding is worse than a person who knows the rules.",
          "status": "UNVERIFIED",
          "extractor": "line_grammar/v1"
        },
        {
          "id": "hd-20261008-143634-565a00716635/candidates/0/0/claim/13",
          "candidate_id": "hd-20261008-143634-565a00716635/candidates/0/0",
          "kind": "ASSUMPTION",
          "text": "return_to_play: Public IL data carries only coarse injury descriptions, which may not be specific enough to define meaningful comparables.",
          "status": "UNVERIFIED",
          "extractor": "line_grammar/v1"
        },
        {
          "id": "hd-20261008-143634-565a00716635/candidates/0/0/claim/14",
          "candidate_id": "hd-20261008-143634-565a00716635/candidates/0/0",
          "kind": "ASSUMPTION",
          "text": "return_to_play: Clinical judgment and private medical information dominate timelines, so a public distribution may anchor staff on a misleading base rate.",
          "status": "UNVERIFIED",
          "extractor": "line_grammar/v1"
        },
        {
          "id": "hd-20261008-143634-565a00716635/candidates/0/0/claim/15",
          "candidate_id": "hd-20261008-143634-565a00716635/candidates/0/0",
          "kind": "ASSUMPTION",
          "text": "return_to_play: The action is limited to roster contingency planning, such as how long to plan for a replacement. This is plausibly useful but small.",
          "status": "UNVERIFIED",
          "extractor": "line_grammar/v1"
        },
        {
          "id": "hd-20261008-143634-565a00716635/candidates/0/0/claim/16",
          "candidate_id": "hd-20261008-143634-565a00716635/candidates/0/0",
          "kind": "ASSUMPTION",
          "text": "return_to_play: A test is possible. Compare predicted days missed from public comparables against a simple baseline such as the league median by coarse injury category. The IL placement date is known at decision time, but injury labels may be revised afterward.",
          "status": "UNVERIFIED",
          "extractor": "line_grammar/v1"
        },
        {
          "id": "hd-20261008-143634-565a00716635/candidates/0/0/claim/17",
          "candidate_id": "hd-20261008-143634-565a00716635/candidates/0/0",
          "kind": "ASSUMPTION",
          "text": "return_to_play: It would look useful through wide, honest-looking distributions that no one acts on, or through a tool that implicitly pulls in private Cubs medical data and creates a privacy and compliance problem.",
          "status": "UNVERIFIED",
          "extractor": "line_grammar/v1"
        },
        {
          "id": "hd-20261008-143634-565a00716635/candidates/0/0/claim/18",
          "candidate_id": "hd-20261008-143634-565a00716635/candidates/0/0",
          "kind": "ASSUMPTION",
          "text": "return_to_play: Clubs with internal medical databases likely already do this better, so a public version is parity at best.",
          "status": "UNVERIFIED",
          "extractor": "line_grammar/v1"
        },
        {
          "id": "hd-20261008-143634-565a00716635/candidates/0/0/claim/19",
          "candidate_id": "hd-20261008-143634-565a00716635/candidates/0/0",
          "kind": "ASSUMPTION",
          "text": "pitch_predictability: The decision is real and recurs daily. Public pitch data (count, prior pitch, handedness) is lawful and available, and an opponent could build the same model.",
          "status": "UNVERIFIED",
          "extractor": "line_grammar/v1"
        },
        {
          "id": "hd-20261008-143634-565a00716635/candidates/0/0/claim/20",
          "candidate_id": "hd-20261008-143634-565a00716635/candidates/0/0",
          "kind": "ASSUMPTION",
          "text": "pitch_predictability: Predictability is not the same as exploitability. A predictable pitch may still be effective if its quality is high, and reducing predictability may cost pitch quality.",
          "status": "UNVERIFIED",
          "extractor": "line_grammar/v1"
        },
        {
          "id": "hd-20261008-143634-565a00716635/candidates/0/0/claim/21",
          "candidate_id": "hd-20261008-143634-565a00716635/candidates/0/0",
          "kind": "ASSUMPTION",
          "text": "pitch_predictability: Actionability is plausible, since a pitching coach or catcher could change sequencing. Real clubs probably already run versions of this, so the gain is likely parity.",
          "status": "UNVERIFIED",
          "extractor": "line_grammar/v1"
        },
        {
          "id": "hd-20261008-143634-565a00716635/candidates/0/0/claim/22",
          "candidate_id": "hd-20261008-143634-565a00716635/candidates/0/0",
          "kind": "ASSUMPTION",
          "text": "pitch_predictability: Testing is feasible on public data. Compare a count-only baseline with richer models and check whether predictability measured early in a season relates to later outcomes. The link to run prevention is unproven.",
          "status": "UNVERIFIED",
          "extractor": "line_grammar/v1"
        },
        {
          "id": "hd-20261008-143634-565a00716635/candidates/0/0/claim/23",
          "candidate_id": "hd-20261008-143634-565a00716635/candidates/0/0",
          "kind": "ASSUMPTION",
          "text": "pitch_predictability: It would look useful through entropy numbers or predictive accuracy that mostly reflect each pitcher's pitch mix, which is already visible in public data.",
          "status": "UNVERIFIED",
          "extractor": "line_grammar/v1"
        },
        {
          "id": "hd-20261008-143634-565a00716635/candidates/0/0/claim/24",
          "candidate_id": "hd-20261008-143634-565a00716635/candidates/0/0",
          "kind": "ASSUMPTION",
          "text": "normalization: The decision recurs, and it overlaps heavily with callups. Both need the same league-season adjustments and could be one project.",
          "status": "UNVERIFIED",
          "extractor": "line_grammar/v1"
        },
        {
          "id": "hd-20261008-143634-565a00716635/candidates/0/0/claim/25",
          "candidate_id": "hd-20261008-143634-565a00716635/candidates/0/0",
          "kind": "ASSUMPTION",
          "text": "normalization: Public MiLB data and documented rule changes are available by season. But rule regimes change mid-season and sample sizes per league-season are small, so adjustment factors may be noisy.",
          "status": "UNVERIFIED",
          "extractor": "line_grammar/v1"
        },
        {
          "id": "hd-20261008-143634-565a00716635/candidates/0/0/claim/26",
          "candidate_id": "hd-20261008-143634-565a00716635/candidates/0/0",
          "kind": "ASSUMPTION",
          "text": "normalization: The staff action is a different promotion order or prospect ranking. Public sites and park factors partly normalize already, so the marginal change may be small.",
          "status": "UNVERIFIED",
          "extractor": "line_grammar/v1"
        },
        {
          "id": "hd-20261008-143634-565a00716635/candidates/0/0/claim/27",
          "candidate_id": "hd-20261008-143634-565a00716635/candidates/0/0",
          "kind": "ASSUMPTION",
          "text": "normalization: A retrospective test is possible. Check whether adjusted stats predict next-level or MLB performance better than raw stats with level and age. Rule regimes confound this, because few players cross regimes.",
          "status": "UNVERIFIED",
          "extractor": "line_grammar/v1"
        },
        {
          "id": "hd-20261008-143634-565a00716635/candidates/0/0/claim/28",
          "candidate_id": "hd-20261008-143634-565a00716635/candidates/0/0",
          "kind": "ASSUMPTION",
          "text": "normalization: It would look useful through elaborate park and rule adjustments that fit past data well but add nothing to out-of-sample prediction over a simple level-and-age baseline.",
          "status": "UNVERIFIED",
          "extractor": "line_grammar/v1"
        },
        {
          "id": "hd-20261008-143634-565a00716635/candidates/0/0/claim/29",
          "candidate_id": "hd-20261008-143634-565a00716635/candidates/0/0",
          "kind": "ASSUMPTION",
          "text": "opp_bullpen: Reliever usage is public after the fact through box scores, but availability at decision time depends on unobservable warm-ups, injuries and internal usage rules, so forecasts may be only slightly better than a naive rule.",
          "status": "UNVERIFIED",
          "extractor": "line_grammar/v1"
        },
        {
          "id": "hd-20261008-143634-565a00716635/candidates/0/0/claim/30",
          "candidate_id": "hd-20261008-143634-565a00716635/candidates/0/0",
          "kind": "ASSUMPTION",
          "text": "opp_bullpen: Actionability is limited. Lineups are usually set before the opponent's bullpen use is known, and the Cubs' moves are mostly dictated by game state.",
          "status": "UNVERIFIED",
          "extractor": "line_grammar/v1"
        },
        {
          "id": "hd-20261008-143634-565a00716635/candidates/0/0/claim/31",
          "candidate_id": "hd-20261008-143634-565a00716635/candidates/0/0",
          "kind": "ASSUMPTION",
          "text": "opp_bullpen: Testing is feasible. Predict each opponent's relievers used on each date and compare against a naive baseline such as no pitches in the last two days. A test with no real baseline would only show that rested pitchers pitch.",
          "status": "UNVERIFIED",
          "extractor": "line_grammar/v1"
        },
        {
          "id": "hd-20261008-143634-565a00716635/candidates/0/0/claim/32",
          "candidate_id": "hd-20261008-143634-565a00716635/candidates/0/0",
          "kind": "ASSUMPTION",
          "text": "opp_bullpen: Advance staff already estimate this informally, and sophisticated clubs probably have fuller internal usage models.",
          "status": "UNVERIFIED",
          "extractor": "line_grammar/v1"
        },
        {
          "id": "hd-20261008-143634-565a00716635/candidates/0/0/claim/33",
          "candidate_id": "hd-20261008-143634-565a00716635/candidates/0/0",
          "kind": "ASSUMPTION",
          "text": "opp_bullpen: It would look useful through high accuracy on easy cases, such as relievers who pitched yesterday, while saying nothing about the closer calls where the decision actually changes.",
          "status": "UNVERIFIED",
          "extractor": "line_grammar/v1"
        },
        {
          "id": "hd-20261008-143634-565a00716635/candidates/0/0/claim/34",
          "candidate_id": "hd-20261008-143634-565a00716635/candidates/0/0",
          "kind": "UNKNOWN",
          "text": "callups: public_milb_statcast_coverage_by_level",
          "status": "UNVERIFIED",
          "extractor": "line_grammar/v1"
        },
        {
          "id": "hd-20261008-143634-565a00716635/candidates/0/0/claim/35",
          "candidate_id": "hd-20261008-143634-565a00716635/candidates/0/0",
          "kind": "UNKNOWN",
          "text": "callups: cubs_existing_translation_models",
          "status": "UNVERIFIED",
          "extractor": "line_grammar/v1"
        },
        {
          "id": "hd-20261008-143634-565a00716635/candidates/0/0/claim/36",
          "candidate_id": "hd-20261008-143634-565a00716635/candidates/0/0",
          "kind": "UNKNOWN",
          "text": "rules_ledger: cubs_roster_admin_error_history",
          "status": "UNVERIFIED",
          "extractor": "line_grammar/v1"
        },
        {
          "id": "hd-20261008-143634-565a00716635/candidates/0/0/claim/37",
          "candidate_id": "hd-20261008-143634-565a00716635/candidates/0/0",
          "kind": "UNKNOWN",
          "text": "rules_ledger: completeness_of_public_option_status_data",
          "status": "UNVERIFIED",
          "extractor": "line_grammar/v1"
        },
        {
          "id": "hd-20261008-143634-565a00716635/candidates/0/0/claim/38",
          "candidate_id": "hd-20261008-143634-565a00716635/candidates/0/0",
          "kind": "UNKNOWN",
          "text": "return_to_play: granularity_of_public_injury_descriptions",
          "status": "UNVERIFIED",
          "extractor": "line_grammar/v1"
        },
        {
          "id": "hd-20261008-143634-565a00716635/candidates/0/0/claim/39",
          "candidate_id": "hd-20261008-143634-565a00716635/candidates/0/0",
          "kind": "UNKNOWN",
          "text": "return_to_play: cubs_current_timeline_estimation_process",
          "status": "UNVERIFIED",
          "extractor": "line_grammar/v1"
        },
        {
          "id": "hd-20261008-143634-565a00716635/candidates/0/0/claim/40",
          "candidate_id": "hd-20261008-143634-565a00716635/candidates/0/0",
          "kind": "UNKNOWN",
          "text": "pitch_predictability: evidence_linking_sequence_entropy_to_run_prevention",
          "status": "UNVERIFIED",
          "extractor": "line_grammar/v1"
        },
        {
          "id": "hd-20261008-143634-565a00716635/candidates/0/0/claim/41",
          "candidate_id": "hd-20261008-143634-565a00716635/candidates/0/0",
          "kind": "UNKNOWN",
          "text": "pitch_predictability: cubs_existing_sequence_audit",
          "status": "UNVERIFIED",
          "extractor": "line_grammar/v1"
        },
        {
          "id": "hd-20261008-143634-565a00716635/candidates/0/0/claim/42",
          "candidate_id": "hd-20261008-143634-565a00716635/candidates/0/0",
          "kind": "UNKNOWN",
          "text": "normalization: minor_league_rule_regime_effect_sizes",
          "status": "UNVERIFIED",
          "extractor": "line_grammar/v1"
        },
        {
          "id": "hd-20261008-143634-565a00716635/candidates/0/0/claim/43",
          "candidate_id": "hd-20261008-143634-565a00716635/candidates/0/0",
          "kind": "UNKNOWN",
          "text": "normalization: public_milb_park_factor_quality",
          "status": "UNVERIFIED",
          "extractor": "line_grammar/v1"
        },
        {
          "id": "hd-20261008-143634-565a00716635/candidates/0/0/claim/44",
          "candidate_id": "hd-20261008-143634-565a00716635/candidates/0/0",
          "kind": "UNKNOWN",
          "text": "opp_bullpen: forecast_accuracy_vs_naive_rule",
          "status": "UNVERIFIED",
          "extractor": "line_grammar/v1"
        },
        {
          "id": "hd-20261008-143634-565a00716635/candidates/0/0/claim/45",
          "candidate_id": "hd-20261008-143634-565a00716635/candidates/0/0",
          "kind": "UNKNOWN",
          "text": "opp_bullpen: unobserved_bullpen_warmups_effect",
          "status": "UNVERIFIED",
          "extractor": "line_grammar/v1"
        },
        {
          "id": "hd-20261008-143634-565a00716635/candidates/0/0/claim/46",
          "candidate_id": "hd-20261008-143634-565a00716635/candidates/0/0",
          "kind": "CONFLICT",
          "text": "pooled_assumption_attribution (the assumption lists are pooled across many ideas and not mapped to the six candidates, so some listed assumptions, such as tipping or grounds crew, do not belong to these six)",
          "status": "UNVERIFIED",
          "extractor": "line_grammar/v1"
        },
        {
          "id": "hd-20261008-143634-565a00716635/candidates/0/0/claim/47",
          "candidate_id": "hd-20261008-143634-565a00716635/candidates/0/0",
          "kind": "ASSUMPTION",
          "text": "blind_spots: All six lean on public data and assume a public-data tool can beat what sophisticated clubs already hold. At best they reach parity.",
          "status": "UNVERIFIED",
          "extractor": "line_grammar/v1"
        },
        {
          "id": "hd-20261008-143634-565a00716635/candidates/0/0/claim/48",
          "candidate_id": "hd-20261008-143634-565a00716635/candidates/0/0",
          "kind": "ASSUMPTION",
          "text": "blind_spots: None addresses amateur draft or international scouting, hitter or pitcher development decisions, in-season roster optimization, or players themselves as users.",
          "status": "UNVERIFIED",
          "extractor": "line_grammar/v1"
        },
        {
          "id": "hd-20261008-143634-565a00716635/candidates/0/0/claim/49",
          "candidate_id": "hd-20261008-143634-565a00716635/candidates/0/0",
          "kind": "ASSUMPTION",
          "text": "blind_spots: Four of the six (callups, normalization, return_to_play, rules_ledger) are front-office or analyst tools. Coaches and game-day staff are barely covered, and those groups' willingness to use a tool is untested.",
          "status": "UNVERIFIED",
          "extractor": "line_grammar/v1"
        },
        {
          "id": "hd-20261008-143634-565a00716635/candidates/0/0/claim/50",
          "candidate_id": "hd-20261008-143634-565a00716635/candidates/0/0",
          "kind": "ASSUMPTION",
          "text": "blind_spots: Common failure modes include small samples, no pre-registered baseline, hindsight leakage from later-revised data, adoption failure, and no measurement of changed decisions.",
          "status": "UNVERIFIED",
          "extractor": "line_grammar/v1"
        },
        {
          "id": "hd-20261008-143634-565a00716635/candidates/0/0/claim/51",
          "candidate_id": "hd-20261008-143634-565a00716635/candidates/0/0",
          "kind": "ASSUMPTION",
          "text": "blind_spots: Success is judged by prediction accuracy rather than by changed decisions and downstream wins, so a tool could be accurate and still add nothing.",
          "status": "UNVERIFIED",
          "extractor": "line_grammar/v1"
        },
        {
          "id": "hd-20261008-143634-565a00716635/candidates/0/0/claim/52",
          "candidate_id": "hd-20261008-143634-565a00716635/candidates/0/0",
          "kind": "IDEA",
          "text": "shared: a pre-registered backtest harness on public data, with naive baselines and time-stamped inputs, that scores any candidate on out-of-sample performance before anything is built",
          "status": "UNVERIFIED",
          "extractor": "line_grammar/v1"
        },
        {
          "id": "hd-20261008-143634-565a00716635/candidates/0/0/claim/53",
          "candidate_id": "hd-20261008-143634-565a00716635/candidates/0/0",
          "kind": "IDEA",
          "text": "callups: merge callups and normalization into one translation baseline, evaluated on out-of-sample MLB outcomes against a level-and-age baseline, before any interface is built",
          "status": "UNVERIFIED",
          "extractor": "line_grammar/v1"
        },
        {
          "id": "hd-20261008-143634-565a00716635/candidates/0/0/claim/54",
          "candidate_id": "hd-20261008-143634-565a00716635/candidates/0/0",
          "kind": "IDEA",
          "text": "rules_ledger: first audit whether any rules-related errors have occurred, via interviews with staff, and build the ledger only if they have",
          "status": "UNVERIFIED",
          "extractor": "line_grammar/v1"
        }
      ],
      "evidence_refs": [
        "objective_context"
      ],
      "assumptions": [
        "callups: Recurrence is real but low-frequency. Promotion calls number in the dozens per season, and they are driven by roster slots, 40-man status, injuries and development plans more than by readiness estimates.",
        "callups: Public MiLB stats are available at decision time, but Statcast-style tracking coverage varies by level, so a translation model may rest on thin features such as outcomes and age relative to level.",
        "callups: A staff member would change little. They probably already read public translated stats such as FanGraphs and Baseball Savant, so uncertainty bands may only confirm a decision already made on roster grounds.",
        "callups: A retrospective test is feasible with public data. Use only information available as of each date, compare against a naive baseline (raw or league-adjusted rate stats with age), and score on later MLB outcomes. Survivorship bias is the main risk, because only promoted players have MLB outcomes.",
        "callups: Alternatives are existing public translation and projection systems and whatever sophisticated clubs hold internally. A public-data version is at best a baseline.",
        "callups: It would look useful through polished uncertainty bands that are never scored for calibration, in-sample fits, or accuracy gained mainly by predicting who is called up rather than who succeeds.",
        "rules_ledger: The decision recurs, but errors are probably rare. A well-kept spreadsheet plus a rules-literate staffer may already deliver most of the value.",
        "rules_ledger: Public transaction logs may not capture option-year edge cases, injured-list time or non-public clauses, so the ledger could be wrong in the cases where it matters most.",
        "rules_ledger: The action is concrete, a warning before a move becomes impossible. But the value is avoided error, not information, so it is only worth building if past errors happened.",
        "rules_ledger: Retrospective testing is weak. Public logs rarely show near-misses, so one could only check whether the ledger reproduces known statuses.",
        "rules_ledger: It would look useful through an impressive dashboard of dates that duplicates what the transactions office already tracks, with no measured reduction in errors.",
        "rules_ledger: Rule and CBA changes would need manual upkeep, and a stale encoding is worse than a person who knows the rules.",
        "return_to_play: Public IL data carries only coarse injury descriptions, which may not be specific enough to define meaningful comparables.",
        "return_to_play: Clinical judgment and private medical information dominate timelines, so a public distribution may anchor staff on a misleading base rate.",
        "return_to_play: The action is limited to roster contingency planning, such as how long to plan for a replacement. This is plausibly useful but small.",
        "return_to_play: A test is possible. Compare predicted days missed from public comparables against a simple baseline such as the league median by coarse injury category. The IL placement date is known at decision time, but injury labels may be revised afterward.",
        "return_to_play: It would look useful through wide, honest-looking distributions that no one acts on, or through a tool that implicitly pulls in private Cubs medical data and creates a privacy and compliance problem.",
        "return_to_play: Clubs with internal medical databases likely already do this better, so a public version is parity at best.",
        "pitch_predictability: The decision is real and recurs daily. Public pitch data (count, prior pitch, handedness) is lawful and available, and an opponent could build the same model.",
        "pitch_predictability: Predictability is not the same as exploitability. A predictable pitch may still be effective if its quality is high, and reducing predictability may cost pitch quality.",
        "pitch_predictability: Actionability is plausible, since a pitching coach or catcher could change sequencing. Real clubs probably already run versions of this, so the gain is likely parity.",
        "pitch_predictability: Testing is feasible on public data. Compare a count-only baseline with richer models and check whether predictability measured early in a season relates to later outcomes. The link to run prevention is unproven.",
        "pitch_predictability: It would look useful through entropy numbers or predictive accuracy that mostly reflect each pitcher's pitch mix, which is already visible in public data.",
        "normalization: The decision recurs, and it overlaps heavily with callups. Both need the same league-season adjustments and could be one project.",
        "normalization: Public MiLB data and documented rule changes are available by season. But rule regimes change mid-season and sample sizes per league-season are small, so adjustment factors may be noisy.",
        "normalization: The staff action is a different promotion order or prospect ranking. Public sites and park factors partly normalize already, so the marginal change may be small.",
        "normalization: A retrospective test is possible. Check whether adjusted stats predict next-level or MLB performance better than raw stats with level and age. Rule regimes confound this, because few players cross regimes.",
        "normalization: It would look useful through elaborate park and rule adjustments that fit past data well but add nothing to out-of-sample prediction over a simple level-and-age baseline.",
        "opp_bullpen: Reliever usage is public after the fact through box scores, but availability at decision time depends on unobservable warm-ups, injuries and internal usage rules, so forecasts may be only slightly better than a naive rule.",
        "opp_bullpen: Actionability is limited. Lineups are usually set before the opponent's bullpen use is known, and the Cubs' moves are mostly dictated by game state.",
        "opp_bullpen: Testing is feasible. Predict each opponent's relievers used on each date and compare against a naive baseline such as no pitches in the last two days. A test with no real baseline would only show that rested pitchers pitch.",
        "opp_bullpen: Advance staff already estimate this informally, and sophisticated clubs probably have fuller internal usage models.",
        "opp_bullpen: It would look useful through high accuracy on easy cases, such as relievers who pitched yesterday, while saying nothing about the closer calls where the decision actually changes.",
        "blind_spots: All six lean on public data and assume a public-data tool can beat what sophisticated clubs already hold. At best they reach parity.",
        "blind_spots: None addresses amateur draft or international scouting, hitter or pitcher development decisions, in-season roster optimization, or players themselves as users.",
        "blind_spots: Four of the six (callups, normalization, return_to_play, rules_ledger) are front-office or analyst tools. Coaches and game-day staff are barely covered, and those groups' willingness to use a tool is untested.",
        "blind_spots: Common failure modes include small samples, no pre-registered baseline, hindsight leakage from later-revised data, adoption failure, and no measurement of changed decisions.",
        "blind_spots: Success is judged by prediction accuracy rather than by changed decisions and downstream wins, so a tool could be accurate and still add nothing."
      ],
      "unresolved_issues": [
        "callups: Recurrence is real but low-frequency. Promotion calls number in the dozens per season, and they are driven by roster slots, 40-man status, injuries and development plans more than by readiness estimates.",
        "callups: Public MiLB stats are available at decision time, but Statcast-style tracking coverage varies by level, so a translation model may rest on thin features such as outcomes and age relative to level.",
        "callups: A staff member would change little. They probably already read public translated stats such as FanGraphs and Baseball Savant, so uncertainty bands may only confirm a decision already made on roster grounds.",
        "callups: A retrospective test is feasible with public data. Use only information available as of each date, compare against a naive baseline (raw or league-adjusted rate stats with age), and score on later MLB outcomes. Survivorship bias is the main risk, because only promoted players have MLB outcomes.",
        "callups: Alternatives are existing public translation and projection systems and whatever sophisticated clubs hold internally. A public-data version is at best a baseline.",
        "callups: It would look useful through polished uncertainty bands that are never scored for calibration, in-sample fits, or accuracy gained mainly by predicting who is called up rather than who succeeds.",
        "rules_ledger: The decision recurs, but errors are probably rare. A well-kept spreadsheet plus a rules-literate staffer may already deliver most of the value.",
        "rules_ledger: Public transaction logs may not capture option-year edge cases, injured-list time or non-public clauses, so the ledger could be wrong in the cases where it matters most.",
        "rules_ledger: The action is concrete, a warning before a move becomes impossible. But the value is avoided error, not information, so it is only worth building if past errors happened.",
        "rules_ledger: Retrospective testing is weak. Public logs rarely show near-misses, so one could only check whether the ledger reproduces known statuses.",
        "rules_ledger: It would look useful through an impressive dashboard of dates that duplicates what the transactions office already tracks, with no measured reduction in errors.",
        "rules_ledger: Rule and CBA changes would need manual upkeep, and a stale encoding is worse than a person who knows the rules.",
        "return_to_play: Public IL data carries only coarse injury descriptions, which may not be specific enough to define meaningful comparables.",
        "return_to_play: Clinical judgment and private medical information dominate timelines, so a public distribution may anchor staff on a misleading base rate.",
        "return_to_play: The action is limited to roster contingency planning, such as how long to plan for a replacement. This is plausibly useful but small.",
        "return_to_play: A test is possible. Compare predicted days missed from public comparables against a simple baseline such as the league median by coarse injury category. The IL placement date is known at decision time, but injury labels may be revised afterward.",
        "return_to_play: It would look useful through wide, honest-looking distributions that no one acts on, or through a tool that implicitly pulls in private Cubs medical data and creates a privacy and compliance problem.",
        "return_to_play: Clubs with internal medical databases likely already do this better, so a public version is parity at best.",
        "pitch_predictability: The decision is real and recurs daily. Public pitch data (count, prior pitch, handedness) is lawful and available, and an opponent could build the same model.",
        "pitch_predictability: Predictability is not the same as exploitability. A predictable pitch may still be effective if its quality is high, and reducing predictability may cost pitch quality.",
        "pitch_predictability: Actionability is plausible, since a pitching coach or catcher could change sequencing. Real clubs probably already run versions of this, so the gain is likely parity.",
        "pitch_predictability: Testing is feasible on public data. Compare a count-only baseline with richer models and check whether predictability measured early in a season relates to later outcomes. The link to run prevention is unproven.",
        "pitch_predictability: It would look useful through entropy numbers or predictive accuracy that mostly reflect each pitcher's pitch mix, which is already visible in public data.",
        "normalization: The decision recurs, and it overlaps heavily with callups. Both need the same league-season adjustments and could be one project.",
        "normalization: Public MiLB data and documented rule changes are available by season. But rule regimes change mid-season and sample sizes per league-season are small, so adjustment factors may be noisy.",
        "normalization: The staff action is a different promotion order or prospect ranking. Public sites and park factors partly normalize already, so the marginal change may be small.",
        "normalization: A retrospective test is possible. Check whether adjusted stats predict next-level or MLB performance better than raw stats with level and age. Rule regimes confound this, because few players cross regimes.",
        "normalization: It would look useful through elaborate park and rule adjustments that fit past data well but add nothing to out-of-sample prediction over a simple level-and-age baseline.",
        "opp_bullpen: Reliever usage is public after the fact through box scores, but availability at decision time depends on unobservable warm-ups, injuries and internal usage rules, so forecasts may be only slightly better than a naive rule.",
        "opp_bullpen: Actionability is limited. Lineups are usually set before the opponent's bullpen use is known, and the Cubs' moves are mostly dictated by game state.",
        "opp_bullpen: Testing is feasible. Predict each opponent's relievers used on each date and compare against a naive baseline such as no pitches in the last two days. A test with no real baseline would only show that rested pitchers pitch.",
        "opp_bullpen: Advance staff already estimate this informally, and sophisticated clubs probably have fuller internal usage models.",
        "opp_bullpen: It would look useful through high accuracy on easy cases, such as relievers who pitched yesterday, while saying nothing about the closer calls where the decision actually changes.",
        "blind_spots: All six lean on public data and assume a public-data tool can beat what sophisticated clubs already hold. At best they reach parity.",
        "blind_spots: None addresses amateur draft or international scouting, hitter or pitcher development decisions, in-season roster optimization, or players themselves as users.",
        "blind_spots: Four of the six (callups, normalization, return_to_play, rules_ledger) are front-office or analyst tools. Coaches and game-day staff are barely covered, and those groups' willingness to use a tool is untested.",
        "blind_spots: Common failure modes include small samples, no pre-registered baseline, hindsight leakage from later-revised data, adoption failure, and no measurement of changed decisions.",
        "blind_spots: Success is judged by prediction accuracy rather than by changed decisions and downstream wins, so a tool could be accurate and still add nothing.",
        "callups: public_milb_statcast_coverage_by_level",
        "callups: cubs_existing_translation_models",
        "rules_ledger: cubs_roster_admin_error_history",
        "rules_ledger: completeness_of_public_option_status_data",
        "return_to_play: granularity_of_public_injury_descriptions",
        "return_to_play: cubs_current_timeline_estimation_process",
        "pitch_predictability: evidence_linking_sequence_entropy_to_run_prevention",
        "pitch_predictability: cubs_existing_sequence_audit",
        "normalization: minor_league_rule_regime_effect_sizes",
        "normalization: public_milb_park_factor_quality",
        "opp_bullpen: forecast_accuracy_vs_naive_rule",
        "opp_bullpen: unobserved_bullpen_warmups_effect",
        "pooled_assumption_attribution (the assumption lists are pooled across many ideas and not mapped to the six candidates, so some listed assumptions, such as tipping or grounds crew, do not belong to these six)",
        "shared: a pre-registered backtest harness on public data, with naive baselines and time-stamped inputs, that scores any candidate on out-of-sample performance before anything is built",
        "callups: merge callups and normalization into one translation baseline, evaluated on out-of-sample MLB outcomes against a level-and-age baseline, before any interface is built",
        "rules_ledger: first audit whether any rules-related errors have occurred, via interviews with staff, and build the ledger only if they have"
      ],
      "contradictions": [],
      "verified_constraints": [],
      "provenance": {
        "run_id": "hd-20261008-143634-565a00716635",
        "producer_component": "howldream",
        "producer_version": "0.4.4",
        "model_or_provider": "claude-sonnet-5-5",
        "observation_kind": "EXTERNALLY_OBSERVED",
        "created_at": "2026-10-08T14:40:06.740147+00:00",
        "transformations": [
          "generated"
        ],
        "participation": [
          {
            "operation": "GENERATED",
            "transforming_component": "howldream",
            "origin_component": "howldream",
            "origin_provider": "claude",
            "origin_model": "claude-sonnet-5-5",
            "subject_count": 1,
            "inference_occurred": true,
            "note": "Dream prompted the provider; the provider authored the text."
          }
        ],
        "request_id": "cubs-r001-p2-critique",
        "originating_component": "operator",
        "execution": {
          "requested_provider": "command",
          "selected_provider": "command",
          "actual_provider": "claude",
          "adapter": "claude-json",
          "model": "claude-sonnet-5-5",
          "requested_model": "claude-sonnet-5-5",
          "deterministic": false,
          "mocked": false,
          "inference_occurred": true,
          "remote": true,
          "remote_observation": "OPERATOR_DECLARED",
          "fallback_reason": null,
          "elapsed_seconds": 29.912519405945204,
          "usage": {
            "input_tokens": 2,
            "cache_creation_input_tokens": 25482,
            "cache_read_input_tokens": 0,
            "output_tokens": 3745,
            "output_tokens_details": {
              "thinking_tokens": 587
            },
            "server_tool_use": {
              "web_search_requests": 0,
              "web_fetch_requests": 0
            },
            "cache_creation": {
              "ephemeral_1h_input_tokens": 25482,
              "ephemeral_5m_input_tokens": 0
            }
          },
          "cost": 0.139382,
          "request_id": "ea5ef17f-8be8-4fcb-a657-9b043996651e",
          "raw_output_received": true,
          "parse_status": "VALID",
          "repair_attempted": false,
          "sampling": null
        },
        "source_candidate_refs": [
          {
            "candidate_id": "hd-20261008-143010-528e5330b08f/candidates/0/0/idea/11",
            "source_run_id": "hd-20261008-143010-528e5330b08f",
            "sha256": "f3e71999a531e2417dffe37887800a90a2236ecc5babad05a5a651d444e56e9e"
          },
          {
            "candidate_id": "hd-20261008-143010-528e5330b08f/candidates/0/0/idea/2",
            "source_run_id": "hd-20261008-143010-528e5330b08f",
            "sha256": "4e8db7a3bdf9ec635aa6e639e76ad370d84d2fcdd15e6f8542cbb495c0ec789a"
          },
          {
            "candidate_id": "hd-20261008-143010-528e5330b08f/candidates/0/1/idea/6",
            "source_run_id": "hd-20261008-143010-528e5330b08f",
            "sha256": "74f28f7205c39a80489dbc1d4d84a0190baf23fe77515f8e9a49e82c5b0ec8c0"
          },
          {
            "candidate_id": "hd-20261008-143010-528e5330b08f/candidates/0/2/idea/3",
            "source_run_id": "hd-20261008-143010-528e5330b08f",
            "sha256": "da2a7682bf51937a0b07a0b5458e6681ffd77ed9ef922096409ea4c762195605"
          },
          {
            "candidate_id": "hd-20261008-143010-528e5330b08f/candidates/0/2/idea/6",
            "source_run_id": "hd-20261008-143010-528e5330b08f",
            "sha256": "e33eb99d2e7470ee275d1cb24845aec52a3a3967cdf6b393d11943073207ad2c"
          },
          {
            "candidate_id": "hd-20261008-143010-528e5330b08f/candidates/0/3/idea/2",
            "source_run_id": "hd-20261008-143010-528e5330b08f",
            "sha256": "a1c986ba7f581f34483e89bc7e580764964017cfcdb934982fc92628bd7052cf"
          }
        ],
        "source_candidates_location": "exploration_envelope.json#/provenance/source_candidates",
        "hard_constraints": [
          "Public or clearly labeled synthetic data only.",
          "Do not invent statistics or private Cubs information.",
          "Prefer falsifiable criticism over praise."
        ],
        "constraint_scope": "UNVERIFIED_GENERATION_GUIDANCE",
        "purpose": "verification",
        "verification": [
          {
            "claim_id": "hd-20261008-143634-565a00716635/candidates/0/0/claim/1",
            "candidate_id": "hd-20261008-143634-565a00716635/candidates/0/0",
            "status": "UNCERTAIN",
            "classifications": [],
            "source_ids": [],
            "evidence_provenance": [],
            "check_scope": "SUPPLIED_LEDGER",
            "critical": false,
            "verifier": "supplied_ledger_and_arithmetic/v2",
            "scorer_type": "deterministic",
            "note": "No available check establishes this proposition."
          },
          {
            "claim_id": "hd-20261008-143634-565a00716635/candidates/0/0/claim/2",
            "candidate_id": "hd-20261008-143634-565a00716635/candidates/0/0",
            "status": "UNCERTAIN",
            "classifications": [],
            "source_ids": [],
            "evidence_provenance": [],
            "check_scope": "SUPPLIED_LEDGER",
            "critical": false,
            "verifier": "supplied_ledger_and_arithmetic/v2",
            "scorer_type": "deterministic",
            "note": "No available check establishes this proposition."
          },
          {
            "claim_id": "hd-20261008-143634-565a00716635/candidates/0/0/claim/3",
            "candidate_id": "hd-20261008-143634-565a00716635/candidates/0/0",
            "status": "UNCERTAIN",
            "classifications": [],
            "source_ids": [],
            "evidence_provenance": [],
            "check_scope": "SUPPLIED_LEDGER",
            "critical": false,
            "verifier": "supplied_ledger_and_arithmetic/v2",
            "scorer_type": "deterministic",
            "note": "No available check establishes this proposition."
          },
          {
            "claim_id": "hd-20261008-143634-565a00716635/candidates/0/0/claim/4",
            "candidate_id": "hd-20261008-143634-565a00716635/candidates/0/0",
            "status": "UNCERTAIN",
            "classifications": [],
            "source_ids": [],
            "evidence_provenance": [],
            "check_scope": "SUPPLIED_LEDGER",
            "critical": false,
            "verifier": "supplied_ledger_and_arithmetic/v2",
            "scorer_type": "deterministic",
            "note": "No available check establishes this proposition."
          },
          {
            "claim_id": "hd-20261008-143634-565a00716635/candidates/0/0/claim/5",
            "candidate_id": "hd-20261008-143634-565a00716635/candidates/0/0",
            "status": "UNCERTAIN",
            "classifications": [],
            "source_ids": [],
            "evidence_provenance": [],
            "check_scope": "SUPPLIED_LEDGER",
            "critical": false,
            "verifier": "supplied_ledger_and_arithmetic/v2",
            "scorer_type": "deterministic",
            "note": "No available check establishes this proposition."
          },
          {
            "claim_id": "hd-20261008-143634-565a00716635/candidates/0/0/claim/6",
            "candidate_id": "hd-20261008-143634-565a00716635/candidates/0/0",
            "status": "UNCERTAIN",
            "classifications": [],
            "source_ids": [],
            "evidence_provenance": [],
            "check_scope": "SUPPLIED_LEDGER",
            "critical": false,
            "verifier": "supplied_ledger_and_arithmetic/v2",
            "scorer_type": "deterministic",
            "note": "No available check establishes this proposition."
          },
          {
            "claim_id": "hd-20261008-143634-565a00716635/candidates/0/0/claim/7",
            "candidate_id": "hd-20261008-143634-565a00716635/candidates/0/0",
            "status": "UNCERTAIN",
            "classifications": [],
            "source_ids": [],
            "evidence_provenance": [],
            "check_scope": "SUPPLIED_LEDGER",
            "critical": false,
            "verifier": "supplied_ledger_and_arithmetic/v2",
            "scorer_type": "deterministic",
            "note": "No available check establishes this proposition."
          },
          {
            "claim_id": "hd-20261008-143634-565a00716635/candidates/0/0/claim/8",
            "candidate_id": "hd-20261008-143634-565a00716635/candidates/0/0",
            "status": "UNCERTAIN",
            "classifications": [],
            "source_ids": [],
            "evidence_provenance": [],
            "check_scope": "SUPPLIED_LEDGER",
            "critical": false,
            "verifier": "supplied_ledger_and_arithmetic/v2",
            "scorer_type": "deterministic",
            "note": "No available check establishes this proposition."
          },
          {
            "claim_id": "hd-20261008-143634-565a00716635/candidates/0/0/claim/9",
            "candidate_id": "hd-20261008-143634-565a00716635/candidates/0/0",
            "status": "UNCERTAIN",
            "classifications": [],
            "source_ids": [],
            "evidence_provenance": [],
            "check_scope": "SUPPLIED_LEDGER",
            "critical": false,
            "verifier": "supplied_ledger_and_arithmetic/v2",
            "scorer_type": "deterministic",
            "note": "No available check establishes this proposition."
          },
          {
            "claim_id": "hd-20261008-143634-565a00716635/candidates/0/0/claim/10",
            "candidate_id": "hd-20261008-143634-565a00716635/candidates/0/0",
            "status": "UNCERTAIN",
            "classifications": [],
            "source_ids": [],
            "evidence_provenance": [],
            "check_scope": "SUPPLIED_LEDGER",
            "critical": false,
            "verifier": "supplied_ledger_and_arithmetic/v2",
            "scorer_type": "deterministic",
            "note": "No available check establishes this proposition."
          },
          {
            "claim_id": "hd-20261008-143634-565a00716635/candidates/0/0/claim/11",
            "candidate_id": "hd-20261008-143634-565a00716635/candidates/0/0",
            "status": "UNCERTAIN",
            "classifications": [],
            "source_ids": [],
            "evidence_provenance": [],
            "check_scope": "SUPPLIED_LEDGER",
            "critical": false,
            "verifier": "supplied_ledger_and_arithmetic/v2",
            "scorer_type": "deterministic",
            "note": "No available check establishes this proposition."
          },
          {
            "claim_id": "hd-20261008-143634-565a00716635/candidates/0/0/claim/12",
            "candidate_id": "hd-20261008-143634-565a00716635/candidates/0/0",
            "status": "UNCERTAIN",
            "classifications": [],
            "source_ids": [],
            "evidence_provenance": [],
            "check_scope": "SUPPLIED_LEDGER",
            "critical": false,
            "verifier": "supplied_ledger_and_arithmetic/v2",
            "scorer_type": "deterministic",
            "note": "No available check establishes this proposition."
          },
          {
            "claim_id": "hd-20261008-143634-565a00716635/candidates/0/0/claim/13",
            "candidate_id": "hd-20261008-143634-565a00716635/candidates/0/0",
            "status": "UNCERTAIN",
            "classifications": [],
            "source_ids": [],
            "evidence_provenance": [],
            "check_scope": "SUPPLIED_LEDGER",
            "critical": false,
            "verifier": "supplied_ledger_and_arithmetic/v2",
            "scorer_type": "deterministic",
            "note": "No available check establishes this proposition."
          },
          {
            "claim_id": "hd-20261008-143634-565a00716635/candidates/0/0/claim/14",
            "candidate_id": "hd-20261008-143634-565a00716635/candidates/0/0",
            "status": "UNCERTAIN",
            "classifications": [],
            "source_ids": [],
            "evidence_provenance": [],
            "check_scope": "SUPPLIED_LEDGER",
            "critical": false,
            "verifier": "supplied_ledger_and_arithmetic/v2",
            "scorer_type": "deterministic",
            "note": "No available check establishes this proposition."
          },
          {
            "claim_id": "hd-20261008-143634-565a00716635/candidates/0/0/claim/15",
            "candidate_id": "hd-20261008-143634-565a00716635/candidates/0/0",
            "status": "UNCERTAIN",
            "classifications": [],
            "source_ids": [],
            "evidence_provenance": [],
            "check_scope": "SUPPLIED_LEDGER",
            "critical": false,
            "verifier": "supplied_ledger_and_arithmetic/v2",
            "scorer_type": "deterministic",
            "note": "No available check establishes this proposition."
          },
          {
            "claim_id": "hd-20261008-143634-565a00716635/candidates/0/0/claim/16",
            "candidate_id": "hd-20261008-143634-565a00716635/candidates/0/0",
            "status": "UNCERTAIN",
            "classifications": [],
            "source_ids": [],
            "evidence_provenance": [],
            "check_scope": "SUPPLIED_LEDGER",
            "critical": false,
            "verifier": "supplied_ledger_and_arithmetic/v2",
            "scorer_type": "deterministic",
            "note": "No available check establishes this proposition."
          },
          {
            "claim_id": "hd-20261008-143634-565a00716635/candidates/0/0/claim/17",
            "candidate_id": "hd-20261008-143634-565a00716635/candidates/0/0",
            "status": "UNCERTAIN",
            "classifications": [],
            "source_ids": [],
            "evidence_provenance": [],
            "check_scope": "SUPPLIED_LEDGER",
            "critical": false,
            "verifier": "supplied_ledger_and_arithmetic/v2",
            "scorer_type": "deterministic",
            "note": "No available check establishes this proposition."
          },
          {
            "claim_id": "hd-20261008-143634-565a00716635/candidates/0/0/claim/18",
            "candidate_id": "hd-20261008-143634-565a00716635/candidates/0/0",
            "status": "UNCERTAIN",
            "classifications": [],
            "source_ids": [],
            "evidence_provenance": [],
            "check_scope": "SUPPLIED_LEDGER",
            "critical": false,
            "verifier": "supplied_ledger_and_arithmetic/v2",
            "scorer_type": "deterministic",
            "note": "No available check establishes this proposition."
          },
          {
            "claim_id": "hd-20261008-143634-565a00716635/candidates/0/0/claim/19",
            "candidate_id": "hd-20261008-143634-565a00716635/candidates/0/0",
            "status": "UNCERTAIN",
            "classifications": [],
            "source_ids": [],
            "evidence_provenance": [],
            "check_scope": "SUPPLIED_LEDGER",
            "critical": false,
            "verifier": "supplied_ledger_and_arithmetic/v2",
            "scorer_type": "deterministic",
            "note": "No available check establishes this proposition."
          },
          {
            "claim_id": "hd-20261008-143634-565a00716635/candidates/0/0/claim/20",
            "candidate_id": "hd-20261008-143634-565a00716635/candidates/0/0",
            "status": "UNCERTAIN",
            "classifications": [],
            "source_ids": [],
            "evidence_provenance": [],
            "check_scope": "SUPPLIED_LEDGER",
            "critical": false,
            "verifier": "supplied_ledger_and_arithmetic/v2",
            "scorer_type": "deterministic",
            "note": "No available check establishes this proposition."
          },
          {
            "claim_id": "hd-20261008-143634-565a00716635/candidates/0/0/claim/21",
            "candidate_id": "hd-20261008-143634-565a00716635/candidates/0/0",
            "status": "UNCERTAIN",
            "classifications": [],
            "source_ids": [],
            "evidence_provenance": [],
            "check_scope": "SUPPLIED_LEDGER",
            "critical": false,
            "verifier": "supplied_ledger_and_arithmetic/v2",
            "scorer_type": "deterministic",
            "note": "No available check establishes this proposition."
          },
          {
            "claim_id": "hd-20261008-143634-565a00716635/candidates/0/0/claim/22",
            "candidate_id": "hd-20261008-143634-565a00716635/candidates/0/0",
            "status": "UNCERTAIN",
            "classifications": [],
            "source_ids": [],
            "evidence_provenance": [],
            "check_scope": "SUPPLIED_LEDGER",
            "critical": false,
            "verifier": "supplied_ledger_and_arithmetic/v2",
            "scorer_type": "deterministic",
            "note": "No available check establishes this proposition."
          },
          {
            "claim_id": "hd-20261008-143634-565a00716635/candidates/0/0/claim/23",
            "candidate_id": "hd-20261008-143634-565a00716635/candidates/0/0",
            "status": "UNCERTAIN",
            "classifications": [],
            "source_ids": [],
            "evidence_provenance": [],
            "check_scope": "SUPPLIED_LEDGER",
            "critical": false,
            "verifier": "supplied_ledger_and_arithmetic/v2",
            "scorer_type": "deterministic",
            "note": "No available check establishes this proposition."
          },
          {
            "claim_id": "hd-20261008-143634-565a00716635/candidates/0/0/claim/24",
            "candidate_id": "hd-20261008-143634-565a00716635/candidates/0/0",
            "status": "UNCERTAIN",
            "classifications": [],
            "source_ids": [],
            "evidence_provenance": [],
            "check_scope": "SUPPLIED_LEDGER",
            "critical": false,
            "verifier": "supplied_ledger_and_arithmetic/v2",
            "scorer_type": "deterministic",
            "note": "No available check establishes this proposition."
          },
          {
            "claim_id": "hd-20261008-143634-565a00716635/candidates/0/0/claim/25",
            "candidate_id": "hd-20261008-143634-565a00716635/candidates/0/0",
            "status": "UNCERTAIN",
            "classifications": [],
            "source_ids": [],
            "evidence_provenance": [],
            "check_scope": "SUPPLIED_LEDGER",
            "critical": false,
            "verifier": "supplied_ledger_and_arithmetic/v2",
            "scorer_type": "deterministic",
            "note": "No available check establishes this proposition."
          },
          {
            "claim_id": "hd-20261008-143634-565a00716635/candidates/0/0/claim/26",
            "candidate_id": "hd-20261008-143634-565a00716635/candidates/0/0",
            "status": "UNCERTAIN",
            "classifications": [],
            "source_ids": [],
            "evidence_provenance": [],
            "check_scope": "SUPPLIED_LEDGER",
            "critical": false,
            "verifier": "supplied_ledger_and_arithmetic/v2",
            "scorer_type": "deterministic",
            "note": "No available check establishes this proposition."
          },
          {
            "claim_id": "hd-20261008-143634-565a00716635/candidates/0/0/claim/27",
            "candidate_id": "hd-20261008-143634-565a00716635/candidates/0/0",
            "status": "UNCERTAIN",
            "classifications": [],
            "source_ids": [],
            "evidence_provenance": [],
            "check_scope": "SUPPLIED_LEDGER",
            "critical": false,
            "verifier": "supplied_ledger_and_arithmetic/v2",
            "scorer_type": "deterministic",
            "note": "No available check establishes this proposition."
          },
          {
            "claim_id": "hd-20261008-143634-565a00716635/candidates/0/0/claim/28",
            "candidate_id": "hd-20261008-143634-565a00716635/candidates/0/0",
            "status": "UNCERTAIN",
            "classifications": [],
            "source_ids": [],
            "evidence_provenance": [],
            "check_scope": "SUPPLIED_LEDGER",
            "critical": false,
            "verifier": "supplied_ledger_and_arithmetic/v2",
            "scorer_type": "deterministic",
            "note": "No available check establishes this proposition."
          },
          {
            "claim_id": "hd-20261008-143634-565a00716635/candidates/0/0/claim/29",
            "candidate_id": "hd-20261008-143634-565a00716635/candidates/0/0",
            "status": "UNCERTAIN",
            "classifications": [],
            "source_ids": [],
            "evidence_provenance": [],
            "check_scope": "SUPPLIED_LEDGER",
            "critical": false,
            "verifier": "supplied_ledger_and_arithmetic/v2",
            "scorer_type": "deterministic",
            "note": "No available check establishes this proposition."
          },
          {
            "claim_id": "hd-20261008-143634-565a00716635/candidates/0/0/claim/30",
            "candidate_id": "hd-20261008-143634-565a00716635/candidates/0/0",
            "status": "UNCERTAIN",
            "classifications": [],
            "source_ids": [],
            "evidence_provenance": [],
            "check_scope": "SUPPLIED_LEDGER",
            "critical": false,
            "verifier": "supplied_ledger_and_arithmetic/v2",
            "scorer_type": "deterministic",
            "note": "No available check establishes this proposition."
          },
          {
            "claim_id": "hd-20261008-143634-565a00716635/candidates/0/0/claim/31",
            "candidate_id": "hd-20261008-143634-565a00716635/candidates/0/0",
            "status": "UNCERTAIN",
            "classifications": [],
            "source_ids": [],
            "evidence_provenance": [],
            "check_scope": "SUPPLIED_LEDGER",
            "critical": false,
            "verifier": "supplied_ledger_and_arithmetic/v2",
            "scorer_type": "deterministic",
            "note": "No available check establishes this proposition."
          },
          {
            "claim_id": "hd-20261008-143634-565a00716635/candidates/0/0/claim/32",
            "candidate_id": "hd-20261008-143634-565a00716635/candidates/0/0",
            "status": "UNCERTAIN",
            "classifications": [],
            "source_ids": [],
            "evidence_provenance": [],
            "check_scope": "SUPPLIED_LEDGER",
            "critical": false,
            "verifier": "supplied_ledger_and_arithmetic/v2",
            "scorer_type": "deterministic",
            "note": "No available check establishes this proposition."
          },
          {
            "claim_id": "hd-20261008-143634-565a00716635/candidates/0/0/claim/33",
            "candidate_id": "hd-20261008-143634-565a00716635/candidates/0/0",
            "status": "UNCERTAIN",
            "classifications": [],
            "source_ids": [],
            "evidence_provenance": [],
            "check_scope": "SUPPLIED_LEDGER",
            "critical": false,
            "verifier": "supplied_ledger_and_arithmetic/v2",
            "scorer_type": "deterministic",
            "note": "No available check establishes this proposition."
          },
          {
            "claim_id": "hd-20261008-143634-565a00716635/candidates/0/0/claim/34",
            "candidate_id": "hd-20261008-143634-565a00716635/candidates/0/0",
            "status": "UNCERTAIN",
            "classifications": [],
            "source_ids": [],
            "evidence_provenance": [],
            "check_scope": "SUPPLIED_LEDGER",
            "critical": false,
            "verifier": "supplied_ledger_and_arithmetic/v2",
            "scorer_type": "deterministic",
            "note": "Explicit abstention; not counted as a detected failure or a verified fact."
          },
          {
            "claim_id": "hd-20261008-143634-565a00716635/candidates/0/0/claim/35",
            "candidate_id": "hd-20261008-143634-565a00716635/candidates/0/0",
            "status": "UNCERTAIN",
            "classifications": [],
            "source_ids": [],
            "evidence_provenance": [],
            "check_scope": "SUPPLIED_LEDGER",
            "critical": false,
            "verifier": "supplied_ledger_and_arithmetic/v2",
            "scorer_type": "deterministic",
            "note": "Explicit abstention; not counted as a detected failure or a verified fact."
          },
          {
            "claim_id": "hd-20261008-143634-565a00716635/candidates/0/0/claim/36",
            "candidate_id": "hd-20261008-143634-565a00716635/candidates/0/0",
            "status": "UNCERTAIN",
            "classifications": [],
            "source_ids": [],
            "evidence_provenance": [],
            "check_scope": "SUPPLIED_LEDGER",
            "critical": false,
            "verifier": "supplied_ledger_and_arithmetic/v2",
            "scorer_type": "deterministic",
            "note": "Explicit abstention; not counted as a detected failure or a verified fact."
          },
          {
            "claim_id": "hd-20261008-143634-565a00716635/candidates/0/0/claim/37",
            "candidate_id": "hd-20261008-143634-565a00716635/candidates/0/0",
            "status": "UNCERTAIN",
            "classifications": [],
            "source_ids": [],
            "evidence_provenance": [],
            "check_scope": "SUPPLIED_LEDGER",
            "critical": false,
            "verifier": "supplied_ledger_and_arithmetic/v2",
            "scorer_type": "deterministic",
            "note": "Explicit abstention; not counted as a detected failure or a verified fact."
          },
          {
            "claim_id": "hd-20261008-143634-565a00716635/candidates/0/0/claim/38",
            "candidate_id": "hd-20261008-143634-565a00716635/candidates/0/0",
            "status": "UNCERTAIN",
            "classifications": [],
            "source_ids": [],
            "evidence_provenance": [],
            "check_scope": "SUPPLIED_LEDGER",
            "critical": false,
            "verifier": "supplied_ledger_and_arithmetic/v2",
            "scorer_type": "deterministic",
            "note": "Explicit abstention; not counted as a detected failure or a verified fact."
          },
          {
            "claim_id": "hd-20261008-143634-565a00716635/candidates/0/0/claim/39",
            "candidate_id": "hd-20261008-143634-565a00716635/candidates/0/0",
            "status": "UNCERTAIN",
            "classifications": [],
            "source_ids": [],
            "evidence_provenance": [],
            "check_scope": "SUPPLIED_LEDGER",
            "critical": false,
            "verifier": "supplied_ledger_and_arithmetic/v2",
            "scorer_type": "deterministic",
            "note": "Explicit abstention; not counted as a detected failure or a verified fact."
          },
          {
            "claim_id": "hd-20261008-143634-565a00716635/candidates/0/0/claim/40",
            "candidate_id": "hd-20261008-143634-565a00716635/candidates/0/0",
            "status": "UNCERTAIN",
            "classifications": [],
            "source_ids": [],
            "evidence_provenance": [],
            "check_scope": "SUPPLIED_LEDGER",
            "critical": false,
            "verifier": "supplied_ledger_and_arithmetic/v2",
            "scorer_type": "deterministic",
            "note": "Explicit abstention; not counted as a detected failure or a verified fact."
          },
          {
            "claim_id": "hd-20261008-143634-565a00716635/candidates/0/0/claim/41",
            "candidate_id": "hd-20261008-143634-565a00716635/candidates/0/0",
            "status": "UNCERTAIN",
            "classifications": [],
            "source_ids": [],
            "evidence_provenance": [],
            "check_scope": "SUPPLIED_LEDGER",
            "critical": false,
            "verifier": "supplied_ledger_and_arithmetic/v2",
            "scorer_type": "deterministic",
            "note": "Explicit abstention; not counted as a detected failure or a verified fact."
          },
          {
            "claim_id": "hd-20261008-143634-565a00716635/candidates/0/0/claim/42",
            "candidate_id": "hd-20261008-143634-565a00716635/candidates/0/0",
            "status": "UNCERTAIN",
            "classifications": [],
            "source_ids": [],
            "evidence_provenance": [],
            "check_scope": "SUPPLIED_LEDGER",
            "critical": false,
            "verifier": "supplied_ledger_and_arithmetic/v2",
            "scorer_type": "deterministic",
            "note": "Explicit abstention; not counted as a detected failure or a verified fact."
          },
          {
            "claim_id": "hd-20261008-143634-565a00716635/candidates/0/0/claim/43",
            "candidate_id": "hd-20261008-143634-565a00716635/candidates/0/0",
            "status": "UNCERTAIN",
            "classifications": [],
            "source_ids": [],
            "evidence_provenance": [],
            "check_scope": "SUPPLIED_LEDGER",
            "critical": false,
            "verifier": "supplied_ledger_and_arithmetic/v2",
            "scorer_type": "deterministic",
            "note": "Explicit abstention; not counted as a detected failure or a verified fact."
          },
          {
            "claim_id": "hd-20261008-143634-565a00716635/candidates/0/0/claim/44",
            "candidate_id": "hd-20261008-143634-565a00716635/candidates/0/0",
            "status": "UNCERTAIN",
            "classifications": [],
            "source_ids": [],
            "evidence_provenance": [],
            "check_scope": "SUPPLIED_LEDGER",
            "critical": false,
            "verifier": "supplied_ledger_and_arithmetic/v2",
            "scorer_type": "deterministic",
            "note": "Explicit abstention; not counted as a detected failure or a verified fact."
          },
          {
            "claim_id": "hd-20261008-143634-565a00716635/candidates/0/0/claim/45",
            "candidate_id": "hd-20261008-143634-565a00716635/candidates/0/0",
            "status": "UNCERTAIN",
            "classifications": [],
            "source_ids": [],
            "evidence_provenance": [],
            "check_scope": "SUPPLIED_LEDGER",
            "critical": false,
            "verifier": "supplied_ledger_and_arithmetic/v2",
            "scorer_type": "deterministic",
            "note": "Explicit abstention; not counted as a detected failure or a verified fact."
          },
          {
            "claim_id": "hd-20261008-143634-565a00716635/candidates/0/0/claim/46",
            "candidate_id": "hd-20261008-143634-565a00716635/candidates/0/0",
            "status": "UNCERTAIN",
            "classifications": [],
            "source_ids": [],
            "evidence_provenance": [],
            "check_scope": "SUPPLIED_LEDGER",
            "critical": false,
            "verifier": "supplied_ledger_and_arithmetic/v2",
            "scorer_type": "deterministic",
            "note": "No available check establishes this proposition."
          },
          {
            "claim_id": "hd-20261008-143634-565a00716635/candidates/0/0/claim/47",
            "candidate_id": "hd-20261008-143634-565a00716635/candidates/0/0",
            "status": "UNCERTAIN",
            "classifications": [],
            "source_ids": [],
            "evidence_provenance": [],
            "check_scope": "SUPPLIED_LEDGER",
            "critical": false,
            "verifier": "supplied_ledger_and_arithmetic/v2",
            "scorer_type": "deterministic",
            "note": "No available check establishes this proposition."
          },
          {
            "claim_id": "hd-20261008-143634-565a00716635/candidates/0/0/claim/48",
            "candidate_id": "hd-20261008-143634-565a00716635/candidates/0/0",
            "status": "UNCERTAIN",
            "classifications": [],
            "source_ids": [],
            "evidence_provenance": [],
            "check_scope": "SUPPLIED_LEDGER",
            "critical": false,
            "verifier": "supplied_ledger_and_arithmetic/v2",
            "scorer_type": "deterministic",
            "note": "No available check establishes this proposition."
          },
          {
            "claim_id": "hd-20261008-143634-565a00716635/candidates/0/0/claim/49",
            "candidate_id": "hd-20261008-143634-565a00716635/candidates/0/0",
            "status": "UNCERTAIN",
            "classifications": [],
            "source_ids": [],
            "evidence_provenance": [],
            "check_scope": "SUPPLIED_LEDGER",
            "critical": false,
            "verifier": "supplied_ledger_and_arithmetic/v2",
            "scorer_type": "deterministic",
            "note": "No available check establishes this proposition."
          },
          {
            "claim_id": "hd-20261008-143634-565a00716635/candidates/0/0/claim/50",
            "candidate_id": "hd-20261008-143634-565a00716635/candidates/0/0",
            "status": "UNCERTAIN",
            "classifications": [],
            "source_ids": [],
            "evidence_provenance": [],
            "check_scope": "SUPPLIED_LEDGER",
            "critical": false,
            "verifier": "supplied_ledger_and_arithmetic/v2",
            "scorer_type": "deterministic",
            "note": "No available check establishes this proposition."
          },
          {
            "claim_id": "hd-20261008-143634-565a00716635/candidates/0/0/claim/51",
            "candidate_id": "hd-20261008-143634-565a00716635/candidates/0/0",
            "status": "UNCERTAIN",
            "classifications": [],
            "source_ids": [],
            "evidence_provenance": [],
            "check_scope": "SUPPLIED_LEDGER",
            "critical": false,
            "verifier": "supplied_ledger_and_arithmetic/v2",
            "scorer_type": "deterministic",
            "note": "No available check establishes this proposition."
          },
          {
            "claim_id": "hd-20261008-143634-565a00716635/candidates/0/0/claim/52",
            "candidate_id": "hd-20261008-143634-565a00716635/candidates/0/0",
            "status": "UNCERTAIN",
            "classifications": [],
            "source_ids": [],
            "evidence_provenance": [],
            "check_scope": "SUPPLIED_LEDGER",
            "critical": false,
            "verifier": "supplied_ledger_and_arithmetic/v2",
            "scorer_type": "deterministic",
            "note": "No available check establishes this proposition."
          },
          {
            "claim_id": "hd-20261008-143634-565a00716635/candidates/0/0/claim/53",
            "candidate_id": "hd-20261008-143634-565a00716635/candidates/0/0",
            "status": "UNCERTAIN",
            "classifications": [],
            "source_ids": [],
            "evidence_provenance": [],
            "check_scope": "SUPPLIED_LEDGER",
            "critical": false,
            "verifier": "supplied_ledger_and_arithmetic/v2",
            "scorer_type": "deterministic",
            "note": "No available check establishes this proposition."
          },
          {
            "claim_id": "hd-20261008-143634-565a00716635/candidates/0/0/claim/54",
            "candidate_id": "hd-20261008-143634-565a00716635/candidates/0/0",
            "status": "UNCERTAIN",
            "classifications": [],
            "source_ids": [],
            "evidence_provenance": [],
            "check_scope": "SUPPLIED_LEDGER",
            "critical": false,
            "verifier": "supplied_ledger_and_arithmetic/v2",
            "scorer_type": "deterministic",
            "note": "No available check establishes this proposition."
          }
        ],
        "candidate_index": 0,
        "trial": 0,
        "prompt_hash": "26c077b61d9bd7b284dd02b5c187616deca7f6907dc5df23a368e31bc89e10ac",
        "output_hash": "d1d287303fc8c03ebcf54639b7e87a3cd34305dca87ef1892760ad5ae2b0d482"
      }
    },
    {
      "schema_version": "howl.candidate/v1",
      "candidate_id": "hd-20261008-143634-565a00716635/candidates/0/1",
      "source_run_id": "hd-20261008-143634-565a00716635",
      "parent_request_id": "cubs-r001-p2-critique",
      "objective": "Critique these six candidate software opportunities for the Chicago Cubs (an MLB club). For EACH candidate, attack: (1) plausibility of the baseball problem and whether the decision really recurs; (2) whether the decision-relevant data is lawfully public AND available at decision time (no hindsight); (3) actionability: what would a staff member do differently; (4) testability: what retrospective evaluation against a simple baseline is possible with public data; (5) existing alternatives (spreadsheets, public tools, vendor systems, what sophisticated clubs already have); (6) what would make this project LOOK useful while actually providing little or no baseball advantage. Then do a BLIND-SPOT analysis of the set as a whole: shared assumptions, user groups or decision types none of them cover, and failure modes common to all. OUTPUT GUIDANCE (format only): use ASSUMPTION lines for challenges, UNKNOWN lines for missing evidence, and IDEA lines only for a sharpened or replacement opportunity that the critique reveals. Prefix each line's content with the candidate's short name.",
      "text": "ASSUMPTION: CallUpCalibration (1 recurrence) Promotion decisions recur, but they are driven by 40-man space, option status, injuries and service-time, not only readiness. A stats-to-MLB translation may inform a small share of actual decisions.\nASSUMPTION: CallUpCalibration (2 data) Public MiLB stats are lawful. Statcast-style tracking coverage differs by level and year, and the final-season stat line is hindsight-contaminated unless snapshots are frozen as of each decision date.\nASSUMPTION: CallUpCalibration (3 action) Uncertainty bands only matter if staff would change timing or choice. If promotions are mostly driven by roster need, the output is decoration.\nASSUMPTION: CallUpCalibration (4 test) Backtest on public history: forecast the first-MLB-season outcome from snapshots at promotion date and compare against a baseline of raw age-adjusted OPS/ERA with regression to the mean. Check interval coverage and calibration. Promotion selection bias means only promoted players have MLB outcomes.\nASSUMPTION: CallUpCalibration (5 alternatives) Public projection systems and translation methods exist, and sophisticated clubs likely hold better private models using scouting and tracking data. A public-data version is a baseline at best.\nASSUMPTION: CallUpCalibration (6 looks-useful) Polished bands with no demonstrated coverage, or a tool tuned in-sample to past call-ups, would look rigorous while adding nothing over public projections.\nUNKNOWN: CallUpCalibration public_milb_statcast_coverage_by_level\nUNKNOWN: CallUpCalibration how_often_cubs_promotion_timing_is_readiness_driven_vs_roster_driven\nASSUMPTION: RosterLedger (1 recurrence) The problem is real and recurs through the season, but errors may be rare because staff already track options. Value depends on a history of missed or costly moves, which is not shown.\nASSUMPTION: RosterLedger (2 data) Public transactions are lawful and timely. Option years, optional-assignment days, and some service-time and IL edge cases are not fully public, so the ledger needs internal inputs the project cannot test publicly.\nASSUMPTION: RosterLedger (3 action) A warning before a move becomes impossible changes behavior only if the deadlines were being missed. Otherwise it only reminds.\nASSUMPTION: RosterLedger (4 test) Public data can reconstruct past option and eligibility states and count how often clubs lost a player to Rule 5 or burned an option inefficiently. That requires a baseline of a rules-literate spreadsheet, and the frequency of such errors may be too low to measure.\nASSUMPTION: RosterLedger (5 alternatives) Front offices almost certainly have a spreadsheet or internal database for this, and league systems handle official status. The gain is reliability only.\nASSUMPTION: RosterLedger (6 looks-useful) A dashboard that restates already-known deadlines looks useful, and rule-encoding bugs after CBA changes could produce false confidence.\nUNKNOWN: RosterLedger cubs_roster_admin_error_history\nUNKNOWN: RosterLedger completeness_of_public_option_status_data\nASSUMPTION: ReturnToPlay (1 recurrence) IL events recur, but a timeline decision is made by medical staff on individual diagnosis. A comparables search may not change that.\nASSUMPTION: ReturnToPlay (2 data) Public IL entries have coarse injury labels and no imaging, grade or surgery detail. Public comparables then mix heterogeneous injuries. Any use of Cubs medical data creates privacy and CBA issues and falls outside the public-data constraint.\nASSUMPTION: ReturnToPlay (3 action) The plausible use is roster contingency planning, such as how long to hold a replacement. Even there, a wide distribution may be uninformative.\nASSUMPTION: ReturnToPlay (4 test) Backtest predicted days missed from public IL history against a baseline of the median by injury label or the league-wide median. Compare error on out-of-time seasons. Reporting inconsistencies and retroactive IL placement degrade labels.\nASSUMPTION: ReturnToPlay (5 alternatives) Public injury trackers exist, and clubs with internal medical records and team physicians already hold better information. This is near-certain parity at best.\nASSUMPTION: ReturnToPlay (6 looks-useful) Tight-looking distributions from vague labels, or post-return performance comparisons confounded by survivorship and by who gets reinstated, would seem informative.\nUNKNOWN: ReturnToPlay granularity_of_public_injury_descriptions\nUNKNOWN: ReturnToPlay cubs_medical_staff_current_use_of_comparables\nASSUMPTION: PitchSeqSelfScout (1 recurrence) Pregame planning recurs every series and the question of whether pitchers are predictable is real. It is plausible but no evidence shows predictability is exploitable by hitters.\nASSUMPTION: PitchSeqSelfScout (2 data) Public pitch type, count and handedness data is lawful and available before the next game, so there is no hindsight problem. Hitters use richer cues than this model captures.\nASSUMPTION: PitchSeqSelfScout (3 action) Staff would vary sequencing. Reducing predictability may cost pitch quality, so the gain is not guaranteed, and catchers and pitchers already adjust by feel.\nASSUMPTION: PitchSeqSelfScout (4 test) Check whether lower-entropy pitchers allow worse outcomes than predicted by pitch quality, using league-wide public data and a baseline of simple pitch-mix-by-count averages. Predictability of pitch choice and run prevention must be separated from pitch quality and selection by game state.\nASSUMPTION: PitchSeqSelfScout (5 alternatives) Sophisticated clubs already run sequencing audits, and public tools show pitch mix by count. The edge is parity.\nASSUMPTION: PitchSeqSelfScout (6 looks-useful) An entropy score that is high or low without being tied to run value looks scientific. Predictable from count alone is also the normal, near-optimal behavior.\nUNKNOWN: PitchSeqSelfScout evidence_linking_sequence_entropy_to_run_prevention\nUNKNOWN: PitchSeqSelfScout cubs_existing_sequence_audit\nASSUMPTION: CrossLeagueNorm (1 recurrence) It recurs for every minor league evaluation, but it overlaps CallUpCalibration. It is really a preprocessing step, not a separate product.\nASSUMPTION: CrossLeagueNorm (2 data) Rule regime and park factors are lawful and public. Effect sizes of rule experiments are estimated from a few league-seasons, confounded with who plays there, and rules change faster than data accumulates.\nASSUMPTION: CrossLeagueNorm (3 action) Evaluators would discount or boost stats by league. They may already do this mentally, so the change is unclear.\nASSUMPTION: CrossLeagueNorm (4 test) Test whether adjusted stats predict next-level or MLB performance better than raw age-adjusted stats and published park factors. Natural experiments occur when a rule changes within a league, but sample and roster churn limit power.\nASSUMPTION: CrossLeagueNorm (5 alternatives) Public sites partly normalize already, and clubs hold private adjustments. A public-data version risks only matching them.\nASSUMPTION: CrossLeagueNorm (6 looks-useful) An adjustment table with many decimals looks precise while its error exceeds its correction.\nUNKNOWN: CrossLeagueNorm minor_league_rule_regime_effect_sizes\nUNKNOWN: CrossLeagueNorm public_milb_park_factor_quality\nCONFLICT: CallUpCalibration_vs_CrossLeagueNorm overlapping scope and shared data dependency, which suggests merging them and testing once\nASSUMPTION: OppBullpenForecast (1 recurrence) Late-game choices against likely relievers recur nightly. But the lineup, pinch-hit and platoon decisions are largely set by matchup and roster, and knowing who is unavailable is a marginal input.\nASSUMPTION: OppBullpenForecast (2 data) Public box scores give appearances and pitch counts after the game, so a forecast for tonight is legitimate. Injuries, internal usage limits and warm-up-only workload are not public, so true availability is only partly observable.\nASSUMPTION: OppBullpenForecast (3 action) Staff might hold a pinch-hitter or adjust a platoon start. The effect of any such change is small, and bullpens can be reshaped by the opponent in-game.\nASSUMPTION: OppBullpenForecast (4 test) Backtest availability predictions from rolling workload against the naive rule of used yesterday or at 25+ pitches means unavailable, and score precision, recall and Brier loss. Then ask whether predictions would have changed any decision. That second step cannot be done with public data alone.\nASSUMPTION: OppBullpenForecast (5 alternatives) Advance scouts and analysts already estimate this, and public workload trackers exist. Clubs likely have more complete information, including real warm-up information.\nASSUMPTION: OppBullpenForecast (6 looks-useful) High accuracy on trivial cases such as pitched three days in a row looks good, but it matches the naive rule and does not affect any decision.\nUNKNOWN: OppBullpenForecast forecast_accuracy_vs_naive_rule\nUNKNOWN: OppBullpenForecast unobserved_bullpen_warmups_effect\nASSUMPTION: BlindSpots Shared assumption: public data suffices to create an edge. For most of these candidates sophisticated clubs hold richer private data, so the likely outcome is parity.\nASSUMPTION: BlindSpots Shared assumption: staff behavior would change when handed a tool. Adoption, trust and incentives are untested for all six, and none states a measurable decision change.\nASSUMPTION: BlindSpots Common failure mode: evaluating on outcomes without freezing the information available at decision time, which creates hindsight leakage. Also small samples, selection effects, and comparing against weak baselines instead of simple ones.\nASSUMPTION: BlindSpots The candidate set is analyst-centric and information-centric. It does not cover amateur draft and scouting workflow, pro acquisition and trade valuation, hitter development, strength and conditioning, ticketing and business operations, or defensive and baserunning in-game decisions.\nASSUMPTION: BlindSpots The supplied context mixes assumptions from different ideas under each candidate, and no source records support any claim, so every statement above is unverified critique.\nUNKNOWN: BlindSpots cubs_internal_analytics_capabilities\nUNKNOWN: BlindSpots supplied_evidence_records_for_any_candidate\nIDEA: DecisionSnapshotBacktestHarness Build a frozen as-of-date public-data archive and a scoring harness that tests any of these six predictions against simple baselines. Users are analysts, the decision is which tool deserves staff time, and the intervention is an evaluation framework rather than a product.\nASSUMPTION: DecisionSnapshotBacktestHarness Public historical snapshots, such as dated transaction logs and box scores, can be reconstructed without hindsight leakage. This needs verification.",
      "condition": "dream",
      "trust": "UNVERIFIED",
      "status": "UNRESOLVED",
      "authority": {
        "type": "ADVISORY",
        "executable": false
      },
      "claims": [
        {
          "id": "hd-20261008-143634-565a00716635/candidates/0/1/claim/1",
          "candidate_id": "hd-20261008-143634-565a00716635/candidates/0/1",
          "kind": "ASSUMPTION",
          "text": "CallUpCalibration (1 recurrence) Promotion decisions recur, but they are driven by 40-man space, option status, injuries and service-time, not only readiness. A stats-to-MLB translation may inform a small share of actual decisions.",
          "status": "UNVERIFIED",
          "extractor": "line_grammar/v1"
        },
        {
          "id": "hd-20261008-143634-565a00716635/candidates/0/1/claim/2",
          "candidate_id": "hd-20261008-143634-565a00716635/candidates/0/1",
          "kind": "ASSUMPTION",
          "text": "CallUpCalibration (2 data) Public MiLB stats are lawful. Statcast-style tracking coverage differs by level and year, and the final-season stat line is hindsight-contaminated unless snapshots are frozen as of each decision date.",
          "status": "UNVERIFIED",
          "extractor": "line_grammar/v1"
        },
        {
          "id": "hd-20261008-143634-565a00716635/candidates/0/1/claim/3",
          "candidate_id": "hd-20261008-143634-565a00716635/candidates/0/1",
          "kind": "ASSUMPTION",
          "text": "CallUpCalibration (3 action) Uncertainty bands only matter if staff would change timing or choice. If promotions are mostly driven by roster need, the output is decoration.",
          "status": "UNVERIFIED",
          "extractor": "line_grammar/v1"
        },
        {
          "id": "hd-20261008-143634-565a00716635/candidates/0/1/claim/4",
          "candidate_id": "hd-20261008-143634-565a00716635/candidates/0/1",
          "kind": "ASSUMPTION",
          "text": "CallUpCalibration (4 test) Backtest on public history: forecast the first-MLB-season outcome from snapshots at promotion date and compare against a baseline of raw age-adjusted OPS/ERA with regression to the mean. Check interval coverage and calibration. Promotion selection bias means only promoted players have MLB outcomes.",
          "status": "UNVERIFIED",
          "extractor": "line_grammar/v1"
        },
        {
          "id": "hd-20261008-143634-565a00716635/candidates/0/1/claim/5",
          "candidate_id": "hd-20261008-143634-565a00716635/candidates/0/1",
          "kind": "ASSUMPTION",
          "text": "CallUpCalibration (5 alternatives) Public projection systems and translation methods exist, and sophisticated clubs likely hold better private models using scouting and tracking data. A public-data version is a baseline at best.",
          "status": "UNVERIFIED",
          "extractor": "line_grammar/v1"
        },
        {
          "id": "hd-20261008-143634-565a00716635/candidates/0/1/claim/6",
          "candidate_id": "hd-20261008-143634-565a00716635/candidates/0/1",
          "kind": "ASSUMPTION",
          "text": "CallUpCalibration (6 looks-useful) Polished bands with no demonstrated coverage, or a tool tuned in-sample to past call-ups, would look rigorous while adding nothing over public projections.",
          "status": "UNVERIFIED",
          "extractor": "line_grammar/v1"
        },
        {
          "id": "hd-20261008-143634-565a00716635/candidates/0/1/claim/7",
          "candidate_id": "hd-20261008-143634-565a00716635/candidates/0/1",
          "kind": "UNKNOWN",
          "text": "CallUpCalibration public_milb_statcast_coverage_by_level",
          "status": "UNVERIFIED",
          "extractor": "line_grammar/v1"
        },
        {
          "id": "hd-20261008-143634-565a00716635/candidates/0/1/claim/8",
          "candidate_id": "hd-20261008-143634-565a00716635/candidates/0/1",
          "kind": "UNKNOWN",
          "text": "CallUpCalibration how_often_cubs_promotion_timing_is_readiness_driven_vs_roster_driven",
          "status": "UNVERIFIED",
          "extractor": "line_grammar/v1"
        },
        {
          "id": "hd-20261008-143634-565a00716635/candidates/0/1/claim/9",
          "candidate_id": "hd-20261008-143634-565a00716635/candidates/0/1",
          "kind": "ASSUMPTION",
          "text": "RosterLedger (1 recurrence) The problem is real and recurs through the season, but errors may be rare because staff already track options. Value depends on a history of missed or costly moves, which is not shown.",
          "status": "UNVERIFIED",
          "extractor": "line_grammar/v1"
        },
        {
          "id": "hd-20261008-143634-565a00716635/candidates/0/1/claim/10",
          "candidate_id": "hd-20261008-143634-565a00716635/candidates/0/1",
          "kind": "ASSUMPTION",
          "text": "RosterLedger (2 data) Public transactions are lawful and timely. Option years, optional-assignment days, and some service-time and IL edge cases are not fully public, so the ledger needs internal inputs the project cannot test publicly.",
          "status": "UNVERIFIED",
          "extractor": "line_grammar/v1"
        },
        {
          "id": "hd-20261008-143634-565a00716635/candidates/0/1/claim/11",
          "candidate_id": "hd-20261008-143634-565a00716635/candidates/0/1",
          "kind": "ASSUMPTION",
          "text": "RosterLedger (3 action) A warning before a move becomes impossible changes behavior only if the deadlines were being missed. Otherwise it only reminds.",
          "status": "UNVERIFIED",
          "extractor": "line_grammar/v1"
        },
        {
          "id": "hd-20261008-143634-565a00716635/candidates/0/1/claim/12",
          "candidate_id": "hd-20261008-143634-565a00716635/candidates/0/1",
          "kind": "ASSUMPTION",
          "text": "RosterLedger (4 test) Public data can reconstruct past option and eligibility states and count how often clubs lost a player to Rule 5 or burned an option inefficiently. That requires a baseline of a rules-literate spreadsheet, and the frequency of such errors may be too low to measure.",
          "status": "UNVERIFIED",
          "extractor": "line_grammar/v1"
        },
        {
          "id": "hd-20261008-143634-565a00716635/candidates/0/1/claim/13",
          "candidate_id": "hd-20261008-143634-565a00716635/candidates/0/1",
          "kind": "ASSUMPTION",
          "text": "RosterLedger (5 alternatives) Front offices almost certainly have a spreadsheet or internal database for this, and league systems handle official status. The gain is reliability only.",
          "status": "UNVERIFIED",
          "extractor": "line_grammar/v1"
        },
        {
          "id": "hd-20261008-143634-565a00716635/candidates/0/1/claim/14",
          "candidate_id": "hd-20261008-143634-565a00716635/candidates/0/1",
          "kind": "ASSUMPTION",
          "text": "RosterLedger (6 looks-useful) A dashboard that restates already-known deadlines looks useful, and rule-encoding bugs after CBA changes could produce false confidence.",
          "status": "UNVERIFIED",
          "extractor": "line_grammar/v1"
        },
        {
          "id": "hd-20261008-143634-565a00716635/candidates/0/1/claim/15",
          "candidate_id": "hd-20261008-143634-565a00716635/candidates/0/1",
          "kind": "UNKNOWN",
          "text": "RosterLedger cubs_roster_admin_error_history",
          "status": "UNVERIFIED",
          "extractor": "line_grammar/v1"
        },
        {
          "id": "hd-20261008-143634-565a00716635/candidates/0/1/claim/16",
          "candidate_id": "hd-20261008-143634-565a00716635/candidates/0/1",
          "kind": "UNKNOWN",
          "text": "RosterLedger completeness_of_public_option_status_data",
          "status": "UNVERIFIED",
          "extractor": "line_grammar/v1"
        },
        {
          "id": "hd-20261008-143634-565a00716635/candidates/0/1/claim/17",
          "candidate_id": "hd-20261008-143634-565a00716635/candidates/0/1",
          "kind": "ASSUMPTION",
          "text": "ReturnToPlay (1 recurrence) IL events recur, but a timeline decision is made by medical staff on individual diagnosis. A comparables search may not change that.",
          "status": "UNVERIFIED",
          "extractor": "line_grammar/v1"
        },
        {
          "id": "hd-20261008-143634-565a00716635/candidates/0/1/claim/18",
          "candidate_id": "hd-20261008-143634-565a00716635/candidates/0/1",
          "kind": "ASSUMPTION",
          "text": "ReturnToPlay (2 data) Public IL entries have coarse injury labels and no imaging, grade or surgery detail. Public comparables then mix heterogeneous injuries. Any use of Cubs medical data creates privacy and CBA issues and falls outside the public-data constraint.",
          "status": "UNVERIFIED",
          "extractor": "line_grammar/v1"
        },
        {
          "id": "hd-20261008-143634-565a00716635/candidates/0/1/claim/19",
          "candidate_id": "hd-20261008-143634-565a00716635/candidates/0/1",
          "kind": "ASSUMPTION",
          "text": "ReturnToPlay (3 action) The plausible use is roster contingency planning, such as how long to hold a replacement. Even there, a wide distribution may be uninformative.",
          "status": "UNVERIFIED",
          "extractor": "line_grammar/v1"
        },
        {
          "id": "hd-20261008-143634-565a00716635/candidates/0/1/claim/20",
          "candidate_id": "hd-20261008-143634-565a00716635/candidates/0/1",
          "kind": "ASSUMPTION",
          "text": "ReturnToPlay (4 test) Backtest predicted days missed from public IL history against a baseline of the median by injury label or the league-wide median. Compare error on out-of-time seasons. Reporting inconsistencies and retroactive IL placement degrade labels.",
          "status": "UNVERIFIED",
          "extractor": "line_grammar/v1"
        },
        {
          "id": "hd-20261008-143634-565a00716635/candidates/0/1/claim/21",
          "candidate_id": "hd-20261008-143634-565a00716635/candidates/0/1",
          "kind": "ASSUMPTION",
          "text": "ReturnToPlay (5 alternatives) Public injury trackers exist, and clubs with internal medical records and team physicians already hold better information. This is near-certain parity at best.",
          "status": "UNVERIFIED",
          "extractor": "line_grammar/v1"
        },
        {
          "id": "hd-20261008-143634-565a00716635/candidates/0/1/claim/22",
          "candidate_id": "hd-20261008-143634-565a00716635/candidates/0/1",
          "kind": "ASSUMPTION",
          "text": "ReturnToPlay (6 looks-useful) Tight-looking distributions from vague labels, or post-return performance comparisons confounded by survivorship and by who gets reinstated, would seem informative.",
          "status": "UNVERIFIED",
          "extractor": "line_grammar/v1"
        },
        {
          "id": "hd-20261008-143634-565a00716635/candidates/0/1/claim/23",
          "candidate_id": "hd-20261008-143634-565a00716635/candidates/0/1",
          "kind": "UNKNOWN",
          "text": "ReturnToPlay granularity_of_public_injury_descriptions",
          "status": "UNVERIFIED",
          "extractor": "line_grammar/v1"
        },
        {
          "id": "hd-20261008-143634-565a00716635/candidates/0/1/claim/24",
          "candidate_id": "hd-20261008-143634-565a00716635/candidates/0/1",
          "kind": "UNKNOWN",
          "text": "ReturnToPlay cubs_medical_staff_current_use_of_comparables",
          "status": "UNVERIFIED",
          "extractor": "line_grammar/v1"
        },
        {
          "id": "hd-20261008-143634-565a00716635/candidates/0/1/claim/25",
          "candidate_id": "hd-20261008-143634-565a00716635/candidates/0/1",
          "kind": "ASSUMPTION",
          "text": "PitchSeqSelfScout (1 recurrence) Pregame planning recurs every series and the question of whether pitchers are predictable is real. It is plausible but no evidence shows predictability is exploitable by hitters.",
          "status": "UNVERIFIED",
          "extractor": "line_grammar/v1"
        },
        {
          "id": "hd-20261008-143634-565a00716635/candidates/0/1/claim/26",
          "candidate_id": "hd-20261008-143634-565a00716635/candidates/0/1",
          "kind": "ASSUMPTION",
          "text": "PitchSeqSelfScout (2 data) Public pitch type, count and handedness data is lawful and available before the next game, so there is no hindsight problem. Hitters use richer cues than this model captures.",
          "status": "UNVERIFIED",
          "extractor": "line_grammar/v1"
        },
        {
          "id": "hd-20261008-143634-565a00716635/candidates/0/1/claim/27",
          "candidate_id": "hd-20261008-143634-565a00716635/candidates/0/1",
          "kind": "ASSUMPTION",
          "text": "PitchSeqSelfScout (3 action) Staff would vary sequencing. Reducing predictability may cost pitch quality, so the gain is not guaranteed, and catchers and pitchers already adjust by feel.",
          "status": "UNVERIFIED",
          "extractor": "line_grammar/v1"
        },
        {
          "id": "hd-20261008-143634-565a00716635/candidates/0/1/claim/28",
          "candidate_id": "hd-20261008-143634-565a00716635/candidates/0/1",
          "kind": "ASSUMPTION",
          "text": "PitchSeqSelfScout (4 test) Check whether lower-entropy pitchers allow worse outcomes than predicted by pitch quality, using league-wide public data and a baseline of simple pitch-mix-by-count averages. Predictability of pitch choice and run prevention must be separated from pitch quality and selection by game state.",
          "status": "UNVERIFIED",
          "extractor": "line_grammar/v1"
        },
        {
          "id": "hd-20261008-143634-565a00716635/candidates/0/1/claim/29",
          "candidate_id": "hd-20261008-143634-565a00716635/candidates/0/1",
          "kind": "ASSUMPTION",
          "text": "PitchSeqSelfScout (5 alternatives) Sophisticated clubs already run sequencing audits, and public tools show pitch mix by count. The edge is parity.",
          "status": "UNVERIFIED",
          "extractor": "line_grammar/v1"
        },
        {
          "id": "hd-20261008-143634-565a00716635/candidates/0/1/claim/30",
          "candidate_id": "hd-20261008-143634-565a00716635/candidates/0/1",
          "kind": "ASSUMPTION",
          "text": "PitchSeqSelfScout (6 looks-useful) An entropy score that is high or low without being tied to run value looks scientific. Predictable from count alone is also the normal, near-optimal behavior.",
          "status": "UNVERIFIED",
          "extractor": "line_grammar/v1"
        },
        {
          "id": "hd-20261008-143634-565a00716635/candidates/0/1/claim/31",
          "candidate_id": "hd-20261008-143634-565a00716635/candidates/0/1",
          "kind": "UNKNOWN",
          "text": "PitchSeqSelfScout evidence_linking_sequence_entropy_to_run_prevention",
          "status": "UNVERIFIED",
          "extractor": "line_grammar/v1"
        },
        {
          "id": "hd-20261008-143634-565a00716635/candidates/0/1/claim/32",
          "candidate_id": "hd-20261008-143634-565a00716635/candidates/0/1",
          "kind": "UNKNOWN",
          "text": "PitchSeqSelfScout cubs_existing_sequence_audit",
          "status": "UNVERIFIED",
          "extractor": "line_grammar/v1"
        },
        {
          "id": "hd-20261008-143634-565a00716635/candidates/0/1/claim/33",
          "candidate_id": "hd-20261008-143634-565a00716635/candidates/0/1",
          "kind": "ASSUMPTION",
          "text": "CrossLeagueNorm (1 recurrence) It recurs for every minor league evaluation, but it overlaps CallUpCalibration. It is really a preprocessing step, not a separate product.",
          "status": "UNVERIFIED",
          "extractor": "line_grammar/v1"
        },
        {
          "id": "hd-20261008-143634-565a00716635/candidates/0/1/claim/34",
          "candidate_id": "hd-20261008-143634-565a00716635/candidates/0/1",
          "kind": "ASSUMPTION",
          "text": "CrossLeagueNorm (2 data) Rule regime and park factors are lawful and public. Effect sizes of rule experiments are estimated from a few league-seasons, confounded with who plays there, and rules change faster than data accumulates.",
          "status": "UNVERIFIED",
          "extractor": "line_grammar/v1"
        },
        {
          "id": "hd-20261008-143634-565a00716635/candidates/0/1/claim/35",
          "candidate_id": "hd-20261008-143634-565a00716635/candidates/0/1",
          "kind": "ASSUMPTION",
          "text": "CrossLeagueNorm (3 action) Evaluators would discount or boost stats by league. They may already do this mentally, so the change is unclear.",
          "status": "UNVERIFIED",
          "extractor": "line_grammar/v1"
        },
        {
          "id": "hd-20261008-143634-565a00716635/candidates/0/1/claim/36",
          "candidate_id": "hd-20261008-143634-565a00716635/candidates/0/1",
          "kind": "ASSUMPTION",
          "text": "CrossLeagueNorm (4 test) Test whether adjusted stats predict next-level or MLB performance better than raw age-adjusted stats and published park factors. Natural experiments occur when a rule changes within a league, but sample and roster churn limit power.",
          "status": "UNVERIFIED",
          "extractor": "line_grammar/v1"
        },
        {
          "id": "hd-20261008-143634-565a00716635/candidates/0/1/claim/37",
          "candidate_id": "hd-20261008-143634-565a00716635/candidates/0/1",
          "kind": "ASSUMPTION",
          "text": "CrossLeagueNorm (5 alternatives) Public sites partly normalize already, and clubs hold private adjustments. A public-data version risks only matching them.",
          "status": "UNVERIFIED",
          "extractor": "line_grammar/v1"
        },
        {
          "id": "hd-20261008-143634-565a00716635/candidates/0/1/claim/38",
          "candidate_id": "hd-20261008-143634-565a00716635/candidates/0/1",
          "kind": "ASSUMPTION",
          "text": "CrossLeagueNorm (6 looks-useful) An adjustment table with many decimals looks precise while its error exceeds its correction.",
          "status": "UNVERIFIED",
          "extractor": "line_grammar/v1"
        },
        {
          "id": "hd-20261008-143634-565a00716635/candidates/0/1/claim/39",
          "candidate_id": "hd-20261008-143634-565a00716635/candidates/0/1",
          "kind": "UNKNOWN",
          "text": "CrossLeagueNorm minor_league_rule_regime_effect_sizes",
          "status": "UNVERIFIED",
          "extractor": "line_grammar/v1"
        },
        {
          "id": "hd-20261008-143634-565a00716635/candidates/0/1/claim/40",
          "candidate_id": "hd-20261008-143634-565a00716635/candidates/0/1",
          "kind": "UNKNOWN",
          "text": "CrossLeagueNorm public_milb_park_factor_quality",
          "status": "UNVERIFIED",
          "extractor": "line_grammar/v1"
        },
        {
          "id": "hd-20261008-143634-565a00716635/candidates/0/1/claim/41",
          "candidate_id": "hd-20261008-143634-565a00716635/candidates/0/1",
          "kind": "CONFLICT",
          "text": "CallUpCalibration_vs_CrossLeagueNorm overlapping scope and shared data dependency, which suggests merging them and testing once",
          "status": "UNVERIFIED",
          "extractor": "line_grammar/v1"
        },
        {
          "id": "hd-20261008-143634-565a00716635/candidates/0/1/claim/42",
          "candidate_id": "hd-20261008-143634-565a00716635/candidates/0/1",
          "kind": "ASSUMPTION",
          "text": "OppBullpenForecast (1 recurrence) Late-game choices against likely relievers recur nightly. But the lineup, pinch-hit and platoon decisions are largely set by matchup and roster, and knowing who is unavailable is a marginal input.",
          "status": "UNVERIFIED",
          "extractor": "line_grammar/v1"
        },
        {
          "id": "hd-20261008-143634-565a00716635/candidates/0/1/claim/43",
          "candidate_id": "hd-20261008-143634-565a00716635/candidates/0/1",
          "kind": "ASSUMPTION",
          "text": "OppBullpenForecast (2 data) Public box scores give appearances and pitch counts after the game, so a forecast for tonight is legitimate. Injuries, internal usage limits and warm-up-only workload are not public, so true availability is only partly observable.",
          "status": "UNVERIFIED",
          "extractor": "line_grammar/v1"
        },
        {
          "id": "hd-20261008-143634-565a00716635/candidates/0/1/claim/44",
          "candidate_id": "hd-20261008-143634-565a00716635/candidates/0/1",
          "kind": "ASSUMPTION",
          "text": "OppBullpenForecast (3 action) Staff might hold a pinch-hitter or adjust a platoon start. The effect of any such change is small, and bullpens can be reshaped by the opponent in-game.",
          "status": "UNVERIFIED",
          "extractor": "line_grammar/v1"
        },
        {
          "id": "hd-20261008-143634-565a00716635/candidates/0/1/claim/45",
          "candidate_id": "hd-20261008-143634-565a00716635/candidates/0/1",
          "kind": "ASSUMPTION",
          "text": "OppBullpenForecast (4 test) Backtest availability predictions from rolling workload against the naive rule of used yesterday or at 25+ pitches means unavailable, and score precision, recall and Brier loss. Then ask whether predictions would have changed any decision. That second step cannot be done with public data alone.",
          "status": "UNVERIFIED",
          "extractor": "line_grammar/v1"
        },
        {
          "id": "hd-20261008-143634-565a00716635/candidates/0/1/claim/46",
          "candidate_id": "hd-20261008-143634-565a00716635/candidates/0/1",
          "kind": "ASSUMPTION",
          "text": "OppBullpenForecast (5 alternatives) Advance scouts and analysts already estimate this, and public workload trackers exist. Clubs likely have more complete information, including real warm-up information.",
          "status": "UNVERIFIED",
          "extractor": "line_grammar/v1"
        },
        {
          "id": "hd-20261008-143634-565a00716635/candidates/0/1/claim/47",
          "candidate_id": "hd-20261008-143634-565a00716635/candidates/0/1",
          "kind": "ASSUMPTION",
          "text": "OppBullpenForecast (6 looks-useful) High accuracy on trivial cases such as pitched three days in a row looks good, but it matches the naive rule and does not affect any decision.",
          "status": "UNVERIFIED",
          "extractor": "line_grammar/v1"
        },
        {
          "id": "hd-20261008-143634-565a00716635/candidates/0/1/claim/48",
          "candidate_id": "hd-20261008-143634-565a00716635/candidates/0/1",
          "kind": "UNKNOWN",
          "text": "OppBullpenForecast forecast_accuracy_vs_naive_rule",
          "status": "UNVERIFIED",
          "extractor": "line_grammar/v1"
        },
        {
          "id": "hd-20261008-143634-565a00716635/candidates/0/1/claim/49",
          "candidate_id": "hd-20261008-143634-565a00716635/candidates/0/1",
          "kind": "UNKNOWN",
          "text": "OppBullpenForecast unobserved_bullpen_warmups_effect",
          "status": "UNVERIFIED",
          "extractor": "line_grammar/v1"
        },
        {
          "id": "hd-20261008-143634-565a00716635/candidates/0/1/claim/50",
          "candidate_id": "hd-20261008-143634-565a00716635/candidates/0/1",
          "kind": "ASSUMPTION",
          "text": "BlindSpots Shared assumption: public data suffices to create an edge. For most of these candidates sophisticated clubs hold richer private data, so the likely outcome is parity.",
          "status": "UNVERIFIED",
          "extractor": "line_grammar/v1"
        },
        {
          "id": "hd-20261008-143634-565a00716635/candidates/0/1/claim/51",
          "candidate_id": "hd-20261008-143634-565a00716635/candidates/0/1",
          "kind": "ASSUMPTION",
          "text": "BlindSpots Shared assumption: staff behavior would change when handed a tool. Adoption, trust and incentives are untested for all six, and none states a measurable decision change.",
          "status": "UNVERIFIED",
          "extractor": "line_grammar/v1"
        },
        {
          "id": "hd-20261008-143634-565a00716635/candidates/0/1/claim/52",
          "candidate_id": "hd-20261008-143634-565a00716635/candidates/0/1",
          "kind": "ASSUMPTION",
          "text": "BlindSpots Common failure mode: evaluating on outcomes without freezing the information available at decision time, which creates hindsight leakage. Also small samples, selection effects, and comparing against weak baselines instead of simple ones.",
          "status": "UNVERIFIED",
          "extractor": "line_grammar/v1"
        },
        {
          "id": "hd-20261008-143634-565a00716635/candidates/0/1/claim/53",
          "candidate_id": "hd-20261008-143634-565a00716635/candidates/0/1",
          "kind": "ASSUMPTION",
          "text": "BlindSpots The candidate set is analyst-centric and information-centric. It does not cover amateur draft and scouting workflow, pro acquisition and trade valuation, hitter development, strength and conditioning, ticketing and business operations, or defensive and baserunning in-game decisions.",
          "status": "UNVERIFIED",
          "extractor": "line_grammar/v1"
        },
        {
          "id": "hd-20261008-143634-565a00716635/candidates/0/1/claim/54",
          "candidate_id": "hd-20261008-143634-565a00716635/candidates/0/1",
          "kind": "ASSUMPTION",
          "text": "BlindSpots The supplied context mixes assumptions from different ideas under each candidate, and no source records support any claim, so every statement above is unverified critique.",
          "status": "UNVERIFIED",
          "extractor": "line_grammar/v1"
        },
        {
          "id": "hd-20261008-143634-565a00716635/candidates/0/1/claim/55",
          "candidate_id": "hd-20261008-143634-565a00716635/candidates/0/1",
          "kind": "UNKNOWN",
          "text": "BlindSpots cubs_internal_analytics_capabilities",
          "status": "UNVERIFIED",
          "extractor": "line_grammar/v1"
        },
        {
          "id": "hd-20261008-143634-565a00716635/candidates/0/1/claim/56",
          "candidate_id": "hd-20261008-143634-565a00716635/candidates/0/1",
          "kind": "UNKNOWN",
          "text": "BlindSpots supplied_evidence_records_for_any_candidate",
          "status": "UNVERIFIED",
          "extractor": "line_grammar/v1"
        },
        {
          "id": "hd-20261008-143634-565a00716635/candidates/0/1/claim/57",
          "candidate_id": "hd-20261008-143634-565a00716635/candidates/0/1",
          "kind": "IDEA",
          "text": "DecisionSnapshotBacktestHarness Build a frozen as-of-date public-data archive and a scoring harness that tests any of these six predictions against simple baselines. Users are analysts, the decision is which tool deserves staff time, and the intervention is an evaluation framework rather than a product.",
          "status": "UNVERIFIED",
          "extractor": "line_grammar/v1"
        },
        {
          "id": "hd-20261008-143634-565a00716635/candidates/0/1/claim/58",
          "candidate_id": "hd-20261008-143634-565a00716635/candidates/0/1",
          "kind": "ASSUMPTION",
          "text": "DecisionSnapshotBacktestHarness Public historical snapshots, such as dated transaction logs and box scores, can be reconstructed without hindsight leakage. This needs verification.",
          "status": "UNVERIFIED",
          "extractor": "line_grammar/v1"
        }
      ],
      "evidence_refs": [
        "objective_context"
      ],
      "assumptions": [
        "CallUpCalibration (1 recurrence) Promotion decisions recur, but they are driven by 40-man space, option status, injuries and service-time, not only readiness. A stats-to-MLB translation may inform a small share of actual decisions.",
        "CallUpCalibration (2 data) Public MiLB stats are lawful. Statcast-style tracking coverage differs by level and year, and the final-season stat line is hindsight-contaminated unless snapshots are frozen as of each decision date.",
        "CallUpCalibration (3 action) Uncertainty bands only matter if staff would change timing or choice. If promotions are mostly driven by roster need, the output is decoration.",
        "CallUpCalibration (4 test) Backtest on public history: forecast the first-MLB-season outcome from snapshots at promotion date and compare against a baseline of raw age-adjusted OPS/ERA with regression to the mean. Check interval coverage and calibration. Promotion selection bias means only promoted players have MLB outcomes.",
        "CallUpCalibration (5 alternatives) Public projection systems and translation methods exist, and sophisticated clubs likely hold better private models using scouting and tracking data. A public-data version is a baseline at best.",
        "CallUpCalibration (6 looks-useful) Polished bands with no demonstrated coverage, or a tool tuned in-sample to past call-ups, would look rigorous while adding nothing over public projections.",
        "RosterLedger (1 recurrence) The problem is real and recurs through the season, but errors may be rare because staff already track options. Value depends on a history of missed or costly moves, which is not shown.",
        "RosterLedger (2 data) Public transactions are lawful and timely. Option years, optional-assignment days, and some service-time and IL edge cases are not fully public, so the ledger needs internal inputs the project cannot test publicly.",
        "RosterLedger (3 action) A warning before a move becomes impossible changes behavior only if the deadlines were being missed. Otherwise it only reminds.",
        "RosterLedger (4 test) Public data can reconstruct past option and eligibility states and count how often clubs lost a player to Rule 5 or burned an option inefficiently. That requires a baseline of a rules-literate spreadsheet, and the frequency of such errors may be too low to measure.",
        "RosterLedger (5 alternatives) Front offices almost certainly have a spreadsheet or internal database for this, and league systems handle official status. The gain is reliability only.",
        "RosterLedger (6 looks-useful) A dashboard that restates already-known deadlines looks useful, and rule-encoding bugs after CBA changes could produce false confidence.",
        "ReturnToPlay (1 recurrence) IL events recur, but a timeline decision is made by medical staff on individual diagnosis. A comparables search may not change that.",
        "ReturnToPlay (2 data) Public IL entries have coarse injury labels and no imaging, grade or surgery detail. Public comparables then mix heterogeneous injuries. Any use of Cubs medical data creates privacy and CBA issues and falls outside the public-data constraint.",
        "ReturnToPlay (3 action) The plausible use is roster contingency planning, such as how long to hold a replacement. Even there, a wide distribution may be uninformative.",
        "ReturnToPlay (4 test) Backtest predicted days missed from public IL history against a baseline of the median by injury label or the league-wide median. Compare error on out-of-time seasons. Reporting inconsistencies and retroactive IL placement degrade labels.",
        "ReturnToPlay (5 alternatives) Public injury trackers exist, and clubs with internal medical records and team physicians already hold better information. This is near-certain parity at best.",
        "ReturnToPlay (6 looks-useful) Tight-looking distributions from vague labels, or post-return performance comparisons confounded by survivorship and by who gets reinstated, would seem informative.",
        "PitchSeqSelfScout (1 recurrence) Pregame planning recurs every series and the question of whether pitchers are predictable is real. It is plausible but no evidence shows predictability is exploitable by hitters.",
        "PitchSeqSelfScout (2 data) Public pitch type, count and handedness data is lawful and available before the next game, so there is no hindsight problem. Hitters use richer cues than this model captures.",
        "PitchSeqSelfScout (3 action) Staff would vary sequencing. Reducing predictability may cost pitch quality, so the gain is not guaranteed, and catchers and pitchers already adjust by feel.",
        "PitchSeqSelfScout (4 test) Check whether lower-entropy pitchers allow worse outcomes than predicted by pitch quality, using league-wide public data and a baseline of simple pitch-mix-by-count averages. Predictability of pitch choice and run prevention must be separated from pitch quality and selection by game state.",
        "PitchSeqSelfScout (5 alternatives) Sophisticated clubs already run sequencing audits, and public tools show pitch mix by count. The edge is parity.",
        "PitchSeqSelfScout (6 looks-useful) An entropy score that is high or low without being tied to run value looks scientific. Predictable from count alone is also the normal, near-optimal behavior.",
        "CrossLeagueNorm (1 recurrence) It recurs for every minor league evaluation, but it overlaps CallUpCalibration. It is really a preprocessing step, not a separate product.",
        "CrossLeagueNorm (2 data) Rule regime and park factors are lawful and public. Effect sizes of rule experiments are estimated from a few league-seasons, confounded with who plays there, and rules change faster than data accumulates.",
        "CrossLeagueNorm (3 action) Evaluators would discount or boost stats by league. They may already do this mentally, so the change is unclear.",
        "CrossLeagueNorm (4 test) Test whether adjusted stats predict next-level or MLB performance better than raw age-adjusted stats and published park factors. Natural experiments occur when a rule changes within a league, but sample and roster churn limit power.",
        "CrossLeagueNorm (5 alternatives) Public sites partly normalize already, and clubs hold private adjustments. A public-data version risks only matching them.",
        "CrossLeagueNorm (6 looks-useful) An adjustment table with many decimals looks precise while its error exceeds its correction.",
        "OppBullpenForecast (1 recurrence) Late-game choices against likely relievers recur nightly. But the lineup, pinch-hit and platoon decisions are largely set by matchup and roster, and knowing who is unavailable is a marginal input.",
        "OppBullpenForecast (2 data) Public box scores give appearances and pitch counts after the game, so a forecast for tonight is legitimate. Injuries, internal usage limits and warm-up-only workload are not public, so true availability is only partly observable.",
        "OppBullpenForecast (3 action) Staff might hold a pinch-hitter or adjust a platoon start. The effect of any such change is small, and bullpens can be reshaped by the opponent in-game.",
        "OppBullpenForecast (4 test) Backtest availability predictions from rolling workload against the naive rule of used yesterday or at 25+ pitches means unavailable, and score precision, recall and Brier loss. Then ask whether predictions would have changed any decision. That second step cannot be done with public data alone.",
        "OppBullpenForecast (5 alternatives) Advance scouts and analysts already estimate this, and public workload trackers exist. Clubs likely have more complete information, including real warm-up information.",
        "OppBullpenForecast (6 looks-useful) High accuracy on trivial cases such as pitched three days in a row looks good, but it matches the naive rule and does not affect any decision.",
        "BlindSpots Shared assumption: public data suffices to create an edge. For most of these candidates sophisticated clubs hold richer private data, so the likely outcome is parity.",
        "BlindSpots Shared assumption: staff behavior would change when handed a tool. Adoption, trust and incentives are untested for all six, and none states a measurable decision change.",
        "BlindSpots Common failure mode: evaluating on outcomes without freezing the information available at decision time, which creates hindsight leakage. Also small samples, selection effects, and comparing against weak baselines instead of simple ones.",
        "BlindSpots The candidate set is analyst-centric and information-centric. It does not cover amateur draft and scouting workflow, pro acquisition and trade valuation, hitter development, strength and conditioning, ticketing and business operations, or defensive and baserunning in-game decisions.",
        "BlindSpots The supplied context mixes assumptions from different ideas under each candidate, and no source records support any claim, so every statement above is unverified critique.",
        "DecisionSnapshotBacktestHarness Public historical snapshots, such as dated transaction logs and box scores, can be reconstructed without hindsight leakage. This needs verification."
      ],
      "unresolved_issues": [
        "CallUpCalibration (1 recurrence) Promotion decisions recur, but they are driven by 40-man space, option status, injuries and service-time, not only readiness. A stats-to-MLB translation may inform a small share of actual decisions.",
        "CallUpCalibration (2 data) Public MiLB stats are lawful. Statcast-style tracking coverage differs by level and year, and the final-season stat line is hindsight-contaminated unless snapshots are frozen as of each decision date.",
        "CallUpCalibration (3 action) Uncertainty bands only matter if staff would change timing or choice. If promotions are mostly driven by roster need, the output is decoration.",
        "CallUpCalibration (4 test) Backtest on public history: forecast the first-MLB-season outcome from snapshots at promotion date and compare against a baseline of raw age-adjusted OPS/ERA with regression to the mean. Check interval coverage and calibration. Promotion selection bias means only promoted players have MLB outcomes.",
        "CallUpCalibration (5 alternatives) Public projection systems and translation methods exist, and sophisticated clubs likely hold better private models using scouting and tracking data. A public-data version is a baseline at best.",
        "CallUpCalibration (6 looks-useful) Polished bands with no demonstrated coverage, or a tool tuned in-sample to past call-ups, would look rigorous while adding nothing over public projections.",
        "RosterLedger (1 recurrence) The problem is real and recurs through the season, but errors may be rare because staff already track options. Value depends on a history of missed or costly moves, which is not shown.",
        "RosterLedger (2 data) Public transactions are lawful and timely. Option years, optional-assignment days, and some service-time and IL edge cases are not fully public, so the ledger needs internal inputs the project cannot test publicly.",
        "RosterLedger (3 action) A warning before a move becomes impossible changes behavior only if the deadlines were being missed. Otherwise it only reminds.",
        "RosterLedger (4 test) Public data can reconstruct past option and eligibility states and count how often clubs lost a player to Rule 5 or burned an option inefficiently. That requires a baseline of a rules-literate spreadsheet, and the frequency of such errors may be too low to measure.",
        "RosterLedger (5 alternatives) Front offices almost certainly have a spreadsheet or internal database for this, and league systems handle official status. The gain is reliability only.",
        "RosterLedger (6 looks-useful) A dashboard that restates already-known deadlines looks useful, and rule-encoding bugs after CBA changes could produce false confidence.",
        "ReturnToPlay (1 recurrence) IL events recur, but a timeline decision is made by medical staff on individual diagnosis. A comparables search may not change that.",
        "ReturnToPlay (2 data) Public IL entries have coarse injury labels and no imaging, grade or surgery detail. Public comparables then mix heterogeneous injuries. Any use of Cubs medical data creates privacy and CBA issues and falls outside the public-data constraint.",
        "ReturnToPlay (3 action) The plausible use is roster contingency planning, such as how long to hold a replacement. Even there, a wide distribution may be uninformative.",
        "ReturnToPlay (4 test) Backtest predicted days missed from public IL history against a baseline of the median by injury label or the league-wide median. Compare error on out-of-time seasons. Reporting inconsistencies and retroactive IL placement degrade labels.",
        "ReturnToPlay (5 alternatives) Public injury trackers exist, and clubs with internal medical records and team physicians already hold better information. This is near-certain parity at best.",
        "ReturnToPlay (6 looks-useful) Tight-looking distributions from vague labels, or post-return performance comparisons confounded by survivorship and by who gets reinstated, would seem informative.",
        "PitchSeqSelfScout (1 recurrence) Pregame planning recurs every series and the question of whether pitchers are predictable is real. It is plausible but no evidence shows predictability is exploitable by hitters.",
        "PitchSeqSelfScout (2 data) Public pitch type, count and handedness data is lawful and available before the next game, so there is no hindsight problem. Hitters use richer cues than this model captures.",
        "PitchSeqSelfScout (3 action) Staff would vary sequencing. Reducing predictability may cost pitch quality, so the gain is not guaranteed, and catchers and pitchers already adjust by feel.",
        "PitchSeqSelfScout (4 test) Check whether lower-entropy pitchers allow worse outcomes than predicted by pitch quality, using league-wide public data and a baseline of simple pitch-mix-by-count averages. Predictability of pitch choice and run prevention must be separated from pitch quality and selection by game state.",
        "PitchSeqSelfScout (5 alternatives) Sophisticated clubs already run sequencing audits, and public tools show pitch mix by count. The edge is parity.",
        "PitchSeqSelfScout (6 looks-useful) An entropy score that is high or low without being tied to run value looks scientific. Predictable from count alone is also the normal, near-optimal behavior.",
        "CrossLeagueNorm (1 recurrence) It recurs for every minor league evaluation, but it overlaps CallUpCalibration. It is really a preprocessing step, not a separate product.",
        "CrossLeagueNorm (2 data) Rule regime and park factors are lawful and public. Effect sizes of rule experiments are estimated from a few league-seasons, confounded with who plays there, and rules change faster than data accumulates.",
        "CrossLeagueNorm (3 action) Evaluators would discount or boost stats by league. They may already do this mentally, so the change is unclear.",
        "CrossLeagueNorm (4 test) Test whether adjusted stats predict next-level or MLB performance better than raw age-adjusted stats and published park factors. Natural experiments occur when a rule changes within a league, but sample and roster churn limit power.",
        "CrossLeagueNorm (5 alternatives) Public sites partly normalize already, and clubs hold private adjustments. A public-data version risks only matching them.",
        "CrossLeagueNorm (6 looks-useful) An adjustment table with many decimals looks precise while its error exceeds its correction.",
        "OppBullpenForecast (1 recurrence) Late-game choices against likely relievers recur nightly. But the lineup, pinch-hit and platoon decisions are largely set by matchup and roster, and knowing who is unavailable is a marginal input.",
        "OppBullpenForecast (2 data) Public box scores give appearances and pitch counts after the game, so a forecast for tonight is legitimate. Injuries, internal usage limits and warm-up-only workload are not public, so true availability is only partly observable.",
        "OppBullpenForecast (3 action) Staff might hold a pinch-hitter or adjust a platoon start. The effect of any such change is small, and bullpens can be reshaped by the opponent in-game.",
        "OppBullpenForecast (4 test) Backtest availability predictions from rolling workload against the naive rule of used yesterday or at 25+ pitches means unavailable, and score precision, recall and Brier loss. Then ask whether predictions would have changed any decision. That second step cannot be done with public data alone.",
        "OppBullpenForecast (5 alternatives) Advance scouts and analysts already estimate this, and public workload trackers exist. Clubs likely have more complete information, including real warm-up information.",
        "OppBullpenForecast (6 looks-useful) High accuracy on trivial cases such as pitched three days in a row looks good, but it matches the naive rule and does not affect any decision.",
        "BlindSpots Shared assumption: public data suffices to create an edge. For most of these candidates sophisticated clubs hold richer private data, so the likely outcome is parity.",
        "BlindSpots Shared assumption: staff behavior would change when handed a tool. Adoption, trust and incentives are untested for all six, and none states a measurable decision change.",
        "BlindSpots Common failure mode: evaluating on outcomes without freezing the information available at decision time, which creates hindsight leakage. Also small samples, selection effects, and comparing against weak baselines instead of simple ones.",
        "BlindSpots The candidate set is analyst-centric and information-centric. It does not cover amateur draft and scouting workflow, pro acquisition and trade valuation, hitter development, strength and conditioning, ticketing and business operations, or defensive and baserunning in-game decisions.",
        "BlindSpots The supplied context mixes assumptions from different ideas under each candidate, and no source records support any claim, so every statement above is unverified critique.",
        "DecisionSnapshotBacktestHarness Public historical snapshots, such as dated transaction logs and box scores, can be reconstructed without hindsight leakage. This needs verification.",
        "CallUpCalibration public_milb_statcast_coverage_by_level",
        "CallUpCalibration how_often_cubs_promotion_timing_is_readiness_driven_vs_roster_driven",
        "RosterLedger cubs_roster_admin_error_history",
        "RosterLedger completeness_of_public_option_status_data",
        "ReturnToPlay granularity_of_public_injury_descriptions",
        "ReturnToPlay cubs_medical_staff_current_use_of_comparables",
        "PitchSeqSelfScout evidence_linking_sequence_entropy_to_run_prevention",
        "PitchSeqSelfScout cubs_existing_sequence_audit",
        "CrossLeagueNorm minor_league_rule_regime_effect_sizes",
        "CrossLeagueNorm public_milb_park_factor_quality",
        "CallUpCalibration_vs_CrossLeagueNorm overlapping scope and shared data dependency, which suggests merging them and testing once",
        "OppBullpenForecast forecast_accuracy_vs_naive_rule",
        "OppBullpenForecast unobserved_bullpen_warmups_effect",
        "BlindSpots cubs_internal_analytics_capabilities",
        "BlindSpots supplied_evidence_records_for_any_candidate",
        "DecisionSnapshotBacktestHarness Build a frozen as-of-date public-data archive and a scoring harness that tests any of these six predictions against simple baselines. Users are analysts, the decision is which tool deserves staff time, and the intervention is an evaluation framework rather than a product."
      ],
      "contradictions": [],
      "verified_constraints": [],
      "provenance": {
        "run_id": "hd-20261008-143634-565a00716635",
        "producer_component": "howldream",
        "producer_version": "0.4.4",
        "model_or_provider": "claude-sonnet-5-5",
        "observation_kind": "EXTERNALLY_OBSERVED",
        "created_at": "2026-10-08T14:40:06.754207+00:00",
        "transformations": [
          "generated"
        ],
        "participation": [
          {
            "operation": "GENERATED",
            "transforming_component": "howldream",
            "origin_component": "howldream",
            "origin_provider": "claude",
            "origin_model": "claude-sonnet-5-5",
            "subject_count": 1,
            "inference_occurred": true,
            "note": "Dream prompted the provider; the provider authored the text."
          }
        ],
        "request_id": "cubs-r001-p2-critique",
        "originating_component": "operator",
        "execution": {
          "requested_provider": "command",
          "selected_provider": "command",
          "actual_provider": "claude",
          "adapter": "claude-json",
          "model": "claude-sonnet-5-5",
          "requested_model": "claude-sonnet-5-5",
          "deterministic": false,
          "mocked": false,
          "inference_occurred": true,
          "remote": true,
          "remote_observation": "OPERATOR_DECLARED",
          "fallback_reason": null,
          "elapsed_seconds": 37.12419343390502,
          "usage": {
            "input_tokens": 2,
            "cache_creation_input_tokens": 25483,
            "cache_read_input_tokens": 0,
            "output_tokens": 4386,
            "output_tokens_details": {
              "thinking_tokens": 383
            },
            "server_tool_use": {
              "web_search_requests": 0,
              "web_fetch_requests": 0
            },
            "cache_creation": {
              "ephemeral_1h_input_tokens": 25483,
              "ephemeral_5m_input_tokens": 0
            }
          },
          "cost": 0.14579599999999998,
          "request_id": "6b248e66-ce26-4039-99dd-a2e40358296d",
          "raw_output_received": true,
          "parse_status": "VALID",
          "repair_attempted": false,
          "sampling": null
        },
        "source_candidate_refs": [
          {
            "candidate_id": "hd-20261008-143010-528e5330b08f/candidates/0/0/idea/11",
            "source_run_id": "hd-20261008-143010-528e5330b08f",
            "sha256": "f3e71999a531e2417dffe37887800a90a2236ecc5babad05a5a651d444e56e9e"
          },
          {
            "candidate_id": "hd-20261008-143010-528e5330b08f/candidates/0/0/idea/2",
            "source_run_id": "hd-20261008-143010-528e5330b08f",
            "sha256": "4e8db7a3bdf9ec635aa6e639e76ad370d84d2fcdd15e6f8542cbb495c0ec789a"
          },
          {
            "candidate_id": "hd-20261008-143010-528e5330b08f/candidates/0/1/idea/6",
            "source_run_id": "hd-20261008-143010-528e5330b08f",
            "sha256": "74f28f7205c39a80489dbc1d4d84a0190baf23fe77515f8e9a49e82c5b0ec8c0"
          },
          {
            "candidate_id": "hd-20261008-143010-528e5330b08f/candidates/0/2/idea/3",
            "source_run_id": "hd-20261008-143010-528e5330b08f",
            "sha256": "da2a7682bf51937a0b07a0b5458e6681ffd77ed9ef922096409ea4c762195605"
          },
          {
            "candidate_id": "hd-20261008-143010-528e5330b08f/candidates/0/2/idea/6",
            "source_run_id": "hd-20261008-143010-528e5330b08f",
            "sha256": "e33eb99d2e7470ee275d1cb24845aec52a3a3967cdf6b393d11943073207ad2c"
          },
          {
            "candidate_id": "hd-20261008-143010-528e5330b08f/candidates/0/3/idea/2",
            "source_run_id": "hd-20261008-143010-528e5330b08f",
            "sha256": "a1c986ba7f581f34483e89bc7e580764964017cfcdb934982fc92628bd7052cf"
          }
        ],
        "source_candidates_location": "exploration_envelope.json#/provenance/source_candidates",
        "hard_constraints": [
          "Public or clearly labeled synthetic data only.",
          "Do not invent statistics or private Cubs information.",
          "Prefer falsifiable criticism over praise."
        ],
        "constraint_scope": "UNVERIFIED_GENERATION_GUIDANCE",
        "purpose": "verification",
        "verification": [
          {
            "claim_id": "hd-20261008-143634-565a00716635/candidates/0/1/claim/1",
            "candidate_id": "hd-20261008-143634-565a00716635/candidates/0/1",
            "status": "UNCERTAIN",
            "classifications": [],
            "source_ids": [],
            "evidence_provenance": [],
            "check_scope": "SUPPLIED_LEDGER",
            "critical": false,
            "verifier": "supplied_ledger_and_arithmetic/v2",
            "scorer_type": "deterministic",
            "note": "No available check establishes this proposition."
          },
          {
            "claim_id": "hd-20261008-143634-565a00716635/candidates/0/1/claim/2",
            "candidate_id": "hd-20261008-143634-565a00716635/candidates/0/1",
            "status": "UNCERTAIN",
            "classifications": [],
            "source_ids": [],
            "evidence_provenance": [],
            "check_scope": "SUPPLIED_LEDGER",
            "critical": false,
            "verifier": "supplied_ledger_and_arithmetic/v2",
            "scorer_type": "deterministic",
            "note": "No available check establishes this proposition."
          },
          {
            "claim_id": "hd-20261008-143634-565a00716635/candidates/0/1/claim/3",
            "candidate_id": "hd-20261008-143634-565a00716635/candidates/0/1",
            "status": "UNCERTAIN",
            "classifications": [],
            "source_ids": [],
            "evidence_provenance": [],
            "check_scope": "SUPPLIED_LEDGER",
            "critical": false,
            "verifier": "supplied_ledger_and_arithmetic/v2",
            "scorer_type": "deterministic",
            "note": "No available check establishes this proposition."
          },
          {
            "claim_id": "hd-20261008-143634-565a00716635/candidates/0/1/claim/4",
            "candidate_id": "hd-20261008-143634-565a00716635/candidates/0/1",
            "status": "UNCERTAIN",
            "classifications": [],
            "source_ids": [],
            "evidence_provenance": [],
            "check_scope": "SUPPLIED_LEDGER",
            "critical": false,
            "verifier": "supplied_ledger_and_arithmetic/v2",
            "scorer_type": "deterministic",
            "note": "No available check establishes this proposition."
          },
          {
            "claim_id": "hd-20261008-143634-565a00716635/candidates/0/1/claim/5",
            "candidate_id": "hd-20261008-143634-565a00716635/candidates/0/1",
            "status": "UNCERTAIN",
            "classifications": [],
            "source_ids": [],
            "evidence_provenance": [],
            "check_scope": "SUPPLIED_LEDGER",
            "critical": false,
            "verifier": "supplied_ledger_and_arithmetic/v2",
            "scorer_type": "deterministic",
            "note": "No available check establishes this proposition."
          },
          {
            "claim_id": "hd-20261008-143634-565a00716635/candidates/0/1/claim/6",
            "candidate_id": "hd-20261008-143634-565a00716635/candidates/0/1",
            "status": "UNCERTAIN",
            "classifications": [],
            "source_ids": [],
            "evidence_provenance": [],
            "check_scope": "SUPPLIED_LEDGER",
            "critical": false,
            "verifier": "supplied_ledger_and_arithmetic/v2",
            "scorer_type": "deterministic",
            "note": "No available check establishes this proposition."
          },
          {
            "claim_id": "hd-20261008-143634-565a00716635/candidates/0/1/claim/7",
            "candidate_id": "hd-20261008-143634-565a00716635/candidates/0/1",
            "status": "UNCERTAIN",
            "classifications": [],
            "source_ids": [],
            "evidence_provenance": [],
            "check_scope": "SUPPLIED_LEDGER",
            "critical": false,
            "verifier": "supplied_ledger_and_arithmetic/v2",
            "scorer_type": "deterministic",
            "note": "Explicit abstention; not counted as a detected failure or a verified fact."
          },
          {
            "claim_id": "hd-20261008-143634-565a00716635/candidates/0/1/claim/8",
            "candidate_id": "hd-20261008-143634-565a00716635/candidates/0/1",
            "status": "UNCERTAIN",
            "classifications": [],
            "source_ids": [],
            "evidence_provenance": [],
            "check_scope": "SUPPLIED_LEDGER",
            "critical": false,
            "verifier": "supplied_ledger_and_arithmetic/v2",
            "scorer_type": "deterministic",
            "note": "Explicit abstention; not counted as a detected failure or a verified fact."
          },
          {
            "claim_id": "hd-20261008-143634-565a00716635/candidates/0/1/claim/9",
            "candidate_id": "hd-20261008-143634-565a00716635/candidates/0/1",
            "status": "UNCERTAIN",
            "classifications": [],
            "source_ids": [],
            "evidence_provenance": [],
            "check_scope": "SUPPLIED_LEDGER",
            "critical": false,
            "verifier": "supplied_ledger_and_arithmetic/v2",
            "scorer_type": "deterministic",
            "note": "No available check establishes this proposition."
          },
          {
            "claim_id": "hd-20261008-143634-565a00716635/candidates/0/1/claim/10",
            "candidate_id": "hd-20261008-143634-565a00716635/candidates/0/1",
            "status": "UNCERTAIN",
            "classifications": [],
            "source_ids": [],
            "evidence_provenance": [],
            "check_scope": "SUPPLIED_LEDGER",
            "critical": false,
            "verifier": "supplied_ledger_and_arithmetic/v2",
            "scorer_type": "deterministic",
            "note": "No available check establishes this proposition."
          },
          {
            "claim_id": "hd-20261008-143634-565a00716635/candidates/0/1/claim/11",
            "candidate_id": "hd-20261008-143634-565a00716635/candidates/0/1",
            "status": "UNCERTAIN",
            "classifications": [],
            "source_ids": [],
            "evidence_provenance": [],
            "check_scope": "SUPPLIED_LEDGER",
            "critical": false,
            "verifier": "supplied_ledger_and_arithmetic/v2",
            "scorer_type": "deterministic",
            "note": "No available check establishes this proposition."
          },
          {
            "claim_id": "hd-20261008-143634-565a00716635/candidates/0/1/claim/12",
            "candidate_id": "hd-20261008-143634-565a00716635/candidates/0/1",
            "status": "UNCERTAIN",
            "classifications": [],
            "source_ids": [],
            "evidence_provenance": [],
            "check_scope": "SUPPLIED_LEDGER",
            "critical": false,
            "verifier": "supplied_ledger_and_arithmetic/v2",
            "scorer_type": "deterministic",
            "note": "No available check establishes this proposition."
          },
          {
            "claim_id": "hd-20261008-143634-565a00716635/candidates/0/1/claim/13",
            "candidate_id": "hd-20261008-143634-565a00716635/candidates/0/1",
            "status": "UNCERTAIN",
            "classifications": [],
            "source_ids": [],
            "evidence_provenance": [],
            "check_scope": "SUPPLIED_LEDGER",
            "critical": false,
            "verifier": "supplied_ledger_and_arithmetic/v2",
            "scorer_type": "deterministic",
            "note": "No available check establishes this proposition."
          },
          {
            "claim_id": "hd-20261008-143634-565a00716635/candidates/0/1/claim/14",
            "candidate_id": "hd-20261008-143634-565a00716635/candidates/0/1",
            "status": "UNCERTAIN",
            "classifications": [],
            "source_ids": [],
            "evidence_provenance": [],
            "check_scope": "SUPPLIED_LEDGER",
            "critical": false,
            "verifier": "supplied_ledger_and_arithmetic/v2",
            "scorer_type": "deterministic",
            "note": "No available check establishes this proposition."
          },
          {
            "claim_id": "hd-20261008-143634-565a00716635/candidates/0/1/claim/15",
            "candidate_id": "hd-20261008-143634-565a00716635/candidates/0/1",
            "status": "UNCERTAIN",
            "classifications": [],
            "source_ids": [],
            "evidence_provenance": [],
            "check_scope": "SUPPLIED_LEDGER",
            "critical": false,
            "verifier": "supplied_ledger_and_arithmetic/v2",
            "scorer_type": "deterministic",
            "note": "Explicit abstention; not counted as a detected failure or a verified fact."
          },
          {
            "claim_id": "hd-20261008-143634-565a00716635/candidates/0/1/claim/16",
            "candidate_id": "hd-20261008-143634-565a00716635/candidates/0/1",
            "status": "UNCERTAIN",
            "classifications": [],
            "source_ids": [],
            "evidence_provenance": [],
            "check_scope": "SUPPLIED_LEDGER",
            "critical": false,
            "verifier": "supplied_ledger_and_arithmetic/v2",
            "scorer_type": "deterministic",
            "note": "Explicit abstention; not counted as a detected failure or a verified fact."
          },
          {
            "claim_id": "hd-20261008-143634-565a00716635/candidates/0/1/claim/17",
            "candidate_id": "hd-20261008-143634-565a00716635/candidates/0/1",
            "status": "UNCERTAIN",
            "classifications": [],
            "source_ids": [],
            "evidence_provenance": [],
            "check_scope": "SUPPLIED_LEDGER",
            "critical": false,
            "verifier": "supplied_ledger_and_arithmetic/v2",
            "scorer_type": "deterministic",
            "note": "No available check establishes this proposition."
          },
          {
            "claim_id": "hd-20261008-143634-565a00716635/candidates/0/1/claim/18",
            "candidate_id": "hd-20261008-143634-565a00716635/candidates/0/1",
            "status": "UNCERTAIN",
            "classifications": [],
            "source_ids": [],
            "evidence_provenance": [],
            "check_scope": "SUPPLIED_LEDGER",
            "critical": false,
            "verifier": "supplied_ledger_and_arithmetic/v2",
            "scorer_type": "deterministic",
            "note": "No available check establishes this proposition."
          },
          {
            "claim_id": "hd-20261008-143634-565a00716635/candidates/0/1/claim/19",
            "candidate_id": "hd-20261008-143634-565a00716635/candidates/0/1",
            "status": "UNCERTAIN",
            "classifications": [],
            "source_ids": [],
            "evidence_provenance": [],
            "check_scope": "SUPPLIED_LEDGER",
            "critical": false,
            "verifier": "supplied_ledger_and_arithmetic/v2",
            "scorer_type": "deterministic",
            "note": "No available check establishes this proposition."
          },
          {
            "claim_id": "hd-20261008-143634-565a00716635/candidates/0/1/claim/20",
            "candidate_id": "hd-20261008-143634-565a00716635/candidates/0/1",
            "status": "UNCERTAIN",
            "classifications": [],
            "source_ids": [],
            "evidence_provenance": [],
            "check_scope": "SUPPLIED_LEDGER",
            "critical": false,
            "verifier": "supplied_ledger_and_arithmetic/v2",
            "scorer_type": "deterministic",
            "note": "No available check establishes this proposition."
          },
          {
            "claim_id": "hd-20261008-143634-565a00716635/candidates/0/1/claim/21",
            "candidate_id": "hd-20261008-143634-565a00716635/candidates/0/1",
            "status": "UNCERTAIN",
            "classifications": [],
            "source_ids": [],
            "evidence_provenance": [],
            "check_scope": "SUPPLIED_LEDGER",
            "critical": false,
            "verifier": "supplied_ledger_and_arithmetic/v2",
            "scorer_type": "deterministic",
            "note": "No available check establishes this proposition."
          },
          {
            "claim_id": "hd-20261008-143634-565a00716635/candidates/0/1/claim/22",
            "candidate_id": "hd-20261008-143634-565a00716635/candidates/0/1",
            "status": "UNCERTAIN",
            "classifications": [],
            "source_ids": [],
            "evidence_provenance": [],
            "check_scope": "SUPPLIED_LEDGER",
            "critical": false,
            "verifier": "supplied_ledger_and_arithmetic/v2",
            "scorer_type": "deterministic",
            "note": "No available check establishes this proposition."
          },
          {
            "claim_id": "hd-20261008-143634-565a00716635/candidates/0/1/claim/23",
            "candidate_id": "hd-20261008-143634-565a00716635/candidates/0/1",
            "status": "UNCERTAIN",
            "classifications": [],
            "source_ids": [],
            "evidence_provenance": [],
            "check_scope": "SUPPLIED_LEDGER",
            "critical": false,
            "verifier": "supplied_ledger_and_arithmetic/v2",
            "scorer_type": "deterministic",
            "note": "Explicit abstention; not counted as a detected failure or a verified fact."
          },
          {
            "claim_id": "hd-20261008-143634-565a00716635/candidates/0/1/claim/24",
            "candidate_id": "hd-20261008-143634-565a00716635/candidates/0/1",
            "status": "UNCERTAIN",
            "classifications": [],
            "source_ids": [],
            "evidence_provenance": [],
            "check_scope": "SUPPLIED_LEDGER",
            "critical": false,
            "verifier": "supplied_ledger_and_arithmetic/v2",
            "scorer_type": "deterministic",
            "note": "Explicit abstention; not counted as a detected failure or a verified fact."
          },
          {
            "claim_id": "hd-20261008-143634-565a00716635/candidates/0/1/claim/25",
            "candidate_id": "hd-20261008-143634-565a00716635/candidates/0/1",
            "status": "UNCERTAIN",
            "classifications": [],
            "source_ids": [],
            "evidence_provenance": [],
            "check_scope": "SUPPLIED_LEDGER",
            "critical": false,
            "verifier": "supplied_ledger_and_arithmetic/v2",
            "scorer_type": "deterministic",
            "note": "No available check establishes this proposition."
          },
          {
            "claim_id": "hd-20261008-143634-565a00716635/candidates/0/1/claim/26",
            "candidate_id": "hd-20261008-143634-565a00716635/candidates/0/1",
            "status": "UNCERTAIN",
            "classifications": [],
            "source_ids": [],
            "evidence_provenance": [],
            "check_scope": "SUPPLIED_LEDGER",
            "critical": false,
            "verifier": "supplied_ledger_and_arithmetic/v2",
            "scorer_type": "deterministic",
            "note": "No available check establishes this proposition."
          },
          {
            "claim_id": "hd-20261008-143634-565a00716635/candidates/0/1/claim/27",
            "candidate_id": "hd-20261008-143634-565a00716635/candidates/0/1",
            "status": "UNCERTAIN",
            "classifications": [],
            "source_ids": [],
            "evidence_provenance": [],
            "check_scope": "SUPPLIED_LEDGER",
            "critical": false,
            "verifier": "supplied_ledger_and_arithmetic/v2",
            "scorer_type": "deterministic",
            "note": "No available check establishes this proposition."
          },
          {
            "claim_id": "hd-20261008-143634-565a00716635/candidates/0/1/claim/28",
            "candidate_id": "hd-20261008-143634-565a00716635/candidates/0/1",
            "status": "UNCERTAIN",
            "classifications": [],
            "source_ids": [],
            "evidence_provenance": [],
            "check_scope": "SUPPLIED_LEDGER",
            "critical": false,
            "verifier": "supplied_ledger_and_arithmetic/v2",
            "scorer_type": "deterministic",
            "note": "No available check establishes this proposition."
          },
          {
            "claim_id": "hd-20261008-143634-565a00716635/candidates/0/1/claim/29",
            "candidate_id": "hd-20261008-143634-565a00716635/candidates/0/1",
            "status": "UNCERTAIN",
            "classifications": [],
            "source_ids": [],
            "evidence_provenance": [],
            "check_scope": "SUPPLIED_LEDGER",
            "critical": false,
            "verifier": "supplied_ledger_and_arithmetic/v2",
            "scorer_type": "deterministic",
            "note": "No available check establishes this proposition."
          },
          {
            "claim_id": "hd-20261008-143634-565a00716635/candidates/0/1/claim/30",
            "candidate_id": "hd-20261008-143634-565a00716635/candidates/0/1",
            "status": "UNCERTAIN",
            "classifications": [],
            "source_ids": [],
            "evidence_provenance": [],
            "check_scope": "SUPPLIED_LEDGER",
            "critical": false,
            "verifier": "supplied_ledger_and_arithmetic/v2",
            "scorer_type": "deterministic",
            "note": "No available check establishes this proposition."
          },
          {
            "claim_id": "hd-20261008-143634-565a00716635/candidates/0/1/claim/31",
            "candidate_id": "hd-20261008-143634-565a00716635/candidates/0/1",
            "status": "UNCERTAIN",
            "classifications": [],
            "source_ids": [],
            "evidence_provenance": [],
            "check_scope": "SUPPLIED_LEDGER",
            "critical": false,
            "verifier": "supplied_ledger_and_arithmetic/v2",
            "scorer_type": "deterministic",
            "note": "Explicit abstention; not counted as a detected failure or a verified fact."
          },
          {
            "claim_id": "hd-20261008-143634-565a00716635/candidates/0/1/claim/32",
            "candidate_id": "hd-20261008-143634-565a00716635/candidates/0/1",
            "status": "UNCERTAIN",
            "classifications": [],
            "source_ids": [],
            "evidence_provenance": [],
            "check_scope": "SUPPLIED_LEDGER",
            "critical": false,
            "verifier": "supplied_ledger_and_arithmetic/v2",
            "scorer_type": "deterministic",
            "note": "Explicit abstention; not counted as a detected failure or a verified fact."
          },
          {
            "claim_id": "hd-20261008-143634-565a00716635/candidates/0/1/claim/33",
            "candidate_id": "hd-20261008-143634-565a00716635/candidates/0/1",
            "status": "UNCERTAIN",
            "classifications": [],
            "source_ids": [],
            "evidence_provenance": [],
            "check_scope": "SUPPLIED_LEDGER",
            "critical": false,
            "verifier": "supplied_ledger_and_arithmetic/v2",
            "scorer_type": "deterministic",
            "note": "No available check establishes this proposition."
          },
          {
            "claim_id": "hd-20261008-143634-565a00716635/candidates/0/1/claim/34",
            "candidate_id": "hd-20261008-143634-565a00716635/candidates/0/1",
            "status": "UNCERTAIN",
            "classifications": [],
            "source_ids": [],
            "evidence_provenance": [],
            "check_scope": "SUPPLIED_LEDGER",
            "critical": false,
            "verifier": "supplied_ledger_and_arithmetic/v2",
            "scorer_type": "deterministic",
            "note": "No available check establishes this proposition."
          },
          {
            "claim_id": "hd-20261008-143634-565a00716635/candidates/0/1/claim/35",
            "candidate_id": "hd-20261008-143634-565a00716635/candidates/0/1",
            "status": "UNCERTAIN",
            "classifications": [],
            "source_ids": [],
            "evidence_provenance": [],
            "check_scope": "SUPPLIED_LEDGER",
            "critical": false,
            "verifier": "supplied_ledger_and_arithmetic/v2",
            "scorer_type": "deterministic",
            "note": "No available check establishes this proposition."
          },
          {
            "claim_id": "hd-20261008-143634-565a00716635/candidates/0/1/claim/36",
            "candidate_id": "hd-20261008-143634-565a00716635/candidates/0/1",
            "status": "UNCERTAIN",
            "classifications": [],
            "source_ids": [],
            "evidence_provenance": [],
            "check_scope": "SUPPLIED_LEDGER",
            "critical": false,
            "verifier": "supplied_ledger_and_arithmetic/v2",
            "scorer_type": "deterministic",
            "note": "No available check establishes this proposition."
          },
          {
            "claim_id": "hd-20261008-143634-565a00716635/candidates/0/1/claim/37",
            "candidate_id": "hd-20261008-143634-565a00716635/candidates/0/1",
            "status": "UNCERTAIN",
            "classifications": [],
            "source_ids": [],
            "evidence_provenance": [],
            "check_scope": "SUPPLIED_LEDGER",
            "critical": false,
            "verifier": "supplied_ledger_and_arithmetic/v2",
            "scorer_type": "deterministic",
            "note": "No available check establishes this proposition."
          },
          {
            "claim_id": "hd-20261008-143634-565a00716635/candidates/0/1/claim/38",
            "candidate_id": "hd-20261008-143634-565a00716635/candidates/0/1",
            "status": "UNCERTAIN",
            "classifications": [],
            "source_ids": [],
            "evidence_provenance": [],
            "check_scope": "SUPPLIED_LEDGER",
            "critical": false,
            "verifier": "supplied_ledger_and_arithmetic/v2",
            "scorer_type": "deterministic",
            "note": "No available check establishes this proposition."
          },
          {
            "claim_id": "hd-20261008-143634-565a00716635/candidates/0/1/claim/39",
            "candidate_id": "hd-20261008-143634-565a00716635/candidates/0/1",
            "status": "UNCERTAIN",
            "classifications": [],
            "source_ids": [],
            "evidence_provenance": [],
            "check_scope": "SUPPLIED_LEDGER",
            "critical": false,
            "verifier": "supplied_ledger_and_arithmetic/v2",
            "scorer_type": "deterministic",
            "note": "Explicit abstention; not counted as a detected failure or a verified fact."
          },
          {
            "claim_id": "hd-20261008-143634-565a00716635/candidates/0/1/claim/40",
            "candidate_id": "hd-20261008-143634-565a00716635/candidates/0/1",
            "status": "UNCERTAIN",
            "classifications": [],
            "source_ids": [],
            "evidence_provenance": [],
            "check_scope": "SUPPLIED_LEDGER",
            "critical": false,
            "verifier": "supplied_ledger_and_arithmetic/v2",
            "scorer_type": "deterministic",
            "note": "Explicit abstention; not counted as a detected failure or a verified fact."
          },
          {
            "claim_id": "hd-20261008-143634-565a00716635/candidates/0/1/claim/41",
            "candidate_id": "hd-20261008-143634-565a00716635/candidates/0/1",
            "status": "UNCERTAIN",
            "classifications": [],
            "source_ids": [],
            "evidence_provenance": [],
            "check_scope": "SUPPLIED_LEDGER",
            "critical": false,
            "verifier": "supplied_ledger_and_arithmetic/v2",
            "scorer_type": "deterministic",
            "note": "No available check establishes this proposition."
          },
          {
            "claim_id": "hd-20261008-143634-565a00716635/candidates/0/1/claim/42",
            "candidate_id": "hd-20261008-143634-565a00716635/candidates/0/1",
            "status": "UNCERTAIN",
            "classifications": [],
            "source_ids": [],
            "evidence_provenance": [],
            "check_scope": "SUPPLIED_LEDGER",
            "critical": false,
            "verifier": "supplied_ledger_and_arithmetic/v2",
            "scorer_type": "deterministic",
            "note": "No available check establishes this proposition."
          },
          {
            "claim_id": "hd-20261008-143634-565a00716635/candidates/0/1/claim/43",
            "candidate_id": "hd-20261008-143634-565a00716635/candidates/0/1",
            "status": "UNCERTAIN",
            "classifications": [],
            "source_ids": [],
            "evidence_provenance": [],
            "check_scope": "SUPPLIED_LEDGER",
            "critical": false,
            "verifier": "supplied_ledger_and_arithmetic/v2",
            "scorer_type": "deterministic",
            "note": "No available check establishes this proposition."
          },
          {
            "claim_id": "hd-20261008-143634-565a00716635/candidates/0/1/claim/44",
            "candidate_id": "hd-20261008-143634-565a00716635/candidates/0/1",
            "status": "UNCERTAIN",
            "classifications": [],
            "source_ids": [],
            "evidence_provenance": [],
            "check_scope": "SUPPLIED_LEDGER",
            "critical": false,
            "verifier": "supplied_ledger_and_arithmetic/v2",
            "scorer_type": "deterministic",
            "note": "No available check establishes this proposition."
          },
          {
            "claim_id": "hd-20261008-143634-565a00716635/candidates/0/1/claim/45",
            "candidate_id": "hd-20261008-143634-565a00716635/candidates/0/1",
            "status": "UNCERTAIN",
            "classifications": [],
            "source_ids": [],
            "evidence_provenance": [],
            "check_scope": "SUPPLIED_LEDGER",
            "critical": false,
            "verifier": "supplied_ledger_and_arithmetic/v2",
            "scorer_type": "deterministic",
            "note": "No available check establishes this proposition."
          },
          {
            "claim_id": "hd-20261008-143634-565a00716635/candidates/0/1/claim/46",
            "candidate_id": "hd-20261008-143634-565a00716635/candidates/0/1",
            "status": "UNCERTAIN",
            "classifications": [],
            "source_ids": [],
            "evidence_provenance": [],
            "check_scope": "SUPPLIED_LEDGER",
            "critical": false,
            "verifier": "supplied_ledger_and_arithmetic/v2",
            "scorer_type": "deterministic",
            "note": "No available check establishes this proposition."
          },
          {
            "claim_id": "hd-20261008-143634-565a00716635/candidates/0/1/claim/47",
            "candidate_id": "hd-20261008-143634-565a00716635/candidates/0/1",
            "status": "UNCERTAIN",
            "classifications": [],
            "source_ids": [],
            "evidence_provenance": [],
            "check_scope": "SUPPLIED_LEDGER",
            "critical": false,
            "verifier": "supplied_ledger_and_arithmetic/v2",
            "scorer_type": "deterministic",
            "note": "No available check establishes this proposition."
          },
          {
            "claim_id": "hd-20261008-143634-565a00716635/candidates/0/1/claim/48",
            "candidate_id": "hd-20261008-143634-565a00716635/candidates/0/1",
            "status": "UNCERTAIN",
            "classifications": [],
            "source_ids": [],
            "evidence_provenance": [],
            "check_scope": "SUPPLIED_LEDGER",
            "critical": false,
            "verifier": "supplied_ledger_and_arithmetic/v2",
            "scorer_type": "deterministic",
            "note": "Explicit abstention; not counted as a detected failure or a verified fact."
          },
          {
            "claim_id": "hd-20261008-143634-565a00716635/candidates/0/1/claim/49",
            "candidate_id": "hd-20261008-143634-565a00716635/candidates/0/1",
            "status": "UNCERTAIN",
            "classifications": [],
            "source_ids": [],
            "evidence_provenance": [],
            "check_scope": "SUPPLIED_LEDGER",
            "critical": false,
            "verifier": "supplied_ledger_and_arithmetic/v2",
            "scorer_type": "deterministic",
            "note": "Explicit abstention; not counted as a detected failure or a verified fact."
          },
          {
            "claim_id": "hd-20261008-143634-565a00716635/candidates/0/1/claim/50",
            "candidate_id": "hd-20261008-143634-565a00716635/candidates/0/1",
            "status": "UNCERTAIN",
            "classifications": [],
            "source_ids": [],
            "evidence_provenance": [],
            "check_scope": "SUPPLIED_LEDGER",
            "critical": false,
            "verifier": "supplied_ledger_and_arithmetic/v2",
            "scorer_type": "deterministic",
            "note": "No available check establishes this proposition."
          },
          {
            "claim_id": "hd-20261008-143634-565a00716635/candidates/0/1/claim/51",
            "candidate_id": "hd-20261008-143634-565a00716635/candidates/0/1",
            "status": "UNCERTAIN",
            "classifications": [],
            "source_ids": [],
            "evidence_provenance": [],
            "check_scope": "SUPPLIED_LEDGER",
            "critical": false,
            "verifier": "supplied_ledger_and_arithmetic/v2",
            "scorer_type": "deterministic",
            "note": "No available check establishes this proposition."
          },
          {
            "claim_id": "hd-20261008-143634-565a00716635/candidates/0/1/claim/52",
            "candidate_id": "hd-20261008-143634-565a00716635/candidates/0/1",
            "status": "UNCERTAIN",
            "classifications": [],
            "source_ids": [],
            "evidence_provenance": [],
            "check_scope": "SUPPLIED_LEDGER",
            "critical": false,
            "verifier": "supplied_ledger_and_arithmetic/v2",
            "scorer_type": "deterministic",
            "note": "No available check establishes this proposition."
          },
          {
            "claim_id": "hd-20261008-143634-565a00716635/candidates/0/1/claim/53",
            "candidate_id": "hd-20261008-143634-565a00716635/candidates/0/1",
            "status": "UNCERTAIN",
            "classifications": [],
            "source_ids": [],
            "evidence_provenance": [],
            "check_scope": "SUPPLIED_LEDGER",
            "critical": false,
            "verifier": "supplied_ledger_and_arithmetic/v2",
            "scorer_type": "deterministic",
            "note": "No available check establishes this proposition."
          },
          {
            "claim_id": "hd-20261008-143634-565a00716635/candidates/0/1/claim/54",
            "candidate_id": "hd-20261008-143634-565a00716635/candidates/0/1",
            "status": "UNCERTAIN",
            "classifications": [],
            "source_ids": [],
            "evidence_provenance": [],
            "check_scope": "SUPPLIED_LEDGER",
            "critical": false,
            "verifier": "supplied_ledger_and_arithmetic/v2",
            "scorer_type": "deterministic",
            "note": "No available check establishes this proposition."
          },
          {
            "claim_id": "hd-20261008-143634-565a00716635/candidates/0/1/claim/55",
            "candidate_id": "hd-20261008-143634-565a00716635/candidates/0/1",
            "status": "UNCERTAIN",
            "classifications": [],
            "source_ids": [],
            "evidence_provenance": [],
            "check_scope": "SUPPLIED_LEDGER",
            "critical": false,
            "verifier": "supplied_ledger_and_arithmetic/v2",
            "scorer_type": "deterministic",
            "note": "Explicit abstention; not counted as a detected failure or a verified fact."
          },
          {
            "claim_id": "hd-20261008-143634-565a00716635/candidates/0/1/claim/56",
            "candidate_id": "hd-20261008-143634-565a00716635/candidates/0/1",
            "status": "UNCERTAIN",
            "classifications": [],
            "source_ids": [],
            "evidence_provenance": [],
            "check_scope": "SUPPLIED_LEDGER",
            "critical": false,
            "verifier": "supplied_ledger_and_arithmetic/v2",
            "scorer_type": "deterministic",
            "note": "Explicit abstention; not counted as a detected failure or a verified fact."
          },
          {
            "claim_id": "hd-20261008-143634-565a00716635/candidates/0/1/claim/57",
            "candidate_id": "hd-20261008-143634-565a00716635/candidates/0/1",
            "status": "UNCERTAIN",
            "classifications": [],
            "source_ids": [],
            "evidence_provenance": [],
            "check_scope": "SUPPLIED_LEDGER",
            "critical": false,
            "verifier": "supplied_ledger_and_arithmetic/v2",
            "scorer_type": "deterministic",
            "note": "No available check establishes this proposition."
          },
          {
            "claim_id": "hd-20261008-143634-565a00716635/candidates/0/1/claim/58",
            "candidate_id": "hd-20261008-143634-565a00716635/candidates/0/1",
            "status": "UNCERTAIN",
            "classifications": [],
            "source_ids": [],
            "evidence_provenance": [],
            "check_scope": "SUPPLIED_LEDGER",
            "critical": false,
            "verifier": "supplied_ledger_and_arithmetic/v2",
            "scorer_type": "deterministic",
            "note": "No available check establishes this proposition."
          }
        ],
        "candidate_index": 1,
        "trial": 0,
        "prompt_hash": "2862fd463bee19ae375ae5e683d399148af83ee6c93306c3c0f2bef231e109ee",
        "output_hash": "aaa79611a4c209bd7f5a677df20f17978e792545789d73b182e690b8fbfa739a"
      }
    },
    {
      "schema_version": "howl.candidate/v1",
      "candidate_id": "hd-20261008-143634-565a00716635/candidates/0/2",
      "source_run_id": "hd-20261008-143634-565a00716635",
      "parent_request_id": "cubs-r001-p2-critique",
      "objective": "Critique these six candidate software opportunities for the Chicago Cubs (an MLB club). For EACH candidate, attack: (1) plausibility of the baseball problem and whether the decision really recurs; (2) whether the decision-relevant data is lawfully public AND available at decision time (no hindsight); (3) actionability: what would a staff member do differently; (4) testability: what retrospective evaluation against a simple baseline is possible with public data; (5) existing alternatives (spreadsheets, public tools, vendor systems, what sophisticated clubs already have); (6) what would make this project LOOK useful while actually providing little or no baseball advantage. Then do a BLIND-SPOT analysis of the set as a whole: shared assumptions, user groups or decision types none of them cover, and failure modes common to all. OUTPUT GUIDANCE (format only): use ASSUMPTION lines for challenges, UNKNOWN lines for missing evidence, and IDEA lines only for a sharpened or replacement opportunity that the critique reveals. Prefix each line's content with the candidate's short name.",
      "text": "ASSUMPTION: Callup-calibration: the promotion decision recurs, but it is driven by 40-man status, roster need, service-time and option rules, and development-staff judgment, so a translation estimate may rarely be the binding input.\nASSUMPTION: Callup-calibration: public MiLB stats exist at decision time, but public MiLB tracking coverage varies by level and season (UNVERIFIED); the best inputs (scouting, private tracking) are not public, so the tool is a baseline, not an edge.\nASSUMPTION: Callup-calibration: a staffer would change promotion timing or the comparison set only if bands move a decision across a threshold; bands wide enough to be honest may never do so.\nASSUMPTION: Callup-calibration: a retrospective test is feasible: for each past league-season, use only data through the promotion date, predict MLB outcomes after promotion, and compare against a simple baseline (raw wRC+ or ERA with a fixed level discount). Check calibration of the intervals, not just point error. Selection bias applies because only promoted players have MLB outcomes.\nASSUMPTION: Callup-calibration: public alternatives already exist (FanGraphs, Baseball Prospectus, and Baseball Savant minor-league pages and translation or projection systems), and sophisticated clubs likely have better models. The software overlaps heavily with these.\nASSUMPTION: Callup-calibration: it would look useful with polished dashboards, narrow bands from an overconfident model, or a backtest scored on players who reached MLB anyway or tuned with later-season data (hindsight leakage).\nASSUMPTION: Roster-ledger: option years, optional assignments, DFA timing and Rule 5 deadlines recur every season, and mistakes are costly, but they are likely rare in a club with dedicated baseball operations staff.\nASSUMPTION: Roster-ledger: public transactions can reconstruct part of the status, but option-year counts, minimum-days-down tracking, service time and injured-list edge cases may not be fully public or may rest on rules that change with each CBA. Treat completeness as UNKNOWN.\nASSUMPTION: Roster-ledger: the actionable output is an alert before a move becomes costly. Value depends on the club's current error history, which is not supplied. A spreadsheet plus a rules-literate staffer may already suffice.\nASSUMPTION: Roster-ledger: retrospective testing is weak. Public data cannot show a missed move that was never made, so you could only replay known historical cases and count how many the ledger would have flagged. That is a unit test, not evidence of advantage.\nASSUMPTION: Roster-ledger: it would look useful with a good-looking calendar of deadlines for facts staff already know, or by being tested only on cases chosen in hindsight.\nASSUMPTION: RTP-comparables: IL placements recur often, but timelines come mainly from private diagnosis, imaging and clinician judgment; public IL records give only a coarse injury label (granularity UNKNOWN), so comparables may mislead.\nASSUMPTION: RTP-comparables: public IL data are lawfully available, but the diagnosis at decision time is private. Putting private Cubs medical data into the tool would need a separate privacy and governance review. Public return dates are labelled after the fact.\nASSUMPTION: RTP-comparables: the actionable change is a contingency plan, such as whether to call up a replacement or stash an IL slot. A distribution wide enough to be honest may not change that choice.\nASSUMPTION: RTP-comparables: the backtest would predict days missed from information known at IL placement and compare against a baseline of the league-wide median by IL type. Selection and reporting bias is a risk because teams describe injuries inconsistently and sometimes vaguely.\nASSUMPTION: RTP-comparables: medical departments and vendors probably already hold richer internal databases, and public injury trackers exist. It would look useful with fine-grained comparable \"matches\" that are really noise from small samples.\nASSUMPTION: Pitch-predictability: the pregame game-plan decision recurs every series, but predictability from count, prior pitch and batter handedness is a coarse model, and the real game plan is driven by hitter-specific weaknesses and pitch quality.\nASSUMPTION: Pitch-predictability: public pitch-by-pitch data is lawful and available before the game, so there is no hindsight problem if only past games are used. But opponents' actual models and the catcher's in-game adaptation are not visible.\nASSUMPTION: Pitch-predictability: the staff action would be to change pitch mix or sequencing. This may trade lower predictability for worse pitch quality, so lower predictability need not mean fewer runs.\nASSUMPTION: Pitch-predictability: a falsifiable test is whether sequence entropy or model predictive accuracy on earlier games predicts run prevention in later games after controlling for pitch quality, against a baseline of pitch quality alone. Evidence linking predictability to results is UNKNOWN.\nASSUMPTION: Pitch-predictability: sophisticated clubs likely already run this self-scout. It would look useful with accurate next-pitch prediction scores that merely reflect obvious count effects, or with pitcher charts that nobody can act on.\nASSUMPTION: Cross-league-normalization: promotion comparison across affiliates recurs constantly, and rule regimes (ABS, pitch clock, park) differ, so the problem is plausible. The effect sizes of rule regimes are UNKNOWN.\nASSUMPTION: Cross-league-normalization: public stats and park information are available at decision time, but rule changes and few league-seasons give little data for estimating adjustments. Rosters turn over, and the adjustments partly confound player quality.\nASSUMPTION: Cross-league-normalization: the action is a fairer comparison, but it matters mainly when it flips a ranking, which may be uncommon. Public sites already partly normalize by league and park.\nASSUMPTION: Cross-league-normalization: the backtest compares against raw league-relative stats or existing public park-adjusted ones, scored on out-of-sample MLB outcomes. Compare adjusted versus unadjusted rank correlation using only information through the evaluation date.\nASSUMPTION: Cross-league-normalization: it would look useful with many adjustment factors fit to a handful of league-seasons, which overfits and looks rigorous.\nASSUMPTION: Opp-bullpen: lineup and pinch-hit decisions recur daily, but the manager and coaches already estimate who is likely to pitch, and knowing it must change the choice for the forecast to matter.\nASSUMPTION: Opp-bullpen: public box scores are lawful and available the morning of the game. They omit warmups, injuries, undisclosed rest, and the opposing club's private usage rules, so accuracy may be capped.\nASSUMPTION: Opp-bullpen: the staff would reorder a lineup, hold a pinch hitter, or choose a platoon starter. The effect on win probability is probably small because lineup order matters little, and unavoidable constraints bind the choice.\nASSUMPTION: Opp-bullpen: the test is easy and falsifiable. Predict each day's available relievers from prior-day usage and compare against a naive rule such as \"pitched yesterday and threw more than a fixed pitch count means unavailable.\" Use only prior data. Whether the gain converts to runs is UNKNOWN.\nASSUMPTION: Opp-bullpen: public availability-style trackers and clubs' advance scouts already do this. It would look useful with a high forecast hit rate that mostly reflects the naive rule.\nASSUMPTION: Shared-blind-spot: all six lean on public data, so the best case is parity with clubs holding private tracking, medical and scouting data; none shows a mechanism for a durable edge.\nASSUMPTION: Shared-blind-spot: none establishes the Cubs' current process, staff size, or error history, and these are UNKNOWN. A tool built without that is guessing about the need.\nASSUMPTION: Shared-blind-spot: adoption is unaddressed. Staff must trust, see and use outputs at the moment of decision. No candidate names a workflow or an owner.\nASSUMPTION: Shared-blind-spot: backtests are proxies for the metric, not for decisions. None defines the counterfactual, the cost of a wrong alert, or a win-value estimate. Small samples, multiple comparisons and retrospective tuning threaten all of them.\nASSUMPTION: Shared-blind-spot: the set mostly covers analysts, front office and coaches. It barely covers amateur and international scouting, strength and conditioning, mental performance, and clubhouse or equipment operations. Draft and trade valuation, contract or free-agent decisions, and minor-league logistics beyond promotion are largely absent.\nASSUMPTION: Shared-blind-spot: shared failure modes include dashboards that report accuracy without decisions changed, leakage of post-decision information, privacy and rules compliance concerns, and tools that duplicate public sites.\nUNKNOWN: cubs_current_decision_processes_and_tooling\nUNKNOWN: cubs_roster_admin_error_history\nUNKNOWN: public_milb_tracking_coverage_by_level\nUNKNOWN: granularity_of_public_injury_descriptions\nUNKNOWN: evidence_linking_sequence_predictability_to_run_prevention\nUNKNOWN: minor_league_rule_regime_effect_sizes\nUNKNOWN: win_value_of_bullpen_forecast_driven_lineup_changes\nIDEA: Decision-change audit (replacement): for a small set of recurring decisions, log pre-decision recommendations and what staff actually did, then score the outcome with a pre-registered baseline. First measure how often an output would have changed a choice before building any model.\nIDEA: Sharpened roster-ledger test: have a baseball-operations lawyer or analyst list past near-misses from public transaction reports (known only after the fact) as a regression check. Then measure only alert timeliness and false-alarm rate, not claimed wins.",
      "condition": "dream",
      "trust": "UNVERIFIED",
      "status": "UNRESOLVED",
      "authority": {
        "type": "ADVISORY",
        "executable": false
      },
      "claims": [
        {
          "id": "hd-20261008-143634-565a00716635/candidates/0/2/claim/1",
          "candidate_id": "hd-20261008-143634-565a00716635/candidates/0/2",
          "kind": "ASSUMPTION",
          "text": "Callup-calibration: the promotion decision recurs, but it is driven by 40-man status, roster need, service-time and option rules, and development-staff judgment, so a translation estimate may rarely be the binding input.",
          "status": "UNVERIFIED",
          "extractor": "line_grammar/v1"
        },
        {
          "id": "hd-20261008-143634-565a00716635/candidates/0/2/claim/2",
          "candidate_id": "hd-20261008-143634-565a00716635/candidates/0/2",
          "kind": "ASSUMPTION",
          "text": "Callup-calibration: public MiLB stats exist at decision time, but public MiLB tracking coverage varies by level and season (UNVERIFIED); the best inputs (scouting, private tracking) are not public, so the tool is a baseline, not an edge.",
          "status": "UNVERIFIED",
          "extractor": "line_grammar/v1"
        },
        {
          "id": "hd-20261008-143634-565a00716635/candidates/0/2/claim/3",
          "candidate_id": "hd-20261008-143634-565a00716635/candidates/0/2",
          "kind": "ASSUMPTION",
          "text": "Callup-calibration: a staffer would change promotion timing or the comparison set only if bands move a decision across a threshold; bands wide enough to be honest may never do so.",
          "status": "UNVERIFIED",
          "extractor": "line_grammar/v1"
        },
        {
          "id": "hd-20261008-143634-565a00716635/candidates/0/2/claim/4",
          "candidate_id": "hd-20261008-143634-565a00716635/candidates/0/2",
          "kind": "ASSUMPTION",
          "text": "Callup-calibration: a retrospective test is feasible: for each past league-season, use only data through the promotion date, predict MLB outcomes after promotion, and compare against a simple baseline (raw wRC+ or ERA with a fixed level discount). Check calibration of the intervals, not just point error. Selection bias applies because only promoted players have MLB outcomes.",
          "status": "UNVERIFIED",
          "extractor": "line_grammar/v1"
        },
        {
          "id": "hd-20261008-143634-565a00716635/candidates/0/2/claim/5",
          "candidate_id": "hd-20261008-143634-565a00716635/candidates/0/2",
          "kind": "ASSUMPTION",
          "text": "Callup-calibration: public alternatives already exist (FanGraphs, Baseball Prospectus, and Baseball Savant minor-league pages and translation or projection systems), and sophisticated clubs likely have better models. The software overlaps heavily with these.",
          "status": "UNVERIFIED",
          "extractor": "line_grammar/v1"
        },
        {
          "id": "hd-20261008-143634-565a00716635/candidates/0/2/claim/6",
          "candidate_id": "hd-20261008-143634-565a00716635/candidates/0/2",
          "kind": "ASSUMPTION",
          "text": "Callup-calibration: it would look useful with polished dashboards, narrow bands from an overconfident model, or a backtest scored on players who reached MLB anyway or tuned with later-season data (hindsight leakage).",
          "status": "UNVERIFIED",
          "extractor": "line_grammar/v1"
        },
        {
          "id": "hd-20261008-143634-565a00716635/candidates/0/2/claim/7",
          "candidate_id": "hd-20261008-143634-565a00716635/candidates/0/2",
          "kind": "ASSUMPTION",
          "text": "Roster-ledger: option years, optional assignments, DFA timing and Rule 5 deadlines recur every season, and mistakes are costly, but they are likely rare in a club with dedicated baseball operations staff.",
          "status": "UNVERIFIED",
          "extractor": "line_grammar/v1"
        },
        {
          "id": "hd-20261008-143634-565a00716635/candidates/0/2/claim/8",
          "candidate_id": "hd-20261008-143634-565a00716635/candidates/0/2",
          "kind": "ASSUMPTION",
          "text": "Roster-ledger: public transactions can reconstruct part of the status, but option-year counts, minimum-days-down tracking, service time and injured-list edge cases may not be fully public or may rest on rules that change with each CBA. Treat completeness as UNKNOWN.",
          "status": "UNVERIFIED",
          "extractor": "line_grammar/v1"
        },
        {
          "id": "hd-20261008-143634-565a00716635/candidates/0/2/claim/9",
          "candidate_id": "hd-20261008-143634-565a00716635/candidates/0/2",
          "kind": "ASSUMPTION",
          "text": "Roster-ledger: the actionable output is an alert before a move becomes costly. Value depends on the club's current error history, which is not supplied. A spreadsheet plus a rules-literate staffer may already suffice.",
          "status": "UNVERIFIED",
          "extractor": "line_grammar/v1"
        },
        {
          "id": "hd-20261008-143634-565a00716635/candidates/0/2/claim/10",
          "candidate_id": "hd-20261008-143634-565a00716635/candidates/0/2",
          "kind": "ASSUMPTION",
          "text": "Roster-ledger: retrospective testing is weak. Public data cannot show a missed move that was never made, so you could only replay known historical cases and count how many the ledger would have flagged. That is a unit test, not evidence of advantage.",
          "status": "UNVERIFIED",
          "extractor": "line_grammar/v1"
        },
        {
          "id": "hd-20261008-143634-565a00716635/candidates/0/2/claim/11",
          "candidate_id": "hd-20261008-143634-565a00716635/candidates/0/2",
          "kind": "ASSUMPTION",
          "text": "Roster-ledger: it would look useful with a good-looking calendar of deadlines for facts staff already know, or by being tested only on cases chosen in hindsight.",
          "status": "UNVERIFIED",
          "extractor": "line_grammar/v1"
        },
        {
          "id": "hd-20261008-143634-565a00716635/candidates/0/2/claim/12",
          "candidate_id": "hd-20261008-143634-565a00716635/candidates/0/2",
          "kind": "ASSUMPTION",
          "text": "RTP-comparables: IL placements recur often, but timelines come mainly from private diagnosis, imaging and clinician judgment; public IL records give only a coarse injury label (granularity UNKNOWN), so comparables may mislead.",
          "status": "UNVERIFIED",
          "extractor": "line_grammar/v1"
        },
        {
          "id": "hd-20261008-143634-565a00716635/candidates/0/2/claim/13",
          "candidate_id": "hd-20261008-143634-565a00716635/candidates/0/2",
          "kind": "ASSUMPTION",
          "text": "RTP-comparables: public IL data are lawfully available, but the diagnosis at decision time is private. Putting private Cubs medical data into the tool would need a separate privacy and governance review. Public return dates are labelled after the fact.",
          "status": "UNVERIFIED",
          "extractor": "line_grammar/v1"
        },
        {
          "id": "hd-20261008-143634-565a00716635/candidates/0/2/claim/14",
          "candidate_id": "hd-20261008-143634-565a00716635/candidates/0/2",
          "kind": "ASSUMPTION",
          "text": "RTP-comparables: the actionable change is a contingency plan, such as whether to call up a replacement or stash an IL slot. A distribution wide enough to be honest may not change that choice.",
          "status": "UNVERIFIED",
          "extractor": "line_grammar/v1"
        },
        {
          "id": "hd-20261008-143634-565a00716635/candidates/0/2/claim/15",
          "candidate_id": "hd-20261008-143634-565a00716635/candidates/0/2",
          "kind": "ASSUMPTION",
          "text": "RTP-comparables: the backtest would predict days missed from information known at IL placement and compare against a baseline of the league-wide median by IL type. Selection and reporting bias is a risk because teams describe injuries inconsistently and sometimes vaguely.",
          "status": "UNVERIFIED",
          "extractor": "line_grammar/v1"
        },
        {
          "id": "hd-20261008-143634-565a00716635/candidates/0/2/claim/16",
          "candidate_id": "hd-20261008-143634-565a00716635/candidates/0/2",
          "kind": "ASSUMPTION",
          "text": "RTP-comparables: medical departments and vendors probably already hold richer internal databases, and public injury trackers exist. It would look useful with fine-grained comparable \"matches\" that are really noise from small samples.",
          "status": "UNVERIFIED",
          "extractor": "line_grammar/v1"
        },
        {
          "id": "hd-20261008-143634-565a00716635/candidates/0/2/claim/17",
          "candidate_id": "hd-20261008-143634-565a00716635/candidates/0/2",
          "kind": "ASSUMPTION",
          "text": "Pitch-predictability: the pregame game-plan decision recurs every series, but predictability from count, prior pitch and batter handedness is a coarse model, and the real game plan is driven by hitter-specific weaknesses and pitch quality.",
          "status": "UNVERIFIED",
          "extractor": "line_grammar/v1"
        },
        {
          "id": "hd-20261008-143634-565a00716635/candidates/0/2/claim/18",
          "candidate_id": "hd-20261008-143634-565a00716635/candidates/0/2",
          "kind": "ASSUMPTION",
          "text": "Pitch-predictability: public pitch-by-pitch data is lawful and available before the game, so there is no hindsight problem if only past games are used. But opponents' actual models and the catcher's in-game adaptation are not visible.",
          "status": "UNVERIFIED",
          "extractor": "line_grammar/v1"
        },
        {
          "id": "hd-20261008-143634-565a00716635/candidates/0/2/claim/19",
          "candidate_id": "hd-20261008-143634-565a00716635/candidates/0/2",
          "kind": "ASSUMPTION",
          "text": "Pitch-predictability: the staff action would be to change pitch mix or sequencing. This may trade lower predictability for worse pitch quality, so lower predictability need not mean fewer runs.",
          "status": "UNVERIFIED",
          "extractor": "line_grammar/v1"
        },
        {
          "id": "hd-20261008-143634-565a00716635/candidates/0/2/claim/20",
          "candidate_id": "hd-20261008-143634-565a00716635/candidates/0/2",
          "kind": "ASSUMPTION",
          "text": "Pitch-predictability: a falsifiable test is whether sequence entropy or model predictive accuracy on earlier games predicts run prevention in later games after controlling for pitch quality, against a baseline of pitch quality alone. Evidence linking predictability to results is UNKNOWN.",
          "status": "UNVERIFIED",
          "extractor": "line_grammar/v1"
        },
        {
          "id": "hd-20261008-143634-565a00716635/candidates/0/2/claim/21",
          "candidate_id": "hd-20261008-143634-565a00716635/candidates/0/2",
          "kind": "ASSUMPTION",
          "text": "Pitch-predictability: sophisticated clubs likely already run this self-scout. It would look useful with accurate next-pitch prediction scores that merely reflect obvious count effects, or with pitcher charts that nobody can act on.",
          "status": "UNVERIFIED",
          "extractor": "line_grammar/v1"
        },
        {
          "id": "hd-20261008-143634-565a00716635/candidates/0/2/claim/22",
          "candidate_id": "hd-20261008-143634-565a00716635/candidates/0/2",
          "kind": "ASSUMPTION",
          "text": "Cross-league-normalization: promotion comparison across affiliates recurs constantly, and rule regimes (ABS, pitch clock, park) differ, so the problem is plausible. The effect sizes of rule regimes are UNKNOWN.",
          "status": "UNVERIFIED",
          "extractor": "line_grammar/v1"
        },
        {
          "id": "hd-20261008-143634-565a00716635/candidates/0/2/claim/23",
          "candidate_id": "hd-20261008-143634-565a00716635/candidates/0/2",
          "kind": "ASSUMPTION",
          "text": "Cross-league-normalization: public stats and park information are available at decision time, but rule changes and few league-seasons give little data for estimating adjustments. Rosters turn over, and the adjustments partly confound player quality.",
          "status": "UNVERIFIED",
          "extractor": "line_grammar/v1"
        },
        {
          "id": "hd-20261008-143634-565a00716635/candidates/0/2/claim/24",
          "candidate_id": "hd-20261008-143634-565a00716635/candidates/0/2",
          "kind": "ASSUMPTION",
          "text": "Cross-league-normalization: the action is a fairer comparison, but it matters mainly when it flips a ranking, which may be uncommon. Public sites already partly normalize by league and park.",
          "status": "UNVERIFIED",
          "extractor": "line_grammar/v1"
        },
        {
          "id": "hd-20261008-143634-565a00716635/candidates/0/2/claim/25",
          "candidate_id": "hd-20261008-143634-565a00716635/candidates/0/2",
          "kind": "ASSUMPTION",
          "text": "Cross-league-normalization: the backtest compares against raw league-relative stats or existing public park-adjusted ones, scored on out-of-sample MLB outcomes. Compare adjusted versus unadjusted rank correlation using only information through the evaluation date.",
          "status": "UNVERIFIED",
          "extractor": "line_grammar/v1"
        },
        {
          "id": "hd-20261008-143634-565a00716635/candidates/0/2/claim/26",
          "candidate_id": "hd-20261008-143634-565a00716635/candidates/0/2",
          "kind": "ASSUMPTION",
          "text": "Cross-league-normalization: it would look useful with many adjustment factors fit to a handful of league-seasons, which overfits and looks rigorous.",
          "status": "UNVERIFIED",
          "extractor": "line_grammar/v1"
        },
        {
          "id": "hd-20261008-143634-565a00716635/candidates/0/2/claim/27",
          "candidate_id": "hd-20261008-143634-565a00716635/candidates/0/2",
          "kind": "ASSUMPTION",
          "text": "Opp-bullpen: lineup and pinch-hit decisions recur daily, but the manager and coaches already estimate who is likely to pitch, and knowing it must change the choice for the forecast to matter.",
          "status": "UNVERIFIED",
          "extractor": "line_grammar/v1"
        },
        {
          "id": "hd-20261008-143634-565a00716635/candidates/0/2/claim/28",
          "candidate_id": "hd-20261008-143634-565a00716635/candidates/0/2",
          "kind": "ASSUMPTION",
          "text": "Opp-bullpen: public box scores are lawful and available the morning of the game. They omit warmups, injuries, undisclosed rest, and the opposing club's private usage rules, so accuracy may be capped.",
          "status": "UNVERIFIED",
          "extractor": "line_grammar/v1"
        },
        {
          "id": "hd-20261008-143634-565a00716635/candidates/0/2/claim/29",
          "candidate_id": "hd-20261008-143634-565a00716635/candidates/0/2",
          "kind": "ASSUMPTION",
          "text": "Opp-bullpen: the staff would reorder a lineup, hold a pinch hitter, or choose a platoon starter. The effect on win probability is probably small because lineup order matters little, and unavoidable constraints bind the choice.",
          "status": "UNVERIFIED",
          "extractor": "line_grammar/v1"
        },
        {
          "id": "hd-20261008-143634-565a00716635/candidates/0/2/claim/30",
          "candidate_id": "hd-20261008-143634-565a00716635/candidates/0/2",
          "kind": "ASSUMPTION",
          "text": "Opp-bullpen: the test is easy and falsifiable. Predict each day's available relievers from prior-day usage and compare against a naive rule such as \"pitched yesterday and threw more than a fixed pitch count means unavailable.\" Use only prior data. Whether the gain converts to runs is UNKNOWN.",
          "status": "UNVERIFIED",
          "extractor": "line_grammar/v1"
        },
        {
          "id": "hd-20261008-143634-565a00716635/candidates/0/2/claim/31",
          "candidate_id": "hd-20261008-143634-565a00716635/candidates/0/2",
          "kind": "ASSUMPTION",
          "text": "Opp-bullpen: public availability-style trackers and clubs' advance scouts already do this. It would look useful with a high forecast hit rate that mostly reflects the naive rule.",
          "status": "UNVERIFIED",
          "extractor": "line_grammar/v1"
        },
        {
          "id": "hd-20261008-143634-565a00716635/candidates/0/2/claim/32",
          "candidate_id": "hd-20261008-143634-565a00716635/candidates/0/2",
          "kind": "ASSUMPTION",
          "text": "Shared-blind-spot: all six lean on public data, so the best case is parity with clubs holding private tracking, medical and scouting data; none shows a mechanism for a durable edge.",
          "status": "UNVERIFIED",
          "extractor": "line_grammar/v1"
        },
        {
          "id": "hd-20261008-143634-565a00716635/candidates/0/2/claim/33",
          "candidate_id": "hd-20261008-143634-565a00716635/candidates/0/2",
          "kind": "ASSUMPTION",
          "text": "Shared-blind-spot: none establishes the Cubs' current process, staff size, or error history, and these are UNKNOWN. A tool built without that is guessing about the need.",
          "status": "UNVERIFIED",
          "extractor": "line_grammar/v1"
        },
        {
          "id": "hd-20261008-143634-565a00716635/candidates/0/2/claim/34",
          "candidate_id": "hd-20261008-143634-565a00716635/candidates/0/2",
          "kind": "ASSUMPTION",
          "text": "Shared-blind-spot: adoption is unaddressed. Staff must trust, see and use outputs at the moment of decision. No candidate names a workflow or an owner.",
          "status": "UNVERIFIED",
          "extractor": "line_grammar/v1"
        },
        {
          "id": "hd-20261008-143634-565a00716635/candidates/0/2/claim/35",
          "candidate_id": "hd-20261008-143634-565a00716635/candidates/0/2",
          "kind": "ASSUMPTION",
          "text": "Shared-blind-spot: backtests are proxies for the metric, not for decisions. None defines the counterfactual, the cost of a wrong alert, or a win-value estimate. Small samples, multiple comparisons and retrospective tuning threaten all of them.",
          "status": "UNVERIFIED",
          "extractor": "line_grammar/v1"
        },
        {
          "id": "hd-20261008-143634-565a00716635/candidates/0/2/claim/36",
          "candidate_id": "hd-20261008-143634-565a00716635/candidates/0/2",
          "kind": "ASSUMPTION",
          "text": "Shared-blind-spot: the set mostly covers analysts, front office and coaches. It barely covers amateur and international scouting, strength and conditioning, mental performance, and clubhouse or equipment operations. Draft and trade valuation, contract or free-agent decisions, and minor-league logistics beyond promotion are largely absent.",
          "status": "UNVERIFIED",
          "extractor": "line_grammar/v1"
        },
        {
          "id": "hd-20261008-143634-565a00716635/candidates/0/2/claim/37",
          "candidate_id": "hd-20261008-143634-565a00716635/candidates/0/2",
          "kind": "ASSUMPTION",
          "text": "Shared-blind-spot: shared failure modes include dashboards that report accuracy without decisions changed, leakage of post-decision information, privacy and rules compliance concerns, and tools that duplicate public sites.",
          "status": "UNVERIFIED",
          "extractor": "line_grammar/v1"
        },
        {
          "id": "hd-20261008-143634-565a00716635/candidates/0/2/claim/38",
          "candidate_id": "hd-20261008-143634-565a00716635/candidates/0/2",
          "kind": "UNKNOWN",
          "text": "cubs_current_decision_processes_and_tooling",
          "status": "UNVERIFIED",
          "extractor": "line_grammar/v1"
        },
        {
          "id": "hd-20261008-143634-565a00716635/candidates/0/2/claim/39",
          "candidate_id": "hd-20261008-143634-565a00716635/candidates/0/2",
          "kind": "UNKNOWN",
          "text": "cubs_roster_admin_error_history",
          "status": "UNVERIFIED",
          "extractor": "line_grammar/v1"
        },
        {
          "id": "hd-20261008-143634-565a00716635/candidates/0/2/claim/40",
          "candidate_id": "hd-20261008-143634-565a00716635/candidates/0/2",
          "kind": "UNKNOWN",
          "text": "public_milb_tracking_coverage_by_level",
          "status": "UNVERIFIED",
          "extractor": "line_grammar/v1"
        },
        {
          "id": "hd-20261008-143634-565a00716635/candidates/0/2/claim/41",
          "candidate_id": "hd-20261008-143634-565a00716635/candidates/0/2",
          "kind": "UNKNOWN",
          "text": "granularity_of_public_injury_descriptions",
          "status": "UNVERIFIED",
          "extractor": "line_grammar/v1"
        },
        {
          "id": "hd-20261008-143634-565a00716635/candidates/0/2/claim/42",
          "candidate_id": "hd-20261008-143634-565a00716635/candidates/0/2",
          "kind": "UNKNOWN",
          "text": "evidence_linking_sequence_predictability_to_run_prevention",
          "status": "UNVERIFIED",
          "extractor": "line_grammar/v1"
        },
        {
          "id": "hd-20261008-143634-565a00716635/candidates/0/2/claim/43",
          "candidate_id": "hd-20261008-143634-565a00716635/candidates/0/2",
          "kind": "UNKNOWN",
          "text": "minor_league_rule_regime_effect_sizes",
          "status": "UNVERIFIED",
          "extractor": "line_grammar/v1"
        },
        {
          "id": "hd-20261008-143634-565a00716635/candidates/0/2/claim/44",
          "candidate_id": "hd-20261008-143634-565a00716635/candidates/0/2",
          "kind": "UNKNOWN",
          "text": "win_value_of_bullpen_forecast_driven_lineup_changes",
          "status": "UNVERIFIED",
          "extractor": "line_grammar/v1"
        },
        {
          "id": "hd-20261008-143634-565a00716635/candidates/0/2/claim/45",
          "candidate_id": "hd-20261008-143634-565a00716635/candidates/0/2",
          "kind": "IDEA",
          "text": "Decision-change audit (replacement): for a small set of recurring decisions, log pre-decision recommendations and what staff actually did, then score the outcome with a pre-registered baseline. First measure how often an output would have changed a choice before building any model.",
          "status": "UNVERIFIED",
          "extractor": "line_grammar/v1"
        },
        {
          "id": "hd-20261008-143634-565a00716635/candidates/0/2/claim/46",
          "candidate_id": "hd-20261008-143634-565a00716635/candidates/0/2",
          "kind": "IDEA",
          "text": "Sharpened roster-ledger test: have a baseball-operations lawyer or analyst list past near-misses from public transaction reports (known only after the fact) as a regression check. Then measure only alert timeliness and false-alarm rate, not claimed wins.",
          "status": "UNVERIFIED",
          "extractor": "line_grammar/v1"
        }
      ],
      "evidence_refs": [
        "objective_context"
      ],
      "assumptions": [
        "Callup-calibration: the promotion decision recurs, but it is driven by 40-man status, roster need, service-time and option rules, and development-staff judgment, so a translation estimate may rarely be the binding input.",
        "Callup-calibration: public MiLB stats exist at decision time, but public MiLB tracking coverage varies by level and season (UNVERIFIED); the best inputs (scouting, private tracking) are not public, so the tool is a baseline, not an edge.",
        "Callup-calibration: a staffer would change promotion timing or the comparison set only if bands move a decision across a threshold; bands wide enough to be honest may never do so.",
        "Callup-calibration: a retrospective test is feasible: for each past league-season, use only data through the promotion date, predict MLB outcomes after promotion, and compare against a simple baseline (raw wRC+ or ERA with a fixed level discount). Check calibration of the intervals, not just point error. Selection bias applies because only promoted players have MLB outcomes.",
        "Callup-calibration: public alternatives already exist (FanGraphs, Baseball Prospectus, and Baseball Savant minor-league pages and translation or projection systems), and sophisticated clubs likely have better models. The software overlaps heavily with these.",
        "Callup-calibration: it would look useful with polished dashboards, narrow bands from an overconfident model, or a backtest scored on players who reached MLB anyway or tuned with later-season data (hindsight leakage).",
        "Roster-ledger: option years, optional assignments, DFA timing and Rule 5 deadlines recur every season, and mistakes are costly, but they are likely rare in a club with dedicated baseball operations staff.",
        "Roster-ledger: public transactions can reconstruct part of the status, but option-year counts, minimum-days-down tracking, service time and injured-list edge cases may not be fully public or may rest on rules that change with each CBA. Treat completeness as UNKNOWN.",
        "Roster-ledger: the actionable output is an alert before a move becomes costly. Value depends on the club's current error history, which is not supplied. A spreadsheet plus a rules-literate staffer may already suffice.",
        "Roster-ledger: retrospective testing is weak. Public data cannot show a missed move that was never made, so you could only replay known historical cases and count how many the ledger would have flagged. That is a unit test, not evidence of advantage.",
        "Roster-ledger: it would look useful with a good-looking calendar of deadlines for facts staff already know, or by being tested only on cases chosen in hindsight.",
        "RTP-comparables: IL placements recur often, but timelines come mainly from private diagnosis, imaging and clinician judgment; public IL records give only a coarse injury label (granularity UNKNOWN), so comparables may mislead.",
        "RTP-comparables: public IL data are lawfully available, but the diagnosis at decision time is private. Putting private Cubs medical data into the tool would need a separate privacy and governance review. Public return dates are labelled after the fact.",
        "RTP-comparables: the actionable change is a contingency plan, such as whether to call up a replacement or stash an IL slot. A distribution wide enough to be honest may not change that choice.",
        "RTP-comparables: the backtest would predict days missed from information known at IL placement and compare against a baseline of the league-wide median by IL type. Selection and reporting bias is a risk because teams describe injuries inconsistently and sometimes vaguely.",
        "RTP-comparables: medical departments and vendors probably already hold richer internal databases, and public injury trackers exist. It would look useful with fine-grained comparable \"matches\" that are really noise from small samples.",
        "Pitch-predictability: the pregame game-plan decision recurs every series, but predictability from count, prior pitch and batter handedness is a coarse model, and the real game plan is driven by hitter-specific weaknesses and pitch quality.",
        "Pitch-predictability: public pitch-by-pitch data is lawful and available before the game, so there is no hindsight problem if only past games are used. But opponents' actual models and the catcher's in-game adaptation are not visible.",
        "Pitch-predictability: the staff action would be to change pitch mix or sequencing. This may trade lower predictability for worse pitch quality, so lower predictability need not mean fewer runs.",
        "Pitch-predictability: a falsifiable test is whether sequence entropy or model predictive accuracy on earlier games predicts run prevention in later games after controlling for pitch quality, against a baseline of pitch quality alone. Evidence linking predictability to results is UNKNOWN.",
        "Pitch-predictability: sophisticated clubs likely already run this self-scout. It would look useful with accurate next-pitch prediction scores that merely reflect obvious count effects, or with pitcher charts that nobody can act on.",
        "Cross-league-normalization: promotion comparison across affiliates recurs constantly, and rule regimes (ABS, pitch clock, park) differ, so the problem is plausible. The effect sizes of rule regimes are UNKNOWN.",
        "Cross-league-normalization: public stats and park information are available at decision time, but rule changes and few league-seasons give little data for estimating adjustments. Rosters turn over, and the adjustments partly confound player quality.",
        "Cross-league-normalization: the action is a fairer comparison, but it matters mainly when it flips a ranking, which may be uncommon. Public sites already partly normalize by league and park.",
        "Cross-league-normalization: the backtest compares against raw league-relative stats or existing public park-adjusted ones, scored on out-of-sample MLB outcomes. Compare adjusted versus unadjusted rank correlation using only information through the evaluation date.",
        "Cross-league-normalization: it would look useful with many adjustment factors fit to a handful of league-seasons, which overfits and looks rigorous.",
        "Opp-bullpen: lineup and pinch-hit decisions recur daily, but the manager and coaches already estimate who is likely to pitch, and knowing it must change the choice for the forecast to matter.",
        "Opp-bullpen: public box scores are lawful and available the morning of the game. They omit warmups, injuries, undisclosed rest, and the opposing club's private usage rules, so accuracy may be capped.",
        "Opp-bullpen: the staff would reorder a lineup, hold a pinch hitter, or choose a platoon starter. The effect on win probability is probably small because lineup order matters little, and unavoidable constraints bind the choice.",
        "Opp-bullpen: the test is easy and falsifiable. Predict each day's available relievers from prior-day usage and compare against a naive rule such as \"pitched yesterday and threw more than a fixed pitch count means unavailable.\" Use only prior data. Whether the gain converts to runs is UNKNOWN.",
        "Opp-bullpen: public availability-style trackers and clubs' advance scouts already do this. It would look useful with a high forecast hit rate that mostly reflects the naive rule.",
        "Shared-blind-spot: all six lean on public data, so the best case is parity with clubs holding private tracking, medical and scouting data; none shows a mechanism for a durable edge.",
        "Shared-blind-spot: none establishes the Cubs' current process, staff size, or error history, and these are UNKNOWN. A tool built without that is guessing about the need.",
        "Shared-blind-spot: adoption is unaddressed. Staff must trust, see and use outputs at the moment of decision. No candidate names a workflow or an owner.",
        "Shared-blind-spot: backtests are proxies for the metric, not for decisions. None defines the counterfactual, the cost of a wrong alert, or a win-value estimate. Small samples, multiple comparisons and retrospective tuning threaten all of them.",
        "Shared-blind-spot: the set mostly covers analysts, front office and coaches. It barely covers amateur and international scouting, strength and conditioning, mental performance, and clubhouse or equipment operations. Draft and trade valuation, contract or free-agent decisions, and minor-league logistics beyond promotion are largely absent.",
        "Shared-blind-spot: shared failure modes include dashboards that report accuracy without decisions changed, leakage of post-decision information, privacy and rules compliance concerns, and tools that duplicate public sites."
      ],
      "unresolved_issues": [
        "Callup-calibration: the promotion decision recurs, but it is driven by 40-man status, roster need, service-time and option rules, and development-staff judgment, so a translation estimate may rarely be the binding input.",
        "Callup-calibration: public MiLB stats exist at decision time, but public MiLB tracking coverage varies by level and season (UNVERIFIED); the best inputs (scouting, private tracking) are not public, so the tool is a baseline, not an edge.",
        "Callup-calibration: a staffer would change promotion timing or the comparison set only if bands move a decision across a threshold; bands wide enough to be honest may never do so.",
        "Callup-calibration: a retrospective test is feasible: for each past league-season, use only data through the promotion date, predict MLB outcomes after promotion, and compare against a simple baseline (raw wRC+ or ERA with a fixed level discount). Check calibration of the intervals, not just point error. Selection bias applies because only promoted players have MLB outcomes.",
        "Callup-calibration: public alternatives already exist (FanGraphs, Baseball Prospectus, and Baseball Savant minor-league pages and translation or projection systems), and sophisticated clubs likely have better models. The software overlaps heavily with these.",
        "Callup-calibration: it would look useful with polished dashboards, narrow bands from an overconfident model, or a backtest scored on players who reached MLB anyway or tuned with later-season data (hindsight leakage).",
        "Roster-ledger: option years, optional assignments, DFA timing and Rule 5 deadlines recur every season, and mistakes are costly, but they are likely rare in a club with dedicated baseball operations staff.",
        "Roster-ledger: public transactions can reconstruct part of the status, but option-year counts, minimum-days-down tracking, service time and injured-list edge cases may not be fully public or may rest on rules that change with each CBA. Treat completeness as UNKNOWN.",
        "Roster-ledger: the actionable output is an alert before a move becomes costly. Value depends on the club's current error history, which is not supplied. A spreadsheet plus a rules-literate staffer may already suffice.",
        "Roster-ledger: retrospective testing is weak. Public data cannot show a missed move that was never made, so you could only replay known historical cases and count how many the ledger would have flagged. That is a unit test, not evidence of advantage.",
        "Roster-ledger: it would look useful with a good-looking calendar of deadlines for facts staff already know, or by being tested only on cases chosen in hindsight.",
        "RTP-comparables: IL placements recur often, but timelines come mainly from private diagnosis, imaging and clinician judgment; public IL records give only a coarse injury label (granularity UNKNOWN), so comparables may mislead.",
        "RTP-comparables: public IL data are lawfully available, but the diagnosis at decision time is private. Putting private Cubs medical data into the tool would need a separate privacy and governance review. Public return dates are labelled after the fact.",
        "RTP-comparables: the actionable change is a contingency plan, such as whether to call up a replacement or stash an IL slot. A distribution wide enough to be honest may not change that choice.",
        "RTP-comparables: the backtest would predict days missed from information known at IL placement and compare against a baseline of the league-wide median by IL type. Selection and reporting bias is a risk because teams describe injuries inconsistently and sometimes vaguely.",
        "RTP-comparables: medical departments and vendors probably already hold richer internal databases, and public injury trackers exist. It would look useful with fine-grained comparable \"matches\" that are really noise from small samples.",
        "Pitch-predictability: the pregame game-plan decision recurs every series, but predictability from count, prior pitch and batter handedness is a coarse model, and the real game plan is driven by hitter-specific weaknesses and pitch quality.",
        "Pitch-predictability: public pitch-by-pitch data is lawful and available before the game, so there is no hindsight problem if only past games are used. But opponents' actual models and the catcher's in-game adaptation are not visible.",
        "Pitch-predictability: the staff action would be to change pitch mix or sequencing. This may trade lower predictability for worse pitch quality, so lower predictability need not mean fewer runs.",
        "Pitch-predictability: a falsifiable test is whether sequence entropy or model predictive accuracy on earlier games predicts run prevention in later games after controlling for pitch quality, against a baseline of pitch quality alone. Evidence linking predictability to results is UNKNOWN.",
        "Pitch-predictability: sophisticated clubs likely already run this self-scout. It would look useful with accurate next-pitch prediction scores that merely reflect obvious count effects, or with pitcher charts that nobody can act on.",
        "Cross-league-normalization: promotion comparison across affiliates recurs constantly, and rule regimes (ABS, pitch clock, park) differ, so the problem is plausible. The effect sizes of rule regimes are UNKNOWN.",
        "Cross-league-normalization: public stats and park information are available at decision time, but rule changes and few league-seasons give little data for estimating adjustments. Rosters turn over, and the adjustments partly confound player quality.",
        "Cross-league-normalization: the action is a fairer comparison, but it matters mainly when it flips a ranking, which may be uncommon. Public sites already partly normalize by league and park.",
        "Cross-league-normalization: the backtest compares against raw league-relative stats or existing public park-adjusted ones, scored on out-of-sample MLB outcomes. Compare adjusted versus unadjusted rank correlation using only information through the evaluation date.",
        "Cross-league-normalization: it would look useful with many adjustment factors fit to a handful of league-seasons, which overfits and looks rigorous.",
        "Opp-bullpen: lineup and pinch-hit decisions recur daily, but the manager and coaches already estimate who is likely to pitch, and knowing it must change the choice for the forecast to matter.",
        "Opp-bullpen: public box scores are lawful and available the morning of the game. They omit warmups, injuries, undisclosed rest, and the opposing club's private usage rules, so accuracy may be capped.",
        "Opp-bullpen: the staff would reorder a lineup, hold a pinch hitter, or choose a platoon starter. The effect on win probability is probably small because lineup order matters little, and unavoidable constraints bind the choice.",
        "Opp-bullpen: the test is easy and falsifiable. Predict each day's available relievers from prior-day usage and compare against a naive rule such as \"pitched yesterday and threw more than a fixed pitch count means unavailable.\" Use only prior data. Whether the gain converts to runs is UNKNOWN.",
        "Opp-bullpen: public availability-style trackers and clubs' advance scouts already do this. It would look useful with a high forecast hit rate that mostly reflects the naive rule.",
        "Shared-blind-spot: all six lean on public data, so the best case is parity with clubs holding private tracking, medical and scouting data; none shows a mechanism for a durable edge.",
        "Shared-blind-spot: none establishes the Cubs' current process, staff size, or error history, and these are UNKNOWN. A tool built without that is guessing about the need.",
        "Shared-blind-spot: adoption is unaddressed. Staff must trust, see and use outputs at the moment of decision. No candidate names a workflow or an owner.",
        "Shared-blind-spot: backtests are proxies for the metric, not for decisions. None defines the counterfactual, the cost of a wrong alert, or a win-value estimate. Small samples, multiple comparisons and retrospective tuning threaten all of them.",
        "Shared-blind-spot: the set mostly covers analysts, front office and coaches. It barely covers amateur and international scouting, strength and conditioning, mental performance, and clubhouse or equipment operations. Draft and trade valuation, contract or free-agent decisions, and minor-league logistics beyond promotion are largely absent.",
        "Shared-blind-spot: shared failure modes include dashboards that report accuracy without decisions changed, leakage of post-decision information, privacy and rules compliance concerns, and tools that duplicate public sites.",
        "cubs_current_decision_processes_and_tooling",
        "cubs_roster_admin_error_history",
        "public_milb_tracking_coverage_by_level",
        "granularity_of_public_injury_descriptions",
        "evidence_linking_sequence_predictability_to_run_prevention",
        "minor_league_rule_regime_effect_sizes",
        "win_value_of_bullpen_forecast_driven_lineup_changes",
        "Decision-change audit (replacement): for a small set of recurring decisions, log pre-decision recommendations and what staff actually did, then score the outcome with a pre-registered baseline. First measure how often an output would have changed a choice before building any model.",
        "Sharpened roster-ledger test: have a baseball-operations lawyer or analyst list past near-misses from public transaction reports (known only after the fact) as a regression check. Then measure only alert timeliness and false-alarm rate, not claimed wins."
      ],
      "contradictions": [],
      "verified_constraints": [],
      "provenance": {
        "run_id": "hd-20261008-143634-565a00716635",
        "producer_component": "howldream",
        "producer_version": "0.4.4",
        "model_or_provider": "claude-sonnet-5-5",
        "observation_kind": "EXTERNALLY_OBSERVED",
        "created_at": "2026-10-08T14:40:06.768773+00:00",
        "transformations": [
          "generated"
        ],
        "participation": [
          {
            "operation": "GENERATED",
            "transforming_component": "howldream",
            "origin_component": "howldream",
            "origin_provider": "claude",
            "origin_model": "claude-sonnet-5-5",
            "subject_count": 1,
            "inference_occurred": true,
            "note": "Dream prompted the provider; the provider authored the text."
          }
        ],
        "request_id": "cubs-r001-p2-critique",
        "originating_component": "operator",
        "execution": {
          "requested_provider": "command",
          "selected_provider": "command",
          "actual_provider": "claude",
          "adapter": "claude-json",
          "model": "claude-sonnet-5-5",
          "requested_model": "claude-sonnet-5-5",
          "deterministic": false,
          "mocked": false,
          "inference_occurred": true,
          "remote": true,
          "remote_observation": "OPERATOR_DECLARED",
          "fallback_reason": null,
          "elapsed_seconds": 32.127061798935756,
          "usage": {
            "input_tokens": 2,
            "cache_creation_input_tokens": 25483,
            "cache_read_input_tokens": 0,
            "output_tokens": 3455,
            "output_tokens_details": {
              "thinking_tokens": 0
            },
            "server_tool_use": {
              "web_search_requests": 0,
              "web_fetch_requests": 0
            },
            "cache_creation": {
              "ephemeral_1h_input_tokens": 25483,
              "ephemeral_5m_input_tokens": 0
            }
          },
          "cost": 0.136486,
          "request_id": "1adf7efa-17e4-42ae-beca-95afb8faf2fb",
          "raw_output_received": true,
          "parse_status": "VALID",
          "repair_attempted": false,
          "sampling": null
        },
        "source_candidate_refs": [
          {
            "candidate_id": "hd-20261008-143010-528e5330b08f/candidates/0/0/idea/11",
            "source_run_id": "hd-20261008-143010-528e5330b08f",
            "sha256": "f3e71999a531e2417dffe37887800a90a2236ecc5babad05a5a651d444e56e9e"
          },
          {
            "candidate_id": "hd-20261008-143010-528e5330b08f/candidates/0/0/idea/2",
            "source_run_id": "hd-20261008-143010-528e5330b08f",
            "sha256": "4e8db7a3bdf9ec635aa6e639e76ad370d84d2fcdd15e6f8542cbb495c0ec789a"
          },
          {
            "candidate_id": "hd-20261008-143010-528e5330b08f/candidates/0/1/idea/6",
            "source_run_id": "hd-20261008-143010-528e5330b08f",
            "sha256": "74f28f7205c39a80489dbc1d4d84a0190baf23fe77515f8e9a49e82c5b0ec8c0"
          },
          {
            "candidate_id": "hd-20261008-143010-528e5330b08f/candidates/0/2/idea/3",
            "source_run_id": "hd-20261008-143010-528e5330b08f",
            "sha256": "da2a7682bf51937a0b07a0b5458e6681ffd77ed9ef922096409ea4c762195605"
          },
          {
            "candidate_id": "hd-20261008-143010-528e5330b08f/candidates/0/2/idea/6",
            "source_run_id": "hd-20261008-143010-528e5330b08f",
            "sha256": "e33eb99d2e7470ee275d1cb24845aec52a3a3967cdf6b393d11943073207ad2c"
          },
          {
            "candidate_id": "hd-20261008-143010-528e5330b08f/candidates/0/3/idea/2",
            "source_run_id": "hd-20261008-143010-528e5330b08f",
            "sha256": "a1c986ba7f581f34483e89bc7e580764964017cfcdb934982fc92628bd7052cf"
          }
        ],
        "source_candidates_location": "exploration_envelope.json#/provenance/source_candidates",
        "hard_constraints": [
          "Public or clearly labeled synthetic data only.",
          "Do not invent statistics or private Cubs information.",
          "Prefer falsifiable criticism over praise."
        ],
        "constraint_scope": "UNVERIFIED_GENERATION_GUIDANCE",
        "purpose": "verification",
        "verification": [
          {
            "claim_id": "hd-20261008-143634-565a00716635/candidates/0/2/claim/1",
            "candidate_id": "hd-20261008-143634-565a00716635/candidates/0/2",
            "status": "UNCERTAIN",
            "classifications": [],
            "source_ids": [],
            "evidence_provenance": [],
            "check_scope": "SUPPLIED_LEDGER",
            "critical": false,
            "verifier": "supplied_ledger_and_arithmetic/v2",
            "scorer_type": "deterministic",
            "note": "No available check establishes this proposition."
          },
          {
            "claim_id": "hd-20261008-143634-565a00716635/candidates/0/2/claim/2",
            "candidate_id": "hd-20261008-143634-565a00716635/candidates/0/2",
            "status": "UNCERTAIN",
            "classifications": [],
            "source_ids": [],
            "evidence_provenance": [],
            "check_scope": "SUPPLIED_LEDGER",
            "critical": false,
            "verifier": "supplied_ledger_and_arithmetic/v2",
            "scorer_type": "deterministic",
            "note": "No available check establishes this proposition."
          },
          {
            "claim_id": "hd-20261008-143634-565a00716635/candidates/0/2/claim/3",
            "candidate_id": "hd-20261008-143634-565a00716635/candidates/0/2",
            "status": "UNCERTAIN",
            "classifications": [],
            "source_ids": [],
            "evidence_provenance": [],
            "check_scope": "SUPPLIED_LEDGER",
            "critical": false,
            "verifier": "supplied_ledger_and_arithmetic/v2",
            "scorer_type": "deterministic",
            "note": "No available check establishes this proposition."
          },
          {
            "claim_id": "hd-20261008-143634-565a00716635/candidates/0/2/claim/4",
            "candidate_id": "hd-20261008-143634-565a00716635/candidates/0/2",
            "status": "UNCERTAIN",
            "classifications": [],
            "source_ids": [],
            "evidence_provenance": [],
            "check_scope": "SUPPLIED_LEDGER",
            "critical": false,
            "verifier": "supplied_ledger_and_arithmetic/v2",
            "scorer_type": "deterministic",
            "note": "No available check establishes this proposition."
          },
          {
            "claim_id": "hd-20261008-143634-565a00716635/candidates/0/2/claim/5",
            "candidate_id": "hd-20261008-143634-565a00716635/candidates/0/2",
            "status": "UNCERTAIN",
            "classifications": [],
            "source_ids": [],
            "evidence_provenance": [],
            "check_scope": "SUPPLIED_LEDGER",
            "critical": false,
            "verifier": "supplied_ledger_and_arithmetic/v2",
            "scorer_type": "deterministic",
            "note": "No available check establishes this proposition."
          },
          {
            "claim_id": "hd-20261008-143634-565a00716635/candidates/0/2/claim/6",
            "candidate_id": "hd-20261008-143634-565a00716635/candidates/0/2",
            "status": "UNCERTAIN",
            "classifications": [],
            "source_ids": [],
            "evidence_provenance": [],
            "check_scope": "SUPPLIED_LEDGER",
            "critical": false,
            "verifier": "supplied_ledger_and_arithmetic/v2",
            "scorer_type": "deterministic",
            "note": "No available check establishes this proposition."
          },
          {
            "claim_id": "hd-20261008-143634-565a00716635/candidates/0/2/claim/7",
            "candidate_id": "hd-20261008-143634-565a00716635/candidates/0/2",
            "status": "UNCERTAIN",
            "classifications": [],
            "source_ids": [],
            "evidence_provenance": [],
            "check_scope": "SUPPLIED_LEDGER",
            "critical": false,
            "verifier": "supplied_ledger_and_arithmetic/v2",
            "scorer_type": "deterministic",
            "note": "No available check establishes this proposition."
          },
          {
            "claim_id": "hd-20261008-143634-565a00716635/candidates/0/2/claim/8",
            "candidate_id": "hd-20261008-143634-565a00716635/candidates/0/2",
            "status": "UNCERTAIN",
            "classifications": [],
            "source_ids": [],
            "evidence_provenance": [],
            "check_scope": "SUPPLIED_LEDGER",
            "critical": false,
            "verifier": "supplied_ledger_and_arithmetic/v2",
            "scorer_type": "deterministic",
            "note": "No available check establishes this proposition."
          },
          {
            "claim_id": "hd-20261008-143634-565a00716635/candidates/0/2/claim/9",
            "candidate_id": "hd-20261008-143634-565a00716635/candidates/0/2",
            "status": "UNCERTAIN",
            "classifications": [],
            "source_ids": [],
            "evidence_provenance": [],
            "check_scope": "SUPPLIED_LEDGER",
            "critical": false,
            "verifier": "supplied_ledger_and_arithmetic/v2",
            "scorer_type": "deterministic",
            "note": "No available check establishes this proposition."
          },
          {
            "claim_id": "hd-20261008-143634-565a00716635/candidates/0/2/claim/10",
            "candidate_id": "hd-20261008-143634-565a00716635/candidates/0/2",
            "status": "UNCERTAIN",
            "classifications": [],
            "source_ids": [],
            "evidence_provenance": [],
            "check_scope": "SUPPLIED_LEDGER",
            "critical": false,
            "verifier": "supplied_ledger_and_arithmetic/v2",
            "scorer_type": "deterministic",
            "note": "No available check establishes this proposition."
          },
          {
            "claim_id": "hd-20261008-143634-565a00716635/candidates/0/2/claim/11",
            "candidate_id": "hd-20261008-143634-565a00716635/candidates/0/2",
            "status": "UNCERTAIN",
            "classifications": [],
            "source_ids": [],
            "evidence_provenance": [],
            "check_scope": "SUPPLIED_LEDGER",
            "critical": false,
            "verifier": "supplied_ledger_and_arithmetic/v2",
            "scorer_type": "deterministic",
            "note": "No available check establishes this proposition."
          },
          {
            "claim_id": "hd-20261008-143634-565a00716635/candidates/0/2/claim/12",
            "candidate_id": "hd-20261008-143634-565a00716635/candidates/0/2",
            "status": "UNCERTAIN",
            "classifications": [],
            "source_ids": [],
            "evidence_provenance": [],
            "check_scope": "SUPPLIED_LEDGER",
            "critical": false,
            "verifier": "supplied_ledger_and_arithmetic/v2",
            "scorer_type": "deterministic",
            "note": "No available check establishes this proposition."
          },
          {
            "claim_id": "hd-20261008-143634-565a00716635/candidates/0/2/claim/13",
            "candidate_id": "hd-20261008-143634-565a00716635/candidates/0/2",
            "status": "UNCERTAIN",
            "classifications": [],
            "source_ids": [],
            "evidence_provenance": [],
            "check_scope": "SUPPLIED_LEDGER",
            "critical": false,
            "verifier": "supplied_ledger_and_arithmetic/v2",
            "scorer_type": "deterministic",
            "note": "No available check establishes this proposition."
          },
          {
            "claim_id": "hd-20261008-143634-565a00716635/candidates/0/2/claim/14",
            "candidate_id": "hd-20261008-143634-565a00716635/candidates/0/2",
            "status": "UNCERTAIN",
            "classifications": [],
            "source_ids": [],
            "evidence_provenance": [],
            "check_scope": "SUPPLIED_LEDGER",
            "critical": false,
            "verifier": "supplied_ledger_and_arithmetic/v2",
            "scorer_type": "deterministic",
            "note": "No available check establishes this proposition."
          },
          {
            "claim_id": "hd-20261008-143634-565a00716635/candidates/0/2/claim/15",
            "candidate_id": "hd-20261008-143634-565a00716635/candidates/0/2",
            "status": "UNCERTAIN",
            "classifications": [],
            "source_ids": [],
            "evidence_provenance": [],
            "check_scope": "SUPPLIED_LEDGER",
            "critical": false,
            "verifier": "supplied_ledger_and_arithmetic/v2",
            "scorer_type": "deterministic",
            "note": "No available check establishes this proposition."
          },
          {
            "claim_id": "hd-20261008-143634-565a00716635/candidates/0/2/claim/16",
            "candidate_id": "hd-20261008-143634-565a00716635/candidates/0/2",
            "status": "UNCERTAIN",
            "classifications": [],
            "source_ids": [],
            "evidence_provenance": [],
            "check_scope": "SUPPLIED_LEDGER",
            "critical": false,
            "verifier": "supplied_ledger_and_arithmetic/v2",
            "scorer_type": "deterministic",
            "note": "No available check establishes this proposition."
          },
          {
            "claim_id": "hd-20261008-143634-565a00716635/candidates/0/2/claim/17",
            "candidate_id": "hd-20261008-143634-565a00716635/candidates/0/2",
            "status": "UNCERTAIN",
            "classifications": [],
            "source_ids": [],
            "evidence_provenance": [],
            "check_scope": "SUPPLIED_LEDGER",
            "critical": false,
            "verifier": "supplied_ledger_and_arithmetic/v2",
            "scorer_type": "deterministic",
            "note": "No available check establishes this proposition."
          },
          {
            "claim_id": "hd-20261008-143634-565a00716635/candidates/0/2/claim/18",
            "candidate_id": "hd-20261008-143634-565a00716635/candidates/0/2",
            "status": "UNCERTAIN",
            "classifications": [],
            "source_ids": [],
            "evidence_provenance": [],
            "check_scope": "SUPPLIED_LEDGER",
            "critical": false,
            "verifier": "supplied_ledger_and_arithmetic/v2",
            "scorer_type": "deterministic",
            "note": "No available check establishes this proposition."
          },
          {
            "claim_id": "hd-20261008-143634-565a00716635/candidates/0/2/claim/19",
            "candidate_id": "hd-20261008-143634-565a00716635/candidates/0/2",
            "status": "UNCERTAIN",
            "classifications": [],
            "source_ids": [],
            "evidence_provenance": [],
            "check_scope": "SUPPLIED_LEDGER",
            "critical": false,
            "verifier": "supplied_ledger_and_arithmetic/v2",
            "scorer_type": "deterministic",
            "note": "No available check establishes this proposition."
          },
          {
            "claim_id": "hd-20261008-143634-565a00716635/candidates/0/2/claim/20",
            "candidate_id": "hd-20261008-143634-565a00716635/candidates/0/2",
            "status": "UNCERTAIN",
            "classifications": [],
            "source_ids": [],
            "evidence_provenance": [],
            "check_scope": "SUPPLIED_LEDGER",
            "critical": false,
            "verifier": "supplied_ledger_and_arithmetic/v2",
            "scorer_type": "deterministic",
            "note": "No available check establishes this proposition."
          },
          {
            "claim_id": "hd-20261008-143634-565a00716635/candidates/0/2/claim/21",
            "candidate_id": "hd-20261008-143634-565a00716635/candidates/0/2",
            "status": "UNCERTAIN",
            "classifications": [],
            "source_ids": [],
            "evidence_provenance": [],
            "check_scope": "SUPPLIED_LEDGER",
            "critical": false,
            "verifier": "supplied_ledger_and_arithmetic/v2",
            "scorer_type": "deterministic",
            "note": "No available check establishes this proposition."
          },
          {
            "claim_id": "hd-20261008-143634-565a00716635/candidates/0/2/claim/22",
            "candidate_id": "hd-20261008-143634-565a00716635/candidates/0/2",
            "status": "UNCERTAIN",
            "classifications": [],
            "source_ids": [],
            "evidence_provenance": [],
            "check_scope": "SUPPLIED_LEDGER",
            "critical": false,
            "verifier": "supplied_ledger_and_arithmetic/v2",
            "scorer_type": "deterministic",
            "note": "No available check establishes this proposition."
          },
          {
            "claim_id": "hd-20261008-143634-565a00716635/candidates/0/2/claim/23",
            "candidate_id": "hd-20261008-143634-565a00716635/candidates/0/2",
            "status": "UNCERTAIN",
            "classifications": [],
            "source_ids": [],
            "evidence_provenance": [],
            "check_scope": "SUPPLIED_LEDGER",
            "critical": false,
            "verifier": "supplied_ledger_and_arithmetic/v2",
            "scorer_type": "deterministic",
            "note": "No available check establishes this proposition."
          },
          {
            "claim_id": "hd-20261008-143634-565a00716635/candidates/0/2/claim/24",
            "candidate_id": "hd-20261008-143634-565a00716635/candidates/0/2",
            "status": "UNCERTAIN",
            "classifications": [],
            "source_ids": [],
            "evidence_provenance": [],
            "check_scope": "SUPPLIED_LEDGER",
            "critical": false,
            "verifier": "supplied_ledger_and_arithmetic/v2",
            "scorer_type": "deterministic",
            "note": "No available check establishes this proposition."
          },
          {
            "claim_id": "hd-20261008-143634-565a00716635/candidates/0/2/claim/25",
            "candidate_id": "hd-20261008-143634-565a00716635/candidates/0/2",
            "status": "UNCERTAIN",
            "classifications": [],
            "source_ids": [],
            "evidence_provenance": [],
            "check_scope": "SUPPLIED_LEDGER",
            "critical": false,
            "verifier": "supplied_ledger_and_arithmetic/v2",
            "scorer_type": "deterministic",
            "note": "No available check establishes this proposition."
          },
          {
            "claim_id": "hd-20261008-143634-565a00716635/candidates/0/2/claim/26",
            "candidate_id": "hd-20261008-143634-565a00716635/candidates/0/2",
            "status": "UNCERTAIN",
            "classifications": [],
            "source_ids": [],
            "evidence_provenance": [],
            "check_scope": "SUPPLIED_LEDGER",
            "critical": false,
            "verifier": "supplied_ledger_and_arithmetic/v2",
            "scorer_type": "deterministic",
            "note": "No available check establishes this proposition."
          },
          {
            "claim_id": "hd-20261008-143634-565a00716635/candidates/0/2/claim/27",
            "candidate_id": "hd-20261008-143634-565a00716635/candidates/0/2",
            "status": "UNCERTAIN",
            "classifications": [],
            "source_ids": [],
            "evidence_provenance": [],
            "check_scope": "SUPPLIED_LEDGER",
            "critical": false,
            "verifier": "supplied_ledger_and_arithmetic/v2",
            "scorer_type": "deterministic",
            "note": "No available check establishes this proposition."
          },
          {
            "claim_id": "hd-20261008-143634-565a00716635/candidates/0/2/claim/28",
            "candidate_id": "hd-20261008-143634-565a00716635/candidates/0/2",
            "status": "UNCERTAIN",
            "classifications": [],
            "source_ids": [],
            "evidence_provenance": [],
            "check_scope": "SUPPLIED_LEDGER",
            "critical": false,
            "verifier": "supplied_ledger_and_arithmetic/v2",
            "scorer_type": "deterministic",
            "note": "No available check establishes this proposition."
          },
          {
            "claim_id": "hd-20261008-143634-565a00716635/candidates/0/2/claim/29",
            "candidate_id": "hd-20261008-143634-565a00716635/candidates/0/2",
            "status": "UNCERTAIN",
            "classifications": [],
            "source_ids": [],
            "evidence_provenance": [],
            "check_scope": "SUPPLIED_LEDGER",
            "critical": false,
            "verifier": "supplied_ledger_and_arithmetic/v2",
            "scorer_type": "deterministic",
            "note": "No available check establishes this proposition."
          },
          {
            "claim_id": "hd-20261008-143634-565a00716635/candidates/0/2/claim/30",
            "candidate_id": "hd-20261008-143634-565a00716635/candidates/0/2",
            "status": "UNCERTAIN",
            "classifications": [],
            "source_ids": [],
            "evidence_provenance": [],
            "check_scope": "SUPPLIED_LEDGER",
            "critical": false,
            "verifier": "supplied_ledger_and_arithmetic/v2",
            "scorer_type": "deterministic",
            "note": "No available check establishes this proposition."
          },
          {
            "claim_id": "hd-20261008-143634-565a00716635/candidates/0/2/claim/31",
            "candidate_id": "hd-20261008-143634-565a00716635/candidates/0/2",
            "status": "UNCERTAIN",
            "classifications": [],
            "source_ids": [],
            "evidence_provenance": [],
            "check_scope": "SUPPLIED_LEDGER",
            "critical": false,
            "verifier": "supplied_ledger_and_arithmetic/v2",
            "scorer_type": "deterministic",
            "note": "No available check establishes this proposition."
          },
          {
            "claim_id": "hd-20261008-143634-565a00716635/candidates/0/2/claim/32",
            "candidate_id": "hd-20261008-143634-565a00716635/candidates/0/2",
            "status": "UNCERTAIN",
            "classifications": [],
            "source_ids": [],
            "evidence_provenance": [],
            "check_scope": "SUPPLIED_LEDGER",
            "critical": false,
            "verifier": "supplied_ledger_and_arithmetic/v2",
            "scorer_type": "deterministic",
            "note": "No available check establishes this proposition."
          },
          {
            "claim_id": "hd-20261008-143634-565a00716635/candidates/0/2/claim/33",
            "candidate_id": "hd-20261008-143634-565a00716635/candidates/0/2",
            "status": "UNCERTAIN",
            "classifications": [],
            "source_ids": [],
            "evidence_provenance": [],
            "check_scope": "SUPPLIED_LEDGER",
            "critical": false,
            "verifier": "supplied_ledger_and_arithmetic/v2",
            "scorer_type": "deterministic",
            "note": "No available check establishes this proposition."
          },
          {
            "claim_id": "hd-20261008-143634-565a00716635/candidates/0/2/claim/34",
            "candidate_id": "hd-20261008-143634-565a00716635/candidates/0/2",
            "status": "UNCERTAIN",
            "classifications": [],
            "source_ids": [],
            "evidence_provenance": [],
            "check_scope": "SUPPLIED_LEDGER",
            "critical": false,
            "verifier": "supplied_ledger_and_arithmetic/v2",
            "scorer_type": "deterministic",
            "note": "No available check establishes this proposition."
          },
          {
            "claim_id": "hd-20261008-143634-565a00716635/candidates/0/2/claim/35",
            "candidate_id": "hd-20261008-143634-565a00716635/candidates/0/2",
            "status": "UNCERTAIN",
            "classifications": [],
            "source_ids": [],
            "evidence_provenance": [],
            "check_scope": "SUPPLIED_LEDGER",
            "critical": false,
            "verifier": "supplied_ledger_and_arithmetic/v2",
            "scorer_type": "deterministic",
            "note": "No available check establishes this proposition."
          },
          {
            "claim_id": "hd-20261008-143634-565a00716635/candidates/0/2/claim/36",
            "candidate_id": "hd-20261008-143634-565a00716635/candidates/0/2",
            "status": "UNCERTAIN",
            "classifications": [],
            "source_ids": [],
            "evidence_provenance": [],
            "check_scope": "SUPPLIED_LEDGER",
            "critical": false,
            "verifier": "supplied_ledger_and_arithmetic/v2",
            "scorer_type": "deterministic",
            "note": "No available check establishes this proposition."
          },
          {
            "claim_id": "hd-20261008-143634-565a00716635/candidates/0/2/claim/37",
            "candidate_id": "hd-20261008-143634-565a00716635/candidates/0/2",
            "status": "UNCERTAIN",
            "classifications": [],
            "source_ids": [],
            "evidence_provenance": [],
            "check_scope": "SUPPLIED_LEDGER",
            "critical": false,
            "verifier": "supplied_ledger_and_arithmetic/v2",
            "scorer_type": "deterministic",
            "note": "No available check establishes this proposition."
          },
          {
            "claim_id": "hd-20261008-143634-565a00716635/candidates/0/2/claim/38",
            "candidate_id": "hd-20261008-143634-565a00716635/candidates/0/2",
            "status": "UNCERTAIN",
            "classifications": [],
            "source_ids": [],
            "evidence_provenance": [],
            "check_scope": "SUPPLIED_LEDGER",
            "critical": false,
            "verifier": "supplied_ledger_and_arithmetic/v2",
            "scorer_type": "deterministic",
            "note": "Explicit abstention; not counted as a detected failure or a verified fact."
          },
          {
            "claim_id": "hd-20261008-143634-565a00716635/candidates/0/2/claim/39",
            "candidate_id": "hd-20261008-143634-565a00716635/candidates/0/2",
            "status": "UNCERTAIN",
            "classifications": [],
            "source_ids": [],
            "evidence_provenance": [],
            "check_scope": "SUPPLIED_LEDGER",
            "critical": false,
            "verifier": "supplied_ledger_and_arithmetic/v2",
            "scorer_type": "deterministic",
            "note": "Explicit abstention; not counted as a detected failure or a verified fact."
          },
          {
            "claim_id": "hd-20261008-143634-565a00716635/candidates/0/2/claim/40",
            "candidate_id": "hd-20261008-143634-565a00716635/candidates/0/2",
            "status": "UNCERTAIN",
            "classifications": [],
            "source_ids": [],
            "evidence_provenance": [],
            "check_scope": "SUPPLIED_LEDGER",
            "critical": false,
            "verifier": "supplied_ledger_and_arithmetic/v2",
            "scorer_type": "deterministic",
            "note": "Explicit abstention; not counted as a detected failure or a verified fact."
          },
          {
            "claim_id": "hd-20261008-143634-565a00716635/candidates/0/2/claim/41",
            "candidate_id": "hd-20261008-143634-565a00716635/candidates/0/2",
            "status": "UNCERTAIN",
            "classifications": [],
            "source_ids": [],
            "evidence_provenance": [],
            "check_scope": "SUPPLIED_LEDGER",
            "critical": false,
            "verifier": "supplied_ledger_and_arithmetic/v2",
            "scorer_type": "deterministic",
            "note": "Explicit abstention; not counted as a detected failure or a verified fact."
          },
          {
            "claim_id": "hd-20261008-143634-565a00716635/candidates/0/2/claim/42",
            "candidate_id": "hd-20261008-143634-565a00716635/candidates/0/2",
            "status": "UNCERTAIN",
            "classifications": [],
            "source_ids": [],
            "evidence_provenance": [],
            "check_scope": "SUPPLIED_LEDGER",
            "critical": false,
            "verifier": "supplied_ledger_and_arithmetic/v2",
            "scorer_type": "deterministic",
            "note": "Explicit abstention; not counted as a detected failure or a verified fact."
          },
          {
            "claim_id": "hd-20261008-143634-565a00716635/candidates/0/2/claim/43",
            "candidate_id": "hd-20261008-143634-565a00716635/candidates/0/2",
            "status": "UNCERTAIN",
            "classifications": [],
            "source_ids": [],
            "evidence_provenance": [],
            "check_scope": "SUPPLIED_LEDGER",
            "critical": false,
            "verifier": "supplied_ledger_and_arithmetic/v2",
            "scorer_type": "deterministic",
            "note": "Explicit abstention; not counted as a detected failure or a verified fact."
          },
          {
            "claim_id": "hd-20261008-143634-565a00716635/candidates/0/2/claim/44",
            "candidate_id": "hd-20261008-143634-565a00716635/candidates/0/2",
            "status": "UNCERTAIN",
            "classifications": [],
            "source_ids": [],
            "evidence_provenance": [],
            "check_scope": "SUPPLIED_LEDGER",
            "critical": false,
            "verifier": "supplied_ledger_and_arithmetic/v2",
            "scorer_type": "deterministic",
            "note": "Explicit abstention; not counted as a detected failure or a verified fact."
          },
          {
            "claim_id": "hd-20261008-143634-565a00716635/candidates/0/2/claim/45",
            "candidate_id": "hd-20261008-143634-565a00716635/candidates/0/2",
            "status": "UNCERTAIN",
            "classifications": [],
            "source_ids": [],
            "evidence_provenance": [],
            "check_scope": "SUPPLIED_LEDGER",
            "critical": false,
            "verifier": "supplied_ledger_and_arithmetic/v2",
            "scorer_type": "deterministic",
            "note": "No available check establishes this proposition."
          },
          {
            "claim_id": "hd-20261008-143634-565a00716635/candidates/0/2/claim/46",
            "candidate_id": "hd-20261008-143634-565a00716635/candidates/0/2",
            "status": "UNCERTAIN",
            "classifications": [],
            "source_ids": [],
            "evidence_provenance": [],
            "check_scope": "SUPPLIED_LEDGER",
            "critical": false,
            "verifier": "supplied_ledger_and_arithmetic/v2",
            "scorer_type": "deterministic",
            "note": "No available check establishes this proposition."
          }
        ],
        "candidate_index": 2,
        "trial": 0,
        "prompt_hash": "f0fc78ce3043e14d16fc32538c5c9949cc632bf8af8f0a78cf6ab6e8fbd31660",
        "output_hash": "d815e9d2fa43085e87d0494392a77aaa83a52407fa3ae3642c07d00bb48e9eb4"
      }
    },
    {
      "schema_version": "howl.candidate/v1",
      "candidate_id": "hd-20261008-143634-565a00716635/candidates/0/3",
      "source_run_id": "hd-20261008-143634-565a00716635",
      "parent_request_id": "cubs-r001-p2-critique",
      "objective": "Critique these six candidate software opportunities for the Chicago Cubs (an MLB club). For EACH candidate, attack: (1) plausibility of the baseball problem and whether the decision really recurs; (2) whether the decision-relevant data is lawfully public AND available at decision time (no hindsight); (3) actionability: what would a staff member do differently; (4) testability: what retrospective evaluation against a simple baseline is possible with public data; (5) existing alternatives (spreadsheets, public tools, vendor systems, what sophisticated clubs already have); (6) what would make this project LOOK useful while actually providing little or no baseball advantage. Then do a BLIND-SPOT analysis of the set as a whole: shared assumptions, user groups or decision types none of them cover, and failure modes common to all. OUTPUT GUIDANCE (format only): use ASSUMPTION lines for challenges, UNKNOWN lines for missing evidence, and IDEA lines only for a sharpened or replacement opportunity that the critique reveals. Prefix each line's content with the candidate's short name.",
      "text": "ASSUMPTION: META - No evidence records or fact keys were supplied, so there are no FACT or CITE lines. Every critique below is speculative and unverified.\nASSUMPTION: META - The candidate assumption lists are pooled across unrelated ideas and are not mapped to their candidates. Several (tipping, grounds crew, replay) belong to ideas outside these six, so they cannot be treated as support for any one of them.\n\nASSUMPTION: CALLUP_TRANSLATOR - Problem plausibility: promotion decisions recur, but they are driven by roster slots, 40-man status, injuries and development goals as much as by projected performance. A translated-stats forecast may address only a small part of the decision.\nASSUMPTION: CALLUP_TRANSLATOR - Data: public MiLB box-score stats are lawful and timely. Tracking data coverage differs by level and is unverified, and scouting-grade inputs are private and out of scope.\nASSUMPTION: CALLUP_TRANSLATOR - Actionability: staff would change a call-up only if the uncertainty band is wide enough to alter a ranking. Otherwise it is a display of what they already believe.\nASSUMPTION: CALLUP_TRANSLATOR - Testability: backtest translated MiLB lines against later MLB outcomes for players who were actually promoted, using year-by-year training cutoffs, against a naive baseline such as a raw-stat or age-adjusted rule. Survivorship bias is a threat, because only promoted players generate MLB samples. Interval calibration (coverage rates) is a stronger test than point error.\nASSUMPTION: CALLUP_TRANSLATOR - Alternatives: public projection systems and translation methods already exist, and sophisticated clubs likely hold better internal models. A public-data version is at best a baseline.\nASSUMPTION: CALLUP_TRANSLATOR - Looks useful but isn't: polished uncertainty bands on small samples, backtests that leak league-season context from later years, and accuracy measured against a weak baseline rather than the public systems.\nUNKNOWN: CALLUP_TRANSLATOR - public_milb_statcast_coverage_by_level, and how often the Cubs' promotions hinge on projection rather than roster mechanics.\n\nASSUMPTION: ROSTER_LEDGER - Problem plausibility: the rules are real and the deadlines are hard. But errors may be rare, and a rules-literate operations staffer with a spreadsheet may already prevent them.\nASSUMPTION: ROSTER_LEDGER - Data: transactions are public, but option-year counts, service-time edge cases and injured-list interactions may not be fully reconstructible. The ledger would depend on internal records anyway.\nASSUMPTION: ROSTER_LEDGER - Actionability: the warning must arrive early enough to change a move, and someone must own acting on it.\nASSUMPTION: ROSTER_LEDGER - Testability: public data supports little. You could replay past public transactions for violations or near-misses, but internal error history is private. A baseline of a manual calendar would be hard to beat visibly.\nASSUMPTION: ROSTER_LEDGER - Alternatives: league transaction systems, spreadsheets and likely existing club tooling.\nASSUMPTION: ROSTER_LEDGER - Looks useful but isn't: a dashboard with many alerts and no avoided losses, or deadline reminders for items staff already track.\nUNKNOWN: ROSTER_LEDGER - cubs_roster_admin_error_history, completeness_of_public_option_status_data.\n\nASSUMPTION: RTP_COMPS - Problem plausibility: injury timelines recur, but medical staff set them from private exams and imaging. Public IL labels are coarse.\nASSUMPTION: RTP_COMPS - Data: public IL entries are lawful but carry limited detail, and injury descriptions may be vague, delayed or inconsistent. The IL date is a roster decision, not an injury date, so it can mislead.\nASSUMPTION: RTP_COMPS - Actionability: the output would shift roster contingency planning only if the comparable distribution is tighter than staff priors. Wide distributions mostly confirm uncertainty.\nASSUMPTION: RTP_COMPS - Testability: forecast days missed by injury type using only information public at the placement date. Compare against a baseline of the league-wide median for IL type, or a position-only baseline, and score interval coverage. Confounding by team medical practice and roster need is a risk.\nASSUMPTION: RTP_COMPS - Alternatives: public injury trackers exist, and clubs with internal medical databases likely already do this better.\nASSUMPTION: RTP_COMPS - Looks useful but isn't: backtests that use diagnoses revealed after the placement date (hindsight), or attractive comparables that are not predictive.\nASSUMPTION: RTP_COMPS - Risk: shared tooling must not take in private Cubs medical data.\nUNKNOWN: RTP_COMPS - granularity_of_public_injury_descriptions.\n\nASSUMPTION: SEQ_SELFSCOUT - Problem plausibility: pregame planning recurs. But predictability from count, previous pitch and handedness is only a weak proxy for exploitability, which also depends on pitch quality and location.\nASSUMPTION: SEQ_SELFSCOUT - Data: public pitch-by-pitch data is lawful and available after each game. Pregame use depends on prior games only, so a strict walk-forward test is needed.\nASSUMPTION: SEQ_SELFSCOUT - Actionability: a coach changes sequencing only if reduced predictability improves outcomes. Making a pitcher less predictable can cost pitch quality.\nASSUMPTION: SEQ_SELFSCOUT - Testability: compare sequence entropy or predictability with run prevention in later games. Use a baseline of league-average predictability, and check whether outcomes differ for high- versus low-predictability pitchers. Small samples per pitcher will dominate.\nASSUMPTION: SEQ_SELFSCOUT - Alternatives: public pitch-mix tools and likely internal audits at sophisticated clubs. The edge may be parity.\nASSUMPTION: SEQ_SELFSCOUT - Looks useful but isn't: an entropy chart with no link to runs, or a flagged pattern that is really a pitch-quality or situational artifact.\nUNKNOWN: SEQ_SELFSCOUT - evidence_linking_sequence_entropy_to_run_prevention, cubs_existing_sequence_audit.\n\nASSUMPTION: MILB_CONTEXT_NORM - Problem plausibility: league and park differences are real and the comparison recurs. But public sites partly adjust already, and overlap with CALLUP_TRANSLATOR is large, so it is arguably one project.\nASSUMPTION: MILB_CONTEXT_NORM - Data: public stats and rule-change dates are lawful and usable. Rule-regime effects are confounded with talent and call-up churn, and single league-seasons give few samples.\nASSUMPTION: MILB_CONTEXT_NORM - Actionability: staff would alter promotion timing or prospect ranking only if the adjustment moves players across decision thresholds.\nASSUMPTION: MILB_CONTEXT_NORM - Testability: test whether adjusted stats predict later performance better than raw stats, using players who move between leagues or rule regimes as natural checks. Baselines are raw stats and simple park factors.\nASSUMPTION: MILB_CONTEXT_NORM - Alternatives: public park factors, league-level adjusted metrics, and likely internal models.\nASSUMPTION: MILB_CONTEXT_NORM - Looks useful but isn't: over-fit regime coefficients from tiny samples, or adjustments that change values trivially next to the noise.\nUNKNOWN: MILB_CONTEXT_NORM - minor_league_rule_regime_effect_sizes, public_milb_park_factor_quality.\n\nASSUMPTION: OPP_BULLPEN - Problem plausibility: reliever usage affects lineup and pinch-hit choices daily. But opposing managers' choices also depend on private warm-up, health and front-office information.\nASSUMPTION: OPP_BULLPEN - Data: public box scores and pitch counts are lawful and available before game time, but they omit unrecorded warm-ups and injuries, which the Cubs would not see either.\nASSUMPTION: OPP_BULLPEN - Actionability: a lineup or pinch-hit change must follow from a forecast. Often a manager already assumes the opponent's best relievers are used when needed, so the forecast may change little.\nASSUMPTION: OPP_BULLPEN - Testability: strong. Predict which relievers appear using only the prior-day data and compare against naive rules such as \"rested if not used yesterday\". Score by log loss or Brier score. Then test whether any decisions would have differed.\nASSUMPTION: OPP_BULLPEN - Alternatives: advance scouts, public usage trackers and likely club tools.\nASSUMPTION: OPP_BULLPEN - Looks useful but isn't: high forecast accuracy that merely reproduces the naive rule, or accuracy on easy cases only.\nUNKNOWN: OPP_BULLPEN - forecast_accuracy_vs_naive_rule, unobserved_bullpen_warmups_effect.\n\nASSUMPTION: BLINDSPOTS - Shared assumption: public data plus a model equals an edge. Several candidates are parity with sophisticated clubs at best, and the set never shows a Cubs-specific bottleneck.\nASSUMPTION: BLINDSPOTS - Shared assumption: adoption by busy staff. None of the candidates describes how it would reach a decision-maker, or who is accountable when the tool is wrong.\nASSUMPTION: BLINDSPOTS - Shared failure modes: hindsight leakage in backtests, small samples, weak or missing baselines, survivorship bias, and measuring forecast accuracy rather than changed decisions or wins.\nASSUMPTION: BLINDSPOTS - Uncovered user groups and decisions: amateur draft and scouting, in-season pitching staff workload, defense and positioning, ticket and fan-facing operations, and business-side staff. Most candidates also focus on information tools rather than on coordination, data-entry burden or error prevention.\nIDEA: BLINDSPOTS - Merge CALLUP_TRANSLATOR and MILB_CONTEXT_NORM into one baseline: a public-data translation model with walk-forward calibration, scored against raw-stat and public-projection baselines. Only if it beats those baselines would any added staff tooling be justified.\nIDEA: OPP_BULLPEN - Start with a pre-registered forecast-only test, run as a spreadsheet, and record which Cubs decisions would have changed. Build software only if the forecast beats the naive rule and decisions change.\nUNKNOWN: BLINDSPOTS - cubs_internal_analytics_capabilities, existing_cubs_decision_review_process, and the rate at which each candidate decision recurs per season.",
      "condition": "dream",
      "trust": "UNVERIFIED",
      "status": "UNRESOLVED",
      "authority": {
        "type": "ADVISORY",
        "executable": false
      },
      "claims": [
        {
          "id": "hd-20261008-143634-565a00716635/candidates/0/3/claim/1",
          "candidate_id": "hd-20261008-143634-565a00716635/candidates/0/3",
          "kind": "ASSUMPTION",
          "text": "META - No evidence records or fact keys were supplied, so there are no FACT or CITE lines. Every critique below is speculative and unverified.",
          "status": "UNVERIFIED",
          "extractor": "line_grammar/v1"
        },
        {
          "id": "hd-20261008-143634-565a00716635/candidates/0/3/claim/2",
          "candidate_id": "hd-20261008-143634-565a00716635/candidates/0/3",
          "kind": "ASSUMPTION",
          "text": "META - The candidate assumption lists are pooled across unrelated ideas and are not mapped to their candidates. Several (tipping, grounds crew, replay) belong to ideas outside these six, so they cannot be treated as support for any one of them.",
          "status": "UNVERIFIED",
          "extractor": "line_grammar/v1"
        },
        {
          "id": "hd-20261008-143634-565a00716635/candidates/0/3/claim/3",
          "candidate_id": "hd-20261008-143634-565a00716635/candidates/0/3",
          "kind": "ASSUMPTION",
          "text": "CALLUP_TRANSLATOR - Problem plausibility: promotion decisions recur, but they are driven by roster slots, 40-man status, injuries and development goals as much as by projected performance. A translated-stats forecast may address only a small part of the decision.",
          "status": "UNVERIFIED",
          "extractor": "line_grammar/v1"
        },
        {
          "id": "hd-20261008-143634-565a00716635/candidates/0/3/claim/4",
          "candidate_id": "hd-20261008-143634-565a00716635/candidates/0/3",
          "kind": "ASSUMPTION",
          "text": "CALLUP_TRANSLATOR - Data: public MiLB box-score stats are lawful and timely. Tracking data coverage differs by level and is unverified, and scouting-grade inputs are private and out of scope.",
          "status": "UNVERIFIED",
          "extractor": "line_grammar/v1"
        },
        {
          "id": "hd-20261008-143634-565a00716635/candidates/0/3/claim/5",
          "candidate_id": "hd-20261008-143634-565a00716635/candidates/0/3",
          "kind": "ASSUMPTION",
          "text": "CALLUP_TRANSLATOR - Actionability: staff would change a call-up only if the uncertainty band is wide enough to alter a ranking. Otherwise it is a display of what they already believe.",
          "status": "UNVERIFIED",
          "extractor": "line_grammar/v1"
        },
        {
          "id": "hd-20261008-143634-565a00716635/candidates/0/3/claim/6",
          "candidate_id": "hd-20261008-143634-565a00716635/candidates/0/3",
          "kind": "ASSUMPTION",
          "text": "CALLUP_TRANSLATOR - Testability: backtest translated MiLB lines against later MLB outcomes for players who were actually promoted, using year-by-year training cutoffs, against a naive baseline such as a raw-stat or age-adjusted rule. Survivorship bias is a threat, because only promoted players generate MLB samples. Interval calibration (coverage rates) is a stronger test than point error.",
          "status": "UNVERIFIED",
          "extractor": "line_grammar/v1"
        },
        {
          "id": "hd-20261008-143634-565a00716635/candidates/0/3/claim/7",
          "candidate_id": "hd-20261008-143634-565a00716635/candidates/0/3",
          "kind": "ASSUMPTION",
          "text": "CALLUP_TRANSLATOR - Alternatives: public projection systems and translation methods already exist, and sophisticated clubs likely hold better internal models. A public-data version is at best a baseline.",
          "status": "UNVERIFIED",
          "extractor": "line_grammar/v1"
        },
        {
          "id": "hd-20261008-143634-565a00716635/candidates/0/3/claim/8",
          "candidate_id": "hd-20261008-143634-565a00716635/candidates/0/3",
          "kind": "ASSUMPTION",
          "text": "CALLUP_TRANSLATOR - Looks useful but isn't: polished uncertainty bands on small samples, backtests that leak league-season context from later years, and accuracy measured against a weak baseline rather than the public systems.",
          "status": "UNVERIFIED",
          "extractor": "line_grammar/v1"
        },
        {
          "id": "hd-20261008-143634-565a00716635/candidates/0/3/claim/9",
          "candidate_id": "hd-20261008-143634-565a00716635/candidates/0/3",
          "kind": "UNKNOWN",
          "text": "CALLUP_TRANSLATOR - public_milb_statcast_coverage_by_level, and how often the Cubs' promotions hinge on projection rather than roster mechanics.",
          "status": "UNVERIFIED",
          "extractor": "line_grammar/v1"
        },
        {
          "id": "hd-20261008-143634-565a00716635/candidates/0/3/claim/10",
          "candidate_id": "hd-20261008-143634-565a00716635/candidates/0/3",
          "kind": "ASSUMPTION",
          "text": "ROSTER_LEDGER - Problem plausibility: the rules are real and the deadlines are hard. But errors may be rare, and a rules-literate operations staffer with a spreadsheet may already prevent them.",
          "status": "UNVERIFIED",
          "extractor": "line_grammar/v1"
        },
        {
          "id": "hd-20261008-143634-565a00716635/candidates/0/3/claim/11",
          "candidate_id": "hd-20261008-143634-565a00716635/candidates/0/3",
          "kind": "ASSUMPTION",
          "text": "ROSTER_LEDGER - Data: transactions are public, but option-year counts, service-time edge cases and injured-list interactions may not be fully reconstructible. The ledger would depend on internal records anyway.",
          "status": "UNVERIFIED",
          "extractor": "line_grammar/v1"
        },
        {
          "id": "hd-20261008-143634-565a00716635/candidates/0/3/claim/12",
          "candidate_id": "hd-20261008-143634-565a00716635/candidates/0/3",
          "kind": "ASSUMPTION",
          "text": "ROSTER_LEDGER - Actionability: the warning must arrive early enough to change a move, and someone must own acting on it.",
          "status": "UNVERIFIED",
          "extractor": "line_grammar/v1"
        },
        {
          "id": "hd-20261008-143634-565a00716635/candidates/0/3/claim/13",
          "candidate_id": "hd-20261008-143634-565a00716635/candidates/0/3",
          "kind": "ASSUMPTION",
          "text": "ROSTER_LEDGER - Testability: public data supports little. You could replay past public transactions for violations or near-misses, but internal error history is private. A baseline of a manual calendar would be hard to beat visibly.",
          "status": "UNVERIFIED",
          "extractor": "line_grammar/v1"
        },
        {
          "id": "hd-20261008-143634-565a00716635/candidates/0/3/claim/14",
          "candidate_id": "hd-20261008-143634-565a00716635/candidates/0/3",
          "kind": "ASSUMPTION",
          "text": "ROSTER_LEDGER - Alternatives: league transaction systems, spreadsheets and likely existing club tooling.",
          "status": "UNVERIFIED",
          "extractor": "line_grammar/v1"
        },
        {
          "id": "hd-20261008-143634-565a00716635/candidates/0/3/claim/15",
          "candidate_id": "hd-20261008-143634-565a00716635/candidates/0/3",
          "kind": "ASSUMPTION",
          "text": "ROSTER_LEDGER - Looks useful but isn't: a dashboard with many alerts and no avoided losses, or deadline reminders for items staff already track.",
          "status": "UNVERIFIED",
          "extractor": "line_grammar/v1"
        },
        {
          "id": "hd-20261008-143634-565a00716635/candidates/0/3/claim/16",
          "candidate_id": "hd-20261008-143634-565a00716635/candidates/0/3",
          "kind": "UNKNOWN",
          "text": "ROSTER_LEDGER - cubs_roster_admin_error_history, completeness_of_public_option_status_data.",
          "status": "UNVERIFIED",
          "extractor": "line_grammar/v1"
        },
        {
          "id": "hd-20261008-143634-565a00716635/candidates/0/3/claim/17",
          "candidate_id": "hd-20261008-143634-565a00716635/candidates/0/3",
          "kind": "ASSUMPTION",
          "text": "RTP_COMPS - Problem plausibility: injury timelines recur, but medical staff set them from private exams and imaging. Public IL labels are coarse.",
          "status": "UNVERIFIED",
          "extractor": "line_grammar/v1"
        },
        {
          "id": "hd-20261008-143634-565a00716635/candidates/0/3/claim/18",
          "candidate_id": "hd-20261008-143634-565a00716635/candidates/0/3",
          "kind": "ASSUMPTION",
          "text": "RTP_COMPS - Data: public IL entries are lawful but carry limited detail, and injury descriptions may be vague, delayed or inconsistent. The IL date is a roster decision, not an injury date, so it can mislead.",
          "status": "UNVERIFIED",
          "extractor": "line_grammar/v1"
        },
        {
          "id": "hd-20261008-143634-565a00716635/candidates/0/3/claim/19",
          "candidate_id": "hd-20261008-143634-565a00716635/candidates/0/3",
          "kind": "ASSUMPTION",
          "text": "RTP_COMPS - Actionability: the output would shift roster contingency planning only if the comparable distribution is tighter than staff priors. Wide distributions mostly confirm uncertainty.",
          "status": "UNVERIFIED",
          "extractor": "line_grammar/v1"
        },
        {
          "id": "hd-20261008-143634-565a00716635/candidates/0/3/claim/20",
          "candidate_id": "hd-20261008-143634-565a00716635/candidates/0/3",
          "kind": "ASSUMPTION",
          "text": "RTP_COMPS - Testability: forecast days missed by injury type using only information public at the placement date. Compare against a baseline of the league-wide median for IL type, or a position-only baseline, and score interval coverage. Confounding by team medical practice and roster need is a risk.",
          "status": "UNVERIFIED",
          "extractor": "line_grammar/v1"
        },
        {
          "id": "hd-20261008-143634-565a00716635/candidates/0/3/claim/21",
          "candidate_id": "hd-20261008-143634-565a00716635/candidates/0/3",
          "kind": "ASSUMPTION",
          "text": "RTP_COMPS - Alternatives: public injury trackers exist, and clubs with internal medical databases likely already do this better.",
          "status": "UNVERIFIED",
          "extractor": "line_grammar/v1"
        },
        {
          "id": "hd-20261008-143634-565a00716635/candidates/0/3/claim/22",
          "candidate_id": "hd-20261008-143634-565a00716635/candidates/0/3",
          "kind": "ASSUMPTION",
          "text": "RTP_COMPS - Looks useful but isn't: backtests that use diagnoses revealed after the placement date (hindsight), or attractive comparables that are not predictive.",
          "status": "UNVERIFIED",
          "extractor": "line_grammar/v1"
        },
        {
          "id": "hd-20261008-143634-565a00716635/candidates/0/3/claim/23",
          "candidate_id": "hd-20261008-143634-565a00716635/candidates/0/3",
          "kind": "ASSUMPTION",
          "text": "RTP_COMPS - Risk: shared tooling must not take in private Cubs medical data.",
          "status": "UNVERIFIED",
          "extractor": "line_grammar/v1"
        },
        {
          "id": "hd-20261008-143634-565a00716635/candidates/0/3/claim/24",
          "candidate_id": "hd-20261008-143634-565a00716635/candidates/0/3",
          "kind": "UNKNOWN",
          "text": "RTP_COMPS - granularity_of_public_injury_descriptions.",
          "status": "UNVERIFIED",
          "extractor": "line_grammar/v1"
        },
        {
          "id": "hd-20261008-143634-565a00716635/candidates/0/3/claim/25",
          "candidate_id": "hd-20261008-143634-565a00716635/candidates/0/3",
          "kind": "ASSUMPTION",
          "text": "SEQ_SELFSCOUT - Problem plausibility: pregame planning recurs. But predictability from count, previous pitch and handedness is only a weak proxy for exploitability, which also depends on pitch quality and location.",
          "status": "UNVERIFIED",
          "extractor": "line_grammar/v1"
        },
        {
          "id": "hd-20261008-143634-565a00716635/candidates/0/3/claim/26",
          "candidate_id": "hd-20261008-143634-565a00716635/candidates/0/3",
          "kind": "ASSUMPTION",
          "text": "SEQ_SELFSCOUT - Data: public pitch-by-pitch data is lawful and available after each game. Pregame use depends on prior games only, so a strict walk-forward test is needed.",
          "status": "UNVERIFIED",
          "extractor": "line_grammar/v1"
        },
        {
          "id": "hd-20261008-143634-565a00716635/candidates/0/3/claim/27",
          "candidate_id": "hd-20261008-143634-565a00716635/candidates/0/3",
          "kind": "ASSUMPTION",
          "text": "SEQ_SELFSCOUT - Actionability: a coach changes sequencing only if reduced predictability improves outcomes. Making a pitcher less predictable can cost pitch quality.",
          "status": "UNVERIFIED",
          "extractor": "line_grammar/v1"
        },
        {
          "id": "hd-20261008-143634-565a00716635/candidates/0/3/claim/28",
          "candidate_id": "hd-20261008-143634-565a00716635/candidates/0/3",
          "kind": "ASSUMPTION",
          "text": "SEQ_SELFSCOUT - Testability: compare sequence entropy or predictability with run prevention in later games. Use a baseline of league-average predictability, and check whether outcomes differ for high- versus low-predictability pitchers. Small samples per pitcher will dominate.",
          "status": "UNVERIFIED",
          "extractor": "line_grammar/v1"
        },
        {
          "id": "hd-20261008-143634-565a00716635/candidates/0/3/claim/29",
          "candidate_id": "hd-20261008-143634-565a00716635/candidates/0/3",
          "kind": "ASSUMPTION",
          "text": "SEQ_SELFSCOUT - Alternatives: public pitch-mix tools and likely internal audits at sophisticated clubs. The edge may be parity.",
          "status": "UNVERIFIED",
          "extractor": "line_grammar/v1"
        },
        {
          "id": "hd-20261008-143634-565a00716635/candidates/0/3/claim/30",
          "candidate_id": "hd-20261008-143634-565a00716635/candidates/0/3",
          "kind": "ASSUMPTION",
          "text": "SEQ_SELFSCOUT - Looks useful but isn't: an entropy chart with no link to runs, or a flagged pattern that is really a pitch-quality or situational artifact.",
          "status": "UNVERIFIED",
          "extractor": "line_grammar/v1"
        },
        {
          "id": "hd-20261008-143634-565a00716635/candidates/0/3/claim/31",
          "candidate_id": "hd-20261008-143634-565a00716635/candidates/0/3",
          "kind": "UNKNOWN",
          "text": "SEQ_SELFSCOUT - evidence_linking_sequence_entropy_to_run_prevention, cubs_existing_sequence_audit.",
          "status": "UNVERIFIED",
          "extractor": "line_grammar/v1"
        },
        {
          "id": "hd-20261008-143634-565a00716635/candidates/0/3/claim/32",
          "candidate_id": "hd-20261008-143634-565a00716635/candidates/0/3",
          "kind": "ASSUMPTION",
          "text": "MILB_CONTEXT_NORM - Problem plausibility: league and park differences are real and the comparison recurs. But public sites partly adjust already, and overlap with CALLUP_TRANSLATOR is large, so it is arguably one project.",
          "status": "UNVERIFIED",
          "extractor": "line_grammar/v1"
        },
        {
          "id": "hd-20261008-143634-565a00716635/candidates/0/3/claim/33",
          "candidate_id": "hd-20261008-143634-565a00716635/candidates/0/3",
          "kind": "ASSUMPTION",
          "text": "MILB_CONTEXT_NORM - Data: public stats and rule-change dates are lawful and usable. Rule-regime effects are confounded with talent and call-up churn, and single league-seasons give few samples.",
          "status": "UNVERIFIED",
          "extractor": "line_grammar/v1"
        },
        {
          "id": "hd-20261008-143634-565a00716635/candidates/0/3/claim/34",
          "candidate_id": "hd-20261008-143634-565a00716635/candidates/0/3",
          "kind": "ASSUMPTION",
          "text": "MILB_CONTEXT_NORM - Actionability: staff would alter promotion timing or prospect ranking only if the adjustment moves players across decision thresholds.",
          "status": "UNVERIFIED",
          "extractor": "line_grammar/v1"
        },
        {
          "id": "hd-20261008-143634-565a00716635/candidates/0/3/claim/35",
          "candidate_id": "hd-20261008-143634-565a00716635/candidates/0/3",
          "kind": "ASSUMPTION",
          "text": "MILB_CONTEXT_NORM - Testability: test whether adjusted stats predict later performance better than raw stats, using players who move between leagues or rule regimes as natural checks. Baselines are raw stats and simple park factors.",
          "status": "UNVERIFIED",
          "extractor": "line_grammar/v1"
        },
        {
          "id": "hd-20261008-143634-565a00716635/candidates/0/3/claim/36",
          "candidate_id": "hd-20261008-143634-565a00716635/candidates/0/3",
          "kind": "ASSUMPTION",
          "text": "MILB_CONTEXT_NORM - Alternatives: public park factors, league-level adjusted metrics, and likely internal models.",
          "status": "UNVERIFIED",
          "extractor": "line_grammar/v1"
        },
        {
          "id": "hd-20261008-143634-565a00716635/candidates/0/3/claim/37",
          "candidate_id": "hd-20261008-143634-565a00716635/candidates/0/3",
          "kind": "ASSUMPTION",
          "text": "MILB_CONTEXT_NORM - Looks useful but isn't: over-fit regime coefficients from tiny samples, or adjustments that change values trivially next to the noise.",
          "status": "UNVERIFIED",
          "extractor": "line_grammar/v1"
        },
        {
          "id": "hd-20261008-143634-565a00716635/candidates/0/3/claim/38",
          "candidate_id": "hd-20261008-143634-565a00716635/candidates/0/3",
          "kind": "UNKNOWN",
          "text": "MILB_CONTEXT_NORM - minor_league_rule_regime_effect_sizes, public_milb_park_factor_quality.",
          "status": "UNVERIFIED",
          "extractor": "line_grammar/v1"
        },
        {
          "id": "hd-20261008-143634-565a00716635/candidates/0/3/claim/39",
          "candidate_id": "hd-20261008-143634-565a00716635/candidates/0/3",
          "kind": "ASSUMPTION",
          "text": "OPP_BULLPEN - Problem plausibility: reliever usage affects lineup and pinch-hit choices daily. But opposing managers' choices also depend on private warm-up, health and front-office information.",
          "status": "UNVERIFIED",
          "extractor": "line_grammar/v1"
        },
        {
          "id": "hd-20261008-143634-565a00716635/candidates/0/3/claim/40",
          "candidate_id": "hd-20261008-143634-565a00716635/candidates/0/3",
          "kind": "ASSUMPTION",
          "text": "OPP_BULLPEN - Data: public box scores and pitch counts are lawful and available before game time, but they omit unrecorded warm-ups and injuries, which the Cubs would not see either.",
          "status": "UNVERIFIED",
          "extractor": "line_grammar/v1"
        },
        {
          "id": "hd-20261008-143634-565a00716635/candidates/0/3/claim/41",
          "candidate_id": "hd-20261008-143634-565a00716635/candidates/0/3",
          "kind": "ASSUMPTION",
          "text": "OPP_BULLPEN - Actionability: a lineup or pinch-hit change must follow from a forecast. Often a manager already assumes the opponent's best relievers are used when needed, so the forecast may change little.",
          "status": "UNVERIFIED",
          "extractor": "line_grammar/v1"
        },
        {
          "id": "hd-20261008-143634-565a00716635/candidates/0/3/claim/42",
          "candidate_id": "hd-20261008-143634-565a00716635/candidates/0/3",
          "kind": "ASSUMPTION",
          "text": "OPP_BULLPEN - Testability: strong. Predict which relievers appear using only the prior-day data and compare against naive rules such as \"rested if not used yesterday\". Score by log loss or Brier score. Then test whether any decisions would have differed.",
          "status": "UNVERIFIED",
          "extractor": "line_grammar/v1"
        },
        {
          "id": "hd-20261008-143634-565a00716635/candidates/0/3/claim/43",
          "candidate_id": "hd-20261008-143634-565a00716635/candidates/0/3",
          "kind": "ASSUMPTION",
          "text": "OPP_BULLPEN - Alternatives: advance scouts, public usage trackers and likely club tools.",
          "status": "UNVERIFIED",
          "extractor": "line_grammar/v1"
        },
        {
          "id": "hd-20261008-143634-565a00716635/candidates/0/3/claim/44",
          "candidate_id": "hd-20261008-143634-565a00716635/candidates/0/3",
          "kind": "ASSUMPTION",
          "text": "OPP_BULLPEN - Looks useful but isn't: high forecast accuracy that merely reproduces the naive rule, or accuracy on easy cases only.",
          "status": "UNVERIFIED",
          "extractor": "line_grammar/v1"
        },
        {
          "id": "hd-20261008-143634-565a00716635/candidates/0/3/claim/45",
          "candidate_id": "hd-20261008-143634-565a00716635/candidates/0/3",
          "kind": "UNKNOWN",
          "text": "OPP_BULLPEN - forecast_accuracy_vs_naive_rule, unobserved_bullpen_warmups_effect.",
          "status": "UNVERIFIED",
          "extractor": "line_grammar/v1"
        },
        {
          "id": "hd-20261008-143634-565a00716635/candidates/0/3/claim/46",
          "candidate_id": "hd-20261008-143634-565a00716635/candidates/0/3",
          "kind": "ASSUMPTION",
          "text": "BLINDSPOTS - Shared assumption: public data plus a model equals an edge. Several candidates are parity with sophisticated clubs at best, and the set never shows a Cubs-specific bottleneck.",
          "status": "UNVERIFIED",
          "extractor": "line_grammar/v1"
        },
        {
          "id": "hd-20261008-143634-565a00716635/candidates/0/3/claim/47",
          "candidate_id": "hd-20261008-143634-565a00716635/candidates/0/3",
          "kind": "ASSUMPTION",
          "text": "BLINDSPOTS - Shared assumption: adoption by busy staff. None of the candidates describes how it would reach a decision-maker, or who is accountable when the tool is wrong.",
          "status": "UNVERIFIED",
          "extractor": "line_grammar/v1"
        },
        {
          "id": "hd-20261008-143634-565a00716635/candidates/0/3/claim/48",
          "candidate_id": "hd-20261008-143634-565a00716635/candidates/0/3",
          "kind": "ASSUMPTION",
          "text": "BLINDSPOTS - Shared failure modes: hindsight leakage in backtests, small samples, weak or missing baselines, survivorship bias, and measuring forecast accuracy rather than changed decisions or wins.",
          "status": "UNVERIFIED",
          "extractor": "line_grammar/v1"
        },
        {
          "id": "hd-20261008-143634-565a00716635/candidates/0/3/claim/49",
          "candidate_id": "hd-20261008-143634-565a00716635/candidates/0/3",
          "kind": "ASSUMPTION",
          "text": "BLINDSPOTS - Uncovered user groups and decisions: amateur draft and scouting, in-season pitching staff workload, defense and positioning, ticket and fan-facing operations, and business-side staff. Most candidates also focus on information tools rather than on coordination, data-entry burden or error prevention.",
          "status": "UNVERIFIED",
          "extractor": "line_grammar/v1"
        },
        {
          "id": "hd-20261008-143634-565a00716635/candidates/0/3/claim/50",
          "candidate_id": "hd-20261008-143634-565a00716635/candidates/0/3",
          "kind": "IDEA",
          "text": "BLINDSPOTS - Merge CALLUP_TRANSLATOR and MILB_CONTEXT_NORM into one baseline: a public-data translation model with walk-forward calibration, scored against raw-stat and public-projection baselines. Only if it beats those baselines would any added staff tooling be justified.",
          "status": "UNVERIFIED",
          "extractor": "line_grammar/v1"
        },
        {
          "id": "hd-20261008-143634-565a00716635/candidates/0/3/claim/51",
          "candidate_id": "hd-20261008-143634-565a00716635/candidates/0/3",
          "kind": "IDEA",
          "text": "OPP_BULLPEN - Start with a pre-registered forecast-only test, run as a spreadsheet, and record which Cubs decisions would have changed. Build software only if the forecast beats the naive rule and decisions change.",
          "status": "UNVERIFIED",
          "extractor": "line_grammar/v1"
        },
        {
          "id": "hd-20261008-143634-565a00716635/candidates/0/3/claim/52",
          "candidate_id": "hd-20261008-143634-565a00716635/candidates/0/3",
          "kind": "UNKNOWN",
          "text": "BLINDSPOTS - cubs_internal_analytics_capabilities, existing_cubs_decision_review_process, and the rate at which each candidate decision recurs per season.",
          "status": "UNVERIFIED",
          "extractor": "line_grammar/v1"
        }
      ],
      "evidence_refs": [
        "objective_context"
      ],
      "assumptions": [
        "META - No evidence records or fact keys were supplied, so there are no FACT or CITE lines. Every critique below is speculative and unverified.",
        "META - The candidate assumption lists are pooled across unrelated ideas and are not mapped to their candidates. Several (tipping, grounds crew, replay) belong to ideas outside these six, so they cannot be treated as support for any one of them.",
        "CALLUP_TRANSLATOR - Problem plausibility: promotion decisions recur, but they are driven by roster slots, 40-man status, injuries and development goals as much as by projected performance. A translated-stats forecast may address only a small part of the decision.",
        "CALLUP_TRANSLATOR - Data: public MiLB box-score stats are lawful and timely. Tracking data coverage differs by level and is unverified, and scouting-grade inputs are private and out of scope.",
        "CALLUP_TRANSLATOR - Actionability: staff would change a call-up only if the uncertainty band is wide enough to alter a ranking. Otherwise it is a display of what they already believe.",
        "CALLUP_TRANSLATOR - Testability: backtest translated MiLB lines against later MLB outcomes for players who were actually promoted, using year-by-year training cutoffs, against a naive baseline such as a raw-stat or age-adjusted rule. Survivorship bias is a threat, because only promoted players generate MLB samples. Interval calibration (coverage rates) is a stronger test than point error.",
        "CALLUP_TRANSLATOR - Alternatives: public projection systems and translation methods already exist, and sophisticated clubs likely hold better internal models. A public-data version is at best a baseline.",
        "CALLUP_TRANSLATOR - Looks useful but isn't: polished uncertainty bands on small samples, backtests that leak league-season context from later years, and accuracy measured against a weak baseline rather than the public systems.",
        "ROSTER_LEDGER - Problem plausibility: the rules are real and the deadlines are hard. But errors may be rare, and a rules-literate operations staffer with a spreadsheet may already prevent them.",
        "ROSTER_LEDGER - Data: transactions are public, but option-year counts, service-time edge cases and injured-list interactions may not be fully reconstructible. The ledger would depend on internal records anyway.",
        "ROSTER_LEDGER - Actionability: the warning must arrive early enough to change a move, and someone must own acting on it.",
        "ROSTER_LEDGER - Testability: public data supports little. You could replay past public transactions for violations or near-misses, but internal error history is private. A baseline of a manual calendar would be hard to beat visibly.",
        "ROSTER_LEDGER - Alternatives: league transaction systems, spreadsheets and likely existing club tooling.",
        "ROSTER_LEDGER - Looks useful but isn't: a dashboard with many alerts and no avoided losses, or deadline reminders for items staff already track.",
        "RTP_COMPS - Problem plausibility: injury timelines recur, but medical staff set them from private exams and imaging. Public IL labels are coarse.",
        "RTP_COMPS - Data: public IL entries are lawful but carry limited detail, and injury descriptions may be vague, delayed or inconsistent. The IL date is a roster decision, not an injury date, so it can mislead.",
        "RTP_COMPS - Actionability: the output would shift roster contingency planning only if the comparable distribution is tighter than staff priors. Wide distributions mostly confirm uncertainty.",
        "RTP_COMPS - Testability: forecast days missed by injury type using only information public at the placement date. Compare against a baseline of the league-wide median for IL type, or a position-only baseline, and score interval coverage. Confounding by team medical practice and roster need is a risk.",
        "RTP_COMPS - Alternatives: public injury trackers exist, and clubs with internal medical databases likely already do this better.",
        "RTP_COMPS - Looks useful but isn't: backtests that use diagnoses revealed after the placement date (hindsight), or attractive comparables that are not predictive.",
        "RTP_COMPS - Risk: shared tooling must not take in private Cubs medical data.",
        "SEQ_SELFSCOUT - Problem plausibility: pregame planning recurs. But predictability from count, previous pitch and handedness is only a weak proxy for exploitability, which also depends on pitch quality and location.",
        "SEQ_SELFSCOUT - Data: public pitch-by-pitch data is lawful and available after each game. Pregame use depends on prior games only, so a strict walk-forward test is needed.",
        "SEQ_SELFSCOUT - Actionability: a coach changes sequencing only if reduced predictability improves outcomes. Making a pitcher less predictable can cost pitch quality.",
        "SEQ_SELFSCOUT - Testability: compare sequence entropy or predictability with run prevention in later games. Use a baseline of league-average predictability, and check whether outcomes differ for high- versus low-predictability pitchers. Small samples per pitcher will dominate.",
        "SEQ_SELFSCOUT - Alternatives: public pitch-mix tools and likely internal audits at sophisticated clubs. The edge may be parity.",
        "SEQ_SELFSCOUT - Looks useful but isn't: an entropy chart with no link to runs, or a flagged pattern that is really a pitch-quality or situational artifact.",
        "MILB_CONTEXT_NORM - Problem plausibility: league and park differences are real and the comparison recurs. But public sites partly adjust already, and overlap with CALLUP_TRANSLATOR is large, so it is arguably one project.",
        "MILB_CONTEXT_NORM - Data: public stats and rule-change dates are lawful and usable. Rule-regime effects are confounded with talent and call-up churn, and single league-seasons give few samples.",
        "MILB_CONTEXT_NORM - Actionability: staff would alter promotion timing or prospect ranking only if the adjustment moves players across decision thresholds.",
        "MILB_CONTEXT_NORM - Testability: test whether adjusted stats predict later performance better than raw stats, using players who move between leagues or rule regimes as natural checks. Baselines are raw stats and simple park factors.",
        "MILB_CONTEXT_NORM - Alternatives: public park factors, league-level adjusted metrics, and likely internal models.",
        "MILB_CONTEXT_NORM - Looks useful but isn't: over-fit regime coefficients from tiny samples, or adjustments that change values trivially next to the noise.",
        "OPP_BULLPEN - Problem plausibility: reliever usage affects lineup and pinch-hit choices daily. But opposing managers' choices also depend on private warm-up, health and front-office information.",
        "OPP_BULLPEN - Data: public box scores and pitch counts are lawful and available before game time, but they omit unrecorded warm-ups and injuries, which the Cubs would not see either.",
        "OPP_BULLPEN - Actionability: a lineup or pinch-hit change must follow from a forecast. Often a manager already assumes the opponent's best relievers are used when needed, so the forecast may change little.",
        "OPP_BULLPEN - Testability: strong. Predict which relievers appear using only the prior-day data and compare against naive rules such as \"rested if not used yesterday\". Score by log loss or Brier score. Then test whether any decisions would have differed.",
        "OPP_BULLPEN - Alternatives: advance scouts, public usage trackers and likely club tools.",
        "OPP_BULLPEN - Looks useful but isn't: high forecast accuracy that merely reproduces the naive rule, or accuracy on easy cases only.",
        "BLINDSPOTS - Shared assumption: public data plus a model equals an edge. Several candidates are parity with sophisticated clubs at best, and the set never shows a Cubs-specific bottleneck.",
        "BLINDSPOTS - Shared assumption: adoption by busy staff. None of the candidates describes how it would reach a decision-maker, or who is accountable when the tool is wrong.",
        "BLINDSPOTS - Shared failure modes: hindsight leakage in backtests, small samples, weak or missing baselines, survivorship bias, and measuring forecast accuracy rather than changed decisions or wins.",
        "BLINDSPOTS - Uncovered user groups and decisions: amateur draft and scouting, in-season pitching staff workload, defense and positioning, ticket and fan-facing operations, and business-side staff. Most candidates also focus on information tools rather than on coordination, data-entry burden or error prevention."
      ],
      "unresolved_issues": [
        "META - No evidence records or fact keys were supplied, so there are no FACT or CITE lines. Every critique below is speculative and unverified.",
        "META - The candidate assumption lists are pooled across unrelated ideas and are not mapped to their candidates. Several (tipping, grounds crew, replay) belong to ideas outside these six, so they cannot be treated as support for any one of them.",
        "CALLUP_TRANSLATOR - Problem plausibility: promotion decisions recur, but they are driven by roster slots, 40-man status, injuries and development goals as much as by projected performance. A translated-stats forecast may address only a small part of the decision.",
        "CALLUP_TRANSLATOR - Data: public MiLB box-score stats are lawful and timely. Tracking data coverage differs by level and is unverified, and scouting-grade inputs are private and out of scope.",
        "CALLUP_TRANSLATOR - Actionability: staff would change a call-up only if the uncertainty band is wide enough to alter a ranking. Otherwise it is a display of what they already believe.",
        "CALLUP_TRANSLATOR - Testability: backtest translated MiLB lines against later MLB outcomes for players who were actually promoted, using year-by-year training cutoffs, against a naive baseline such as a raw-stat or age-adjusted rule. Survivorship bias is a threat, because only promoted players generate MLB samples. Interval calibration (coverage rates) is a stronger test than point error.",
        "CALLUP_TRANSLATOR - Alternatives: public projection systems and translation methods already exist, and sophisticated clubs likely hold better internal models. A public-data version is at best a baseline.",
        "CALLUP_TRANSLATOR - Looks useful but isn't: polished uncertainty bands on small samples, backtests that leak league-season context from later years, and accuracy measured against a weak baseline rather than the public systems.",
        "ROSTER_LEDGER - Problem plausibility: the rules are real and the deadlines are hard. But errors may be rare, and a rules-literate operations staffer with a spreadsheet may already prevent them.",
        "ROSTER_LEDGER - Data: transactions are public, but option-year counts, service-time edge cases and injured-list interactions may not be fully reconstructible. The ledger would depend on internal records anyway.",
        "ROSTER_LEDGER - Actionability: the warning must arrive early enough to change a move, and someone must own acting on it.",
        "ROSTER_LEDGER - Testability: public data supports little. You could replay past public transactions for violations or near-misses, but internal error history is private. A baseline of a manual calendar would be hard to beat visibly.",
        "ROSTER_LEDGER - Alternatives: league transaction systems, spreadsheets and likely existing club tooling.",
        "ROSTER_LEDGER - Looks useful but isn't: a dashboard with many alerts and no avoided losses, or deadline reminders for items staff already track.",
        "RTP_COMPS - Problem plausibility: injury timelines recur, but medical staff set them from private exams and imaging. Public IL labels are coarse.",
        "RTP_COMPS - Data: public IL entries are lawful but carry limited detail, and injury descriptions may be vague, delayed or inconsistent. The IL date is a roster decision, not an injury date, so it can mislead.",
        "RTP_COMPS - Actionability: the output would shift roster contingency planning only if the comparable distribution is tighter than staff priors. Wide distributions mostly confirm uncertainty.",
        "RTP_COMPS - Testability: forecast days missed by injury type using only information public at the placement date. Compare against a baseline of the league-wide median for IL type, or a position-only baseline, and score interval coverage. Confounding by team medical practice and roster need is a risk.",
        "RTP_COMPS - Alternatives: public injury trackers exist, and clubs with internal medical databases likely already do this better.",
        "RTP_COMPS - Looks useful but isn't: backtests that use diagnoses revealed after the placement date (hindsight), or attractive comparables that are not predictive.",
        "RTP_COMPS - Risk: shared tooling must not take in private Cubs medical data.",
        "SEQ_SELFSCOUT - Problem plausibility: pregame planning recurs. But predictability from count, previous pitch and handedness is only a weak proxy for exploitability, which also depends on pitch quality and location.",
        "SEQ_SELFSCOUT - Data: public pitch-by-pitch data is lawful and available after each game. Pregame use depends on prior games only, so a strict walk-forward test is needed.",
        "SEQ_SELFSCOUT - Actionability: a coach changes sequencing only if reduced predictability improves outcomes. Making a pitcher less predictable can cost pitch quality.",
        "SEQ_SELFSCOUT - Testability: compare sequence entropy or predictability with run prevention in later games. Use a baseline of league-average predictability, and check whether outcomes differ for high- versus low-predictability pitchers. Small samples per pitcher will dominate.",
        "SEQ_SELFSCOUT - Alternatives: public pitch-mix tools and likely internal audits at sophisticated clubs. The edge may be parity.",
        "SEQ_SELFSCOUT - Looks useful but isn't: an entropy chart with no link to runs, or a flagged pattern that is really a pitch-quality or situational artifact.",
        "MILB_CONTEXT_NORM - Problem plausibility: league and park differences are real and the comparison recurs. But public sites partly adjust already, and overlap with CALLUP_TRANSLATOR is large, so it is arguably one project.",
        "MILB_CONTEXT_NORM - Data: public stats and rule-change dates are lawful and usable. Rule-regime effects are confounded with talent and call-up churn, and single league-seasons give few samples.",
        "MILB_CONTEXT_NORM - Actionability: staff would alter promotion timing or prospect ranking only if the adjustment moves players across decision thresholds.",
        "MILB_CONTEXT_NORM - Testability: test whether adjusted stats predict later performance better than raw stats, using players who move between leagues or rule regimes as natural checks. Baselines are raw stats and simple park factors.",
        "MILB_CONTEXT_NORM - Alternatives: public park factors, league-level adjusted metrics, and likely internal models.",
        "MILB_CONTEXT_NORM - Looks useful but isn't: over-fit regime coefficients from tiny samples, or adjustments that change values trivially next to the noise.",
        "OPP_BULLPEN - Problem plausibility: reliever usage affects lineup and pinch-hit choices daily. But opposing managers' choices also depend on private warm-up, health and front-office information.",
        "OPP_BULLPEN - Data: public box scores and pitch counts are lawful and available before game time, but they omit unrecorded warm-ups and injuries, which the Cubs would not see either.",
        "OPP_BULLPEN - Actionability: a lineup or pinch-hit change must follow from a forecast. Often a manager already assumes the opponent's best relievers are used when needed, so the forecast may change little.",
        "OPP_BULLPEN - Testability: strong. Predict which relievers appear using only the prior-day data and compare against naive rules such as \"rested if not used yesterday\". Score by log loss or Brier score. Then test whether any decisions would have differed.",
        "OPP_BULLPEN - Alternatives: advance scouts, public usage trackers and likely club tools.",
        "OPP_BULLPEN - Looks useful but isn't: high forecast accuracy that merely reproduces the naive rule, or accuracy on easy cases only.",
        "BLINDSPOTS - Shared assumption: public data plus a model equals an edge. Several candidates are parity with sophisticated clubs at best, and the set never shows a Cubs-specific bottleneck.",
        "BLINDSPOTS - Shared assumption: adoption by busy staff. None of the candidates describes how it would reach a decision-maker, or who is accountable when the tool is wrong.",
        "BLINDSPOTS - Shared failure modes: hindsight leakage in backtests, small samples, weak or missing baselines, survivorship bias, and measuring forecast accuracy rather than changed decisions or wins.",
        "BLINDSPOTS - Uncovered user groups and decisions: amateur draft and scouting, in-season pitching staff workload, defense and positioning, ticket and fan-facing operations, and business-side staff. Most candidates also focus on information tools rather than on coordination, data-entry burden or error prevention.",
        "CALLUP_TRANSLATOR - public_milb_statcast_coverage_by_level, and how often the Cubs' promotions hinge on projection rather than roster mechanics.",
        "ROSTER_LEDGER - cubs_roster_admin_error_history, completeness_of_public_option_status_data.",
        "RTP_COMPS - granularity_of_public_injury_descriptions.",
        "SEQ_SELFSCOUT - evidence_linking_sequence_entropy_to_run_prevention, cubs_existing_sequence_audit.",
        "MILB_CONTEXT_NORM - minor_league_rule_regime_effect_sizes, public_milb_park_factor_quality.",
        "OPP_BULLPEN - forecast_accuracy_vs_naive_rule, unobserved_bullpen_warmups_effect.",
        "BLINDSPOTS - Merge CALLUP_TRANSLATOR and MILB_CONTEXT_NORM into one baseline: a public-data translation model with walk-forward calibration, scored against raw-stat and public-projection baselines. Only if it beats those baselines would any added staff tooling be justified.",
        "OPP_BULLPEN - Start with a pre-registered forecast-only test, run as a spreadsheet, and record which Cubs decisions would have changed. Build software only if the forecast beats the naive rule and decisions change.",
        "BLINDSPOTS - cubs_internal_analytics_capabilities, existing_cubs_decision_review_process, and the rate at which each candidate decision recurs per season."
      ],
      "contradictions": [],
      "verified_constraints": [],
      "provenance": {
        "run_id": "hd-20261008-143634-565a00716635",
        "producer_component": "howldream",
        "producer_version": "0.4.4",
        "model_or_provider": "claude-sonnet-5-5",
        "observation_kind": "EXTERNALLY_OBSERVED",
        "created_at": "2026-10-08T14:40:06.782860+00:00",
        "transformations": [
          "generated"
        ],
        "participation": [
          {
            "operation": "GENERATED",
            "transforming_component": "howldream",
            "origin_component": "howldream",
            "origin_provider": "claude",
            "origin_model": "claude-sonnet-5-5",
            "subject_count": 1,
            "inference_occurred": true,
            "note": "Dream prompted the provider; the provider authored the text."
          }
        ],
        "request_id": "cubs-r001-p2-critique",
        "originating_component": "operator",
        "execution": {
          "requested_provider": "command",
          "selected_provider": "command",
          "actual_provider": "claude",
          "adapter": "claude-json",
          "model": "claude-sonnet-5-5",
          "requested_model": "claude-sonnet-5-5",
          "deterministic": false,
          "mocked": false,
          "inference_occurred": true,
          "remote": true,
          "remote_observation": "OPERATOR_DECLARED",
          "fallback_reason": null,
          "elapsed_seconds": 35.58215702697635,
          "usage": {
            "input_tokens": 2,
            "cache_creation_input_tokens": 25482,
            "cache_read_input_tokens": 0,
            "output_tokens": 4448,
            "output_tokens_details": {
              "thinking_tokens": 587
            },
            "server_tool_use": {
              "web_search_requests": 0,
              "web_fetch_requests": 0
            },
            "cache_creation": {
              "ephemeral_1h_input_tokens": 25482,
              "ephemeral_5m_input_tokens": 0
            }
          },
          "cost": 0.146412,
          "request_id": "4a943ea1-71f6-463a-8c2a-612faca371a7",
          "raw_output_received": true,
          "parse_status": "VALID",
          "repair_attempted": false,
          "sampling": null
        },
        "source_candidate_refs": [
          {
            "candidate_id": "hd-20261008-143010-528e5330b08f/candidates/0/0/idea/11",
            "source_run_id": "hd-20261008-143010-528e5330b08f",
            "sha256": "f3e71999a531e2417dffe37887800a90a2236ecc5babad05a5a651d444e56e9e"
          },
          {
            "candidate_id": "hd-20261008-143010-528e5330b08f/candidates/0/0/idea/2",
            "source_run_id": "hd-20261008-143010-528e5330b08f",
            "sha256": "4e8db7a3bdf9ec635aa6e639e76ad370d84d2fcdd15e6f8542cbb495c0ec789a"
          },
          {
            "candidate_id": "hd-20261008-143010-528e5330b08f/candidates/0/1/idea/6",
            "source_run_id": "hd-20261008-143010-528e5330b08f",
            "sha256": "74f28f7205c39a80489dbc1d4d84a0190baf23fe77515f8e9a49e82c5b0ec8c0"
          },
          {
            "candidate_id": "hd-20261008-143010-528e5330b08f/candidates/0/2/idea/3",
            "source_run_id": "hd-20261008-143010-528e5330b08f",
            "sha256": "da2a7682bf51937a0b07a0b5458e6681ffd77ed9ef922096409ea4c762195605"
          },
          {
            "candidate_id": "hd-20261008-143010-528e5330b08f/candidates/0/2/idea/6",
            "source_run_id": "hd-20261008-143010-528e5330b08f",
            "sha256": "e33eb99d2e7470ee275d1cb24845aec52a3a3967cdf6b393d11943073207ad2c"
          },
          {
            "candidate_id": "hd-20261008-143010-528e5330b08f/candidates/0/3/idea/2",
            "source_run_id": "hd-20261008-143010-528e5330b08f",
            "sha256": "a1c986ba7f581f34483e89bc7e580764964017cfcdb934982fc92628bd7052cf"
          }
        ],
        "source_candidates_location": "exploration_envelope.json#/provenance/source_candidates",
        "hard_constraints": [
          "Public or clearly labeled synthetic data only.",
          "Do not invent statistics or private Cubs information.",
          "Prefer falsifiable criticism over praise."
        ],
        "constraint_scope": "UNVERIFIED_GENERATION_GUIDANCE",
        "purpose": "verification",
        "verification": [
          {
            "claim_id": "hd-20261008-143634-565a00716635/candidates/0/3/claim/1",
            "candidate_id": "hd-20261008-143634-565a00716635/candidates/0/3",
            "status": "UNCERTAIN",
            "classifications": [],
            "source_ids": [],
            "evidence_provenance": [],
            "check_scope": "SUPPLIED_LEDGER",
            "critical": false,
            "verifier": "supplied_ledger_and_arithmetic/v2",
            "scorer_type": "deterministic",
            "note": "No available check establishes this proposition."
          },
          {
            "claim_id": "hd-20261008-143634-565a00716635/candidates/0/3/claim/2",
            "candidate_id": "hd-20261008-143634-565a00716635/candidates/0/3",
            "status": "UNCERTAIN",
            "classifications": [],
            "source_ids": [],
            "evidence_provenance": [],
            "check_scope": "SUPPLIED_LEDGER",
            "critical": false,
            "verifier": "supplied_ledger_and_arithmetic/v2",
            "scorer_type": "deterministic",
            "note": "No available check establishes this proposition."
          },
          {
            "claim_id": "hd-20261008-143634-565a00716635/candidates/0/3/claim/3",
            "candidate_id": "hd-20261008-143634-565a00716635/candidates/0/3",
            "status": "UNCERTAIN",
            "classifications": [],
            "source_ids": [],
            "evidence_provenance": [],
            "check_scope": "SUPPLIED_LEDGER",
            "critical": false,
            "verifier": "supplied_ledger_and_arithmetic/v2",
            "scorer_type": "deterministic",
            "note": "No available check establishes this proposition."
          },
          {
            "claim_id": "hd-20261008-143634-565a00716635/candidates/0/3/claim/4",
            "candidate_id": "hd-20261008-143634-565a00716635/candidates/0/3",
            "status": "UNCERTAIN",
            "classifications": [],
            "source_ids": [],
            "evidence_provenance": [],
            "check_scope": "SUPPLIED_LEDGER",
            "critical": false,
            "verifier": "supplied_ledger_and_arithmetic/v2",
            "scorer_type": "deterministic",
            "note": "No available check establishes this proposition."
          },
          {
            "claim_id": "hd-20261008-143634-565a00716635/candidates/0/3/claim/5",
            "candidate_id": "hd-20261008-143634-565a00716635/candidates/0/3",
            "status": "UNCERTAIN",
            "classifications": [],
            "source_ids": [],
            "evidence_provenance": [],
            "check_scope": "SUPPLIED_LEDGER",
            "critical": false,
            "verifier": "supplied_ledger_and_arithmetic/v2",
            "scorer_type": "deterministic",
            "note": "No available check establishes this proposition."
          },
          {
            "claim_id": "hd-20261008-143634-565a00716635/candidates/0/3/claim/6",
            "candidate_id": "hd-20261008-143634-565a00716635/candidates/0/3",
            "status": "UNCERTAIN",
            "classifications": [],
            "source_ids": [],
            "evidence_provenance": [],
            "check_scope": "SUPPLIED_LEDGER",
            "critical": false,
            "verifier": "supplied_ledger_and_arithmetic/v2",
            "scorer_type": "deterministic",
            "note": "No available check establishes this proposition."
          },
          {
            "claim_id": "hd-20261008-143634-565a00716635/candidates/0/3/claim/7",
            "candidate_id": "hd-20261008-143634-565a00716635/candidates/0/3",
            "status": "UNCERTAIN",
            "classifications": [],
            "source_ids": [],
            "evidence_provenance": [],
            "check_scope": "SUPPLIED_LEDGER",
            "critical": false,
            "verifier": "supplied_ledger_and_arithmetic/v2",
            "scorer_type": "deterministic",
            "note": "No available check establishes this proposition."
          },
          {
            "claim_id": "hd-20261008-143634-565a00716635/candidates/0/3/claim/8",
            "candidate_id": "hd-20261008-143634-565a00716635/candidates/0/3",
            "status": "UNCERTAIN",
            "classifications": [],
            "source_ids": [],
            "evidence_provenance": [],
            "check_scope": "SUPPLIED_LEDGER",
            "critical": false,
            "verifier": "supplied_ledger_and_arithmetic/v2",
            "scorer_type": "deterministic",
            "note": "No available check establishes this proposition."
          },
          {
            "claim_id": "hd-20261008-143634-565a00716635/candidates/0/3/claim/9",
            "candidate_id": "hd-20261008-143634-565a00716635/candidates/0/3",
            "status": "UNCERTAIN",
            "classifications": [],
            "source_ids": [],
            "evidence_provenance": [],
            "check_scope": "SUPPLIED_LEDGER",
            "critical": false,
            "verifier": "supplied_ledger_and_arithmetic/v2",
            "scorer_type": "deterministic",
            "note": "Explicit abstention; not counted as a detected failure or a verified fact."
          },
          {
            "claim_id": "hd-20261008-143634-565a00716635/candidates/0/3/claim/10",
            "candidate_id": "hd-20261008-143634-565a00716635/candidates/0/3",
            "status": "UNCERTAIN",
            "classifications": [],
            "source_ids": [],
            "evidence_provenance": [],
            "check_scope": "SUPPLIED_LEDGER",
            "critical": false,
            "verifier": "supplied_ledger_and_arithmetic/v2",
            "scorer_type": "deterministic",
            "note": "No available check establishes this proposition."
          },
          {
            "claim_id": "hd-20261008-143634-565a00716635/candidates/0/3/claim/11",
            "candidate_id": "hd-20261008-143634-565a00716635/candidates/0/3",
            "status": "UNCERTAIN",
            "classifications": [],
            "source_ids": [],
            "evidence_provenance": [],
            "check_scope": "SUPPLIED_LEDGER",
            "critical": false,
            "verifier": "supplied_ledger_and_arithmetic/v2",
            "scorer_type": "deterministic",
            "note": "No available check establishes this proposition."
          },
          {
            "claim_id": "hd-20261008-143634-565a00716635/candidates/0/3/claim/12",
            "candidate_id": "hd-20261008-143634-565a00716635/candidates/0/3",
            "status": "UNCERTAIN",
            "classifications": [],
            "source_ids": [],
            "evidence_provenance": [],
            "check_scope": "SUPPLIED_LEDGER",
            "critical": false,
            "verifier": "supplied_ledger_and_arithmetic/v2",
            "scorer_type": "deterministic",
            "note": "No available check establishes this proposition."
          },
          {
            "claim_id": "hd-20261008-143634-565a00716635/candidates/0/3/claim/13",
            "candidate_id": "hd-20261008-143634-565a00716635/candidates/0/3",
            "status": "UNCERTAIN",
            "classifications": [],
            "source_ids": [],
            "evidence_provenance": [],
            "check_scope": "SUPPLIED_LEDGER",
            "critical": false,
            "verifier": "supplied_ledger_and_arithmetic/v2",
            "scorer_type": "deterministic",
            "note": "No available check establishes this proposition."
          },
          {
            "claim_id": "hd-20261008-143634-565a00716635/candidates/0/3/claim/14",
            "candidate_id": "hd-20261008-143634-565a00716635/candidates/0/3",
            "status": "UNCERTAIN",
            "classifications": [],
            "source_ids": [],
            "evidence_provenance": [],
            "check_scope": "SUPPLIED_LEDGER",
            "critical": false,
            "verifier": "supplied_ledger_and_arithmetic/v2",
            "scorer_type": "deterministic",
            "note": "No available check establishes this proposition."
          },
          {
            "claim_id": "hd-20261008-143634-565a00716635/candidates/0/3/claim/15",
            "candidate_id": "hd-20261008-143634-565a00716635/candidates/0/3",
            "status": "UNCERTAIN",
            "classifications": [],
            "source_ids": [],
            "evidence_provenance": [],
            "check_scope": "SUPPLIED_LEDGER",
            "critical": false,
            "verifier": "supplied_ledger_and_arithmetic/v2",
            "scorer_type": "deterministic",
            "note": "No available check establishes this proposition."
          },
          {
            "claim_id": "hd-20261008-143634-565a00716635/candidates/0/3/claim/16",
            "candidate_id": "hd-20261008-143634-565a00716635/candidates/0/3",
            "status": "UNCERTAIN",
            "classifications": [],
            "source_ids": [],
            "evidence_provenance": [],
            "check_scope": "SUPPLIED_LEDGER",
            "critical": false,
            "verifier": "supplied_ledger_and_arithmetic/v2",
            "scorer_type": "deterministic",
            "note": "Explicit abstention; not counted as a detected failure or a verified fact."
          },
          {
            "claim_id": "hd-20261008-143634-565a00716635/candidates/0/3/claim/17",
            "candidate_id": "hd-20261008-143634-565a00716635/candidates/0/3",
            "status": "UNCERTAIN",
            "classifications": [],
            "source_ids": [],
            "evidence_provenance": [],
            "check_scope": "SUPPLIED_LEDGER",
            "critical": false,
            "verifier": "supplied_ledger_and_arithmetic/v2",
            "scorer_type": "deterministic",
            "note": "No available check establishes this proposition."
          },
          {
            "claim_id": "hd-20261008-143634-565a00716635/candidates/0/3/claim/18",
            "candidate_id": "hd-20261008-143634-565a00716635/candidates/0/3",
            "status": "UNCERTAIN",
            "classifications": [],
            "source_ids": [],
            "evidence_provenance": [],
            "check_scope": "SUPPLIED_LEDGER",
            "critical": false,
            "verifier": "supplied_ledger_and_arithmetic/v2",
            "scorer_type": "deterministic",
            "note": "No available check establishes this proposition."
          },
          {
            "claim_id": "hd-20261008-143634-565a00716635/candidates/0/3/claim/19",
            "candidate_id": "hd-20261008-143634-565a00716635/candidates/0/3",
            "status": "UNCERTAIN",
            "classifications": [],
            "source_ids": [],
            "evidence_provenance": [],
            "check_scope": "SUPPLIED_LEDGER",
            "critical": false,
            "verifier": "supplied_ledger_and_arithmetic/v2",
            "scorer_type": "deterministic",
            "note": "No available check establishes this proposition."
          },
          {
            "claim_id": "hd-20261008-143634-565a00716635/candidates/0/3/claim/20",
            "candidate_id": "hd-20261008-143634-565a00716635/candidates/0/3",
            "status": "UNCERTAIN",
            "classifications": [],
            "source_ids": [],
            "evidence_provenance": [],
            "check_scope": "SUPPLIED_LEDGER",
            "critical": false,
            "verifier": "supplied_ledger_and_arithmetic/v2",
            "scorer_type": "deterministic",
            "note": "No available check establishes this proposition."
          },
          {
            "claim_id": "hd-20261008-143634-565a00716635/candidates/0/3/claim/21",
            "candidate_id": "hd-20261008-143634-565a00716635/candidates/0/3",
            "status": "UNCERTAIN",
            "classifications": [],
            "source_ids": [],
            "evidence_provenance": [],
            "check_scope": "SUPPLIED_LEDGER",
            "critical": false,
            "verifier": "supplied_ledger_and_arithmetic/v2",
            "scorer_type": "deterministic",
            "note": "No available check establishes this proposition."
          },
          {
            "claim_id": "hd-20261008-143634-565a00716635/candidates/0/3/claim/22",
            "candidate_id": "hd-20261008-143634-565a00716635/candidates/0/3",
            "status": "UNCERTAIN",
            "classifications": [],
            "source_ids": [],
            "evidence_provenance": [],
            "check_scope": "SUPPLIED_LEDGER",
            "critical": false,
            "verifier": "supplied_ledger_and_arithmetic/v2",
            "scorer_type": "deterministic",
            "note": "No available check establishes this proposition."
          },
          {
            "claim_id": "hd-20261008-143634-565a00716635/candidates/0/3/claim/23",
            "candidate_id": "hd-20261008-143634-565a00716635/candidates/0/3",
            "status": "UNCERTAIN",
            "classifications": [],
            "source_ids": [],
            "evidence_provenance": [],
            "check_scope": "SUPPLIED_LEDGER",
            "critical": false,
            "verifier": "supplied_ledger_and_arithmetic/v2",
            "scorer_type": "deterministic",
            "note": "No available check establishes this proposition."
          },
          {
            "claim_id": "hd-20261008-143634-565a00716635/candidates/0/3/claim/24",
            "candidate_id": "hd-20261008-143634-565a00716635/candidates/0/3",
            "status": "UNCERTAIN",
            "classifications": [],
            "source_ids": [],
            "evidence_provenance": [],
            "check_scope": "SUPPLIED_LEDGER",
            "critical": false,
            "verifier": "supplied_ledger_and_arithmetic/v2",
            "scorer_type": "deterministic",
            "note": "Explicit abstention; not counted as a detected failure or a verified fact."
          },
          {
            "claim_id": "hd-20261008-143634-565a00716635/candidates/0/3/claim/25",
            "candidate_id": "hd-20261008-143634-565a00716635/candidates/0/3",
            "status": "UNCERTAIN",
            "classifications": [],
            "source_ids": [],
            "evidence_provenance": [],
            "check_scope": "SUPPLIED_LEDGER",
            "critical": false,
            "verifier": "supplied_ledger_and_arithmetic/v2",
            "scorer_type": "deterministic",
            "note": "No available check establishes this proposition."
          },
          {
            "claim_id": "hd-20261008-143634-565a00716635/candidates/0/3/claim/26",
            "candidate_id": "hd-20261008-143634-565a00716635/candidates/0/3",
            "status": "UNCERTAIN",
            "classifications": [],
            "source_ids": [],
            "evidence_provenance": [],
            "check_scope": "SUPPLIED_LEDGER",
            "critical": false,
            "verifier": "supplied_ledger_and_arithmetic/v2",
            "scorer_type": "deterministic",
            "note": "No available check establishes this proposition."
          },
          {
            "claim_id": "hd-20261008-143634-565a00716635/candidates/0/3/claim/27",
            "candidate_id": "hd-20261008-143634-565a00716635/candidates/0/3",
            "status": "UNCERTAIN",
            "classifications": [],
            "source_ids": [],
            "evidence_provenance": [],
            "check_scope": "SUPPLIED_LEDGER",
            "critical": false,
            "verifier": "supplied_ledger_and_arithmetic/v2",
            "scorer_type": "deterministic",
            "note": "No available check establishes this proposition."
          },
          {
            "claim_id": "hd-20261008-143634-565a00716635/candidates/0/3/claim/28",
            "candidate_id": "hd-20261008-143634-565a00716635/candidates/0/3",
            "status": "UNCERTAIN",
            "classifications": [],
            "source_ids": [],
            "evidence_provenance": [],
            "check_scope": "SUPPLIED_LEDGER",
            "critical": false,
            "verifier": "supplied_ledger_and_arithmetic/v2",
            "scorer_type": "deterministic",
            "note": "No available check establishes this proposition."
          },
          {
            "claim_id": "hd-20261008-143634-565a00716635/candidates/0/3/claim/29",
            "candidate_id": "hd-20261008-143634-565a00716635/candidates/0/3",
            "status": "UNCERTAIN",
            "classifications": [],
            "source_ids": [],
            "evidence_provenance": [],
            "check_scope": "SUPPLIED_LEDGER",
            "critical": false,
            "verifier": "supplied_ledger_and_arithmetic/v2",
            "scorer_type": "deterministic",
            "note": "No available check establishes this proposition."
          },
          {
            "claim_id": "hd-20261008-143634-565a00716635/candidates/0/3/claim/30",
            "candidate_id": "hd-20261008-143634-565a00716635/candidates/0/3",
            "status": "UNCERTAIN",
            "classifications": [],
            "source_ids": [],
            "evidence_provenance": [],
            "check_scope": "SUPPLIED_LEDGER",
            "critical": false,
            "verifier": "supplied_ledger_and_arithmetic/v2",
            "scorer_type": "deterministic",
            "note": "No available check establishes this proposition."
          },
          {
            "claim_id": "hd-20261008-143634-565a00716635/candidates/0/3/claim/31",
            "candidate_id": "hd-20261008-143634-565a00716635/candidates/0/3",
            "status": "UNCERTAIN",
            "classifications": [],
            "source_ids": [],
            "evidence_provenance": [],
            "check_scope": "SUPPLIED_LEDGER",
            "critical": false,
            "verifier": "supplied_ledger_and_arithmetic/v2",
            "scorer_type": "deterministic",
            "note": "Explicit abstention; not counted as a detected failure or a verified fact."
          },
          {
            "claim_id": "hd-20261008-143634-565a00716635/candidates/0/3/claim/32",
            "candidate_id": "hd-20261008-143634-565a00716635/candidates/0/3",
            "status": "UNCERTAIN",
            "classifications": [],
            "source_ids": [],
            "evidence_provenance": [],
            "check_scope": "SUPPLIED_LEDGER",
            "critical": false,
            "verifier": "supplied_ledger_and_arithmetic/v2",
            "scorer_type": "deterministic",
            "note": "No available check establishes this proposition."
          },
          {
            "claim_id": "hd-20261008-143634-565a00716635/candidates/0/3/claim/33",
            "candidate_id": "hd-20261008-143634-565a00716635/candidates/0/3",
            "status": "UNCERTAIN",
            "classifications": [],
            "source_ids": [],
            "evidence_provenance": [],
            "check_scope": "SUPPLIED_LEDGER",
            "critical": false,
            "verifier": "supplied_ledger_and_arithmetic/v2",
            "scorer_type": "deterministic",
            "note": "No available check establishes this proposition."
          },
          {
            "claim_id": "hd-20261008-143634-565a00716635/candidates/0/3/claim/34",
            "candidate_id": "hd-20261008-143634-565a00716635/candidates/0/3",
            "status": "UNCERTAIN",
            "classifications": [],
            "source_ids": [],
            "evidence_provenance": [],
            "check_scope": "SUPPLIED_LEDGER",
            "critical": false,
            "verifier": "supplied_ledger_and_arithmetic/v2",
            "scorer_type": "deterministic",
            "note": "No available check establishes this proposition."
          },
          {
            "claim_id": "hd-20261008-143634-565a00716635/candidates/0/3/claim/35",
            "candidate_id": "hd-20261008-143634-565a00716635/candidates/0/3",
            "status": "UNCERTAIN",
            "classifications": [],
            "source_ids": [],
            "evidence_provenance": [],
            "check_scope": "SUPPLIED_LEDGER",
            "critical": false,
            "verifier": "supplied_ledger_and_arithmetic/v2",
            "scorer_type": "deterministic",
            "note": "No available check establishes this proposition."
          },
          {
            "claim_id": "hd-20261008-143634-565a00716635/candidates/0/3/claim/36",
            "candidate_id": "hd-20261008-143634-565a00716635/candidates/0/3",
            "status": "UNCERTAIN",
            "classifications": [],
            "source_ids": [],
            "evidence_provenance": [],
            "check_scope": "SUPPLIED_LEDGER",
            "critical": false,
            "verifier": "supplied_ledger_and_arithmetic/v2",
            "scorer_type": "deterministic",
            "note": "No available check establishes this proposition."
          },
          {
            "claim_id": "hd-20261008-143634-565a00716635/candidates/0/3/claim/37",
            "candidate_id": "hd-20261008-143634-565a00716635/candidates/0/3",
            "status": "UNCERTAIN",
            "classifications": [],
            "source_ids": [],
            "evidence_provenance": [],
            "check_scope": "SUPPLIED_LEDGER",
            "critical": false,
            "verifier": "supplied_ledger_and_arithmetic/v2",
            "scorer_type": "deterministic",
            "note": "No available check establishes this proposition."
          },
          {
            "claim_id": "hd-20261008-143634-565a00716635/candidates/0/3/claim/38",
            "candidate_id": "hd-20261008-143634-565a00716635/candidates/0/3",
            "status": "UNCERTAIN",
            "classifications": [],
            "source_ids": [],
            "evidence_provenance": [],
            "check_scope": "SUPPLIED_LEDGER",
            "critical": false,
            "verifier": "supplied_ledger_and_arithmetic/v2",
            "scorer_type": "deterministic",
            "note": "Explicit abstention; not counted as a detected failure or a verified fact."
          },
          {
            "claim_id": "hd-20261008-143634-565a00716635/candidates/0/3/claim/39",
            "candidate_id": "hd-20261008-143634-565a00716635/candidates/0/3",
            "status": "UNCERTAIN",
            "classifications": [],
            "source_ids": [],
            "evidence_provenance": [],
            "check_scope": "SUPPLIED_LEDGER",
            "critical": false,
            "verifier": "supplied_ledger_and_arithmetic/v2",
            "scorer_type": "deterministic",
            "note": "No available check establishes this proposition."
          },
          {
            "claim_id": "hd-20261008-143634-565a00716635/candidates/0/3/claim/40",
            "candidate_id": "hd-20261008-143634-565a00716635/candidates/0/3",
            "status": "UNCERTAIN",
            "classifications": [],
            "source_ids": [],
            "evidence_provenance": [],
            "check_scope": "SUPPLIED_LEDGER",
            "critical": false,
            "verifier": "supplied_ledger_and_arithmetic/v2",
            "scorer_type": "deterministic",
            "note": "No available check establishes this proposition."
          },
          {
            "claim_id": "hd-20261008-143634-565a00716635/candidates/0/3/claim/41",
            "candidate_id": "hd-20261008-143634-565a00716635/candidates/0/3",
            "status": "UNCERTAIN",
            "classifications": [],
            "source_ids": [],
            "evidence_provenance": [],
            "check_scope": "SUPPLIED_LEDGER",
            "critical": false,
            "verifier": "supplied_ledger_and_arithmetic/v2",
            "scorer_type": "deterministic",
            "note": "No available check establishes this proposition."
          },
          {
            "claim_id": "hd-20261008-143634-565a00716635/candidates/0/3/claim/42",
            "candidate_id": "hd-20261008-143634-565a00716635/candidates/0/3",
            "status": "UNCERTAIN",
            "classifications": [],
            "source_ids": [],
            "evidence_provenance": [],
            "check_scope": "SUPPLIED_LEDGER",
            "critical": false,
            "verifier": "supplied_ledger_and_arithmetic/v2",
            "scorer_type": "deterministic",
            "note": "No available check establishes this proposition."
          },
          {
            "claim_id": "hd-20261008-143634-565a00716635/candidates/0/3/claim/43",
            "candidate_id": "hd-20261008-143634-565a00716635/candidates/0/3",
            "status": "UNCERTAIN",
            "classifications": [],
            "source_ids": [],
            "evidence_provenance": [],
            "check_scope": "SUPPLIED_LEDGER",
            "critical": false,
            "verifier": "supplied_ledger_and_arithmetic/v2",
            "scorer_type": "deterministic",
            "note": "No available check establishes this proposition."
          },
          {
            "claim_id": "hd-20261008-143634-565a00716635/candidates/0/3/claim/44",
            "candidate_id": "hd-20261008-143634-565a00716635/candidates/0/3",
            "status": "UNCERTAIN",
            "classifications": [],
            "source_ids": [],
            "evidence_provenance": [],
            "check_scope": "SUPPLIED_LEDGER",
            "critical": false,
            "verifier": "supplied_ledger_and_arithmetic/v2",
            "scorer_type": "deterministic",
            "note": "No available check establishes this proposition."
          },
          {
            "claim_id": "hd-20261008-143634-565a00716635/candidates/0/3/claim/45",
            "candidate_id": "hd-20261008-143634-565a00716635/candidates/0/3",
            "status": "UNCERTAIN",
            "classifications": [],
            "source_ids": [],
            "evidence_provenance": [],
            "check_scope": "SUPPLIED_LEDGER",
            "critical": false,
            "verifier": "supplied_ledger_and_arithmetic/v2",
            "scorer_type": "deterministic",
            "note": "Explicit abstention; not counted as a detected failure or a verified fact."
          },
          {
            "claim_id": "hd-20261008-143634-565a00716635/candidates/0/3/claim/46",
            "candidate_id": "hd-20261008-143634-565a00716635/candidates/0/3",
            "status": "UNCERTAIN",
            "classifications": [],
            "source_ids": [],
            "evidence_provenance": [],
            "check_scope": "SUPPLIED_LEDGER",
            "critical": false,
            "verifier": "supplied_ledger_and_arithmetic/v2",
            "scorer_type": "deterministic",
            "note": "No available check establishes this proposition."
          },
          {
            "claim_id": "hd-20261008-143634-565a00716635/candidates/0/3/claim/47",
            "candidate_id": "hd-20261008-143634-565a00716635/candidates/0/3",
            "status": "UNCERTAIN",
            "classifications": [],
            "source_ids": [],
            "evidence_provenance": [],
            "check_scope": "SUPPLIED_LEDGER",
            "critical": false,
            "verifier": "supplied_ledger_and_arithmetic/v2",
            "scorer_type": "deterministic",
            "note": "No available check establishes this proposition."
          },
          {
            "claim_id": "hd-20261008-143634-565a00716635/candidates/0/3/claim/48",
            "candidate_id": "hd-20261008-143634-565a00716635/candidates/0/3",
            "status": "UNCERTAIN",
            "classifications": [],
            "source_ids": [],
            "evidence_provenance": [],
            "check_scope": "SUPPLIED_LEDGER",
            "critical": false,
            "verifier": "supplied_ledger_and_arithmetic/v2",
            "scorer_type": "deterministic",
            "note": "No available check establishes this proposition."
          },
          {
            "claim_id": "hd-20261008-143634-565a00716635/candidates/0/3/claim/49",
            "candidate_id": "hd-20261008-143634-565a00716635/candidates/0/3",
            "status": "UNCERTAIN",
            "classifications": [],
            "source_ids": [],
            "evidence_provenance": [],
            "check_scope": "SUPPLIED_LEDGER",
            "critical": false,
            "verifier": "supplied_ledger_and_arithmetic/v2",
            "scorer_type": "deterministic",
            "note": "No available check establishes this proposition."
          },
          {
            "claim_id": "hd-20261008-143634-565a00716635/candidates/0/3/claim/50",
            "candidate_id": "hd-20261008-143634-565a00716635/candidates/0/3",
            "status": "UNCERTAIN",
            "classifications": [],
            "source_ids": [],
            "evidence_provenance": [],
            "check_scope": "SUPPLIED_LEDGER",
            "critical": false,
            "verifier": "supplied_ledger_and_arithmetic/v2",
            "scorer_type": "deterministic",
            "note": "No available check establishes this proposition."
          },
          {
            "claim_id": "hd-20261008-143634-565a00716635/candidates/0/3/claim/51",
            "candidate_id": "hd-20261008-143634-565a00716635/candidates/0/3",
            "status": "UNCERTAIN",
            "classifications": [],
            "source_ids": [],
            "evidence_provenance": [],
            "check_scope": "SUPPLIED_LEDGER",
            "critical": false,
            "verifier": "supplied_ledger_and_arithmetic/v2",
            "scorer_type": "deterministic",
            "note": "No available check establishes this proposition."
          },
          {
            "claim_id": "hd-20261008-143634-565a00716635/candidates/0/3/claim/52",
            "candidate_id": "hd-20261008-143634-565a00716635/candidates/0/3",
            "status": "UNCERTAIN",
            "classifications": [],
            "source_ids": [],
            "evidence_provenance": [],
            "check_scope": "SUPPLIED_LEDGER",
            "critical": false,
            "verifier": "supplied_ledger_and_arithmetic/v2",
            "scorer_type": "deterministic",
            "note": "Explicit abstention; not counted as a detected failure or a verified fact."
          }
        ],
        "candidate_index": 3,
        "trial": 0,
        "prompt_hash": "aa3a1dafe2148c0908ede810c7ceec694ed0ab89d65fdf3a6bd06a16161645e3",
        "output_hash": "c0dfb48e07a6da10ab1dfb587a6f295f5147d269d5e43c8781ce3773da4ef462"
      }
    }
  ],
  "claims": [
    {
      "id": "hd-20261008-143634-565a00716635/baseline/0/0/claim/1",
      "candidate_id": "hd-20261008-143634-565a00716635/baseline/0/0",
      "kind": "ASSUMPTION",
      "text": "MiLB-translation | Recurrence: promotions happen repeatedly, but the readiness decision is rarely driven by stats alone. Defense, health, 40-man status, and development goals likely dominate, so a stat-translation tool may address a minor input.",
      "status": "UNVERIFIED",
      "extractor": "line_grammar/v1"
    },
    {
      "id": "hd-20261008-143634-565a00716635/baseline/0/0/claim/2",
      "candidate_id": "hd-20261008-143634-565a00716635/baseline/0/0",
      "kind": "ASSUMPTION",
      "text": "MiLB-translation | Data and timing: public MiLB stats are lawful and timely, but the public tracking depth varies by level and is unverified. Any park or league adjustments must use only information available on the decision date, with no end-of-season factors.",
      "status": "UNVERIFIED",
      "extractor": "line_grammar/v1"
    },
    {
      "id": "hd-20261008-143634-565a00716635/baseline/0/0/claim/3",
      "candidate_id": "hd-20261008-143634-565a00716635/baseline/0/0",
      "kind": "ASSUMPTION",
      "text": "MiLB-translation | Actionability: uncertainty bands only matter if staff would change a promotion date or pick a different player. If bands are always wide, the tool shows \"we don't know\" without changing anything.",
      "status": "UNVERIFIED",
      "extractor": "line_grammar/v1"
    },
    {
      "id": "hd-20261008-143634-565a00716635/baseline/0/0/claim/4",
      "candidate_id": "hd-20261008-143634-565a00716635/baseline/0/0",
      "kind": "ASSUMPTION",
      "text": "MiLB-translation | Testability: a retrospective test is possible. Compare a rolling-origin forecast of next-period MLB performance against a baseline such as regressed prior-season MLB-equivalent projections or a public translation. Judge it on calibration and error, not on anecdotes. Selection bias is a risk because only promoted players have MLB outcomes.",
      "status": "UNVERIFIED",
      "extractor": "line_grammar/v1"
    },
    {
      "id": "hd-20261008-143634-565a00716635/baseline/0/0/claim/5",
      "candidate_id": "hd-20261008-143634-565a00716635/baseline/0/0",
      "kind": "ASSUMPTION",
      "text": "MiLB-translation | Alternatives: public projection systems and translation methods already exist, and sophisticated clubs likely have internal versions using richer private data. A public-data version is at most a baseline.",
      "status": "UNVERIFIED",
      "extractor": "line_grammar/v1"
    },
    {
      "id": "hd-20261008-143634-565a00716635/baseline/0/0/claim/6",
      "candidate_id": "hd-20261008-143634-565a00716635/baseline/0/0",
      "kind": "ASSUMPTION",
      "text": "MiLB-translation | Looks useful but isn't: polished dashboards with confidence bands and in-sample fits on past call-ups. Back-fitted translation factors and hindsight park or league effects also look strong without helping.",
      "status": "UNVERIFIED",
      "extractor": "line_grammar/v1"
    },
    {
      "id": "hd-20261008-143634-565a00716635/baseline/0/0/claim/7",
      "candidate_id": "hd-20261008-143634-565a00716635/baseline/0/0",
      "kind": "UNKNOWN",
      "text": "MiLB-translation | public_milb_statcast_coverage_by_level",
      "status": "UNVERIFIED",
      "extractor": "line_grammar/v1"
    },
    {
      "id": "hd-20261008-143634-565a00716635/baseline/0/0/claim/8",
      "candidate_id": "hd-20261008-143634-565a00716635/baseline/0/0",
      "kind": "UNKNOWN",
      "text": "MiLB-translation | how_often_stats_alone_decide_promotions",
      "status": "UNVERIFIED",
      "extractor": "line_grammar/v1"
    },
    {
      "id": "hd-20261008-143634-565a00716635/baseline/0/0/claim/9",
      "candidate_id": "hd-20261008-143634-565a00716635/baseline/0/0",
      "kind": "ASSUMPTION",
      "text": "Roster-ledger | Recurrence: the decisions recur and the rules are real constraints, so the problem is plausible. The question is whether errors occur, since a rules-literate operations staffer may already prevent them.",
      "status": "UNVERIFIED",
      "extractor": "line_grammar/v1"
    },
    {
      "id": "hd-20261008-143634-565a00716635/baseline/0/0/claim/10",
      "candidate_id": "hd-20261008-143634-565a00716635/baseline/0/0",
      "kind": "ASSUMPTION",
      "text": "Roster-ledger | Data: rules and many transactions are public, but exact option-year counts, service time, and injured-list edge cases may not be fully reconstructable from public logs. A tool that is wrong about eligibility is worse than a spreadsheet maintained by someone with authoritative internal records.",
      "status": "UNVERIFIED",
      "extractor": "line_grammar/v1"
    },
    {
      "id": "hd-20261008-143634-565a00716635/baseline/0/0/claim/11",
      "candidate_id": "hd-20261008-143634-565a00716635/baseline/0/0",
      "kind": "ASSUMPTION",
      "text": "Roster-ledger | Actionability: a warning only helps if it arrives earlier than staff already know. If the answer is \"someone would have checked this anyway,\" the value is only reliability.",
      "status": "UNVERIFIED",
      "extractor": "line_grammar/v1"
    },
    {
      "id": "hd-20261008-143634-565a00716635/baseline/0/0/claim/12",
      "candidate_id": "hd-20261008-143634-565a00716635/baseline/0/0",
      "kind": "ASSUMPTION",
      "text": "Roster-ledger | Testability: public data supports only a weak test. Replay past transactions to see how often a rule-constrained move was made late or missed. Private error logs would be needed for a true baseline, which is a simple manual checklist.",
      "status": "UNVERIFIED",
      "extractor": "line_grammar/v1"
    },
    {
      "id": "hd-20261008-143634-565a00716635/baseline/0/0/claim/13",
      "candidate_id": "hd-20261008-143634-565a00716635/baseline/0/0",
      "kind": "ASSUMPTION",
      "text": "Roster-ledger | Alternatives: spreadsheets, league-office clearance, and internal club systems very likely already do this. Parity at best.",
      "status": "UNVERIFIED",
      "extractor": "line_grammar/v1"
    },
    {
      "id": "hd-20261008-143634-565a00716635/baseline/0/0/claim/14",
      "candidate_id": "hd-20261008-143634-565a00716635/baseline/0/0",
      "kind": "ASSUMPTION",
      "text": "Roster-ledger | Looks useful but isn't: a polished calendar of deadlines that duplicates what staff already track, with no count of avoided errors.",
      "status": "UNVERIFIED",
      "extractor": "line_grammar/v1"
    },
    {
      "id": "hd-20261008-143634-565a00716635/baseline/0/0/claim/15",
      "candidate_id": "hd-20261008-143634-565a00716635/baseline/0/0",
      "kind": "UNKNOWN",
      "text": "Roster-ledger | cubs_roster_admin_error_history",
      "status": "UNVERIFIED",
      "extractor": "line_grammar/v1"
    },
    {
      "id": "hd-20261008-143634-565a00716635/baseline/0/0/claim/16",
      "candidate_id": "hd-20261008-143634-565a00716635/baseline/0/0",
      "kind": "UNKNOWN",
      "text": "Roster-ledger | completeness_of_public_option_status_data",
      "status": "UNVERIFIED",
      "extractor": "line_grammar/v1"
    },
    {
      "id": "hd-20261008-143634-565a00716635/baseline/0/0/claim/17",
      "candidate_id": "hd-20261008-143634-565a00716635/baseline/0/0",
      "kind": "ASSUMPTION",
      "text": "Return-to-play | Recurrence: injured-list placements recur, but each case is individual. Public IL data is sparse on diagnosis, severity, and treatment, so comparables may be too coarse to be informative.",
      "status": "UNVERIFIED",
      "extractor": "line_grammar/v1"
    },
    {
      "id": "hd-20261008-143634-565a00716635/baseline/0/0/claim/18",
      "candidate_id": "hd-20261008-143634-565a00716635/baseline/0/0",
      "kind": "ASSUMPTION",
      "text": "Return-to-play | Data: public IL logs are lawful, but injury labels are often vague or delayed, and players' later performance depends on team-chosen workloads. Only information known at placement time may be used, so leakage from later reports must be excluded.",
      "status": "UNVERIFIED",
      "extractor": "line_grammar/v1"
    },
    {
      "id": "hd-20261008-143634-565a00716635/baseline/0/0/claim/19",
      "candidate_id": "hd-20261008-143634-565a00716635/baseline/0/0",
      "kind": "ASSUMPTION",
      "text": "Return-to-play | Actionability: a public-data distribution of days missed could set roster contingency expectations. It must not override medical judgment, and medical staff with private information have little reason to defer to it.",
      "status": "UNVERIFIED",
      "extractor": "line_grammar/v1"
    },
    {
      "id": "hd-20261008-143634-565a00716635/baseline/0/0/claim/20",
      "candidate_id": "hd-20261008-143634-565a00716635/baseline/0/0",
      "kind": "ASSUMPTION",
      "text": "Return-to-play | Testability: retrospective evaluation is possible. Predict days missed at placement time and compare against a baseline such as the league-wide median by broad injury category. Small sample sizes within categories will limit precision.",
      "status": "UNVERIFIED",
      "extractor": "line_grammar/v1"
    },
    {
      "id": "hd-20261008-143634-565a00716635/baseline/0/0/claim/21",
      "candidate_id": "hd-20261008-143634-565a00716635/baseline/0/0",
      "kind": "ASSUMPTION",
      "text": "Return-to-play | Alternatives: clubs with internal medical databases and vendors likely already do this better. Public writers also publish injury-duration summaries.",
      "status": "UNVERIFIED",
      "extractor": "line_grammar/v1"
    },
    {
      "id": "hd-20261008-143634-565a00716635/baseline/0/0/claim/22",
      "candidate_id": "hd-20261008-143634-565a00716635/baseline/0/0",
      "kind": "ASSUMPTION",
      "text": "Return-to-play | Looks useful but isn't: wide distributions presented as precise timelines, or comparable searches that retrieve a few cases and feel like evidence. Any version using private Cubs medical data in a shared tool would be a compliance concern.",
      "status": "UNVERIFIED",
      "extractor": "line_grammar/v1"
    },
    {
      "id": "hd-20261008-143634-565a00716635/baseline/0/0/claim/23",
      "candidate_id": "hd-20261008-143634-565a00716635/baseline/0/0",
      "kind": "UNKNOWN",
      "text": "Return-to-play | granularity_of_public_injury_descriptions",
      "status": "UNVERIFIED",
      "extractor": "line_grammar/v1"
    },
    {
      "id": "hd-20261008-143634-565a00716635/baseline/0/0/claim/24",
      "candidate_id": "hd-20261008-143634-565a00716635/baseline/0/0",
      "kind": "UNKNOWN",
      "text": "Return-to-play | whether_roster_contingency_planning_is_currently_limited_by_timeline_estimates",
      "status": "UNVERIFIED",
      "extractor": "line_grammar/v1"
    },
    {
      "id": "hd-20261008-143634-565a00716635/baseline/0/0/claim/25",
      "candidate_id": "hd-20261008-143634-565a00716635/baseline/0/0",
      "kind": "ASSUMPTION",
      "text": "Pitch-predictability | Recurrence: pregame planning recurs. The problem is plausible because predictable sequencing is exploitable, but pitch choice already responds to batter-specific plans, so a count/previous-pitch model may miss the actual reasons.",
      "status": "UNVERIFIED",
      "extractor": "line_grammar/v1"
    },
    {
      "id": "hd-20261008-143634-565a00716635/baseline/0/0/claim/26",
      "candidate_id": "hd-20261008-143634-565a00716635/baseline/0/0",
      "kind": "ASSUMPTION",
      "text": "Pitch-predictability | Data: public pitch-by-pitch data is lawful and available after each game, which supports a self-audit before the next start. The model must be fitted only on past games.",
      "status": "UNVERIFIED",
      "extractor": "line_grammar/v1"
    },
    {
      "id": "hd-20261008-143634-565a00716635/baseline/0/0/claim/27",
      "candidate_id": "hd-20261008-143634-565a00716635/baseline/0/0",
      "kind": "ASSUMPTION",
      "text": "Pitch-predictability | Actionability: a pitcher who is \"predictable\" can only be told to vary. Unpredictability that sacrifices the best pitch may be worse. Predictability does not equal exploitability unless hitters demonstrably do better when it holds.",
      "status": "UNVERIFIED",
      "extractor": "line_grammar/v1"
    },
    {
      "id": "hd-20261008-143634-565a00716635/baseline/0/0/claim/28",
      "candidate_id": "hd-20261008-143634-565a00716635/baseline/0/0",
      "kind": "ASSUMPTION",
      "text": "Pitch-predictability | Testability: fit the predictability model on early data, then test whether higher predictability correlates with worse outcomes in later data, versus a baseline such as pitch-mix frequency alone. Confounding by pitcher quality and batter strength is likely.",
      "status": "UNVERIFIED",
      "extractor": "line_grammar/v1"
    },
    {
      "id": "hd-20261008-143634-565a00716635/baseline/0/0/claim/29",
      "candidate_id": "hd-20261008-143634-565a00716635/baseline/0/0",
      "kind": "ASSUMPTION",
      "text": "Pitch-predictability | Alternatives: public leaderboards, analysts' spreadsheets, and internal pitching groups probably already include this. Parity at best.",
      "status": "UNVERIFIED",
      "extractor": "line_grammar/v1"
    },
    {
      "id": "hd-20261008-143634-565a00716635/baseline/0/0/claim/30",
      "candidate_id": "hd-20261008-143634-565a00716635/baseline/0/0",
      "kind": "ASSUMPTION",
      "text": "Pitch-predictability | Looks useful but isn't: a high-accuracy classifier. Predictable pitch types, such as fastballs in 0-2 counts or common patterns, may be optimal anyway. A high accuracy score then proves nothing about exploitability.",
      "status": "UNVERIFIED",
      "extractor": "line_grammar/v1"
    },
    {
      "id": "hd-20261008-143634-565a00716635/baseline/0/0/claim/31",
      "candidate_id": "hd-20261008-143634-565a00716635/baseline/0/0",
      "kind": "UNKNOWN",
      "text": "Pitch-predictability | evidence_linking_sequence_entropy_to_run_prevention",
      "status": "UNVERIFIED",
      "extractor": "line_grammar/v1"
    },
    {
      "id": "hd-20261008-143634-565a00716635/baseline/0/0/claim/32",
      "candidate_id": "hd-20261008-143634-565a00716635/baseline/0/0",
      "kind": "UNKNOWN",
      "text": "Pitch-predictability | cubs_existing_sequence_audit",
      "status": "UNVERIFIED",
      "extractor": "line_grammar/v1"
    },
    {
      "id": "hd-20261008-143634-565a00716635/baseline/0/0/claim/33",
      "candidate_id": "hd-20261008-143634-565a00716635/baseline/0/0",
      "kind": "ASSUMPTION",
      "text": "Context-normalization | Recurrence: minor league evaluators face the problem repeatedly, but it overlaps heavily with MiLB-translation. A rule-regime adjustment is one input to a translation model, not a separate product.",
      "status": "UNVERIFIED",
      "extractor": "line_grammar/v1"
    },
    {
      "id": "hd-20261008-143634-565a00716635/baseline/0/0/claim/34",
      "candidate_id": "hd-20261008-143634-565a00716635/baseline/0/0",
      "kind": "ASSUMPTION",
      "text": "Context-normalization | Data: public league-season stats and rule-change dates are lawful. Effects from rule changes such as automated zones or the pitch clock are confounded with player age, promotion patterns, and the league's talent mix. Using a rule effect estimated after the fact would be hindsight.",
      "status": "UNVERIFIED",
      "extractor": "line_grammar/v1"
    },
    {
      "id": "hd-20261008-143634-565a00716635/baseline/0/0/claim/35",
      "candidate_id": "hd-20261008-143634-565a00716635/baseline/0/0",
      "kind": "ASSUMPTION",
      "text": "Context-normalization | Actionability: the adjustment might alter a promotion date or a prospect comparison, but only if the adjustment is large relative to its error. Small samples per league-season may make the adjustment noisier than the unadjusted line.",
      "status": "UNVERIFIED",
      "extractor": "line_grammar/v1"
    },
    {
      "id": "hd-20261008-143634-565a00716635/baseline/0/0/claim/36",
      "candidate_id": "hd-20261008-143634-565a00716635/baseline/0/0",
      "kind": "ASSUMPTION",
      "text": "Context-normalization | Testability: compare adjusted versus unadjusted stats as predictors of next-level performance, using only information available at the time. The baseline is raw stats with a simple league-average adjustment.",
      "status": "UNVERIFIED",
      "extractor": "line_grammar/v1"
    },
    {
      "id": "hd-20261008-143634-565a00716635/baseline/0/0/claim/37",
      "candidate_id": "hd-20261008-143634-565a00716635/baseline/0/0",
      "kind": "ASSUMPTION",
      "text": "Context-normalization | Alternatives: public park factors and league adjustments exist, and clubs with private tracking data likely do richer normalization.",
      "status": "UNVERIFIED",
      "extractor": "line_grammar/v1"
    },
    {
      "id": "hd-20261008-143634-565a00716635/baseline/0/0/claim/38",
      "candidate_id": "hd-20261008-143634-565a00716635/baseline/0/0",
      "kind": "ASSUMPTION",
      "text": "Context-normalization | Looks useful but isn't: elaborate adjustment factors that change little in rankings, or ones refit each year so they appear to fit.",
      "status": "UNVERIFIED",
      "extractor": "line_grammar/v1"
    },
    {
      "id": "hd-20261008-143634-565a00716635/baseline/0/0/claim/39",
      "candidate_id": "hd-20261008-143634-565a00716635/baseline/0/0",
      "kind": "UNKNOWN",
      "text": "Context-normalization | minor_league_rule_regime_effect_sizes",
      "status": "UNVERIFIED",
      "extractor": "line_grammar/v1"
    },
    {
      "id": "hd-20261008-143634-565a00716635/baseline/0/0/claim/40",
      "candidate_id": "hd-20261008-143634-565a00716635/baseline/0/0",
      "kind": "UNKNOWN",
      "text": "Context-normalization | public_milb_park_factor_quality",
      "status": "UNVERIFIED",
      "extractor": "line_grammar/v1"
    },
    {
      "id": "hd-20261008-143634-565a00716635/baseline/0/0/claim/41",
      "candidate_id": "hd-20261008-143634-565a00716635/baseline/0/0",
      "kind": "CONFLICT",
      "text": "MiLB-translation vs Context-normalization | both address minor-league-to-majors stat adjustment for the same users and decision, so they are one opportunity class counted twice.",
      "status": "UNVERIFIED",
      "extractor": "line_grammar/v1"
    },
    {
      "id": "hd-20261008-143634-565a00716635/baseline/0/0/claim/42",
      "candidate_id": "hd-20261008-143634-565a00716635/baseline/0/0",
      "kind": "ASSUMPTION",
      "text": "Bullpen-forecast | Recurrence: the decision recurs daily, and relievers' availability affects pinch-hit and platoon timing. But the opposing manager's choices often depend on warm-up and injury information that is not public.",
      "status": "UNVERIFIED",
      "extractor": "line_grammar/v1"
    },
    {
      "id": "hd-20261008-143634-565a00716635/baseline/0/0/claim/43",
      "candidate_id": "hd-20261008-143634-565a00716635/baseline/0/0",
      "kind": "ASSUMPTION",
      "text": "Bullpen-forecast | Data: box scores with pitch counts are public and available the next morning, so the forecast can be built without hindsight. Rest rules are inferred from patterns. Unobservable factors such as warm-ups and minor injuries cap accuracy.",
      "status": "UNVERIFIED",
      "extractor": "line_grammar/v1"
    },
    {
      "id": "hd-20261008-143634-565a00716635/baseline/0/0/claim/44",
      "candidate_id": "hd-20261008-143634-565a00716635/baseline/0/0",
      "kind": "ASSUMPTION",
      "text": "Bullpen-forecast | Actionability: only useful if the forecast changes the lineup or pinch-hit timing. Staff may already track available arms, and a forecast that says \"probably unavailable\" might not change anything.",
      "status": "UNVERIFIED",
      "extractor": "line_grammar/v1"
    },
    {
      "id": "hd-20261008-143634-565a00716635/baseline/0/0/claim/45",
      "candidate_id": "hd-20261008-143634-565a00716635/baseline/0/0",
      "kind": "ASSUMPTION",
      "text": "Bullpen-forecast | Testability: strong. Predict each opponent reliever's availability from prior days and compare against a naive rule, such as \"no pitching on a third consecutive day or after more than N pitches.\" Evaluate it by log loss. Then test separately whether Cubs decisions would have changed.",
      "status": "UNVERIFIED",
      "extractor": "line_grammar/v1"
    },
    {
      "id": "hd-20261008-143634-565a00716635/baseline/0/0/claim/46",
      "candidate_id": "hd-20261008-143634-565a00716635/baseline/0/0",
      "kind": "ASSUMPTION",
      "text": "Bullpen-forecast | Alternatives: advance scouts, public bullpen-usage trackers, and club spreadsheets already do this. Fantasy and public sites publish similar availability estimates.",
      "status": "UNVERIFIED",
      "extractor": "line_grammar/v1"
    },
    {
      "id": "hd-20261008-143634-565a00716635/baseline/0/0/claim/47",
      "candidate_id": "hd-20261008-143634-565a00716635/baseline/0/0",
      "kind": "ASSUMPTION",
      "text": "Bullpen-forecast | Looks useful but isn't: a good availability forecast with no link to a Cubs decision. Accuracy is inflated because most relievers are obviously available or unavailable, so easy cases dominate.",
      "status": "UNVERIFIED",
      "extractor": "line_grammar/v1"
    },
    {
      "id": "hd-20261008-143634-565a00716635/baseline/0/0/claim/48",
      "candidate_id": "hd-20261008-143634-565a00716635/baseline/0/0",
      "kind": "UNKNOWN",
      "text": "Bullpen-forecast | forecast_accuracy_vs_naive_rule",
      "status": "UNVERIFIED",
      "extractor": "line_grammar/v1"
    },
    {
      "id": "hd-20261008-143634-565a00716635/baseline/0/0/claim/49",
      "candidate_id": "hd-20261008-143634-565a00716635/baseline/0/0",
      "kind": "UNKNOWN",
      "text": "Bullpen-forecast | unobserved_bullpen_warmups_effect",
      "status": "UNVERIFIED",
      "extractor": "line_grammar/v1"
    },
    {
      "id": "hd-20261008-143634-565a00716635/baseline/0/0/claim/50",
      "candidate_id": "hd-20261008-143634-565a00716635/baseline/0/0",
      "kind": "ASSUMPTION",
      "text": "Set-wide blind spot | All six assume that information is the bottleneck. None test whether Cubs staff already have the information, or whether decisions are limited by communication, trust, authority, or time.",
      "status": "UNVERIFIED",
      "extractor": "line_grammar/v1"
    },
    {
      "id": "hd-20261008-143634-565a00716635/baseline/0/0/claim/51",
      "candidate_id": "hd-20261008-143634-565a00716635/baseline/0/0",
      "kind": "ASSUMPTION",
      "text": "Set-wide blind spot | Five of six rely on public data, which sophisticated clubs also hold, so the realistic outcome is parity. None names a source of advantage that rivals lack, such as private data the club may lawfully hold, faster internal routing, or better adoption.",
      "status": "UNVERIFIED",
      "extractor": "line_grammar/v1"
    },
    {
      "id": "hd-20261008-143634-565a00716635/baseline/0/0/claim/52",
      "candidate_id": "hd-20261008-143634-565a00716635/baseline/0/0",
      "kind": "ASSUMPTION",
      "text": "Set-wide blind spot | None includes a baseline cost: staff time, maintenance, and the opportunity cost relative to a spreadsheet. None measures value in runs, wins, or dollars, and the lines of evidence are mostly speculation without a size estimate.",
      "status": "UNVERIFIED",
      "extractor": "line_grammar/v1"
    },
    {
      "id": "hd-20261008-143634-565a00716635/baseline/0/0/claim/53",
      "candidate_id": "hd-20261008-143634-565a00716635/baseline/0/0",
      "kind": "ASSUMPTION",
      "text": "Set-wide blind spot | Uncovered users and decisions: amateur draft and international scouting, contract and free-agent valuation, in-game defensive positioning, player health and workload management by the performance staff, and coach–player communication. The set is heavily weighted toward analyst-facing prediction and under-weights operational and human-process decisions.",
      "status": "UNVERIFIED",
      "extractor": "line_grammar/v1"
    },
    {
      "id": "hd-20261008-143634-565a00716635/baseline/0/0/claim/54",
      "candidate_id": "hd-20261008-143634-565a00716635/baseline/0/0",
      "kind": "ASSUMPTION",
      "text": "Set-wide blind spot | Common failure modes: hindsight leakage in retrospective tests, small samples with many comparisons, selection bias (outcomes seen only for chosen players), confounding by team strategy, adoption failure, and polished tools that do not change decisions.",
      "status": "UNVERIFIED",
      "extractor": "line_grammar/v1"
    },
    {
      "id": "hd-20261008-143634-565a00716635/baseline/0/0/claim/55",
      "candidate_id": "hd-20261008-143634-565a00716635/baseline/0/0",
      "kind": "IDEA",
      "text": "Decision-impact audit | Before building any of the six, run a one-month process audit with a few staff to list which decisions were made, what information was used, and what they would change. Rank candidates by the share of decisions where the tool would alter a choice, using a spreadsheet prototype and a naive baseline.",
      "status": "UNVERIFIED",
      "extractor": "line_grammar/v1"
    },
    {
      "id": "hd-20261008-143634-565a00716635/baseline/0/0/claim/56",
      "candidate_id": "hd-20261008-143634-565a00716635/baseline/0/0",
      "kind": "IDEA",
      "text": "Prototype-first MiLB model | Merge MiLB-translation and Context-normalization into one rolling-origin evaluation harness on public data, scored against a naive baseline for calibration. Build the interface only if it beats the baseline out of sample.",
      "status": "UNVERIFIED",
      "extractor": "line_grammar/v1"
    },
    {
      "id": "hd-20261008-143634-565a00716635/baseline/0/0/claim/57",
      "candidate_id": "hd-20261008-143634-565a00716635/baseline/0/0",
      "kind": "UNKNOWN",
      "text": "Set-wide blind spot | cubs_internal_analytics_capabilities",
      "status": "UNVERIFIED",
      "extractor": "line_grammar/v1"
    },
    {
      "id": "hd-20261008-143634-565a00716635/baseline/0/0/claim/58",
      "candidate_id": "hd-20261008-143634-565a00716635/baseline/0/0",
      "kind": "UNKNOWN",
      "text": "Set-wide blind spot | supplied_evidence_quantifying_any_candidate's_baseball_value (no facts or citations were supplied)",
      "status": "UNVERIFIED",
      "extractor": "line_grammar/v1"
    },
    {
      "id": "hd-20261008-143634-565a00716635/baseline/0/1/claim/1",
      "candidate_id": "hd-20261008-143634-565a00716635/baseline/0/1",
      "kind": "ASSUMPTION",
      "text": "CallUp (problem) Promotion calls recur every season, but the binding constraints are often roster spots, 40-man and option status, and need, not translated-stat accuracy. A better estimate may not change who is promoted.",
      "status": "UNVERIFIED",
      "extractor": "line_grammar/v1"
    },
    {
      "id": "hd-20261008-143634-565a00716635/baseline/0/1/claim/2",
      "candidate_id": "hd-20261008-143634-565a00716635/baseline/0/1",
      "kind": "ASSUMPTION",
      "text": "CallUp (data) Public MiLB stats are lawful, and end-of-day box scores are usable without hindsight. Level-specific tracking coverage is uneven, and league rule and ball changes can break the translation. Training and testing must be strictly time-split.",
      "status": "UNVERIFIED",
      "extractor": "line_grammar/v1"
    },
    {
      "id": "hd-20261008-143634-565a00716635/baseline/0/1/claim/3",
      "candidate_id": "hd-20261008-143634-565a00716635/baseline/0/1",
      "kind": "ASSUMPTION",
      "text": "CallUp (action) Staff would act differently only if the uncertainty band changes a decision at the margin. If the call is made on makeup, defense, health, or 40-man logistics, the band is decorative.",
      "status": "UNVERIFIED",
      "extractor": "line_grammar/v1"
    },
    {
      "id": "hd-20261008-143634-565a00716635/baseline/0/1/claim/4",
      "candidate_id": "hd-20261008-143634-565a00716635/baseline/0/1",
      "kind": "ASSUMPTION",
      "text": "CallUp (test) A retrospective test is feasible: compare projected versus realized MLB outcomes for historical call-ups against a naive baseline, such as the prior-year MLB-equivalent or a level-average regression. The sample is small and outcomes are noisy, so calibration of the bands is testable but decision value is not.",
      "status": "UNVERIFIED",
      "extractor": "line_grammar/v1"
    },
    {
      "id": "hd-20261008-143634-565a00716635/baseline/0/1/claim/5",
      "candidate_id": "hd-20261008-143634-565a00716635/baseline/0/1",
      "kind": "ASSUMPTION",
      "text": "CallUp (alternatives) Translation methods are widely published, and public sites and prospect-ranking systems already exist. Clubs likely hold better private models, so a public-data version is parity at best.",
      "status": "UNVERIFIED",
      "extractor": "line_grammar/v1"
    },
    {
      "id": "hd-20261008-143634-565a00716635/baseline/0/1/claim/6",
      "candidate_id": "hd-20261008-143634-565a00716635/baseline/0/1",
      "kind": "ASSUMPTION",
      "text": "CallUp (looks useful) A polished band chart that reproduces consensus projections looks rigorous. A tool that was never scored against a naive baseline, or that tunes translation factors on seasons it is then tested on, would look useful and add nothing.",
      "status": "UNVERIFIED",
      "extractor": "line_grammar/v1"
    },
    {
      "id": "hd-20261008-143634-565a00716635/baseline/0/1/claim/7",
      "candidate_id": "hd-20261008-143634-565a00716635/baseline/0/1",
      "kind": "UNKNOWN",
      "text": "CallUp public_milb_statcast_coverage_by_level",
      "status": "UNVERIFIED",
      "extractor": "line_grammar/v1"
    },
    {
      "id": "hd-20261008-143634-565a00716635/baseline/0/1/claim/8",
      "candidate_id": "hd-20261008-143634-565a00716635/baseline/0/1",
      "kind": "UNKNOWN",
      "text": "CallUp cubs_internal_translation_models",
      "status": "UNVERIFIED",
      "extractor": "line_grammar/v1"
    },
    {
      "id": "hd-20261008-143634-565a00716635/baseline/0/1/claim/9",
      "candidate_id": "hd-20261008-143634-565a00716635/baseline/0/1",
      "kind": "UNKNOWN",
      "text": "CallUp share_of_promotions_where_performance_estimate_was_the_binding_factor",
      "status": "UNVERIFIED",
      "extractor": "line_grammar/v1"
    },
    {
      "id": "hd-20261008-143634-565a00716635/baseline/0/1/claim/10",
      "candidate_id": "hd-20261008-143634-565a00716635/baseline/0/1",
      "kind": "ASSUMPTION",
      "text": "RosterLedger (problem) The problem is real and recurs: option years, minimum optional-assignment durations, DFA and Rule 5 deadlines. The errors are probably rare and the staff probably rules-literate, so the cost avoided per season is unknown.",
      "status": "UNVERIFIED",
      "extractor": "line_grammar/v1"
    },
    {
      "id": "hd-20261008-143634-565a00716635/baseline/0/1/claim/11",
      "candidate_id": "hd-20261008-143634-565a00716635/baseline/0/1",
      "kind": "ASSUMPTION",
      "text": "RosterLedger (data) Public transaction logs do not fully reconstruct option status, injured-list time, service time, or rule changes. Without the club's own authoritative records the ledger may be wrong, and a ledger that is confidently wrong is worse than none.",
      "status": "UNVERIFIED",
      "extractor": "line_grammar/v1"
    },
    {
      "id": "hd-20261008-143634-565a00716635/baseline/0/1/claim/12",
      "candidate_id": "hd-20261008-143634-565a00716635/baseline/0/1",
      "kind": "ASSUMPTION",
      "text": "RosterLedger (action) The warnings would change timing of moves, but only if they arrive earlier than existing reminders do. If staff already track deadlines, the added warning has no value.",
      "status": "UNVERIFIED",
      "extractor": "line_grammar/v1"
    },
    {
      "id": "hd-20261008-143634-565a00716635/baseline/0/1/claim/13",
      "candidate_id": "hd-20261008-143634-565a00716635/baseline/0/1",
      "kind": "ASSUMPTION",
      "text": "RosterLedger (test) Public data cannot show avoided errors. The only available test is back-casting: replay historical public transactions and check whether the ledger flags known constraint-driven outcomes. Missed-deadline counts are not publicly observable.",
      "status": "UNVERIFIED",
      "extractor": "line_grammar/v1"
    },
    {
      "id": "hd-20261008-143634-565a00716635/baseline/0/1/claim/14",
      "candidate_id": "hd-20261008-143634-565a00716635/baseline/0/1",
      "kind": "ASSUMPTION",
      "text": "RosterLedger (alternatives) A spreadsheet plus a baseball-operations staffer, league transaction systems, and existing club operations software probably cover this. Sophisticated clubs almost certainly have it.",
      "status": "UNVERIFIED",
      "extractor": "line_grammar/v1"
    },
    {
      "id": "hd-20261008-143634-565a00716635/baseline/0/1/claim/15",
      "candidate_id": "hd-20261008-143634-565a00716635/baseline/0/1",
      "kind": "ASSUMPTION",
      "text": "RosterLedger (looks useful) A dashboard populated from public transactions looks complete while omitting private contract and service data. Demos that show clean dates for ordinary players hide the edge cases where errors actually happen.",
      "status": "UNVERIFIED",
      "extractor": "line_grammar/v1"
    },
    {
      "id": "hd-20261008-143634-565a00716635/baseline/0/1/claim/16",
      "candidate_id": "hd-20261008-143634-565a00716635/baseline/0/1",
      "kind": "UNKNOWN",
      "text": "RosterLedger cubs_roster_admin_error_history",
      "status": "UNVERIFIED",
      "extractor": "line_grammar/v1"
    },
    {
      "id": "hd-20261008-143634-565a00716635/baseline/0/1/claim/17",
      "candidate_id": "hd-20261008-143634-565a00716635/baseline/0/1",
      "kind": "UNKNOWN",
      "text": "RosterLedger completeness_of_public_option_status_data",
      "status": "UNVERIFIED",
      "extractor": "line_grammar/v1"
    },
    {
      "id": "hd-20261008-143634-565a00716635/baseline/0/1/claim/18",
      "candidate_id": "hd-20261008-143634-565a00716635/baseline/0/1",
      "kind": "UNKNOWN",
      "text": "RosterLedger existing_league_or_club_tracking_tools",
      "status": "UNVERIFIED",
      "extractor": "line_grammar/v1"
    },
    {
      "id": "hd-20261008-143634-565a00716635/baseline/0/1/claim/19",
      "candidate_id": "hd-20261008-143634-565a00716635/baseline/0/1",
      "kind": "ASSUMPTION",
      "text": "ReturnToPlay (problem) Injury timelines recur, but the decision is dominated by diagnosis and surgeon and medical-staff judgment. Public injured-list labels are coarse and are not medical data.",
      "status": "UNVERIFIED",
      "extractor": "line_grammar/v1"
    },
    {
      "id": "hd-20261008-143634-565a00716635/baseline/0/1/claim/20",
      "candidate_id": "hd-20261008-143634-565a00716635/baseline/0/1",
      "kind": "ASSUMPTION",
      "text": "ReturnToPlay (data) Public IL transactions give dates and loose injury descriptions, and are lawful. Descriptions are sometimes vague or reported after the fact, and many injured-list stints are roster-management artifacts rather than health. Using public data keeps it away from private medical records, but a tool used by medical staff would tempt them to mix the two.",
      "status": "UNVERIFIED",
      "extractor": "line_grammar/v1"
    },
    {
      "id": "hd-20261008-143634-565a00716635/baseline/0/1/claim/21",
      "candidate_id": "hd-20261008-143634-565a00716635/baseline/0/1",
      "kind": "ASSUMPTION",
      "text": "ReturnToPlay (action) A distribution of days missed could inform roster contingency timing. It should not set the medical return date, and a naive comparable could anchor staff on a misleading median.",
      "status": "UNVERIFIED",
      "extractor": "line_grammar/v1"
    },
    {
      "id": "hd-20261008-143634-565a00716635/baseline/0/1/claim/22",
      "candidate_id": "hd-20261008-143634-565a00716635/baseline/0/1",
      "kind": "ASSUMPTION",
      "text": "ReturnToPlay (test) Testable retrospectively: predict days missed from public comparables versus a baseline of a simple per-injury-type median, using only information available when the player was placed on the IL. Post-return performance has heavy selection and sample-size problems.",
      "status": "UNVERIFIED",
      "extractor": "line_grammar/v1"
    },
    {
      "id": "hd-20261008-143634-565a00716635/baseline/0/1/claim/23",
      "candidate_id": "hd-20261008-143634-565a00716635/baseline/0/1",
      "kind": "ASSUMPTION",
      "text": "ReturnToPlay (alternatives) Public injury trackers and league databases exist. Clubs' internal medical databases are almost certainly richer, so the public version would be a weak benchmark.",
      "status": "UNVERIFIED",
      "extractor": "line_grammar/v1"
    },
    {
      "id": "hd-20261008-143634-565a00716635/baseline/0/1/claim/24",
      "candidate_id": "hd-20261008-143634-565a00716635/baseline/0/1",
      "kind": "ASSUMPTION",
      "text": "ReturnToPlay (looks useful) Wide, honest-looking distributions look informative but are too diffuse to change a decision. Retrofitting injury categories after the outcome is known would inflate apparent accuracy.",
      "status": "UNVERIFIED",
      "extractor": "line_grammar/v1"
    },
    {
      "id": "hd-20261008-143634-565a00716635/baseline/0/1/claim/25",
      "candidate_id": "hd-20261008-143634-565a00716635/baseline/0/1",
      "kind": "UNKNOWN",
      "text": "ReturnToPlay granularity_of_public_injury_descriptions",
      "status": "UNVERIFIED",
      "extractor": "line_grammar/v1"
    },
    {
      "id": "hd-20261008-143634-565a00716635/baseline/0/1/claim/26",
      "candidate_id": "hd-20261008-143634-565a00716635/baseline/0/1",
      "kind": "UNKNOWN",
      "text": "ReturnToPlay accuracy_vs_median_baseline",
      "status": "UNVERIFIED",
      "extractor": "line_grammar/v1"
    },
    {
      "id": "hd-20261008-143634-565a00716635/baseline/0/1/claim/27",
      "candidate_id": "hd-20261008-143634-565a00716635/baseline/0/1",
      "kind": "UNKNOWN",
      "text": "ReturnToPlay cubs_internal_medical_database_capability",
      "status": "UNVERIFIED",
      "extractor": "line_grammar/v1"
    },
    {
      "id": "hd-20261008-143634-565a00716635/baseline/0/1/claim/28",
      "candidate_id": "hd-20261008-143634-565a00716635/baseline/0/1",
      "kind": "ASSUMPTION",
      "text": "SequenceAudit (problem) Pregame game-plan design recurs daily. It is unproven that sequence predictability from count and prior pitch is exploitable independent of pitch quality, and predictable sequencing is not necessarily bad if pitch quality is high.",
      "status": "UNVERIFIED",
      "extractor": "line_grammar/v1"
    },
    {
      "id": "hd-20261008-143634-565a00716635/baseline/0/1/claim/29",
      "candidate_id": "hd-20261008-143634-565a00716635/baseline/0/1",
      "kind": "ASSUMPTION",
      "text": "SequenceAudit (data) Public pitch-by-pitch data is lawful and available after each game. Features like count, previous pitch, and batter handedness are known at decision time. Fitting and testing on the same season leaks.",
      "status": "UNVERIFIED",
      "extractor": "line_grammar/v1"
    },
    {
      "id": "hd-20261008-143634-565a00716635/baseline/0/1/claim/30",
      "candidate_id": "hd-20261008-143634-565a00716635/baseline/0/1",
      "kind": "ASSUMPTION",
      "text": "SequenceAudit (action) A pitcher or catcher would change mixes only if a predictability finding is stable and the alternative sequence costs nothing in pitch quality. Otherwise the finding yields no action.",
      "status": "UNVERIFIED",
      "extractor": "line_grammar/v1"
    },
    {
      "id": "hd-20261008-143634-565a00716635/baseline/0/1/claim/31",
      "candidate_id": "hd-20261008-143634-565a00716635/baseline/0/1",
      "kind": "ASSUMPTION",
      "text": "SequenceAudit (test) Testable: out-of-sample next-pitch prediction versus a count-only baseline, then whether predictability correlates with outcomes after controlling for pitch quality. The causal claim that reducing predictability lowers runs is not testable from observational public data.",
      "status": "UNVERIFIED",
      "extractor": "line_grammar/v1"
    },
    {
      "id": "hd-20261008-143634-565a00716635/baseline/0/1/claim/32",
      "candidate_id": "hd-20261008-143634-565a00716635/baseline/0/1",
      "kind": "ASSUMPTION",
      "text": "SequenceAudit (alternatives) Pitching staffs and clubs likely already have this internally, with richer tracking, and public pitch-mix tools exist. The value is parity.",
      "status": "UNVERIFIED",
      "extractor": "line_grammar/v1"
    },
    {
      "id": "hd-20261008-143634-565a00716635/baseline/0/1/claim/33",
      "candidate_id": "hd-20261008-143634-565a00716635/baseline/0/1",
      "kind": "ASSUMPTION",
      "text": "SequenceAudit (looks useful) A high next-pitch accuracy score looks alarming but mostly reflects the base rate of fastballs in certain counts. Without a count-only baseline, entropy charts look insightful while adding nothing.",
      "status": "UNVERIFIED",
      "extractor": "line_grammar/v1"
    },
    {
      "id": "hd-20261008-143634-565a00716635/baseline/0/1/claim/34",
      "candidate_id": "hd-20261008-143634-565a00716635/baseline/0/1",
      "kind": "UNKNOWN",
      "text": "SequenceAudit cubs_existing_sequence_audit",
      "status": "UNVERIFIED",
      "extractor": "line_grammar/v1"
    },
    {
      "id": "hd-20261008-143634-565a00716635/baseline/0/1/claim/35",
      "candidate_id": "hd-20261008-143634-565a00716635/baseline/0/1",
      "kind": "UNKNOWN",
      "text": "SequenceAudit evidence_linking_sequence_entropy_to_run_prevention",
      "status": "UNVERIFIED",
      "extractor": "line_grammar/v1"
    },
    {
      "id": "hd-20261008-143634-565a00716635/baseline/0/1/claim/36",
      "candidate_id": "hd-20261008-143634-565a00716635/baseline/0/1",
      "kind": "ASSUMPTION",
      "text": "LeagueNorm (problem) Evaluators repeatedly compare prospects across leagues and parks, so the decision recurs. Rule regimes such as the automated strike zone and pitch clock differ by level and season, which is a real confound.",
      "status": "UNVERIFIED",
      "extractor": "line_grammar/v1"
    },
    {
      "id": "hd-20261008-143634-565a00716635/baseline/0/1/claim/37",
      "candidate_id": "hd-20261008-143634-565a00716635/baseline/0/1",
      "kind": "ASSUMPTION",
      "text": "LeagueNorm (data) Public MiLB stats and park information are lawful. Rule-regime effects are estimated from few league-seasons, so effect estimates are confounded with talent and call-up selection. Season-level adjustments computed with data from after the decision date are hindsight.",
      "status": "UNVERIFIED",
      "extractor": "line_grammar/v1"
    },
    {
      "id": "hd-20261008-143634-565a00716635/baseline/0/1/claim/38",
      "candidate_id": "hd-20261008-143634-565a00716635/baseline/0/1",
      "kind": "ASSUMPTION",
      "text": "LeagueNorm (action) Evaluators would discount or boost certain stat lines. Action only changes if the adjustments are large relative to scout judgment and noise.",
      "status": "UNVERIFIED",
      "extractor": "line_grammar/v1"
    },
    {
      "id": "hd-20261008-143634-565a00716635/baseline/0/1/claim/39",
      "candidate_id": "hd-20261008-143634-565a00716635/baseline/0/1",
      "kind": "ASSUMPTION",
      "text": "LeagueNorm (test) Testable against a baseline of raw stats or standard league-and-park-adjusted stats: does the adjusted metric better predict next-level performance, using only data available at the time? Small samples and roster churn limit power.",
      "status": "UNVERIFIED",
      "extractor": "line_grammar/v1"
    },
    {
      "id": "hd-20261008-143634-565a00716635/baseline/0/1/claim/40",
      "candidate_id": "hd-20261008-143634-565a00716635/baseline/0/1",
      "kind": "ASSUMPTION",
      "text": "LeagueNorm (alternatives) Public sites partly normalize already, and clubs likely have private league adjustments. It overlaps heavily with CallUp and should perhaps be merged with it.",
      "status": "UNVERIFIED",
      "extractor": "line_grammar/v1"
    },
    {
      "id": "hd-20261008-143634-565a00716635/baseline/0/1/claim/41",
      "candidate_id": "hd-20261008-143634-565a00716635/baseline/0/1",
      "kind": "ASSUMPTION",
      "text": "LeagueNorm (looks useful) Large, tidy-looking adjustment factors fitted on few league-seasons overfit and look authoritative. A tool that only reproduces the public park factors looks complete but adds nothing.",
      "status": "UNVERIFIED",
      "extractor": "line_grammar/v1"
    },
    {
      "id": "hd-20261008-143634-565a00716635/baseline/0/1/claim/42",
      "candidate_id": "hd-20261008-143634-565a00716635/baseline/0/1",
      "kind": "UNKNOWN",
      "text": "LeagueNorm minor_league_rule_regime_effect_sizes",
      "status": "UNVERIFIED",
      "extractor": "line_grammar/v1"
    },
    {
      "id": "hd-20261008-143634-565a00716635/baseline/0/1/claim/43",
      "candidate_id": "hd-20261008-143634-565a00716635/baseline/0/1",
      "kind": "UNKNOWN",
      "text": "LeagueNorm public_milb_park_factor_quality",
      "status": "UNVERIFIED",
      "extractor": "line_grammar/v1"
    },
    {
      "id": "hd-20261008-143634-565a00716635/baseline/0/1/claim/44",
      "candidate_id": "hd-20261008-143634-565a00716635/baseline/0/1",
      "kind": "ASSUMPTION",
      "text": "BullpenForecast (problem) Late-game matchup planning recurs nightly, but opposing availability is often known or guessed by experienced staff. The decision it changes, such as holding a pinch hitter, is narrow.",
      "status": "UNVERIFIED",
      "extractor": "line_grammar/v1"
    },
    {
      "id": "hd-20261008-143634-565a00716635/baseline/0/1/claim/45",
      "candidate_id": "hd-20261008-143634-565a00716635/baseline/0/1",
      "kind": "ASSUMPTION",
      "text": "BullpenForecast (data) Public box scores give appearances and pitch counts after games, which is lawful and available before the next game. Warm-up activity, injury, and fatigue are not observable. Pregame information is limited to prior games, so live in-game availability is not covered.",
      "status": "UNVERIFIED",
      "extractor": "line_grammar/v1"
    },
    {
      "id": "hd-20261008-143634-565a00716635/baseline/0/1/claim/46",
      "candidate_id": "hd-20261008-143634-565a00716635/baseline/0/1",
      "kind": "ASSUMPTION",
      "text": "BullpenForecast (action) The manager would adjust lineup order or bench use only if forecasts shift a real decision, which is rare. Usage is increasingly set by opposing front offices, not stable manager habits.",
      "status": "UNVERIFIED",
      "extractor": "line_grammar/v1"
    },
    {
      "id": "hd-20261008-143634-565a00716635/baseline/0/1/claim/47",
      "candidate_id": "hd-20261008-143634-565a00716635/baseline/0/1",
      "kind": "ASSUMPTION",
      "text": "BullpenForecast (test) Testable by predicting which relievers appear versus a naive rule, such as unavailable after pitching back-to-back or after a high pitch count. Forecast accuracy is testable, but the effect on Cubs win probability is not.",
      "status": "UNVERIFIED",
      "extractor": "line_grammar/v1"
    },
    {
      "id": "hd-20261008-143634-565a00716635/baseline/0/1/claim/48",
      "candidate_id": "hd-20261008-143634-565a00716635/baseline/0/1",
      "kind": "ASSUMPTION",
      "text": "BullpenForecast (alternatives) Advance scouts, public bullpen-usage trackers, and club-internal usage models already cover this. Sophisticated clubs have richer data, including private rest rules.",
      "status": "UNVERIFIED",
      "extractor": "line_grammar/v1"
    },
    {
      "id": "hd-20261008-143634-565a00716635/baseline/0/1/claim/49",
      "candidate_id": "hd-20261008-143634-565a00716635/baseline/0/1",
      "kind": "ASSUMPTION",
      "text": "BullpenForecast (looks useful) Probability tables for each reliever look precise, but if they merely restate who pitched yesterday they provide nothing beyond a naive rule. Accuracy is easy to report on trivial cases like relievers who clearly are unavailable.",
      "status": "UNVERIFIED",
      "extractor": "line_grammar/v1"
    },
    {
      "id": "hd-20261008-143634-565a00716635/baseline/0/1/claim/50",
      "candidate_id": "hd-20261008-143634-565a00716635/baseline/0/1",
      "kind": "UNKNOWN",
      "text": "BullpenForecast forecast_accuracy_vs_naive_rule",
      "status": "UNVERIFIED",
      "extractor": "line_grammar/v1"
    },
    {
      "id": "hd-20261008-143634-565a00716635/baseline/0/1/claim/51",
      "candidate_id": "hd-20261008-143634-565a00716635/baseline/0/1",
      "kind": "UNKNOWN",
      "text": "BullpenForecast unobserved_bullpen_warmups_effect",
      "status": "UNVERIFIED",
      "extractor": "line_grammar/v1"
    },
    {
      "id": "hd-20261008-143634-565a00716635/baseline/0/1/claim/52",
      "candidate_id": "hd-20261008-143634-565a00716635/baseline/0/1",
      "kind": "UNKNOWN",
      "text": "BullpenForecast frequency_of_cubs_decisions_changed_by_forecast",
      "status": "UNVERIFIED",
      "extractor": "line_grammar/v1"
    },
    {
      "id": "hd-20261008-143634-565a00716635/baseline/0/1/claim/53",
      "candidate_id": "hd-20261008-143634-565a00716635/baseline/0/1",
      "kind": "ASSUMPTION",
      "text": "BlindSpots (provenance) The supplied candidate records have mismatched assumption lists, with items that belong to other ideas such as replay, tipping, and grounds crew. Their attribution is untrusted, and no evidence records were provided at all, so every supporting statement is unverified.",
      "status": "UNVERIFIED",
      "extractor": "line_grammar/v1"
    },
    {
      "id": "hd-20261008-143634-565a00716635/baseline/0/1/claim/54",
      "candidate_id": "hd-20261008-143634-565a00716635/baseline/0/1",
      "kind": "ASSUMPTION",
      "text": "BlindSpots (shared assumptions) All six assume that public data is sufficient, that the Cubs lack the capability, and that staff will adopt the tool. None includes a measured baseline of current Cubs practice, and sophisticated clubs probably have private equivalents.",
      "status": "UNVERIFIED",
      "extractor": "line_grammar/v1"
    },
    {
      "id": "hd-20261008-143634-565a00716635/baseline/0/1/claim/55",
      "candidate_id": "hd-20261008-143634-565a00716635/baseline/0/1",
      "kind": "ASSUMPTION",
      "text": "BlindSpots (user groups) Uncovered: amateur draft and international scouting, pitcher development, strength and conditioning, mental performance, contracts and free-agent valuation, ticketing and business operations, and umpires and rules strategy. The set clusters on analytics and front-office users.",
      "status": "UNVERIFIED",
      "extractor": "line_grammar/v1"
    },
    {
      "id": "hd-20261008-143634-565a00716635/baseline/0/1/claim/56",
      "candidate_id": "hd-20261008-143634-565a00716635/baseline/0/1",
      "kind": "ASSUMPTION",
      "text": "BlindSpots (decision types) Uncovered: trade and free-agent valuation, draft decisions, in-season development plans, and defensive positioning. The set also leans toward information tools over workflow and adoption problems.",
      "status": "UNVERIFIED",
      "extractor": "line_grammar/v1"
    },
    {
      "id": "hd-20261008-143634-565a00716635/baseline/0/1/claim/57",
      "candidate_id": "hd-20261008-143634-565a00716635/baseline/0/1",
      "kind": "ASSUMPTION",
      "text": "BlindSpots (failure modes) Common failures: hindsight leakage in retrospective tests, small samples, selection bias, pitch quality or talent confounders, mistaking parity for edge, vanity metrics, and no kill criterion defined in advance.",
      "status": "UNVERIFIED",
      "extractor": "line_grammar/v1"
    },
    {
      "id": "hd-20261008-143634-565a00716635/baseline/0/1/claim/58",
      "candidate_id": "hd-20261008-143634-565a00716635/baseline/0/1",
      "kind": "ASSUMPTION",
      "text": "BlindSpots (compliance) Public-data limits, vendor terms of use for scraped data, and league rules on technology use all need downstream legal review. None of the candidates establishes compliance.",
      "status": "UNVERIFIED",
      "extractor": "line_grammar/v1"
    },
    {
      "id": "hd-20261008-143634-565a00716635/baseline/0/1/claim/59",
      "candidate_id": "hd-20261008-143634-565a00716635/baseline/0/1",
      "kind": "UNKNOWN",
      "text": "BlindSpots cubs_internal_analytics_capabilities",
      "status": "UNVERIFIED",
      "extractor": "line_grammar/v1"
    },
    {
      "id": "hd-20261008-143634-565a00716635/baseline/0/1/claim/60",
      "candidate_id": "hd-20261008-143634-565a00716635/baseline/0/1",
      "kind": "UNKNOWN",
      "text": "BlindSpots measured_baseline_of_current_cubs_process_per_decision",
      "status": "UNVERIFIED",
      "extractor": "line_grammar/v1"
    },
    {
      "id": "hd-20261008-143634-565a00716635/baseline/0/1/claim/61",
      "candidate_id": "hd-20261008-143634-565a00716635/baseline/0/1",
      "kind": "UNKNOWN",
      "text": "BlindSpots data_license_terms_for_public_sources",
      "status": "UNVERIFIED",
      "extractor": "line_grammar/v1"
    },
    {
      "id": "hd-20261008-143634-565a00716635/baseline/0/1/claim/62",
      "candidate_id": "hd-20261008-143634-565a00716635/baseline/0/1",
      "kind": "IDEA",
      "text": "Merged Prospect Evaluation Backtest Harness: combine CallUp and LeagueNorm into one point-in-time evaluator. It uses only data available at each historical decision date, scores translated projections against raw and standard park-adjusted baselines, and publishes a kill criterion in advance.",
      "status": "UNVERIFIED",
      "extractor": "line_grammar/v1"
    },
    {
      "id": "hd-20261008-143634-565a00716635/baseline/0/1/claim/63",
      "candidate_id": "hd-20261008-143634-565a00716635/baseline/0/1",
      "kind": "IDEA",
      "text": "Decision-Level Baseline Audit: before building anything, have staff log how each recurring decision was actually made and what information was used for a season. This tests which of these six tools would change a choice at all, and costs far less than building them.",
      "status": "UNVERIFIED",
      "extractor": "line_grammar/v1"
    },
    {
      "id": "hd-20261008-143634-565a00716635/baseline/0/1/claim/64",
      "candidate_id": "hd-20261008-143634-565a00716635/baseline/0/1",
      "kind": "IDEA",
      "text": "Pre-registered Forecast Ledger: record each forecast, such as bullpen usage, promotion readiness, or injury timeline, with confidence before the outcome, and score it against naive rules. This turns RosterLedger, BullpenForecast, and ReturnToPlay into testable claims.",
      "status": "UNVERIFIED",
      "extractor": "line_grammar/v1"
    },
    {
      "id": "hd-20261008-143634-565a00716635/candidates/0/0/claim/1",
      "candidate_id": "hd-20261008-143634-565a00716635/candidates/0/0",
      "kind": "ASSUMPTION",
      "text": "callups: Recurrence is real but low-frequency. Promotion calls number in the dozens per season, and they are driven by roster slots, 40-man status, injuries and development plans more than by readiness estimates.",
      "status": "UNVERIFIED",
      "extractor": "line_grammar/v1"
    },
    {
      "id": "hd-20261008-143634-565a00716635/candidates/0/0/claim/2",
      "candidate_id": "hd-20261008-143634-565a00716635/candidates/0/0",
      "kind": "ASSUMPTION",
      "text": "callups: Public MiLB stats are available at decision time, but Statcast-style tracking coverage varies by level, so a translation model may rest on thin features such as outcomes and age relative to level.",
      "status": "UNVERIFIED",
      "extractor": "line_grammar/v1"
    },
    {
      "id": "hd-20261008-143634-565a00716635/candidates/0/0/claim/3",
      "candidate_id": "hd-20261008-143634-565a00716635/candidates/0/0",
      "kind": "ASSUMPTION",
      "text": "callups: A staff member would change little. They probably already read public translated stats such as FanGraphs and Baseball Savant, so uncertainty bands may only confirm a decision already made on roster grounds.",
      "status": "UNVERIFIED",
      "extractor": "line_grammar/v1"
    },
    {
      "id": "hd-20261008-143634-565a00716635/candidates/0/0/claim/4",
      "candidate_id": "hd-20261008-143634-565a00716635/candidates/0/0",
      "kind": "ASSUMPTION",
      "text": "callups: A retrospective test is feasible with public data. Use only information available as of each date, compare against a naive baseline (raw or league-adjusted rate stats with age), and score on later MLB outcomes. Survivorship bias is the main risk, because only promoted players have MLB outcomes.",
      "status": "UNVERIFIED",
      "extractor": "line_grammar/v1"
    },
    {
      "id": "hd-20261008-143634-565a00716635/candidates/0/0/claim/5",
      "candidate_id": "hd-20261008-143634-565a00716635/candidates/0/0",
      "kind": "ASSUMPTION",
      "text": "callups: Alternatives are existing public translation and projection systems and whatever sophisticated clubs hold internally. A public-data version is at best a baseline.",
      "status": "UNVERIFIED",
      "extractor": "line_grammar/v1"
    },
    {
      "id": "hd-20261008-143634-565a00716635/candidates/0/0/claim/6",
      "candidate_id": "hd-20261008-143634-565a00716635/candidates/0/0",
      "kind": "ASSUMPTION",
      "text": "callups: It would look useful through polished uncertainty bands that are never scored for calibration, in-sample fits, or accuracy gained mainly by predicting who is called up rather than who succeeds.",
      "status": "UNVERIFIED",
      "extractor": "line_grammar/v1"
    },
    {
      "id": "hd-20261008-143634-565a00716635/candidates/0/0/claim/7",
      "candidate_id": "hd-20261008-143634-565a00716635/candidates/0/0",
      "kind": "ASSUMPTION",
      "text": "rules_ledger: The decision recurs, but errors are probably rare. A well-kept spreadsheet plus a rules-literate staffer may already deliver most of the value.",
      "status": "UNVERIFIED",
      "extractor": "line_grammar/v1"
    },
    {
      "id": "hd-20261008-143634-565a00716635/candidates/0/0/claim/8",
      "candidate_id": "hd-20261008-143634-565a00716635/candidates/0/0",
      "kind": "ASSUMPTION",
      "text": "rules_ledger: Public transaction logs may not capture option-year edge cases, injured-list time or non-public clauses, so the ledger could be wrong in the cases where it matters most.",
      "status": "UNVERIFIED",
      "extractor": "line_grammar/v1"
    },
    {
      "id": "hd-20261008-143634-565a00716635/candidates/0/0/claim/9",
      "candidate_id": "hd-20261008-143634-565a00716635/candidates/0/0",
      "kind": "ASSUMPTION",
      "text": "rules_ledger: The action is concrete, a warning before a move becomes impossible. But the value is avoided error, not information, so it is only worth building if past errors happened.",
      "status": "UNVERIFIED",
      "extractor": "line_grammar/v1"
    },
    {
      "id": "hd-20261008-143634-565a00716635/candidates/0/0/claim/10",
      "candidate_id": "hd-20261008-143634-565a00716635/candidates/0/0",
      "kind": "ASSUMPTION",
      "text": "rules_ledger: Retrospective testing is weak. Public logs rarely show near-misses, so one could only check whether the ledger reproduces known statuses.",
      "status": "UNVERIFIED",
      "extractor": "line_grammar/v1"
    },
    {
      "id": "hd-20261008-143634-565a00716635/candidates/0/0/claim/11",
      "candidate_id": "hd-20261008-143634-565a00716635/candidates/0/0",
      "kind": "ASSUMPTION",
      "text": "rules_ledger: It would look useful through an impressive dashboard of dates that duplicates what the transactions office already tracks, with no measured reduction in errors.",
      "status": "UNVERIFIED",
      "extractor": "line_grammar/v1"
    },
    {
      "id": "hd-20261008-143634-565a00716635/candidates/0/0/claim/12",
      "candidate_id": "hd-20261008-143634-565a00716635/candidates/0/0",
      "kind": "ASSUMPTION",
      "text": "rules_ledger: Rule and CBA changes would need manual upkeep, and a stale encoding is worse than a person who knows the rules.",
      "status": "UNVERIFIED",
      "extractor": "line_grammar/v1"
    },
    {
      "id": "hd-20261008-143634-565a00716635/candidates/0/0/claim/13",
      "candidate_id": "hd-20261008-143634-565a00716635/candidates/0/0",
      "kind": "ASSUMPTION",
      "text": "return_to_play: Public IL data carries only coarse injury descriptions, which may not be specific enough to define meaningful comparables.",
      "status": "UNVERIFIED",
      "extractor": "line_grammar/v1"
    },
    {
      "id": "hd-20261008-143634-565a00716635/candidates/0/0/claim/14",
      "candidate_id": "hd-20261008-143634-565a00716635/candidates/0/0",
      "kind": "ASSUMPTION",
      "text": "return_to_play: Clinical judgment and private medical information dominate timelines, so a public distribution may anchor staff on a misleading base rate.",
      "status": "UNVERIFIED",
      "extractor": "line_grammar/v1"
    },
    {
      "id": "hd-20261008-143634-565a00716635/candidates/0/0/claim/15",
      "candidate_id": "hd-20261008-143634-565a00716635/candidates/0/0",
      "kind": "ASSUMPTION",
      "text": "return_to_play: The action is limited to roster contingency planning, such as how long to plan for a replacement. This is plausibly useful but small.",
      "status": "UNVERIFIED",
      "extractor": "line_grammar/v1"
    },
    {
      "id": "hd-20261008-143634-565a00716635/candidates/0/0/claim/16",
      "candidate_id": "hd-20261008-143634-565a00716635/candidates/0/0",
      "kind": "ASSUMPTION",
      "text": "return_to_play: A test is possible. Compare predicted days missed from public comparables against a simple baseline such as the league median by coarse injury category. The IL placement date is known at decision time, but injury labels may be revised afterward.",
      "status": "UNVERIFIED",
      "extractor": "line_grammar/v1"
    },
    {
      "id": "hd-20261008-143634-565a00716635/candidates/0/0/claim/17",
      "candidate_id": "hd-20261008-143634-565a00716635/candidates/0/0",
      "kind": "ASSUMPTION",
      "text": "return_to_play: It would look useful through wide, honest-looking distributions that no one acts on, or through a tool that implicitly pulls in private Cubs medical data and creates a privacy and compliance problem.",
      "status": "UNVERIFIED",
      "extractor": "line_grammar/v1"
    },
    {
      "id": "hd-20261008-143634-565a00716635/candidates/0/0/claim/18",
      "candidate_id": "hd-20261008-143634-565a00716635/candidates/0/0",
      "kind": "ASSUMPTION",
      "text": "return_to_play: Clubs with internal medical databases likely already do this better, so a public version is parity at best.",
      "status": "UNVERIFIED",
      "extractor": "line_grammar/v1"
    },
    {
      "id": "hd-20261008-143634-565a00716635/candidates/0/0/claim/19",
      "candidate_id": "hd-20261008-143634-565a00716635/candidates/0/0",
      "kind": "ASSUMPTION",
      "text": "pitch_predictability: The decision is real and recurs daily. Public pitch data (count, prior pitch, handedness) is lawful and available, and an opponent could build the same model.",
      "status": "UNVERIFIED",
      "extractor": "line_grammar/v1"
    },
    {
      "id": "hd-20261008-143634-565a00716635/candidates/0/0/claim/20",
      "candidate_id": "hd-20261008-143634-565a00716635/candidates/0/0",
      "kind": "ASSUMPTION",
      "text": "pitch_predictability: Predictability is not the same as exploitability. A predictable pitch may still be effective if its quality is high, and reducing predictability may cost pitch quality.",
      "status": "UNVERIFIED",
      "extractor": "line_grammar/v1"
    },
    {
      "id": "hd-20261008-143634-565a00716635/candidates/0/0/claim/21",
      "candidate_id": "hd-20261008-143634-565a00716635/candidates/0/0",
      "kind": "ASSUMPTION",
      "text": "pitch_predictability: Actionability is plausible, since a pitching coach or catcher could change sequencing. Real clubs probably already run versions of this, so the gain is likely parity.",
      "status": "UNVERIFIED",
      "extractor": "line_grammar/v1"
    },
    {
      "id": "hd-20261008-143634-565a00716635/candidates/0/0/claim/22",
      "candidate_id": "hd-20261008-143634-565a00716635/candidates/0/0",
      "kind": "ASSUMPTION",
      "text": "pitch_predictability: Testing is feasible on public data. Compare a count-only baseline with richer models and check whether predictability measured early in a season relates to later outcomes. The link to run prevention is unproven.",
      "status": "UNVERIFIED",
      "extractor": "line_grammar/v1"
    },
    {
      "id": "hd-20261008-143634-565a00716635/candidates/0/0/claim/23",
      "candidate_id": "hd-20261008-143634-565a00716635/candidates/0/0",
      "kind": "ASSUMPTION",
      "text": "pitch_predictability: It would look useful through entropy numbers or predictive accuracy that mostly reflect each pitcher's pitch mix, which is already visible in public data.",
      "status": "UNVERIFIED",
      "extractor": "line_grammar/v1"
    },
    {
      "id": "hd-20261008-143634-565a00716635/candidates/0/0/claim/24",
      "candidate_id": "hd-20261008-143634-565a00716635/candidates/0/0",
      "kind": "ASSUMPTION",
      "text": "normalization: The decision recurs, and it overlaps heavily with callups. Both need the same league-season adjustments and could be one project.",
      "status": "UNVERIFIED",
      "extractor": "line_grammar/v1"
    },
    {
      "id": "hd-20261008-143634-565a00716635/candidates/0/0/claim/25",
      "candidate_id": "hd-20261008-143634-565a00716635/candidates/0/0",
      "kind": "ASSUMPTION",
      "text": "normalization: Public MiLB data and documented rule changes are available by season. But rule regimes change mid-season and sample sizes per league-season are small, so adjustment factors may be noisy.",
      "status": "UNVERIFIED",
      "extractor": "line_grammar/v1"
    },
    {
      "id": "hd-20261008-143634-565a00716635/candidates/0/0/claim/26",
      "candidate_id": "hd-20261008-143634-565a00716635/candidates/0/0",
      "kind": "ASSUMPTION",
      "text": "normalization: The staff action is a different promotion order or prospect ranking. Public sites and park factors partly normalize already, so the marginal change may be small.",
      "status": "UNVERIFIED",
      "extractor": "line_grammar/v1"
    },
    {
      "id": "hd-20261008-143634-565a00716635/candidates/0/0/claim/27",
      "candidate_id": "hd-20261008-143634-565a00716635/candidates/0/0",
      "kind": "ASSUMPTION",
      "text": "normalization: A retrospective test is possible. Check whether adjusted stats predict next-level or MLB performance better than raw stats with level and age. Rule regimes confound this, because few players cross regimes.",
      "status": "UNVERIFIED",
      "extractor": "line_grammar/v1"
    },
    {
      "id": "hd-20261008-143634-565a00716635/candidates/0/0/claim/28",
      "candidate_id": "hd-20261008-143634-565a00716635/candidates/0/0",
      "kind": "ASSUMPTION",
      "text": "normalization: It would look useful through elaborate park and rule adjustments that fit past data well but add nothing to out-of-sample prediction over a simple level-and-age baseline.",
      "status": "UNVERIFIED",
      "extractor": "line_grammar/v1"
    },
    {
      "id": "hd-20261008-143634-565a00716635/candidates/0/0/claim/29",
      "candidate_id": "hd-20261008-143634-565a00716635/candidates/0/0",
      "kind": "ASSUMPTION",
      "text": "opp_bullpen: Reliever usage is public after the fact through box scores, but availability at decision time depends on unobservable warm-ups, injuries and internal usage rules, so forecasts may be only slightly better than a naive rule.",
      "status": "UNVERIFIED",
      "extractor": "line_grammar/v1"
    },
    {
      "id": "hd-20261008-143634-565a00716635/candidates/0/0/claim/30",
      "candidate_id": "hd-20261008-143634-565a00716635/candidates/0/0",
      "kind": "ASSUMPTION",
      "text": "opp_bullpen: Actionability is limited. Lineups are usually set before the opponent's bullpen use is known, and the Cubs' moves are mostly dictated by game state.",
      "status": "UNVERIFIED",
      "extractor": "line_grammar/v1"
    },
    {
      "id": "hd-20261008-143634-565a00716635/candidates/0/0/claim/31",
      "candidate_id": "hd-20261008-143634-565a00716635/candidates/0/0",
      "kind": "ASSUMPTION",
      "text": "opp_bullpen: Testing is feasible. Predict each opponent's relievers used on each date and compare against a naive baseline such as no pitches in the last two days. A test with no real baseline would only show that rested pitchers pitch.",
      "status": "UNVERIFIED",
      "extractor": "line_grammar/v1"
    },
    {
      "id": "hd-20261008-143634-565a00716635/candidates/0/0/claim/32",
      "candidate_id": "hd-20261008-143634-565a00716635/candidates/0/0",
      "kind": "ASSUMPTION",
      "text": "opp_bullpen: Advance staff already estimate this informally, and sophisticated clubs probably have fuller internal usage models.",
      "status": "UNVERIFIED",
      "extractor": "line_grammar/v1"
    },
    {
      "id": "hd-20261008-143634-565a00716635/candidates/0/0/claim/33",
      "candidate_id": "hd-20261008-143634-565a00716635/candidates/0/0",
      "kind": "ASSUMPTION",
      "text": "opp_bullpen: It would look useful through high accuracy on easy cases, such as relievers who pitched yesterday, while saying nothing about the closer calls where the decision actually changes.",
      "status": "UNVERIFIED",
      "extractor": "line_grammar/v1"
    },
    {
      "id": "hd-20261008-143634-565a00716635/candidates/0/0/claim/34",
      "candidate_id": "hd-20261008-143634-565a00716635/candidates/0/0",
      "kind": "UNKNOWN",
      "text": "callups: public_milb_statcast_coverage_by_level",
      "status": "UNVERIFIED",
      "extractor": "line_grammar/v1"
    },
    {
      "id": "hd-20261008-143634-565a00716635/candidates/0/0/claim/35",
      "candidate_id": "hd-20261008-143634-565a00716635/candidates/0/0",
      "kind": "UNKNOWN",
      "text": "callups: cubs_existing_translation_models",
      "status": "UNVERIFIED",
      "extractor": "line_grammar/v1"
    },
    {
      "id": "hd-20261008-143634-565a00716635/candidates/0/0/claim/36",
      "candidate_id": "hd-20261008-143634-565a00716635/candidates/0/0",
      "kind": "UNKNOWN",
      "text": "rules_ledger: cubs_roster_admin_error_history",
      "status": "UNVERIFIED",
      "extractor": "line_grammar/v1"
    },
    {
      "id": "hd-20261008-143634-565a00716635/candidates/0/0/claim/37",
      "candidate_id": "hd-20261008-143634-565a00716635/candidates/0/0",
      "kind": "UNKNOWN",
      "text": "rules_ledger: completeness_of_public_option_status_data",
      "status": "UNVERIFIED",
      "extractor": "line_grammar/v1"
    },
    {
      "id": "hd-20261008-143634-565a00716635/candidates/0/0/claim/38",
      "candidate_id": "hd-20261008-143634-565a00716635/candidates/0/0",
      "kind": "UNKNOWN",
      "text": "return_to_play: granularity_of_public_injury_descriptions",
      "status": "UNVERIFIED",
      "extractor": "line_grammar/v1"
    },
    {
      "id": "hd-20261008-143634-565a00716635/candidates/0/0/claim/39",
      "candidate_id": "hd-20261008-143634-565a00716635/candidates/0/0",
      "kind": "UNKNOWN",
      "text": "return_to_play: cubs_current_timeline_estimation_process",
      "status": "UNVERIFIED",
      "extractor": "line_grammar/v1"
    },
    {
      "id": "hd-20261008-143634-565a00716635/candidates/0/0/claim/40",
      "candidate_id": "hd-20261008-143634-565a00716635/candidates/0/0",
      "kind": "UNKNOWN",
      "text": "pitch_predictability: evidence_linking_sequence_entropy_to_run_prevention",
      "status": "UNVERIFIED",
      "extractor": "line_grammar/v1"
    },
    {
      "id": "hd-20261008-143634-565a00716635/candidates/0/0/claim/41",
      "candidate_id": "hd-20261008-143634-565a00716635/candidates/0/0",
      "kind": "UNKNOWN",
      "text": "pitch_predictability: cubs_existing_sequence_audit",
      "status": "UNVERIFIED",
      "extractor": "line_grammar/v1"
    },
    {
      "id": "hd-20261008-143634-565a00716635/candidates/0/0/claim/42",
      "candidate_id": "hd-20261008-143634-565a00716635/candidates/0/0",
      "kind": "UNKNOWN",
      "text": "normalization: minor_league_rule_regime_effect_sizes",
      "status": "UNVERIFIED",
      "extractor": "line_grammar/v1"
    },
    {
      "id": "hd-20261008-143634-565a00716635/candidates/0/0/claim/43",
      "candidate_id": "hd-20261008-143634-565a00716635/candidates/0/0",
      "kind": "UNKNOWN",
      "text": "normalization: public_milb_park_factor_quality",
      "status": "UNVERIFIED",
      "extractor": "line_grammar/v1"
    },
    {
      "id": "hd-20261008-143634-565a00716635/candidates/0/0/claim/44",
      "candidate_id": "hd-20261008-143634-565a00716635/candidates/0/0",
      "kind": "UNKNOWN",
      "text": "opp_bullpen: forecast_accuracy_vs_naive_rule",
      "status": "UNVERIFIED",
      "extractor": "line_grammar/v1"
    },
    {
      "id": "hd-20261008-143634-565a00716635/candidates/0/0/claim/45",
      "candidate_id": "hd-20261008-143634-565a00716635/candidates/0/0",
      "kind": "UNKNOWN",
      "text": "opp_bullpen: unobserved_bullpen_warmups_effect",
      "status": "UNVERIFIED",
      "extractor": "line_grammar/v1"
    },
    {
      "id": "hd-20261008-143634-565a00716635/candidates/0/0/claim/46",
      "candidate_id": "hd-20261008-143634-565a00716635/candidates/0/0",
      "kind": "CONFLICT",
      "text": "pooled_assumption_attribution (the assumption lists are pooled across many ideas and not mapped to the six candidates, so some listed assumptions, such as tipping or grounds crew, do not belong to these six)",
      "status": "UNVERIFIED",
      "extractor": "line_grammar/v1"
    },
    {
      "id": "hd-20261008-143634-565a00716635/candidates/0/0/claim/47",
      "candidate_id": "hd-20261008-143634-565a00716635/candidates/0/0",
      "kind": "ASSUMPTION",
      "text": "blind_spots: All six lean on public data and assume a public-data tool can beat what sophisticated clubs already hold. At best they reach parity.",
      "status": "UNVERIFIED",
      "extractor": "line_grammar/v1"
    },
    {
      "id": "hd-20261008-143634-565a00716635/candidates/0/0/claim/48",
      "candidate_id": "hd-20261008-143634-565a00716635/candidates/0/0",
      "kind": "ASSUMPTION",
      "text": "blind_spots: None addresses amateur draft or international scouting, hitter or pitcher development decisions, in-season roster optimization, or players themselves as users.",
      "status": "UNVERIFIED",
      "extractor": "line_grammar/v1"
    },
    {
      "id": "hd-20261008-143634-565a00716635/candidates/0/0/claim/49",
      "candidate_id": "hd-20261008-143634-565a00716635/candidates/0/0",
      "kind": "ASSUMPTION",
      "text": "blind_spots: Four of the six (callups, normalization, return_to_play, rules_ledger) are front-office or analyst tools. Coaches and game-day staff are barely covered, and those groups' willingness to use a tool is untested.",
      "status": "UNVERIFIED",
      "extractor": "line_grammar/v1"
    },
    {
      "id": "hd-20261008-143634-565a00716635/candidates/0/0/claim/50",
      "candidate_id": "hd-20261008-143634-565a00716635/candidates/0/0",
      "kind": "ASSUMPTION",
      "text": "blind_spots: Common failure modes include small samples, no pre-registered baseline, hindsight leakage from later-revised data, adoption failure, and no measurement of changed decisions.",
      "status": "UNVERIFIED",
      "extractor": "line_grammar/v1"
    },
    {
      "id": "hd-20261008-143634-565a00716635/candidates/0/0/claim/51",
      "candidate_id": "hd-20261008-143634-565a00716635/candidates/0/0",
      "kind": "ASSUMPTION",
      "text": "blind_spots: Success is judged by prediction accuracy rather than by changed decisions and downstream wins, so a tool could be accurate and still add nothing.",
      "status": "UNVERIFIED",
      "extractor": "line_grammar/v1"
    },
    {
      "id": "hd-20261008-143634-565a00716635/candidates/0/0/claim/52",
      "candidate_id": "hd-20261008-143634-565a00716635/candidates/0/0",
      "kind": "IDEA",
      "text": "shared: a pre-registered backtest harness on public data, with naive baselines and time-stamped inputs, that scores any candidate on out-of-sample performance before anything is built",
      "status": "UNVERIFIED",
      "extractor": "line_grammar/v1"
    },
    {
      "id": "hd-20261008-143634-565a00716635/candidates/0/0/claim/53",
      "candidate_id": "hd-20261008-143634-565a00716635/candidates/0/0",
      "kind": "IDEA",
      "text": "callups: merge callups and normalization into one translation baseline, evaluated on out-of-sample MLB outcomes against a level-and-age baseline, before any interface is built",
      "status": "UNVERIFIED",
      "extractor": "line_grammar/v1"
    },
    {
      "id": "hd-20261008-143634-565a00716635/candidates/0/0/claim/54",
      "candidate_id": "hd-20261008-143634-565a00716635/candidates/0/0",
      "kind": "IDEA",
      "text": "rules_ledger: first audit whether any rules-related errors have occurred, via interviews with staff, and build the ledger only if they have",
      "status": "UNVERIFIED",
      "extractor": "line_grammar/v1"
    },
    {
      "id": "hd-20261008-143634-565a00716635/candidates/0/1/claim/1",
      "candidate_id": "hd-20261008-143634-565a00716635/candidates/0/1",
      "kind": "ASSUMPTION",
      "text": "CallUpCalibration (1 recurrence) Promotion decisions recur, but they are driven by 40-man space, option status, injuries and service-time, not only readiness. A stats-to-MLB translation may inform a small share of actual decisions.",
      "status": "UNVERIFIED",
      "extractor": "line_grammar/v1"
    },
    {
      "id": "hd-20261008-143634-565a00716635/candidates/0/1/claim/2",
      "candidate_id": "hd-20261008-143634-565a00716635/candidates/0/1",
      "kind": "ASSUMPTION",
      "text": "CallUpCalibration (2 data) Public MiLB stats are lawful. Statcast-style tracking coverage differs by level and year, and the final-season stat line is hindsight-contaminated unless snapshots are frozen as of each decision date.",
      "status": "UNVERIFIED",
      "extractor": "line_grammar/v1"
    },
    {
      "id": "hd-20261008-143634-565a00716635/candidates/0/1/claim/3",
      "candidate_id": "hd-20261008-143634-565a00716635/candidates/0/1",
      "kind": "ASSUMPTION",
      "text": "CallUpCalibration (3 action) Uncertainty bands only matter if staff would change timing or choice. If promotions are mostly driven by roster need, the output is decoration.",
      "status": "UNVERIFIED",
      "extractor": "line_grammar/v1"
    },
    {
      "id": "hd-20261008-143634-565a00716635/candidates/0/1/claim/4",
      "candidate_id": "hd-20261008-143634-565a00716635/candidates/0/1",
      "kind": "ASSUMPTION",
      "text": "CallUpCalibration (4 test) Backtest on public history: forecast the first-MLB-season outcome from snapshots at promotion date and compare against a baseline of raw age-adjusted OPS/ERA with regression to the mean. Check interval coverage and calibration. Promotion selection bias means only promoted players have MLB outcomes.",
      "status": "UNVERIFIED",
      "extractor": "line_grammar/v1"
    },
    {
      "id": "hd-20261008-143634-565a00716635/candidates/0/1/claim/5",
      "candidate_id": "hd-20261008-143634-565a00716635/candidates/0/1",
      "kind": "ASSUMPTION",
      "text": "CallUpCalibration (5 alternatives) Public projection systems and translation methods exist, and sophisticated clubs likely hold better private models using scouting and tracking data. A public-data version is a baseline at best.",
      "status": "UNVERIFIED",
      "extractor": "line_grammar/v1"
    },
    {
      "id": "hd-20261008-143634-565a00716635/candidates/0/1/claim/6",
      "candidate_id": "hd-20261008-143634-565a00716635/candidates/0/1",
      "kind": "ASSUMPTION",
      "text": "CallUpCalibration (6 looks-useful) Polished bands with no demonstrated coverage, or a tool tuned in-sample to past call-ups, would look rigorous while adding nothing over public projections.",
      "status": "UNVERIFIED",
      "extractor": "line_grammar/v1"
    },
    {
      "id": "hd-20261008-143634-565a00716635/candidates/0/1/claim/7",
      "candidate_id": "hd-20261008-143634-565a00716635/candidates/0/1",
      "kind": "UNKNOWN",
      "text": "CallUpCalibration public_milb_statcast_coverage_by_level",
      "status": "UNVERIFIED",
      "extractor": "line_grammar/v1"
    },
    {
      "id": "hd-20261008-143634-565a00716635/candidates/0/1/claim/8",
      "candidate_id": "hd-20261008-143634-565a00716635/candidates/0/1",
      "kind": "UNKNOWN",
      "text": "CallUpCalibration how_often_cubs_promotion_timing_is_readiness_driven_vs_roster_driven",
      "status": "UNVERIFIED",
      "extractor": "line_grammar/v1"
    },
    {
      "id": "hd-20261008-143634-565a00716635/candidates/0/1/claim/9",
      "candidate_id": "hd-20261008-143634-565a00716635/candidates/0/1",
      "kind": "ASSUMPTION",
      "text": "RosterLedger (1 recurrence) The problem is real and recurs through the season, but errors may be rare because staff already track options. Value depends on a history of missed or costly moves, which is not shown.",
      "status": "UNVERIFIED",
      "extractor": "line_grammar/v1"
    },
    {
      "id": "hd-20261008-143634-565a00716635/candidates/0/1/claim/10",
      "candidate_id": "hd-20261008-143634-565a00716635/candidates/0/1",
      "kind": "ASSUMPTION",
      "text": "RosterLedger (2 data) Public transactions are lawful and timely. Option years, optional-assignment days, and some service-time and IL edge cases are not fully public, so the ledger needs internal inputs the project cannot test publicly.",
      "status": "UNVERIFIED",
      "extractor": "line_grammar/v1"
    },
    {
      "id": "hd-20261008-143634-565a00716635/candidates/0/1/claim/11",
      "candidate_id": "hd-20261008-143634-565a00716635/candidates/0/1",
      "kind": "ASSUMPTION",
      "text": "RosterLedger (3 action) A warning before a move becomes impossible changes behavior only if the deadlines were being missed. Otherwise it only reminds.",
      "status": "UNVERIFIED",
      "extractor": "line_grammar/v1"
    },
    {
      "id": "hd-20261008-143634-565a00716635/candidates/0/1/claim/12",
      "candidate_id": "hd-20261008-143634-565a00716635/candidates/0/1",
      "kind": "ASSUMPTION",
      "text": "RosterLedger (4 test) Public data can reconstruct past option and eligibility states and count how often clubs lost a player to Rule 5 or burned an option inefficiently. That requires a baseline of a rules-literate spreadsheet, and the frequency of such errors may be too low to measure.",
      "status": "UNVERIFIED",
      "extractor": "line_grammar/v1"
    },
    {
      "id": "hd-20261008-143634-565a00716635/candidates/0/1/claim/13",
      "candidate_id": "hd-20261008-143634-565a00716635/candidates/0/1",
      "kind": "ASSUMPTION",
      "text": "RosterLedger (5 alternatives) Front offices almost certainly have a spreadsheet or internal database for this, and league systems handle official status. The gain is reliability only.",
      "status": "UNVERIFIED",
      "extractor": "line_grammar/v1"
    },
    {
      "id": "hd-20261008-143634-565a00716635/candidates/0/1/claim/14",
      "candidate_id": "hd-20261008-143634-565a00716635/candidates/0/1",
      "kind": "ASSUMPTION",
      "text": "RosterLedger (6 looks-useful) A dashboard that restates already-known deadlines looks useful, and rule-encoding bugs after CBA changes could produce false confidence.",
      "status": "UNVERIFIED",
      "extractor": "line_grammar/v1"
    },
    {
      "id": "hd-20261008-143634-565a00716635/candidates/0/1/claim/15",
      "candidate_id": "hd-20261008-143634-565a00716635/candidates/0/1",
      "kind": "UNKNOWN",
      "text": "RosterLedger cubs_roster_admin_error_history",
      "status": "UNVERIFIED",
      "extractor": "line_grammar/v1"
    },
    {
      "id": "hd-20261008-143634-565a00716635/candidates/0/1/claim/16",
      "candidate_id": "hd-20261008-143634-565a00716635/candidates/0/1",
      "kind": "UNKNOWN",
      "text": "RosterLedger completeness_of_public_option_status_data",
      "status": "UNVERIFIED",
      "extractor": "line_grammar/v1"
    },
    {
      "id": "hd-20261008-143634-565a00716635/candidates/0/1/claim/17",
      "candidate_id": "hd-20261008-143634-565a00716635/candidates/0/1",
      "kind": "ASSUMPTION",
      "text": "ReturnToPlay (1 recurrence) IL events recur, but a timeline decision is made by medical staff on individual diagnosis. A comparables search may not change that.",
      "status": "UNVERIFIED",
      "extractor": "line_grammar/v1"
    },
    {
      "id": "hd-20261008-143634-565a00716635/candidates/0/1/claim/18",
      "candidate_id": "hd-20261008-143634-565a00716635/candidates/0/1",
      "kind": "ASSUMPTION",
      "text": "ReturnToPlay (2 data) Public IL entries have coarse injury labels and no imaging, grade or surgery detail. Public comparables then mix heterogeneous injuries. Any use of Cubs medical data creates privacy and CBA issues and falls outside the public-data constraint.",
      "status": "UNVERIFIED",
      "extractor": "line_grammar/v1"
    },
    {
      "id": "hd-20261008-143634-565a00716635/candidates/0/1/claim/19",
      "candidate_id": "hd-20261008-143634-565a00716635/candidates/0/1",
      "kind": "ASSUMPTION",
      "text": "ReturnToPlay (3 action) The plausible use is roster contingency planning, such as how long to hold a replacement. Even there, a wide distribution may be uninformative.",
      "status": "UNVERIFIED",
      "extractor": "line_grammar/v1"
    },
    {
      "id": "hd-20261008-143634-565a00716635/candidates/0/1/claim/20",
      "candidate_id": "hd-20261008-143634-565a00716635/candidates/0/1",
      "kind": "ASSUMPTION",
      "text": "ReturnToPlay (4 test) Backtest predicted days missed from public IL history against a baseline of the median by injury label or the league-wide median. Compare error on out-of-time seasons. Reporting inconsistencies and retroactive IL placement degrade labels.",
      "status": "UNVERIFIED",
      "extractor": "line_grammar/v1"
    },
    {
      "id": "hd-20261008-143634-565a00716635/candidates/0/1/claim/21",
      "candidate_id": "hd-20261008-143634-565a00716635/candidates/0/1",
      "kind": "ASSUMPTION",
      "text": "ReturnToPlay (5 alternatives) Public injury trackers exist, and clubs with internal medical records and team physicians already hold better information. This is near-certain parity at best.",
      "status": "UNVERIFIED",
      "extractor": "line_grammar/v1"
    },
    {
      "id": "hd-20261008-143634-565a00716635/candidates/0/1/claim/22",
      "candidate_id": "hd-20261008-143634-565a00716635/candidates/0/1",
      "kind": "ASSUMPTION",
      "text": "ReturnToPlay (6 looks-useful) Tight-looking distributions from vague labels, or post-return performance comparisons confounded by survivorship and by who gets reinstated, would seem informative.",
      "status": "UNVERIFIED",
      "extractor": "line_grammar/v1"
    },
    {
      "id": "hd-20261008-143634-565a00716635/candidates/0/1/claim/23",
      "candidate_id": "hd-20261008-143634-565a00716635/candidates/0/1",
      "kind": "UNKNOWN",
      "text": "ReturnToPlay granularity_of_public_injury_descriptions",
      "status": "UNVERIFIED",
      "extractor": "line_grammar/v1"
    },
    {
      "id": "hd-20261008-143634-565a00716635/candidates/0/1/claim/24",
      "candidate_id": "hd-20261008-143634-565a00716635/candidates/0/1",
      "kind": "UNKNOWN",
      "text": "ReturnToPlay cubs_medical_staff_current_use_of_comparables",
      "status": "UNVERIFIED",
      "extractor": "line_grammar/v1"
    },
    {
      "id": "hd-20261008-143634-565a00716635/candidates/0/1/claim/25",
      "candidate_id": "hd-20261008-143634-565a00716635/candidates/0/1",
      "kind": "ASSUMPTION",
      "text": "PitchSeqSelfScout (1 recurrence) Pregame planning recurs every series and the question of whether pitchers are predictable is real. It is plausible but no evidence shows predictability is exploitable by hitters.",
      "status": "UNVERIFIED",
      "extractor": "line_grammar/v1"
    },
    {
      "id": "hd-20261008-143634-565a00716635/candidates/0/1/claim/26",
      "candidate_id": "hd-20261008-143634-565a00716635/candidates/0/1",
      "kind": "ASSUMPTION",
      "text": "PitchSeqSelfScout (2 data) Public pitch type, count and handedness data is lawful and available before the next game, so there is no hindsight problem. Hitters use richer cues than this model captures.",
      "status": "UNVERIFIED",
      "extractor": "line_grammar/v1"
    },
    {
      "id": "hd-20261008-143634-565a00716635/candidates/0/1/claim/27",
      "candidate_id": "hd-20261008-143634-565a00716635/candidates/0/1",
      "kind": "ASSUMPTION",
      "text": "PitchSeqSelfScout (3 action) Staff would vary sequencing. Reducing predictability may cost pitch quality, so the gain is not guaranteed, and catchers and pitchers already adjust by feel.",
      "status": "UNVERIFIED",
      "extractor": "line_grammar/v1"
    },
    {
      "id": "hd-20261008-143634-565a00716635/candidates/0/1/claim/28",
      "candidate_id": "hd-20261008-143634-565a00716635/candidates/0/1",
      "kind": "ASSUMPTION",
      "text": "PitchSeqSelfScout (4 test) Check whether lower-entropy pitchers allow worse outcomes than predicted by pitch quality, using league-wide public data and a baseline of simple pitch-mix-by-count averages. Predictability of pitch choice and run prevention must be separated from pitch quality and selection by game state.",
      "status": "UNVERIFIED",
      "extractor": "line_grammar/v1"
    },
    {
      "id": "hd-20261008-143634-565a00716635/candidates/0/1/claim/29",
      "candidate_id": "hd-20261008-143634-565a00716635/candidates/0/1",
      "kind": "ASSUMPTION",
      "text": "PitchSeqSelfScout (5 alternatives) Sophisticated clubs already run sequencing audits, and public tools show pitch mix by count. The edge is parity.",
      "status": "UNVERIFIED",
      "extractor": "line_grammar/v1"
    },
    {
      "id": "hd-20261008-143634-565a00716635/candidates/0/1/claim/30",
      "candidate_id": "hd-20261008-143634-565a00716635/candidates/0/1",
      "kind": "ASSUMPTION",
      "text": "PitchSeqSelfScout (6 looks-useful) An entropy score that is high or low without being tied to run value looks scientific. Predictable from count alone is also the normal, near-optimal behavior.",
      "status": "UNVERIFIED",
      "extractor": "line_grammar/v1"
    },
    {
      "id": "hd-20261008-143634-565a00716635/candidates/0/1/claim/31",
      "candidate_id": "hd-20261008-143634-565a00716635/candidates/0/1",
      "kind": "UNKNOWN",
      "text": "PitchSeqSelfScout evidence_linking_sequence_entropy_to_run_prevention",
      "status": "UNVERIFIED",
      "extractor": "line_grammar/v1"
    },
    {
      "id": "hd-20261008-143634-565a00716635/candidates/0/1/claim/32",
      "candidate_id": "hd-20261008-143634-565a00716635/candidates/0/1",
      "kind": "UNKNOWN",
      "text": "PitchSeqSelfScout cubs_existing_sequence_audit",
      "status": "UNVERIFIED",
      "extractor": "line_grammar/v1"
    },
    {
      "id": "hd-20261008-143634-565a00716635/candidates/0/1/claim/33",
      "candidate_id": "hd-20261008-143634-565a00716635/candidates/0/1",
      "kind": "ASSUMPTION",
      "text": "CrossLeagueNorm (1 recurrence) It recurs for every minor league evaluation, but it overlaps CallUpCalibration. It is really a preprocessing step, not a separate product.",
      "status": "UNVERIFIED",
      "extractor": "line_grammar/v1"
    },
    {
      "id": "hd-20261008-143634-565a00716635/candidates/0/1/claim/34",
      "candidate_id": "hd-20261008-143634-565a00716635/candidates/0/1",
      "kind": "ASSUMPTION",
      "text": "CrossLeagueNorm (2 data) Rule regime and park factors are lawful and public. Effect sizes of rule experiments are estimated from a few league-seasons, confounded with who plays there, and rules change faster than data accumulates.",
      "status": "UNVERIFIED",
      "extractor": "line_grammar/v1"
    },
    {
      "id": "hd-20261008-143634-565a00716635/candidates/0/1/claim/35",
      "candidate_id": "hd-20261008-143634-565a00716635/candidates/0/1",
      "kind": "ASSUMPTION",
      "text": "CrossLeagueNorm (3 action) Evaluators would discount or boost stats by league. They may already do this mentally, so the change is unclear.",
      "status": "UNVERIFIED",
      "extractor": "line_grammar/v1"
    },
    {
      "id": "hd-20261008-143634-565a00716635/candidates/0/1/claim/36",
      "candidate_id": "hd-20261008-143634-565a00716635/candidates/0/1",
      "kind": "ASSUMPTION",
      "text": "CrossLeagueNorm (4 test) Test whether adjusted stats predict next-level or MLB performance better than raw age-adjusted stats and published park factors. Natural experiments occur when a rule changes within a league, but sample and roster churn limit power.",
      "status": "UNVERIFIED",
      "extractor": "line_grammar/v1"
    },
    {
      "id": "hd-20261008-143634-565a00716635/candidates/0/1/claim/37",
      "candidate_id": "hd-20261008-143634-565a00716635/candidates/0/1",
      "kind": "ASSUMPTION",
      "text": "CrossLeagueNorm (5 alternatives) Public sites partly normalize already, and clubs hold private adjustments. A public-data version risks only matching them.",
      "status": "UNVERIFIED",
      "extractor": "line_grammar/v1"
    },
    {
      "id": "hd-20261008-143634-565a00716635/candidates/0/1/claim/38",
      "candidate_id": "hd-20261008-143634-565a00716635/candidates/0/1",
      "kind": "ASSUMPTION",
      "text": "CrossLeagueNorm (6 looks-useful) An adjustment table with many decimals looks precise while its error exceeds its correction.",
      "status": "UNVERIFIED",
      "extractor": "line_grammar/v1"
    },
    {
      "id": "hd-20261008-143634-565a00716635/candidates/0/1/claim/39",
      "candidate_id": "hd-20261008-143634-565a00716635/candidates/0/1",
      "kind": "UNKNOWN",
      "text": "CrossLeagueNorm minor_league_rule_regime_effect_sizes",
      "status": "UNVERIFIED",
      "extractor": "line_grammar/v1"
    },
    {
      "id": "hd-20261008-143634-565a00716635/candidates/0/1/claim/40",
      "candidate_id": "hd-20261008-143634-565a00716635/candidates/0/1",
      "kind": "UNKNOWN",
      "text": "CrossLeagueNorm public_milb_park_factor_quality",
      "status": "UNVERIFIED",
      "extractor": "line_grammar/v1"
    },
    {
      "id": "hd-20261008-143634-565a00716635/candidates/0/1/claim/41",
      "candidate_id": "hd-20261008-143634-565a00716635/candidates/0/1",
      "kind": "CONFLICT",
      "text": "CallUpCalibration_vs_CrossLeagueNorm overlapping scope and shared data dependency, which suggests merging them and testing once",
      "status": "UNVERIFIED",
      "extractor": "line_grammar/v1"
    },
    {
      "id": "hd-20261008-143634-565a00716635/candidates/0/1/claim/42",
      "candidate_id": "hd-20261008-143634-565a00716635/candidates/0/1",
      "kind": "ASSUMPTION",
      "text": "OppBullpenForecast (1 recurrence) Late-game choices against likely relievers recur nightly. But the lineup, pinch-hit and platoon decisions are largely set by matchup and roster, and knowing who is unavailable is a marginal input.",
      "status": "UNVERIFIED",
      "extractor": "line_grammar/v1"
    },
    {
      "id": "hd-20261008-143634-565a00716635/candidates/0/1/claim/43",
      "candidate_id": "hd-20261008-143634-565a00716635/candidates/0/1",
      "kind": "ASSUMPTION",
      "text": "OppBullpenForecast (2 data) Public box scores give appearances and pitch counts after the game, so a forecast for tonight is legitimate. Injuries, internal usage limits and warm-up-only workload are not public, so true availability is only partly observable.",
      "status": "UNVERIFIED",
      "extractor": "line_grammar/v1"
    },
    {
      "id": "hd-20261008-143634-565a00716635/candidates/0/1/claim/44",
      "candidate_id": "hd-20261008-143634-565a00716635/candidates/0/1",
      "kind": "ASSUMPTION",
      "text": "OppBullpenForecast (3 action) Staff might hold a pinch-hitter or adjust a platoon start. The effect of any such change is small, and bullpens can be reshaped by the opponent in-game.",
      "status": "UNVERIFIED",
      "extractor": "line_grammar/v1"
    },
    {
      "id": "hd-20261008-143634-565a00716635/candidates/0/1/claim/45",
      "candidate_id": "hd-20261008-143634-565a00716635/candidates/0/1",
      "kind": "ASSUMPTION",
      "text": "OppBullpenForecast (4 test) Backtest availability predictions from rolling workload against the naive rule of used yesterday or at 25+ pitches means unavailable, and score precision, recall and Brier loss. Then ask whether predictions would have changed any decision. That second step cannot be done with public data alone.",
      "status": "UNVERIFIED",
      "extractor": "line_grammar/v1"
    },
    {
      "id": "hd-20261008-143634-565a00716635/candidates/0/1/claim/46",
      "candidate_id": "hd-20261008-143634-565a00716635/candidates/0/1",
      "kind": "ASSUMPTION",
      "text": "OppBullpenForecast (5 alternatives) Advance scouts and analysts already estimate this, and public workload trackers exist. Clubs likely have more complete information, including real warm-up information.",
      "status": "UNVERIFIED",
      "extractor": "line_grammar/v1"
    },
    {
      "id": "hd-20261008-143634-565a00716635/candidates/0/1/claim/47",
      "candidate_id": "hd-20261008-143634-565a00716635/candidates/0/1",
      "kind": "ASSUMPTION",
      "text": "OppBullpenForecast (6 looks-useful) High accuracy on trivial cases such as pitched three days in a row looks good, but it matches the naive rule and does not affect any decision.",
      "status": "UNVERIFIED",
      "extractor": "line_grammar/v1"
    },
    {
      "id": "hd-20261008-143634-565a00716635/candidates/0/1/claim/48",
      "candidate_id": "hd-20261008-143634-565a00716635/candidates/0/1",
      "kind": "UNKNOWN",
      "text": "OppBullpenForecast forecast_accuracy_vs_naive_rule",
      "status": "UNVERIFIED",
      "extractor": "line_grammar/v1"
    },
    {
      "id": "hd-20261008-143634-565a00716635/candidates/0/1/claim/49",
      "candidate_id": "hd-20261008-143634-565a00716635/candidates/0/1",
      "kind": "UNKNOWN",
      "text": "OppBullpenForecast unobserved_bullpen_warmups_effect",
      "status": "UNVERIFIED",
      "extractor": "line_grammar/v1"
    },
    {
      "id": "hd-20261008-143634-565a00716635/candidates/0/1/claim/50",
      "candidate_id": "hd-20261008-143634-565a00716635/candidates/0/1",
      "kind": "ASSUMPTION",
      "text": "BlindSpots Shared assumption: public data suffices to create an edge. For most of these candidates sophisticated clubs hold richer private data, so the likely outcome is parity.",
      "status": "UNVERIFIED",
      "extractor": "line_grammar/v1"
    },
    {
      "id": "hd-20261008-143634-565a00716635/candidates/0/1/claim/51",
      "candidate_id": "hd-20261008-143634-565a00716635/candidates/0/1",
      "kind": "ASSUMPTION",
      "text": "BlindSpots Shared assumption: staff behavior would change when handed a tool. Adoption, trust and incentives are untested for all six, and none states a measurable decision change.",
      "status": "UNVERIFIED",
      "extractor": "line_grammar/v1"
    },
    {
      "id": "hd-20261008-143634-565a00716635/candidates/0/1/claim/52",
      "candidate_id": "hd-20261008-143634-565a00716635/candidates/0/1",
      "kind": "ASSUMPTION",
      "text": "BlindSpots Common failure mode: evaluating on outcomes without freezing the information available at decision time, which creates hindsight leakage. Also small samples, selection effects, and comparing against weak baselines instead of simple ones.",
      "status": "UNVERIFIED",
      "extractor": "line_grammar/v1"
    },
    {
      "id": "hd-20261008-143634-565a00716635/candidates/0/1/claim/53",
      "candidate_id": "hd-20261008-143634-565a00716635/candidates/0/1",
      "kind": "ASSUMPTION",
      "text": "BlindSpots The candidate set is analyst-centric and information-centric. It does not cover amateur draft and scouting workflow, pro acquisition and trade valuation, hitter development, strength and conditioning, ticketing and business operations, or defensive and baserunning in-game decisions.",
      "status": "UNVERIFIED",
      "extractor": "line_grammar/v1"
    },
    {
      "id": "hd-20261008-143634-565a00716635/candidates/0/1/claim/54",
      "candidate_id": "hd-20261008-143634-565a00716635/candidates/0/1",
      "kind": "ASSUMPTION",
      "text": "BlindSpots The supplied context mixes assumptions from different ideas under each candidate, and no source records support any claim, so every statement above is unverified critique.",
      "status": "UNVERIFIED",
      "extractor": "line_grammar/v1"
    },
    {
      "id": "hd-20261008-143634-565a00716635/candidates/0/1/claim/55",
      "candidate_id": "hd-20261008-143634-565a00716635/candidates/0/1",
      "kind": "UNKNOWN",
      "text": "BlindSpots cubs_internal_analytics_capabilities",
      "status": "UNVERIFIED",
      "extractor": "line_grammar/v1"
    },
    {
      "id": "hd-20261008-143634-565a00716635/candidates/0/1/claim/56",
      "candidate_id": "hd-20261008-143634-565a00716635/candidates/0/1",
      "kind": "UNKNOWN",
      "text": "BlindSpots supplied_evidence_records_for_any_candidate",
      "status": "UNVERIFIED",
      "extractor": "line_grammar/v1"
    },
    {
      "id": "hd-20261008-143634-565a00716635/candidates/0/1/claim/57",
      "candidate_id": "hd-20261008-143634-565a00716635/candidates/0/1",
      "kind": "IDEA",
      "text": "DecisionSnapshotBacktestHarness Build a frozen as-of-date public-data archive and a scoring harness that tests any of these six predictions against simple baselines. Users are analysts, the decision is which tool deserves staff time, and the intervention is an evaluation framework rather than a product.",
      "status": "UNVERIFIED",
      "extractor": "line_grammar/v1"
    },
    {
      "id": "hd-20261008-143634-565a00716635/candidates/0/1/claim/58",
      "candidate_id": "hd-20261008-143634-565a00716635/candidates/0/1",
      "kind": "ASSUMPTION",
      "text": "DecisionSnapshotBacktestHarness Public historical snapshots, such as dated transaction logs and box scores, can be reconstructed without hindsight leakage. This needs verification.",
      "status": "UNVERIFIED",
      "extractor": "line_grammar/v1"
    },
    {
      "id": "hd-20261008-143634-565a00716635/candidates/0/2/claim/1",
      "candidate_id": "hd-20261008-143634-565a00716635/candidates/0/2",
      "kind": "ASSUMPTION",
      "text": "Callup-calibration: the promotion decision recurs, but it is driven by 40-man status, roster need, service-time and option rules, and development-staff judgment, so a translation estimate may rarely be the binding input.",
      "status": "UNVERIFIED",
      "extractor": "line_grammar/v1"
    },
    {
      "id": "hd-20261008-143634-565a00716635/candidates/0/2/claim/2",
      "candidate_id": "hd-20261008-143634-565a00716635/candidates/0/2",
      "kind": "ASSUMPTION",
      "text": "Callup-calibration: public MiLB stats exist at decision time, but public MiLB tracking coverage varies by level and season (UNVERIFIED); the best inputs (scouting, private tracking) are not public, so the tool is a baseline, not an edge.",
      "status": "UNVERIFIED",
      "extractor": "line_grammar/v1"
    },
    {
      "id": "hd-20261008-143634-565a00716635/candidates/0/2/claim/3",
      "candidate_id": "hd-20261008-143634-565a00716635/candidates/0/2",
      "kind": "ASSUMPTION",
      "text": "Callup-calibration: a staffer would change promotion timing or the comparison set only if bands move a decision across a threshold; bands wide enough to be honest may never do so.",
      "status": "UNVERIFIED",
      "extractor": "line_grammar/v1"
    },
    {
      "id": "hd-20261008-143634-565a00716635/candidates/0/2/claim/4",
      "candidate_id": "hd-20261008-143634-565a00716635/candidates/0/2",
      "kind": "ASSUMPTION",
      "text": "Callup-calibration: a retrospective test is feasible: for each past league-season, use only data through the promotion date, predict MLB outcomes after promotion, and compare against a simple baseline (raw wRC+ or ERA with a fixed level discount). Check calibration of the intervals, not just point error. Selection bias applies because only promoted players have MLB outcomes.",
      "status": "UNVERIFIED",
      "extractor": "line_grammar/v1"
    },
    {
      "id": "hd-20261008-143634-565a00716635/candidates/0/2/claim/5",
      "candidate_id": "hd-20261008-143634-565a00716635/candidates/0/2",
      "kind": "ASSUMPTION",
      "text": "Callup-calibration: public alternatives already exist (FanGraphs, Baseball Prospectus, and Baseball Savant minor-league pages and translation or projection systems), and sophisticated clubs likely have better models. The software overlaps heavily with these.",
      "status": "UNVERIFIED",
      "extractor": "line_grammar/v1"
    },
    {
      "id": "hd-20261008-143634-565a00716635/candidates/0/2/claim/6",
      "candidate_id": "hd-20261008-143634-565a00716635/candidates/0/2",
      "kind": "ASSUMPTION",
      "text": "Callup-calibration: it would look useful with polished dashboards, narrow bands from an overconfident model, or a backtest scored on players who reached MLB anyway or tuned with later-season data (hindsight leakage).",
      "status": "UNVERIFIED",
      "extractor": "line_grammar/v1"
    },
    {
      "id": "hd-20261008-143634-565a00716635/candidates/0/2/claim/7",
      "candidate_id": "hd-20261008-143634-565a00716635/candidates/0/2",
      "kind": "ASSUMPTION",
      "text": "Roster-ledger: option years, optional assignments, DFA timing and Rule 5 deadlines recur every season, and mistakes are costly, but they are likely rare in a club with dedicated baseball operations staff.",
      "status": "UNVERIFIED",
      "extractor": "line_grammar/v1"
    },
    {
      "id": "hd-20261008-143634-565a00716635/candidates/0/2/claim/8",
      "candidate_id": "hd-20261008-143634-565a00716635/candidates/0/2",
      "kind": "ASSUMPTION",
      "text": "Roster-ledger: public transactions can reconstruct part of the status, but option-year counts, minimum-days-down tracking, service time and injured-list edge cases may not be fully public or may rest on rules that change with each CBA. Treat completeness as UNKNOWN.",
      "status": "UNVERIFIED",
      "extractor": "line_grammar/v1"
    },
    {
      "id": "hd-20261008-143634-565a00716635/candidates/0/2/claim/9",
      "candidate_id": "hd-20261008-143634-565a00716635/candidates/0/2",
      "kind": "ASSUMPTION",
      "text": "Roster-ledger: the actionable output is an alert before a move becomes costly. Value depends on the club's current error history, which is not supplied. A spreadsheet plus a rules-literate staffer may already suffice.",
      "status": "UNVERIFIED",
      "extractor": "line_grammar/v1"
    },
    {
      "id": "hd-20261008-143634-565a00716635/candidates/0/2/claim/10",
      "candidate_id": "hd-20261008-143634-565a00716635/candidates/0/2",
      "kind": "ASSUMPTION",
      "text": "Roster-ledger: retrospective testing is weak. Public data cannot show a missed move that was never made, so you could only replay known historical cases and count how many the ledger would have flagged. That is a unit test, not evidence of advantage.",
      "status": "UNVERIFIED",
      "extractor": "line_grammar/v1"
    },
    {
      "id": "hd-20261008-143634-565a00716635/candidates/0/2/claim/11",
      "candidate_id": "hd-20261008-143634-565a00716635/candidates/0/2",
      "kind": "ASSUMPTION",
      "text": "Roster-ledger: it would look useful with a good-looking calendar of deadlines for facts staff already know, or by being tested only on cases chosen in hindsight.",
      "status": "UNVERIFIED",
      "extractor": "line_grammar/v1"
    },
    {
      "id": "hd-20261008-143634-565a00716635/candidates/0/2/claim/12",
      "candidate_id": "hd-20261008-143634-565a00716635/candidates/0/2",
      "kind": "ASSUMPTION",
      "text": "RTP-comparables: IL placements recur often, but timelines come mainly from private diagnosis, imaging and clinician judgment; public IL records give only a coarse injury label (granularity UNKNOWN), so comparables may mislead.",
      "status": "UNVERIFIED",
      "extractor": "line_grammar/v1"
    },
    {
      "id": "hd-20261008-143634-565a00716635/candidates/0/2/claim/13",
      "candidate_id": "hd-20261008-143634-565a00716635/candidates/0/2",
      "kind": "ASSUMPTION",
      "text": "RTP-comparables: public IL data are lawfully available, but the diagnosis at decision time is private. Putting private Cubs medical data into the tool would need a separate privacy and governance review. Public return dates are labelled after the fact.",
      "status": "UNVERIFIED",
      "extractor": "line_grammar/v1"
    },
    {
      "id": "hd-20261008-143634-565a00716635/candidates/0/2/claim/14",
      "candidate_id": "hd-20261008-143634-565a00716635/candidates/0/2",
      "kind": "ASSUMPTION",
      "text": "RTP-comparables: the actionable change is a contingency plan, such as whether to call up a replacement or stash an IL slot. A distribution wide enough to be honest may not change that choice.",
      "status": "UNVERIFIED",
      "extractor": "line_grammar/v1"
    },
    {
      "id": "hd-20261008-143634-565a00716635/candidates/0/2/claim/15",
      "candidate_id": "hd-20261008-143634-565a00716635/candidates/0/2",
      "kind": "ASSUMPTION",
      "text": "RTP-comparables: the backtest would predict days missed from information known at IL placement and compare against a baseline of the league-wide median by IL type. Selection and reporting bias is a risk because teams describe injuries inconsistently and sometimes vaguely.",
      "status": "UNVERIFIED",
      "extractor": "line_grammar/v1"
    },
    {
      "id": "hd-20261008-143634-565a00716635/candidates/0/2/claim/16",
      "candidate_id": "hd-20261008-143634-565a00716635/candidates/0/2",
      "kind": "ASSUMPTION",
      "text": "RTP-comparables: medical departments and vendors probably already hold richer internal databases, and public injury trackers exist. It would look useful with fine-grained comparable \"matches\" that are really noise from small samples.",
      "status": "UNVERIFIED",
      "extractor": "line_grammar/v1"
    },
    {
      "id": "hd-20261008-143634-565a00716635/candidates/0/2/claim/17",
      "candidate_id": "hd-20261008-143634-565a00716635/candidates/0/2",
      "kind": "ASSUMPTION",
      "text": "Pitch-predictability: the pregame game-plan decision recurs every series, but predictability from count, prior pitch and batter handedness is a coarse model, and the real game plan is driven by hitter-specific weaknesses and pitch quality.",
      "status": "UNVERIFIED",
      "extractor": "line_grammar/v1"
    },
    {
      "id": "hd-20261008-143634-565a00716635/candidates/0/2/claim/18",
      "candidate_id": "hd-20261008-143634-565a00716635/candidates/0/2",
      "kind": "ASSUMPTION",
      "text": "Pitch-predictability: public pitch-by-pitch data is lawful and available before the game, so there is no hindsight problem if only past games are used. But opponents' actual models and the catcher's in-game adaptation are not visible.",
      "status": "UNVERIFIED",
      "extractor": "line_grammar/v1"
    },
    {
      "id": "hd-20261008-143634-565a00716635/candidates/0/2/claim/19",
      "candidate_id": "hd-20261008-143634-565a00716635/candidates/0/2",
      "kind": "ASSUMPTION",
      "text": "Pitch-predictability: the staff action would be to change pitch mix or sequencing. This may trade lower predictability for worse pitch quality, so lower predictability need not mean fewer runs.",
      "status": "UNVERIFIED",
      "extractor": "line_grammar/v1"
    },
    {
      "id": "hd-20261008-143634-565a00716635/candidates/0/2/claim/20",
      "candidate_id": "hd-20261008-143634-565a00716635/candidates/0/2",
      "kind": "ASSUMPTION",
      "text": "Pitch-predictability: a falsifiable test is whether sequence entropy or model predictive accuracy on earlier games predicts run prevention in later games after controlling for pitch quality, against a baseline of pitch quality alone. Evidence linking predictability to results is UNKNOWN.",
      "status": "UNVERIFIED",
      "extractor": "line_grammar/v1"
    },
    {
      "id": "hd-20261008-143634-565a00716635/candidates/0/2/claim/21",
      "candidate_id": "hd-20261008-143634-565a00716635/candidates/0/2",
      "kind": "ASSUMPTION",
      "text": "Pitch-predictability: sophisticated clubs likely already run this self-scout. It would look useful with accurate next-pitch prediction scores that merely reflect obvious count effects, or with pitcher charts that nobody can act on.",
      "status": "UNVERIFIED",
      "extractor": "line_grammar/v1"
    },
    {
      "id": "hd-20261008-143634-565a00716635/candidates/0/2/claim/22",
      "candidate_id": "hd-20261008-143634-565a00716635/candidates/0/2",
      "kind": "ASSUMPTION",
      "text": "Cross-league-normalization: promotion comparison across affiliates recurs constantly, and rule regimes (ABS, pitch clock, park) differ, so the problem is plausible. The effect sizes of rule regimes are UNKNOWN.",
      "status": "UNVERIFIED",
      "extractor": "line_grammar/v1"
    },
    {
      "id": "hd-20261008-143634-565a00716635/candidates/0/2/claim/23",
      "candidate_id": "hd-20261008-143634-565a00716635/candidates/0/2",
      "kind": "ASSUMPTION",
      "text": "Cross-league-normalization: public stats and park information are available at decision time, but rule changes and few league-seasons give little data for estimating adjustments. Rosters turn over, and the adjustments partly confound player quality.",
      "status": "UNVERIFIED",
      "extractor": "line_grammar/v1"
    },
    {
      "id": "hd-20261008-143634-565a00716635/candidates/0/2/claim/24",
      "candidate_id": "hd-20261008-143634-565a00716635/candidates/0/2",
      "kind": "ASSUMPTION",
      "text": "Cross-league-normalization: the action is a fairer comparison, but it matters mainly when it flips a ranking, which may be uncommon. Public sites already partly normalize by league and park.",
      "status": "UNVERIFIED",
      "extractor": "line_grammar/v1"
    },
    {
      "id": "hd-20261008-143634-565a00716635/candidates/0/2/claim/25",
      "candidate_id": "hd-20261008-143634-565a00716635/candidates/0/2",
      "kind": "ASSUMPTION",
      "text": "Cross-league-normalization: the backtest compares against raw league-relative stats or existing public park-adjusted ones, scored on out-of-sample MLB outcomes. Compare adjusted versus unadjusted rank correlation using only information through the evaluation date.",
      "status": "UNVERIFIED",
      "extractor": "line_grammar/v1"
    },
    {
      "id": "hd-20261008-143634-565a00716635/candidates/0/2/claim/26",
      "candidate_id": "hd-20261008-143634-565a00716635/candidates/0/2",
      "kind": "ASSUMPTION",
      "text": "Cross-league-normalization: it would look useful with many adjustment factors fit to a handful of league-seasons, which overfits and looks rigorous.",
      "status": "UNVERIFIED",
      "extractor": "line_grammar/v1"
    },
    {
      "id": "hd-20261008-143634-565a00716635/candidates/0/2/claim/27",
      "candidate_id": "hd-20261008-143634-565a00716635/candidates/0/2",
      "kind": "ASSUMPTION",
      "text": "Opp-bullpen: lineup and pinch-hit decisions recur daily, but the manager and coaches already estimate who is likely to pitch, and knowing it must change the choice for the forecast to matter.",
      "status": "UNVERIFIED",
      "extractor": "line_grammar/v1"
    },
    {
      "id": "hd-20261008-143634-565a00716635/candidates/0/2/claim/28",
      "candidate_id": "hd-20261008-143634-565a00716635/candidates/0/2",
      "kind": "ASSUMPTION",
      "text": "Opp-bullpen: public box scores are lawful and available the morning of the game. They omit warmups, injuries, undisclosed rest, and the opposing club's private usage rules, so accuracy may be capped.",
      "status": "UNVERIFIED",
      "extractor": "line_grammar/v1"
    },
    {
      "id": "hd-20261008-143634-565a00716635/candidates/0/2/claim/29",
      "candidate_id": "hd-20261008-143634-565a00716635/candidates/0/2",
      "kind": "ASSUMPTION",
      "text": "Opp-bullpen: the staff would reorder a lineup, hold a pinch hitter, or choose a platoon starter. The effect on win probability is probably small because lineup order matters little, and unavoidable constraints bind the choice.",
      "status": "UNVERIFIED",
      "extractor": "line_grammar/v1"
    },
    {
      "id": "hd-20261008-143634-565a00716635/candidates/0/2/claim/30",
      "candidate_id": "hd-20261008-143634-565a00716635/candidates/0/2",
      "kind": "ASSUMPTION",
      "text": "Opp-bullpen: the test is easy and falsifiable. Predict each day's available relievers from prior-day usage and compare against a naive rule such as \"pitched yesterday and threw more than a fixed pitch count means unavailable.\" Use only prior data. Whether the gain converts to runs is UNKNOWN.",
      "status": "UNVERIFIED",
      "extractor": "line_grammar/v1"
    },
    {
      "id": "hd-20261008-143634-565a00716635/candidates/0/2/claim/31",
      "candidate_id": "hd-20261008-143634-565a00716635/candidates/0/2",
      "kind": "ASSUMPTION",
      "text": "Opp-bullpen: public availability-style trackers and clubs' advance scouts already do this. It would look useful with a high forecast hit rate that mostly reflects the naive rule.",
      "status": "UNVERIFIED",
      "extractor": "line_grammar/v1"
    },
    {
      "id": "hd-20261008-143634-565a00716635/candidates/0/2/claim/32",
      "candidate_id": "hd-20261008-143634-565a00716635/candidates/0/2",
      "kind": "ASSUMPTION",
      "text": "Shared-blind-spot: all six lean on public data, so the best case is parity with clubs holding private tracking, medical and scouting data; none shows a mechanism for a durable edge.",
      "status": "UNVERIFIED",
      "extractor": "line_grammar/v1"
    },
    {
      "id": "hd-20261008-143634-565a00716635/candidates/0/2/claim/33",
      "candidate_id": "hd-20261008-143634-565a00716635/candidates/0/2",
      "kind": "ASSUMPTION",
      "text": "Shared-blind-spot: none establishes the Cubs' current process, staff size, or error history, and these are UNKNOWN. A tool built without that is guessing about the need.",
      "status": "UNVERIFIED",
      "extractor": "line_grammar/v1"
    },
    {
      "id": "hd-20261008-143634-565a00716635/candidates/0/2/claim/34",
      "candidate_id": "hd-20261008-143634-565a00716635/candidates/0/2",
      "kind": "ASSUMPTION",
      "text": "Shared-blind-spot: adoption is unaddressed. Staff must trust, see and use outputs at the moment of decision. No candidate names a workflow or an owner.",
      "status": "UNVERIFIED",
      "extractor": "line_grammar/v1"
    },
    {
      "id": "hd-20261008-143634-565a00716635/candidates/0/2/claim/35",
      "candidate_id": "hd-20261008-143634-565a00716635/candidates/0/2",
      "kind": "ASSUMPTION",
      "text": "Shared-blind-spot: backtests are proxies for the metric, not for decisions. None defines the counterfactual, the cost of a wrong alert, or a win-value estimate. Small samples, multiple comparisons and retrospective tuning threaten all of them.",
      "status": "UNVERIFIED",
      "extractor": "line_grammar/v1"
    },
    {
      "id": "hd-20261008-143634-565a00716635/candidates/0/2/claim/36",
      "candidate_id": "hd-20261008-143634-565a00716635/candidates/0/2",
      "kind": "ASSUMPTION",
      "text": "Shared-blind-spot: the set mostly covers analysts, front office and coaches. It barely covers amateur and international scouting, strength and conditioning, mental performance, and clubhouse or equipment operations. Draft and trade valuation, contract or free-agent decisions, and minor-league logistics beyond promotion are largely absent.",
      "status": "UNVERIFIED",
      "extractor": "line_grammar/v1"
    },
    {
      "id": "hd-20261008-143634-565a00716635/candidates/0/2/claim/37",
      "candidate_id": "hd-20261008-143634-565a00716635/candidates/0/2",
      "kind": "ASSUMPTION",
      "text": "Shared-blind-spot: shared failure modes include dashboards that report accuracy without decisions changed, leakage of post-decision information, privacy and rules compliance concerns, and tools that duplicate public sites.",
      "status": "UNVERIFIED",
      "extractor": "line_grammar/v1"
    },
    {
      "id": "hd-20261008-143634-565a00716635/candidates/0/2/claim/38",
      "candidate_id": "hd-20261008-143634-565a00716635/candidates/0/2",
      "kind": "UNKNOWN",
      "text": "cubs_current_decision_processes_and_tooling",
      "status": "UNVERIFIED",
      "extractor": "line_grammar/v1"
    },
    {
      "id": "hd-20261008-143634-565a00716635/candidates/0/2/claim/39",
      "candidate_id": "hd-20261008-143634-565a00716635/candidates/0/2",
      "kind": "UNKNOWN",
      "text": "cubs_roster_admin_error_history",
      "status": "UNVERIFIED",
      "extractor": "line_grammar/v1"
    },
    {
      "id": "hd-20261008-143634-565a00716635/candidates/0/2/claim/40",
      "candidate_id": "hd-20261008-143634-565a00716635/candidates/0/2",
      "kind": "UNKNOWN",
      "text": "public_milb_tracking_coverage_by_level",
      "status": "UNVERIFIED",
      "extractor": "line_grammar/v1"
    },
    {
      "id": "hd-20261008-143634-565a00716635/candidates/0/2/claim/41",
      "candidate_id": "hd-20261008-143634-565a00716635/candidates/0/2",
      "kind": "UNKNOWN",
      "text": "granularity_of_public_injury_descriptions",
      "status": "UNVERIFIED",
      "extractor": "line_grammar/v1"
    },
    {
      "id": "hd-20261008-143634-565a00716635/candidates/0/2/claim/42",
      "candidate_id": "hd-20261008-143634-565a00716635/candidates/0/2",
      "kind": "UNKNOWN",
      "text": "evidence_linking_sequence_predictability_to_run_prevention",
      "status": "UNVERIFIED",
      "extractor": "line_grammar/v1"
    },
    {
      "id": "hd-20261008-143634-565a00716635/candidates/0/2/claim/43",
      "candidate_id": "hd-20261008-143634-565a00716635/candidates/0/2",
      "kind": "UNKNOWN",
      "text": "minor_league_rule_regime_effect_sizes",
      "status": "UNVERIFIED",
      "extractor": "line_grammar/v1"
    },
    {
      "id": "hd-20261008-143634-565a00716635/candidates/0/2/claim/44",
      "candidate_id": "hd-20261008-143634-565a00716635/candidates/0/2",
      "kind": "UNKNOWN",
      "text": "win_value_of_bullpen_forecast_driven_lineup_changes",
      "status": "UNVERIFIED",
      "extractor": "line_grammar/v1"
    },
    {
      "id": "hd-20261008-143634-565a00716635/candidates/0/2/claim/45",
      "candidate_id": "hd-20261008-143634-565a00716635/candidates/0/2",
      "kind": "IDEA",
      "text": "Decision-change audit (replacement): for a small set of recurring decisions, log pre-decision recommendations and what staff actually did, then score the outcome with a pre-registered baseline. First measure how often an output would have changed a choice before building any model.",
      "status": "UNVERIFIED",
      "extractor": "line_grammar/v1"
    },
    {
      "id": "hd-20261008-143634-565a00716635/candidates/0/2/claim/46",
      "candidate_id": "hd-20261008-143634-565a00716635/candidates/0/2",
      "kind": "IDEA",
      "text": "Sharpened roster-ledger test: have a baseball-operations lawyer or analyst list past near-misses from public transaction reports (known only after the fact) as a regression check. Then measure only alert timeliness and false-alarm rate, not claimed wins.",
      "status": "UNVERIFIED",
      "extractor": "line_grammar/v1"
    },
    {
      "id": "hd-20261008-143634-565a00716635/candidates/0/3/claim/1",
      "candidate_id": "hd-20261008-143634-565a00716635/candidates/0/3",
      "kind": "ASSUMPTION",
      "text": "META - No evidence records or fact keys were supplied, so there are no FACT or CITE lines. Every critique below is speculative and unverified.",
      "status": "UNVERIFIED",
      "extractor": "line_grammar/v1"
    },
    {
      "id": "hd-20261008-143634-565a00716635/candidates/0/3/claim/2",
      "candidate_id": "hd-20261008-143634-565a00716635/candidates/0/3",
      "kind": "ASSUMPTION",
      "text": "META - The candidate assumption lists are pooled across unrelated ideas and are not mapped to their candidates. Several (tipping, grounds crew, replay) belong to ideas outside these six, so they cannot be treated as support for any one of them.",
      "status": "UNVERIFIED",
      "extractor": "line_grammar/v1"
    },
    {
      "id": "hd-20261008-143634-565a00716635/candidates/0/3/claim/3",
      "candidate_id": "hd-20261008-143634-565a00716635/candidates/0/3",
      "kind": "ASSUMPTION",
      "text": "CALLUP_TRANSLATOR - Problem plausibility: promotion decisions recur, but they are driven by roster slots, 40-man status, injuries and development goals as much as by projected performance. A translated-stats forecast may address only a small part of the decision.",
      "status": "UNVERIFIED",
      "extractor": "line_grammar/v1"
    },
    {
      "id": "hd-20261008-143634-565a00716635/candidates/0/3/claim/4",
      "candidate_id": "hd-20261008-143634-565a00716635/candidates/0/3",
      "kind": "ASSUMPTION",
      "text": "CALLUP_TRANSLATOR - Data: public MiLB box-score stats are lawful and timely. Tracking data coverage differs by level and is unverified, and scouting-grade inputs are private and out of scope.",
      "status": "UNVERIFIED",
      "extractor": "line_grammar/v1"
    },
    {
      "id": "hd-20261008-143634-565a00716635/candidates/0/3/claim/5",
      "candidate_id": "hd-20261008-143634-565a00716635/candidates/0/3",
      "kind": "ASSUMPTION",
      "text": "CALLUP_TRANSLATOR - Actionability: staff would change a call-up only if the uncertainty band is wide enough to alter a ranking. Otherwise it is a display of what they already believe.",
      "status": "UNVERIFIED",
      "extractor": "line_grammar/v1"
    },
    {
      "id": "hd-20261008-143634-565a00716635/candidates/0/3/claim/6",
      "candidate_id": "hd-20261008-143634-565a00716635/candidates/0/3",
      "kind": "ASSUMPTION",
      "text": "CALLUP_TRANSLATOR - Testability: backtest translated MiLB lines against later MLB outcomes for players who were actually promoted, using year-by-year training cutoffs, against a naive baseline such as a raw-stat or age-adjusted rule. Survivorship bias is a threat, because only promoted players generate MLB samples. Interval calibration (coverage rates) is a stronger test than point error.",
      "status": "UNVERIFIED",
      "extractor": "line_grammar/v1"
    },
    {
      "id": "hd-20261008-143634-565a00716635/candidates/0/3/claim/7",
      "candidate_id": "hd-20261008-143634-565a00716635/candidates/0/3",
      "kind": "ASSUMPTION",
      "text": "CALLUP_TRANSLATOR - Alternatives: public projection systems and translation methods already exist, and sophisticated clubs likely hold better internal models. A public-data version is at best a baseline.",
      "status": "UNVERIFIED",
      "extractor": "line_grammar/v1"
    },
    {
      "id": "hd-20261008-143634-565a00716635/candidates/0/3/claim/8",
      "candidate_id": "hd-20261008-143634-565a00716635/candidates/0/3",
      "kind": "ASSUMPTION",
      "text": "CALLUP_TRANSLATOR - Looks useful but isn't: polished uncertainty bands on small samples, backtests that leak league-season context from later years, and accuracy measured against a weak baseline rather than the public systems.",
      "status": "UNVERIFIED",
      "extractor": "line_grammar/v1"
    },
    {
      "id": "hd-20261008-143634-565a00716635/candidates/0/3/claim/9",
      "candidate_id": "hd-20261008-143634-565a00716635/candidates/0/3",
      "kind": "UNKNOWN",
      "text": "CALLUP_TRANSLATOR - public_milb_statcast_coverage_by_level, and how often the Cubs' promotions hinge on projection rather than roster mechanics.",
      "status": "UNVERIFIED",
      "extractor": "line_grammar/v1"
    },
    {
      "id": "hd-20261008-143634-565a00716635/candidates/0/3/claim/10",
      "candidate_id": "hd-20261008-143634-565a00716635/candidates/0/3",
      "kind": "ASSUMPTION",
      "text": "ROSTER_LEDGER - Problem plausibility: the rules are real and the deadlines are hard. But errors may be rare, and a rules-literate operations staffer with a spreadsheet may already prevent them.",
      "status": "UNVERIFIED",
      "extractor": "line_grammar/v1"
    },
    {
      "id": "hd-20261008-143634-565a00716635/candidates/0/3/claim/11",
      "candidate_id": "hd-20261008-143634-565a00716635/candidates/0/3",
      "kind": "ASSUMPTION",
      "text": "ROSTER_LEDGER - Data: transactions are public, but option-year counts, service-time edge cases and injured-list interactions may not be fully reconstructible. The ledger would depend on internal records anyway.",
      "status": "UNVERIFIED",
      "extractor": "line_grammar/v1"
    },
    {
      "id": "hd-20261008-143634-565a00716635/candidates/0/3/claim/12",
      "candidate_id": "hd-20261008-143634-565a00716635/candidates/0/3",
      "kind": "ASSUMPTION",
      "text": "ROSTER_LEDGER - Actionability: the warning must arrive early enough to change a move, and someone must own acting on it.",
      "status": "UNVERIFIED",
      "extractor": "line_grammar/v1"
    },
    {
      "id": "hd-20261008-143634-565a00716635/candidates/0/3/claim/13",
      "candidate_id": "hd-20261008-143634-565a00716635/candidates/0/3",
      "kind": "ASSUMPTION",
      "text": "ROSTER_LEDGER - Testability: public data supports little. You could replay past public transactions for violations or near-misses, but internal error history is private. A baseline of a manual calendar would be hard to beat visibly.",
      "status": "UNVERIFIED",
      "extractor": "line_grammar/v1"
    },
    {
      "id": "hd-20261008-143634-565a00716635/candidates/0/3/claim/14",
      "candidate_id": "hd-20261008-143634-565a00716635/candidates/0/3",
      "kind": "ASSUMPTION",
      "text": "ROSTER_LEDGER - Alternatives: league transaction systems, spreadsheets and likely existing club tooling.",
      "status": "UNVERIFIED",
      "extractor": "line_grammar/v1"
    },
    {
      "id": "hd-20261008-143634-565a00716635/candidates/0/3/claim/15",
      "candidate_id": "hd-20261008-143634-565a00716635/candidates/0/3",
      "kind": "ASSUMPTION",
      "text": "ROSTER_LEDGER - Looks useful but isn't: a dashboard with many alerts and no avoided losses, or deadline reminders for items staff already track.",
      "status": "UNVERIFIED",
      "extractor": "line_grammar/v1"
    },
    {
      "id": "hd-20261008-143634-565a00716635/candidates/0/3/claim/16",
      "candidate_id": "hd-20261008-143634-565a00716635/candidates/0/3",
      "kind": "UNKNOWN",
      "text": "ROSTER_LEDGER - cubs_roster_admin_error_history, completeness_of_public_option_status_data.",
      "status": "UNVERIFIED",
      "extractor": "line_grammar/v1"
    },
    {
      "id": "hd-20261008-143634-565a00716635/candidates/0/3/claim/17",
      "candidate_id": "hd-20261008-143634-565a00716635/candidates/0/3",
      "kind": "ASSUMPTION",
      "text": "RTP_COMPS - Problem plausibility: injury timelines recur, but medical staff set them from private exams and imaging. Public IL labels are coarse.",
      "status": "UNVERIFIED",
      "extractor": "line_grammar/v1"
    },
    {
      "id": "hd-20261008-143634-565a00716635/candidates/0/3/claim/18",
      "candidate_id": "hd-20261008-143634-565a00716635/candidates/0/3",
      "kind": "ASSUMPTION",
      "text": "RTP_COMPS - Data: public IL entries are lawful but carry limited detail, and injury descriptions may be vague, delayed or inconsistent. The IL date is a roster decision, not an injury date, so it can mislead.",
      "status": "UNVERIFIED",
      "extractor": "line_grammar/v1"
    },
    {
      "id": "hd-20261008-143634-565a00716635/candidates/0/3/claim/19",
      "candidate_id": "hd-20261008-143634-565a00716635/candidates/0/3",
      "kind": "ASSUMPTION",
      "text": "RTP_COMPS - Actionability: the output would shift roster contingency planning only if the comparable distribution is tighter than staff priors. Wide distributions mostly confirm uncertainty.",
      "status": "UNVERIFIED",
      "extractor": "line_grammar/v1"
    },
    {
      "id": "hd-20261008-143634-565a00716635/candidates/0/3/claim/20",
      "candidate_id": "hd-20261008-143634-565a00716635/candidates/0/3",
      "kind": "ASSUMPTION",
      "text": "RTP_COMPS - Testability: forecast days missed by injury type using only information public at the placement date. Compare against a baseline of the league-wide median for IL type, or a position-only baseline, and score interval coverage. Confounding by team medical practice and roster need is a risk.",
      "status": "UNVERIFIED",
      "extractor": "line_grammar/v1"
    },
    {
      "id": "hd-20261008-143634-565a00716635/candidates/0/3/claim/21",
      "candidate_id": "hd-20261008-143634-565a00716635/candidates/0/3",
      "kind": "ASSUMPTION",
      "text": "RTP_COMPS - Alternatives: public injury trackers exist, and clubs with internal medical databases likely already do this better.",
      "status": "UNVERIFIED",
      "extractor": "line_grammar/v1"
    },
    {
      "id": "hd-20261008-143634-565a00716635/candidates/0/3/claim/22",
      "candidate_id": "hd-20261008-143634-565a00716635/candidates/0/3",
      "kind": "ASSUMPTION",
      "text": "RTP_COMPS - Looks useful but isn't: backtests that use diagnoses revealed after the placement date (hindsight), or attractive comparables that are not predictive.",
      "status": "UNVERIFIED",
      "extractor": "line_grammar/v1"
    },
    {
      "id": "hd-20261008-143634-565a00716635/candidates/0/3/claim/23",
      "candidate_id": "hd-20261008-143634-565a00716635/candidates/0/3",
      "kind": "ASSUMPTION",
      "text": "RTP_COMPS - Risk: shared tooling must not take in private Cubs medical data.",
      "status": "UNVERIFIED",
      "extractor": "line_grammar/v1"
    },
    {
      "id": "hd-20261008-143634-565a00716635/candidates/0/3/claim/24",
      "candidate_id": "hd-20261008-143634-565a00716635/candidates/0/3",
      "kind": "UNKNOWN",
      "text": "RTP_COMPS - granularity_of_public_injury_descriptions.",
      "status": "UNVERIFIED",
      "extractor": "line_grammar/v1"
    },
    {
      "id": "hd-20261008-143634-565a00716635/candidates/0/3/claim/25",
      "candidate_id": "hd-20261008-143634-565a00716635/candidates/0/3",
      "kind": "ASSUMPTION",
      "text": "SEQ_SELFSCOUT - Problem plausibility: pregame planning recurs. But predictability from count, previous pitch and handedness is only a weak proxy for exploitability, which also depends on pitch quality and location.",
      "status": "UNVERIFIED",
      "extractor": "line_grammar/v1"
    },
    {
      "id": "hd-20261008-143634-565a00716635/candidates/0/3/claim/26",
      "candidate_id": "hd-20261008-143634-565a00716635/candidates/0/3",
      "kind": "ASSUMPTION",
      "text": "SEQ_SELFSCOUT - Data: public pitch-by-pitch data is lawful and available after each game. Pregame use depends on prior games only, so a strict walk-forward test is needed.",
      "status": "UNVERIFIED",
      "extractor": "line_grammar/v1"
    },
    {
      "id": "hd-20261008-143634-565a00716635/candidates/0/3/claim/27",
      "candidate_id": "hd-20261008-143634-565a00716635/candidates/0/3",
      "kind": "ASSUMPTION",
      "text": "SEQ_SELFSCOUT - Actionability: a coach changes sequencing only if reduced predictability improves outcomes. Making a pitcher less predictable can cost pitch quality.",
      "status": "UNVERIFIED",
      "extractor": "line_grammar/v1"
    },
    {
      "id": "hd-20261008-143634-565a00716635/candidates/0/3/claim/28",
      "candidate_id": "hd-20261008-143634-565a00716635/candidates/0/3",
      "kind": "ASSUMPTION",
      "text": "SEQ_SELFSCOUT - Testability: compare sequence entropy or predictability with run prevention in later games. Use a baseline of league-average predictability, and check whether outcomes differ for high- versus low-predictability pitchers. Small samples per pitcher will dominate.",
      "status": "UNVERIFIED",
      "extractor": "line_grammar/v1"
    },
    {
      "id": "hd-20261008-143634-565a00716635/candidates/0/3/claim/29",
      "candidate_id": "hd-20261008-143634-565a00716635/candidates/0/3",
      "kind": "ASSUMPTION",
      "text": "SEQ_SELFSCOUT - Alternatives: public pitch-mix tools and likely internal audits at sophisticated clubs. The edge may be parity.",
      "status": "UNVERIFIED",
      "extractor": "line_grammar/v1"
    },
    {
      "id": "hd-20261008-143634-565a00716635/candidates/0/3/claim/30",
      "candidate_id": "hd-20261008-143634-565a00716635/candidates/0/3",
      "kind": "ASSUMPTION",
      "text": "SEQ_SELFSCOUT - Looks useful but isn't: an entropy chart with no link to runs, or a flagged pattern that is really a pitch-quality or situational artifact.",
      "status": "UNVERIFIED",
      "extractor": "line_grammar/v1"
    },
    {
      "id": "hd-20261008-143634-565a00716635/candidates/0/3/claim/31",
      "candidate_id": "hd-20261008-143634-565a00716635/candidates/0/3",
      "kind": "UNKNOWN",
      "text": "SEQ_SELFSCOUT - evidence_linking_sequence_entropy_to_run_prevention, cubs_existing_sequence_audit.",
      "status": "UNVERIFIED",
      "extractor": "line_grammar/v1"
    },
    {
      "id": "hd-20261008-143634-565a00716635/candidates/0/3/claim/32",
      "candidate_id": "hd-20261008-143634-565a00716635/candidates/0/3",
      "kind": "ASSUMPTION",
      "text": "MILB_CONTEXT_NORM - Problem plausibility: league and park differences are real and the comparison recurs. But public sites partly adjust already, and overlap with CALLUP_TRANSLATOR is large, so it is arguably one project.",
      "status": "UNVERIFIED",
      "extractor": "line_grammar/v1"
    },
    {
      "id": "hd-20261008-143634-565a00716635/candidates/0/3/claim/33",
      "candidate_id": "hd-20261008-143634-565a00716635/candidates/0/3",
      "kind": "ASSUMPTION",
      "text": "MILB_CONTEXT_NORM - Data: public stats and rule-change dates are lawful and usable. Rule-regime effects are confounded with talent and call-up churn, and single league-seasons give few samples.",
      "status": "UNVERIFIED",
      "extractor": "line_grammar/v1"
    },
    {
      "id": "hd-20261008-143634-565a00716635/candidates/0/3/claim/34",
      "candidate_id": "hd-20261008-143634-565a00716635/candidates/0/3",
      "kind": "ASSUMPTION",
      "text": "MILB_CONTEXT_NORM - Actionability: staff would alter promotion timing or prospect ranking only if the adjustment moves players across decision thresholds.",
      "status": "UNVERIFIED",
      "extractor": "line_grammar/v1"
    },
    {
      "id": "hd-20261008-143634-565a00716635/candidates/0/3/claim/35",
      "candidate_id": "hd-20261008-143634-565a00716635/candidates/0/3",
      "kind": "ASSUMPTION",
      "text": "MILB_CONTEXT_NORM - Testability: test whether adjusted stats predict later performance better than raw stats, using players who move between leagues or rule regimes as natural checks. Baselines are raw stats and simple park factors.",
      "status": "UNVERIFIED",
      "extractor": "line_grammar/v1"
    },
    {
      "id": "hd-20261008-143634-565a00716635/candidates/0/3/claim/36",
      "candidate_id": "hd-20261008-143634-565a00716635/candidates/0/3",
      "kind": "ASSUMPTION",
      "text": "MILB_CONTEXT_NORM - Alternatives: public park factors, league-level adjusted metrics, and likely internal models.",
      "status": "UNVERIFIED",
      "extractor": "line_grammar/v1"
    },
    {
      "id": "hd-20261008-143634-565a00716635/candidates/0/3/claim/37",
      "candidate_id": "hd-20261008-143634-565a00716635/candidates/0/3",
      "kind": "ASSUMPTION",
      "text": "MILB_CONTEXT_NORM - Looks useful but isn't: over-fit regime coefficients from tiny samples, or adjustments that change values trivially next to the noise.",
      "status": "UNVERIFIED",
      "extractor": "line_grammar/v1"
    },
    {
      "id": "hd-20261008-143634-565a00716635/candidates/0/3/claim/38",
      "candidate_id": "hd-20261008-143634-565a00716635/candidates/0/3",
      "kind": "UNKNOWN",
      "text": "MILB_CONTEXT_NORM - minor_league_rule_regime_effect_sizes, public_milb_park_factor_quality.",
      "status": "UNVERIFIED",
      "extractor": "line_grammar/v1"
    },
    {
      "id": "hd-20261008-143634-565a00716635/candidates/0/3/claim/39",
      "candidate_id": "hd-20261008-143634-565a00716635/candidates/0/3",
      "kind": "ASSUMPTION",
      "text": "OPP_BULLPEN - Problem plausibility: reliever usage affects lineup and pinch-hit choices daily. But opposing managers' choices also depend on private warm-up, health and front-office information.",
      "status": "UNVERIFIED",
      "extractor": "line_grammar/v1"
    },
    {
      "id": "hd-20261008-143634-565a00716635/candidates/0/3/claim/40",
      "candidate_id": "hd-20261008-143634-565a00716635/candidates/0/3",
      "kind": "ASSUMPTION",
      "text": "OPP_BULLPEN - Data: public box scores and pitch counts are lawful and available before game time, but they omit unrecorded warm-ups and injuries, which the Cubs would not see either.",
      "status": "UNVERIFIED",
      "extractor": "line_grammar/v1"
    },
    {
      "id": "hd-20261008-143634-565a00716635/candidates/0/3/claim/41",
      "candidate_id": "hd-20261008-143634-565a00716635/candidates/0/3",
      "kind": "ASSUMPTION",
      "text": "OPP_BULLPEN - Actionability: a lineup or pinch-hit change must follow from a forecast. Often a manager already assumes the opponent's best relievers are used when needed, so the forecast may change little.",
      "status": "UNVERIFIED",
      "extractor": "line_grammar/v1"
    },
    {
      "id": "hd-20261008-143634-565a00716635/candidates/0/3/claim/42",
      "candidate_id": "hd-20261008-143634-565a00716635/candidates/0/3",
      "kind": "ASSUMPTION",
      "text": "OPP_BULLPEN - Testability: strong. Predict which relievers appear using only the prior-day data and compare against naive rules such as \"rested if not used yesterday\". Score by log loss or Brier score. Then test whether any decisions would have differed.",
      "status": "UNVERIFIED",
      "extractor": "line_grammar/v1"
    },
    {
      "id": "hd-20261008-143634-565a00716635/candidates/0/3/claim/43",
      "candidate_id": "hd-20261008-143634-565a00716635/candidates/0/3",
      "kind": "ASSUMPTION",
      "text": "OPP_BULLPEN - Alternatives: advance scouts, public usage trackers and likely club tools.",
      "status": "UNVERIFIED",
      "extractor": "line_grammar/v1"
    },
    {
      "id": "hd-20261008-143634-565a00716635/candidates/0/3/claim/44",
      "candidate_id": "hd-20261008-143634-565a00716635/candidates/0/3",
      "kind": "ASSUMPTION",
      "text": "OPP_BULLPEN - Looks useful but isn't: high forecast accuracy that merely reproduces the naive rule, or accuracy on easy cases only.",
      "status": "UNVERIFIED",
      "extractor": "line_grammar/v1"
    },
    {
      "id": "hd-20261008-143634-565a00716635/candidates/0/3/claim/45",
      "candidate_id": "hd-20261008-143634-565a00716635/candidates/0/3",
      "kind": "UNKNOWN",
      "text": "OPP_BULLPEN - forecast_accuracy_vs_naive_rule, unobserved_bullpen_warmups_effect.",
      "status": "UNVERIFIED",
      "extractor": "line_grammar/v1"
    },
    {
      "id": "hd-20261008-143634-565a00716635/candidates/0/3/claim/46",
      "candidate_id": "hd-20261008-143634-565a00716635/candidates/0/3",
      "kind": "ASSUMPTION",
      "text": "BLINDSPOTS - Shared assumption: public data plus a model equals an edge. Several candidates are parity with sophisticated clubs at best, and the set never shows a Cubs-specific bottleneck.",
      "status": "UNVERIFIED",
      "extractor": "line_grammar/v1"
    },
    {
      "id": "hd-20261008-143634-565a00716635/candidates/0/3/claim/47",
      "candidate_id": "hd-20261008-143634-565a00716635/candidates/0/3",
      "kind": "ASSUMPTION",
      "text": "BLINDSPOTS - Shared assumption: adoption by busy staff. None of the candidates describes how it would reach a decision-maker, or who is accountable when the tool is wrong.",
      "status": "UNVERIFIED",
      "extractor": "line_grammar/v1"
    },
    {
      "id": "hd-20261008-143634-565a00716635/candidates/0/3/claim/48",
      "candidate_id": "hd-20261008-143634-565a00716635/candidates/0/3",
      "kind": "ASSUMPTION",
      "text": "BLINDSPOTS - Shared failure modes: hindsight leakage in backtests, small samples, weak or missing baselines, survivorship bias, and measuring forecast accuracy rather than changed decisions or wins.",
      "status": "UNVERIFIED",
      "extractor": "line_grammar/v1"
    },
    {
      "id": "hd-20261008-143634-565a00716635/candidates/0/3/claim/49",
      "candidate_id": "hd-20261008-143634-565a00716635/candidates/0/3",
      "kind": "ASSUMPTION",
      "text": "BLINDSPOTS - Uncovered user groups and decisions: amateur draft and scouting, in-season pitching staff workload, defense and positioning, ticket and fan-facing operations, and business-side staff. Most candidates also focus on information tools rather than on coordination, data-entry burden or error prevention.",
      "status": "UNVERIFIED",
      "extractor": "line_grammar/v1"
    },
    {
      "id": "hd-20261008-143634-565a00716635/candidates/0/3/claim/50",
      "candidate_id": "hd-20261008-143634-565a00716635/candidates/0/3",
      "kind": "IDEA",
      "text": "BLINDSPOTS - Merge CALLUP_TRANSLATOR and MILB_CONTEXT_NORM into one baseline: a public-data translation model with walk-forward calibration, scored against raw-stat and public-projection baselines. Only if it beats those baselines would any added staff tooling be justified.",
      "status": "UNVERIFIED",
      "extractor": "line_grammar/v1"
    },
    {
      "id": "hd-20261008-143634-565a00716635/candidates/0/3/claim/51",
      "candidate_id": "hd-20261008-143634-565a00716635/candidates/0/3",
      "kind": "IDEA",
      "text": "OPP_BULLPEN - Start with a pre-registered forecast-only test, run as a spreadsheet, and record which Cubs decisions would have changed. Build software only if the forecast beats the naive rule and decisions change.",
      "status": "UNVERIFIED",
      "extractor": "line_grammar/v1"
    },
    {
      "id": "hd-20261008-143634-565a00716635/candidates/0/3/claim/52",
      "candidate_id": "hd-20261008-143634-565a00716635/candidates/0/3",
      "kind": "UNKNOWN",
      "text": "BLINDSPOTS - cubs_internal_analytics_capabilities, existing_cubs_decision_review_process, and the rate at which each candidate decision recurs per season.",
      "status": "UNVERIFIED",
      "extractor": "line_grammar/v1"
    }
  ],
  "evidence": [
    {
      "id": "objective_context",
      "text": "Critique these six candidate software opportunities for the Chicago Cubs (an MLB club). For EACH candidate, attack: (1) plausibility of the baseball problem and whether the decision really recurs; (2) whether the decision-relevant data is lawfully public AND available at decision time (no hindsight); (3) actionability: what would a staff member do differently; (4) testability: what retrospective evaluation against a simple baseline is possible with public data; (5) existing alternatives (spreadsheets, public tools, vendor systems, what sophisticated clubs already have); (6) what would make this project LOOK useful while actually providing little or no baseball advantage. Then do a BLIND-SPOT analysis of the set as a whole: shared assumptions, user groups or decision types none of them cover, and failure modes common to all. OUTPUT GUIDANCE (format only): use ASSUMPTION lines for challenges, UNKNOWN lines for missing evidence, and IDEA lines only for a sharpened or replacement opportunity that the critique reveals. Prefix each line's content with the candidate's short name.",
      "facts": {},
      "provenance": {
        "source_type": "UNCLASSIFIED",
        "produced_by": "unknown",
        "source_ref": "",
        "independent_of_implementation": false,
        "represents_observed_reality": false
      }
    }
  ],
  "unresolved_assumptions": [
    "callups: Recurrence is real but low-frequency. Promotion calls number in the dozens per season, and they are driven by roster slots, 40-man status, injuries and development plans more than by readiness estimates.",
    "callups: Public MiLB stats are available at decision time, but Statcast-style tracking coverage varies by level, so a translation model may rest on thin features such as outcomes and age relative to level.",
    "callups: A staff member would change little. They probably already read public translated stats such as FanGraphs and Baseball Savant, so uncertainty bands may only confirm a decision already made on roster grounds.",
    "callups: A retrospective test is feasible with public data. Use only information available as of each date, compare against a naive baseline (raw or league-adjusted rate stats with age), and score on later MLB outcomes. Survivorship bias is the main risk, because only promoted players have MLB outcomes.",
    "callups: Alternatives are existing public translation and projection systems and whatever sophisticated clubs hold internally. A public-data version is at best a baseline.",
    "callups: It would look useful through polished uncertainty bands that are never scored for calibration, in-sample fits, or accuracy gained mainly by predicting who is called up rather than who succeeds.",
    "rules_ledger: The decision recurs, but errors are probably rare. A well-kept spreadsheet plus a rules-literate staffer may already deliver most of the value.",
    "rules_ledger: Public transaction logs may not capture option-year edge cases, injured-list time or non-public clauses, so the ledger could be wrong in the cases where it matters most.",
    "rules_ledger: The action is concrete, a warning before a move becomes impossible. But the value is avoided error, not information, so it is only worth building if past errors happened.",
    "rules_ledger: Retrospective testing is weak. Public logs rarely show near-misses, so one could only check whether the ledger reproduces known statuses.",
    "rules_ledger: It would look useful through an impressive dashboard of dates that duplicates what the transactions office already tracks, with no measured reduction in errors.",
    "rules_ledger: Rule and CBA changes would need manual upkeep, and a stale encoding is worse than a person who knows the rules.",
    "return_to_play: Public IL data carries only coarse injury descriptions, which may not be specific enough to define meaningful comparables.",
    "return_to_play: Clinical judgment and private medical information dominate timelines, so a public distribution may anchor staff on a misleading base rate.",
    "return_to_play: The action is limited to roster contingency planning, such as how long to plan for a replacement. This is plausibly useful but small.",
    "return_to_play: A test is possible. Compare predicted days missed from public comparables against a simple baseline such as the league median by coarse injury category. The IL placement date is known at decision time, but injury labels may be revised afterward.",
    "return_to_play: It would look useful through wide, honest-looking distributions that no one acts on, or through a tool that implicitly pulls in private Cubs medical data and creates a privacy and compliance problem.",
    "return_to_play: Clubs with internal medical databases likely already do this better, so a public version is parity at best.",
    "pitch_predictability: The decision is real and recurs daily. Public pitch data (count, prior pitch, handedness) is lawful and available, and an opponent could build the same model.",
    "pitch_predictability: Predictability is not the same as exploitability. A predictable pitch may still be effective if its quality is high, and reducing predictability may cost pitch quality.",
    "pitch_predictability: Actionability is plausible, since a pitching coach or catcher could change sequencing. Real clubs probably already run versions of this, so the gain is likely parity.",
    "pitch_predictability: Testing is feasible on public data. Compare a count-only baseline with richer models and check whether predictability measured early in a season relates to later outcomes. The link to run prevention is unproven.",
    "pitch_predictability: It would look useful through entropy numbers or predictive accuracy that mostly reflect each pitcher's pitch mix, which is already visible in public data.",
    "normalization: The decision recurs, and it overlaps heavily with callups. Both need the same league-season adjustments and could be one project.",
    "normalization: Public MiLB data and documented rule changes are available by season. But rule regimes change mid-season and sample sizes per league-season are small, so adjustment factors may be noisy.",
    "normalization: The staff action is a different promotion order or prospect ranking. Public sites and park factors partly normalize already, so the marginal change may be small.",
    "normalization: A retrospective test is possible. Check whether adjusted stats predict next-level or MLB performance better than raw stats with level and age. Rule regimes confound this, because few players cross regimes.",
    "normalization: It would look useful through elaborate park and rule adjustments that fit past data well but add nothing to out-of-sample prediction over a simple level-and-age baseline.",
    "opp_bullpen: Reliever usage is public after the fact through box scores, but availability at decision time depends on unobservable warm-ups, injuries and internal usage rules, so forecasts may be only slightly better than a naive rule.",
    "opp_bullpen: Actionability is limited. Lineups are usually set before the opponent's bullpen use is known, and the Cubs' moves are mostly dictated by game state.",
    "opp_bullpen: Testing is feasible. Predict each opponent's relievers used on each date and compare against a naive baseline such as no pitches in the last two days. A test with no real baseline would only show that rested pitchers pitch.",
    "opp_bullpen: Advance staff already estimate this informally, and sophisticated clubs probably have fuller internal usage models.",
    "opp_bullpen: It would look useful through high accuracy on easy cases, such as relievers who pitched yesterday, while saying nothing about the closer calls where the decision actually changes.",
    "blind_spots: All six lean on public data and assume a public-data tool can beat what sophisticated clubs already hold. At best they reach parity.",
    "blind_spots: None addresses amateur draft or international scouting, hitter or pitcher development decisions, in-season roster optimization, or players themselves as users.",
    "blind_spots: Four of the six (callups, normalization, return_to_play, rules_ledger) are front-office or analyst tools. Coaches and game-day staff are barely covered, and those groups' willingness to use a tool is untested.",
    "blind_spots: Common failure modes include small samples, no pre-registered baseline, hindsight leakage from later-revised data, adoption failure, and no measurement of changed decisions.",
    "blind_spots: Success is judged by prediction accuracy rather than by changed decisions and downstream wins, so a tool could be accurate and still add nothing.",
    "CallUpCalibration (1 recurrence) Promotion decisions recur, but they are driven by 40-man space, option status, injuries and service-time, not only readiness. A stats-to-MLB translation may inform a small share of actual decisions.",
    "CallUpCalibration (2 data) Public MiLB stats are lawful. Statcast-style tracking coverage differs by level and year, and the final-season stat line is hindsight-contaminated unless snapshots are frozen as of each decision date.",
    "CallUpCalibration (3 action) Uncertainty bands only matter if staff would change timing or choice. If promotions are mostly driven by roster need, the output is decoration.",
    "CallUpCalibration (4 test) Backtest on public history: forecast the first-MLB-season outcome from snapshots at promotion date and compare against a baseline of raw age-adjusted OPS/ERA with regression to the mean. Check interval coverage and calibration. Promotion selection bias means only promoted players have MLB outcomes.",
    "CallUpCalibration (5 alternatives) Public projection systems and translation methods exist, and sophisticated clubs likely hold better private models using scouting and tracking data. A public-data version is a baseline at best.",
    "CallUpCalibration (6 looks-useful) Polished bands with no demonstrated coverage, or a tool tuned in-sample to past call-ups, would look rigorous while adding nothing over public projections.",
    "RosterLedger (1 recurrence) The problem is real and recurs through the season, but errors may be rare because staff already track options. Value depends on a history of missed or costly moves, which is not shown.",
    "RosterLedger (2 data) Public transactions are lawful and timely. Option years, optional-assignment days, and some service-time and IL edge cases are not fully public, so the ledger needs internal inputs the project cannot test publicly.",
    "RosterLedger (3 action) A warning before a move becomes impossible changes behavior only if the deadlines were being missed. Otherwise it only reminds.",
    "RosterLedger (4 test) Public data can reconstruct past option and eligibility states and count how often clubs lost a player to Rule 5 or burned an option inefficiently. That requires a baseline of a rules-literate spreadsheet, and the frequency of such errors may be too low to measure.",
    "RosterLedger (5 alternatives) Front offices almost certainly have a spreadsheet or internal database for this, and league systems handle official status. The gain is reliability only.",
    "RosterLedger (6 looks-useful) A dashboard that restates already-known deadlines looks useful, and rule-encoding bugs after CBA changes could produce false confidence.",
    "ReturnToPlay (1 recurrence) IL events recur, but a timeline decision is made by medical staff on individual diagnosis. A comparables search may not change that.",
    "ReturnToPlay (2 data) Public IL entries have coarse injury labels and no imaging, grade or surgery detail. Public comparables then mix heterogeneous injuries. Any use of Cubs medical data creates privacy and CBA issues and falls outside the public-data constraint.",
    "ReturnToPlay (3 action) The plausible use is roster contingency planning, such as how long to hold a replacement. Even there, a wide distribution may be uninformative.",
    "ReturnToPlay (4 test) Backtest predicted days missed from public IL history against a baseline of the median by injury label or the league-wide median. Compare error on out-of-time seasons. Reporting inconsistencies and retroactive IL placement degrade labels.",
    "ReturnToPlay (5 alternatives) Public injury trackers exist, and clubs with internal medical records and team physicians already hold better information. This is near-certain parity at best.",
    "ReturnToPlay (6 looks-useful) Tight-looking distributions from vague labels, or post-return performance comparisons confounded by survivorship and by who gets reinstated, would seem informative.",
    "PitchSeqSelfScout (1 recurrence) Pregame planning recurs every series and the question of whether pitchers are predictable is real. It is plausible but no evidence shows predictability is exploitable by hitters.",
    "PitchSeqSelfScout (2 data) Public pitch type, count and handedness data is lawful and available before the next game, so there is no hindsight problem. Hitters use richer cues than this model captures.",
    "PitchSeqSelfScout (3 action) Staff would vary sequencing. Reducing predictability may cost pitch quality, so the gain is not guaranteed, and catchers and pitchers already adjust by feel.",
    "PitchSeqSelfScout (4 test) Check whether lower-entropy pitchers allow worse outcomes than predicted by pitch quality, using league-wide public data and a baseline of simple pitch-mix-by-count averages. Predictability of pitch choice and run prevention must be separated from pitch quality and selection by game state.",
    "PitchSeqSelfScout (5 alternatives) Sophisticated clubs already run sequencing audits, and public tools show pitch mix by count. The edge is parity.",
    "PitchSeqSelfScout (6 looks-useful) An entropy score that is high or low without being tied to run value looks scientific. Predictable from count alone is also the normal, near-optimal behavior.",
    "CrossLeagueNorm (1 recurrence) It recurs for every minor league evaluation, but it overlaps CallUpCalibration. It is really a preprocessing step, not a separate product.",
    "CrossLeagueNorm (2 data) Rule regime and park factors are lawful and public. Effect sizes of rule experiments are estimated from a few league-seasons, confounded with who plays there, and rules change faster than data accumulates.",
    "CrossLeagueNorm (3 action) Evaluators would discount or boost stats by league. They may already do this mentally, so the change is unclear.",
    "CrossLeagueNorm (4 test) Test whether adjusted stats predict next-level or MLB performance better than raw age-adjusted stats and published park factors. Natural experiments occur when a rule changes within a league, but sample and roster churn limit power.",
    "CrossLeagueNorm (5 alternatives) Public sites partly normalize already, and clubs hold private adjustments. A public-data version risks only matching them.",
    "CrossLeagueNorm (6 looks-useful) An adjustment table with many decimals looks precise while its error exceeds its correction.",
    "OppBullpenForecast (1 recurrence) Late-game choices against likely relievers recur nightly. But the lineup, pinch-hit and platoon decisions are largely set by matchup and roster, and knowing who is unavailable is a marginal input.",
    "OppBullpenForecast (2 data) Public box scores give appearances and pitch counts after the game, so a forecast for tonight is legitimate. Injuries, internal usage limits and warm-up-only workload are not public, so true availability is only partly observable.",
    "OppBullpenForecast (3 action) Staff might hold a pinch-hitter or adjust a platoon start. The effect of any such change is small, and bullpens can be reshaped by the opponent in-game.",
    "OppBullpenForecast (4 test) Backtest availability predictions from rolling workload against the naive rule of used yesterday or at 25+ pitches means unavailable, and score precision, recall and Brier loss. Then ask whether predictions would have changed any decision. That second step cannot be done with public data alone.",
    "OppBullpenForecast (5 alternatives) Advance scouts and analysts already estimate this, and public workload trackers exist. Clubs likely have more complete information, including real warm-up information.",
    "OppBullpenForecast (6 looks-useful) High accuracy on trivial cases such as pitched three days in a row looks good, but it matches the naive rule and does not affect any decision.",
    "BlindSpots Shared assumption: public data suffices to create an edge. For most of these candidates sophisticated clubs hold richer private data, so the likely outcome is parity.",
    "BlindSpots Shared assumption: staff behavior would change when handed a tool. Adoption, trust and incentives are untested for all six, and none states a measurable decision change.",
    "BlindSpots Common failure mode: evaluating on outcomes without freezing the information available at decision time, which creates hindsight leakage. Also small samples, selection effects, and comparing against weak baselines instead of simple ones.",
    "BlindSpots The candidate set is analyst-centric and information-centric. It does not cover amateur draft and scouting workflow, pro acquisition and trade valuation, hitter development, strength and conditioning, ticketing and business operations, or defensive and baserunning in-game decisions.",
    "BlindSpots The supplied context mixes assumptions from different ideas under each candidate, and no source records support any claim, so every statement above is unverified critique.",
    "DecisionSnapshotBacktestHarness Public historical snapshots, such as dated transaction logs and box scores, can be reconstructed without hindsight leakage. This needs verification.",
    "Callup-calibration: the promotion decision recurs, but it is driven by 40-man status, roster need, service-time and option rules, and development-staff judgment, so a translation estimate may rarely be the binding input.",
    "Callup-calibration: public MiLB stats exist at decision time, but public MiLB tracking coverage varies by level and season (UNVERIFIED); the best inputs (scouting, private tracking) are not public, so the tool is a baseline, not an edge.",
    "Callup-calibration: a staffer would change promotion timing or the comparison set only if bands move a decision across a threshold; bands wide enough to be honest may never do so.",
    "Callup-calibration: a retrospective test is feasible: for each past league-season, use only data through the promotion date, predict MLB outcomes after promotion, and compare against a simple baseline (raw wRC+ or ERA with a fixed level discount). Check calibration of the intervals, not just point error. Selection bias applies because only promoted players have MLB outcomes.",
    "Callup-calibration: public alternatives already exist (FanGraphs, Baseball Prospectus, and Baseball Savant minor-league pages and translation or projection systems), and sophisticated clubs likely have better models. The software overlaps heavily with these.",
    "Callup-calibration: it would look useful with polished dashboards, narrow bands from an overconfident model, or a backtest scored on players who reached MLB anyway or tuned with later-season data (hindsight leakage).",
    "Roster-ledger: option years, optional assignments, DFA timing and Rule 5 deadlines recur every season, and mistakes are costly, but they are likely rare in a club with dedicated baseball operations staff.",
    "Roster-ledger: public transactions can reconstruct part of the status, but option-year counts, minimum-days-down tracking, service time and injured-list edge cases may not be fully public or may rest on rules that change with each CBA. Treat completeness as UNKNOWN.",
    "Roster-ledger: the actionable output is an alert before a move becomes costly. Value depends on the club's current error history, which is not supplied. A spreadsheet plus a rules-literate staffer may already suffice.",
    "Roster-ledger: retrospective testing is weak. Public data cannot show a missed move that was never made, so you could only replay known historical cases and count how many the ledger would have flagged. That is a unit test, not evidence of advantage.",
    "Roster-ledger: it would look useful with a good-looking calendar of deadlines for facts staff already know, or by being tested only on cases chosen in hindsight.",
    "RTP-comparables: IL placements recur often, but timelines come mainly from private diagnosis, imaging and clinician judgment; public IL records give only a coarse injury label (granularity UNKNOWN), so comparables may mislead.",
    "RTP-comparables: public IL data are lawfully available, but the diagnosis at decision time is private. Putting private Cubs medical data into the tool would need a separate privacy and governance review. Public return dates are labelled after the fact.",
    "RTP-comparables: the actionable change is a contingency plan, such as whether to call up a replacement or stash an IL slot. A distribution wide enough to be honest may not change that choice.",
    "RTP-comparables: the backtest would predict days missed from information known at IL placement and compare against a baseline of the league-wide median by IL type. Selection and reporting bias is a risk because teams describe injuries inconsistently and sometimes vaguely.",
    "RTP-comparables: medical departments and vendors probably already hold richer internal databases, and public injury trackers exist. It would look useful with fine-grained comparable \"matches\" that are really noise from small samples.",
    "Pitch-predictability: the pregame game-plan decision recurs every series, but predictability from count, prior pitch and batter handedness is a coarse model, and the real game plan is driven by hitter-specific weaknesses and pitch quality.",
    "Pitch-predictability: public pitch-by-pitch data is lawful and available before the game, so there is no hindsight problem if only past games are used. But opponents' actual models and the catcher's in-game adaptation are not visible.",
    "Pitch-predictability: the staff action would be to change pitch mix or sequencing. This may trade lower predictability for worse pitch quality, so lower predictability need not mean fewer runs.",
    "Pitch-predictability: a falsifiable test is whether sequence entropy or model predictive accuracy on earlier games predicts run prevention in later games after controlling for pitch quality, against a baseline of pitch quality alone. Evidence linking predictability to results is UNKNOWN.",
    "Pitch-predictability: sophisticated clubs likely already run this self-scout. It would look useful with accurate next-pitch prediction scores that merely reflect obvious count effects, or with pitcher charts that nobody can act on.",
    "Cross-league-normalization: promotion comparison across affiliates recurs constantly, and rule regimes (ABS, pitch clock, park) differ, so the problem is plausible. The effect sizes of rule regimes are UNKNOWN.",
    "Cross-league-normalization: public stats and park information are available at decision time, but rule changes and few league-seasons give little data for estimating adjustments. Rosters turn over, and the adjustments partly confound player quality.",
    "Cross-league-normalization: the action is a fairer comparison, but it matters mainly when it flips a ranking, which may be uncommon. Public sites already partly normalize by league and park.",
    "Cross-league-normalization: the backtest compares against raw league-relative stats or existing public park-adjusted ones, scored on out-of-sample MLB outcomes. Compare adjusted versus unadjusted rank correlation using only information through the evaluation date.",
    "Cross-league-normalization: it would look useful with many adjustment factors fit to a handful of league-seasons, which overfits and looks rigorous.",
    "Opp-bullpen: lineup and pinch-hit decisions recur daily, but the manager and coaches already estimate who is likely to pitch, and knowing it must change the choice for the forecast to matter.",
    "Opp-bullpen: public box scores are lawful and available the morning of the game. They omit warmups, injuries, undisclosed rest, and the opposing club's private usage rules, so accuracy may be capped.",
    "Opp-bullpen: the staff would reorder a lineup, hold a pinch hitter, or choose a platoon starter. The effect on win probability is probably small because lineup order matters little, and unavoidable constraints bind the choice.",
    "Opp-bullpen: the test is easy and falsifiable. Predict each day's available relievers from prior-day usage and compare against a naive rule such as \"pitched yesterday and threw more than a fixed pitch count means unavailable.\" Use only prior data. Whether the gain converts to runs is UNKNOWN.",
    "Opp-bullpen: public availability-style trackers and clubs' advance scouts already do this. It would look useful with a high forecast hit rate that mostly reflects the naive rule.",
    "Shared-blind-spot: all six lean on public data, so the best case is parity with clubs holding private tracking, medical and scouting data; none shows a mechanism for a durable edge.",
    "Shared-blind-spot: none establishes the Cubs' current process, staff size, or error history, and these are UNKNOWN. A tool built without that is guessing about the need.",
    "Shared-blind-spot: adoption is unaddressed. Staff must trust, see and use outputs at the moment of decision. No candidate names a workflow or an owner.",
    "Shared-blind-spot: backtests are proxies for the metric, not for decisions. None defines the counterfactual, the cost of a wrong alert, or a win-value estimate. Small samples, multiple comparisons and retrospective tuning threaten all of them.",
    "Shared-blind-spot: the set mostly covers analysts, front office and coaches. It barely covers amateur and international scouting, strength and conditioning, mental performance, and clubhouse or equipment operations. Draft and trade valuation, contract or free-agent decisions, and minor-league logistics beyond promotion are largely absent.",
    "Shared-blind-spot: shared failure modes include dashboards that report accuracy without decisions changed, leakage of post-decision information, privacy and rules compliance concerns, and tools that duplicate public sites.",
    "META - No evidence records or fact keys were supplied, so there are no FACT or CITE lines. Every critique below is speculative and unverified.",
    "META - The candidate assumption lists are pooled across unrelated ideas and are not mapped to their candidates. Several (tipping, grounds crew, replay) belong to ideas outside these six, so they cannot be treated as support for any one of them.",
    "CALLUP_TRANSLATOR - Problem plausibility: promotion decisions recur, but they are driven by roster slots, 40-man status, injuries and development goals as much as by projected performance. A translated-stats forecast may address only a small part of the decision.",
    "CALLUP_TRANSLATOR - Data: public MiLB box-score stats are lawful and timely. Tracking data coverage differs by level and is unverified, and scouting-grade inputs are private and out of scope.",
    "CALLUP_TRANSLATOR - Actionability: staff would change a call-up only if the uncertainty band is wide enough to alter a ranking. Otherwise it is a display of what they already believe.",
    "CALLUP_TRANSLATOR - Testability: backtest translated MiLB lines against later MLB outcomes for players who were actually promoted, using year-by-year training cutoffs, against a naive baseline such as a raw-stat or age-adjusted rule. Survivorship bias is a threat, because only promoted players generate MLB samples. Interval calibration (coverage rates) is a stronger test than point error.",
    "CALLUP_TRANSLATOR - Alternatives: public projection systems and translation methods already exist, and sophisticated clubs likely hold better internal models. A public-data version is at best a baseline.",
    "CALLUP_TRANSLATOR - Looks useful but isn't: polished uncertainty bands on small samples, backtests that leak league-season context from later years, and accuracy measured against a weak baseline rather than the public systems.",
    "ROSTER_LEDGER - Problem plausibility: the rules are real and the deadlines are hard. But errors may be rare, and a rules-literate operations staffer with a spreadsheet may already prevent them.",
    "ROSTER_LEDGER - Data: transactions are public, but option-year counts, service-time edge cases and injured-list interactions may not be fully reconstructible. The ledger would depend on internal records anyway.",
    "ROSTER_LEDGER - Actionability: the warning must arrive early enough to change a move, and someone must own acting on it.",
    "ROSTER_LEDGER - Testability: public data supports little. You could replay past public transactions for violations or near-misses, but internal error history is private. A baseline of a manual calendar would be hard to beat visibly.",
    "ROSTER_LEDGER - Alternatives: league transaction systems, spreadsheets and likely existing club tooling.",
    "ROSTER_LEDGER - Looks useful but isn't: a dashboard with many alerts and no avoided losses, or deadline reminders for items staff already track.",
    "RTP_COMPS - Problem plausibility: injury timelines recur, but medical staff set them from private exams and imaging. Public IL labels are coarse.",
    "RTP_COMPS - Data: public IL entries are lawful but carry limited detail, and injury descriptions may be vague, delayed or inconsistent. The IL date is a roster decision, not an injury date, so it can mislead.",
    "RTP_COMPS - Actionability: the output would shift roster contingency planning only if the comparable distribution is tighter than staff priors. Wide distributions mostly confirm uncertainty.",
    "RTP_COMPS - Testability: forecast days missed by injury type using only information public at the placement date. Compare against a baseline of the league-wide median for IL type, or a position-only baseline, and score interval coverage. Confounding by team medical practice and roster need is a risk.",
    "RTP_COMPS - Alternatives: public injury trackers exist, and clubs with internal medical databases likely already do this better.",
    "RTP_COMPS - Looks useful but isn't: backtests that use diagnoses revealed after the placement date (hindsight), or attractive comparables that are not predictive.",
    "RTP_COMPS - Risk: shared tooling must not take in private Cubs medical data.",
    "SEQ_SELFSCOUT - Problem plausibility: pregame planning recurs. But predictability from count, previous pitch and handedness is only a weak proxy for exploitability, which also depends on pitch quality and location.",
    "SEQ_SELFSCOUT - Data: public pitch-by-pitch data is lawful and available after each game. Pregame use depends on prior games only, so a strict walk-forward test is needed.",
    "SEQ_SELFSCOUT - Actionability: a coach changes sequencing only if reduced predictability improves outcomes. Making a pitcher less predictable can cost pitch quality.",
    "SEQ_SELFSCOUT - Testability: compare sequence entropy or predictability with run prevention in later games. Use a baseline of league-average predictability, and check whether outcomes differ for high- versus low-predictability pitchers. Small samples per pitcher will dominate.",
    "SEQ_SELFSCOUT - Alternatives: public pitch-mix tools and likely internal audits at sophisticated clubs. The edge may be parity.",
    "SEQ_SELFSCOUT - Looks useful but isn't: an entropy chart with no link to runs, or a flagged pattern that is really a pitch-quality or situational artifact.",
    "MILB_CONTEXT_NORM - Problem plausibility: league and park differences are real and the comparison recurs. But public sites partly adjust already, and overlap with CALLUP_TRANSLATOR is large, so it is arguably one project.",
    "MILB_CONTEXT_NORM - Data: public stats and rule-change dates are lawful and usable. Rule-regime effects are confounded with talent and call-up churn, and single league-seasons give few samples.",
    "MILB_CONTEXT_NORM - Actionability: staff would alter promotion timing or prospect ranking only if the adjustment moves players across decision thresholds.",
    "MILB_CONTEXT_NORM - Testability: test whether adjusted stats predict later performance better than raw stats, using players who move between leagues or rule regimes as natural checks. Baselines are raw stats and simple park factors.",
    "MILB_CONTEXT_NORM - Alternatives: public park factors, league-level adjusted metrics, and likely internal models.",
    "MILB_CONTEXT_NORM - Looks useful but isn't: over-fit regime coefficients from tiny samples, or adjustments that change values trivially next to the noise.",
    "OPP_BULLPEN - Problem plausibility: reliever usage affects lineup and pinch-hit choices daily. But opposing managers' choices also depend on private warm-up, health and front-office information.",
    "OPP_BULLPEN - Data: public box scores and pitch counts are lawful and available before game time, but they omit unrecorded warm-ups and injuries, which the Cubs would not see either.",
    "OPP_BULLPEN - Actionability: a lineup or pinch-hit change must follow from a forecast. Often a manager already assumes the opponent's best relievers are used when needed, so the forecast may change little.",
    "OPP_BULLPEN - Testability: strong. Predict which relievers appear using only the prior-day data and compare against naive rules such as \"rested if not used yesterday\". Score by log loss or Brier score. Then test whether any decisions would have differed.",
    "OPP_BULLPEN - Alternatives: advance scouts, public usage trackers and likely club tools.",
    "OPP_BULLPEN - Looks useful but isn't: high forecast accuracy that merely reproduces the naive rule, or accuracy on easy cases only.",
    "BLINDSPOTS - Shared assumption: public data plus a model equals an edge. Several candidates are parity with sophisticated clubs at best, and the set never shows a Cubs-specific bottleneck.",
    "BLINDSPOTS - Shared assumption: adoption by busy staff. None of the candidates describes how it would reach a decision-maker, or who is accountable when the tool is wrong.",
    "BLINDSPOTS - Shared failure modes: hindsight leakage in backtests, small samples, weak or missing baselines, survivorship bias, and measuring forecast accuracy rather than changed decisions or wins.",
    "BLINDSPOTS - Uncovered user groups and decisions: amateur draft and scouting, in-season pitching staff workload, defense and positioning, ticket and fan-facing operations, and business-side staff. Most candidates also focus on information tools rather than on coordination, data-entry burden or error prevention."
  ],
  "contradictions": [],
  "scores": [
    {
      "candidate_id": "hd-20261008-143634-565a00716635/candidates/0/0",
      "duplicate_of": null,
      "cluster_id": "hd-20261008-143634-565a00716635/candidates/0/0",
      "novelty": {
        "value": 0.5885286783042394,
        "scorer_type": "heuristic"
      },
      "relevance": {
        "value": true,
        "scorer_type": "heuristic",
        "method": "objective_content_token_overlap"
      },
      "failure_count": 0,
      "blocking_failure_count": 0,
      "claim_status_counts": {
        "SUPPORTED": 0,
        "ECHO": 0,
        "CONTRADICTED": 0,
        "UNCERTAIN": 54,
        "UNSUPPORTED": 0
      },
      "citation_error_count": 0,
      "unresolved_count": 54,
      "measurement_version": 2,
      "supported_count": 0,
      "false_premise_rejection_count": 0,
      "measurement_type": "deterministic",
      "decision": "INVESTIGATE",
      "decision_type": "heuristic",
      "reason": "Proposal merits investigation only; feasibility and assumptions remain unverified."
    },
    {
      "candidate_id": "hd-20261008-143634-565a00716635/candidates/0/1",
      "duplicate_of": null,
      "cluster_id": "hd-20261008-143634-565a00716635/candidates/0/1",
      "novelty": {
        "value": 0.5906562847608454,
        "scorer_type": "heuristic"
      },
      "relevance": {
        "value": true,
        "scorer_type": "heuristic",
        "method": "objective_content_token_overlap"
      },
      "failure_count": 0,
      "blocking_failure_count": 0,
      "claim_status_counts": {
        "SUPPORTED": 0,
        "ECHO": 0,
        "CONTRADICTED": 0,
        "UNCERTAIN": 58,
        "UNSUPPORTED": 0
      },
      "citation_error_count": 0,
      "unresolved_count": 58,
      "measurement_version": 2,
      "supported_count": 0,
      "false_premise_rejection_count": 0,
      "measurement_type": "deterministic",
      "decision": "INVESTIGATE",
      "decision_type": "heuristic",
      "reason": "Proposal merits investigation only; feasibility and assumptions remain unverified."
    },
    {
      "candidate_id": "hd-20261008-143634-565a00716635/candidates/0/2",
      "duplicate_of": null,
      "cluster_id": "hd-20261008-143634-565a00716635/candidates/0/2",
      "novelty": {
        "value": 0.5717566016073479,
        "scorer_type": "heuristic"
      },
      "relevance": {
        "value": true,
        "scorer_type": "heuristic",
        "method": "objective_content_token_overlap"
      },
      "failure_count": 0,
      "blocking_failure_count": 0,
      "claim_status_counts": {
        "SUPPORTED": 0,
        "ECHO": 0,
        "CONTRADICTED": 0,
        "UNCERTAIN": 46,
        "UNSUPPORTED": 0
      },
      "citation_error_count": 0,
      "unresolved_count": 46,
      "measurement_version": 2,
      "supported_count": 0,
      "false_premise_rejection_count": 0,
      "measurement_type": "deterministic",
      "decision": "INVESTIGATE",
      "decision_type": "heuristic",
      "reason": "Proposal merits investigation only; feasibility and assumptions remain unverified."
    },
    {
      "candidate_id": "hd-20261008-143634-565a00716635/candidates/0/3",
      "duplicate_of": null,
      "cluster_id": "hd-20261008-143634-565a00716635/candidates/0/3",
      "novelty": {
        "value": 0.5695121951219513,
        "scorer_type": "heuristic"
      },
      "relevance": {
        "value": true,
        "scorer_type": "heuristic",
        "method": "objective_content_token_overlap"
      },
      "failure_count": 0,
      "blocking_failure_count": 0,
      "claim_status_counts": {
        "SUPPORTED": 0,
        "ECHO": 0,
        "CONTRADICTED": 0,
        "UNCERTAIN": 52,
        "UNSUPPORTED": 0
      },
      "citation_error_count": 0,
      "unresolved_count": 52,
      "measurement_version": 2,
      "supported_count": 0,
      "false_premise_rejection_count": 0,
      "measurement_type": "deterministic",
      "decision": "INVESTIGATE",
      "decision_type": "heuristic",
      "reason": "Proposal merits investigation only; feasibility and assumptions remain unverified."
    }
  ],
  "verification_status": "REQUIRES_DOWNSTREAM_REVIEW",
  "recommended_disposition": "DEFER",
  "provenance": {
    "run_id": "hd-20261008-143634-565a00716635",
    "producer_component": "howldream",
    "producer_version": "0.4.4",
    "model_or_provider": null,
    "observation_kind": "EXTERNALLY_OBSERVED",
    "created_at": "2026-10-08T14:40:06.796321+00:00",
    "transformations": [
      "explored"
    ],
    "request_id": "cubs-r001-p2-critique",
    "request_provenance": {
      "run_id": null,
      "producer_component": null,
      "producer_version": null,
      "model_or_provider": null,
      "observation_kind": null,
      "created_at": "2026-10-08T14:36:34.122929+00:00",
      "transformations": []
    },
    "source_candidates": [
      {
        "schema_version": "howl.candidate/v1",
        "candidate_id": "hd-20261008-143010-528e5330b08f/candidates/0/0/idea/11",
        "source_run_id": "hd-20261008-143010-528e5330b08f",
        "parent_request_id": "cubs-r001-p1-divergent",
        "objective": "Where could software create a meaningful baseball advantage for the Chicago Cubs?\n\nDo not assume the product. Explore different opportunity classes: different users inside a baseball organization (front office, scouting, player development, coaching, medical/performance staff, analysts, game-day staff), different recurring decisions, and different mechanisms of value (better information, faster combination of signals, reduced costly uncertainty, process reliability, avoided errors). Include boring-but-useful interventions and non-obvious possibilities. Also name places where software is unnecessary because a spreadsheet, an existing public tool, or a manual process already suffices, and places where sophisticated clubs likely already have the advantage.\n\nOUTPUT GUIDANCE (format only): Each IDEA line names one distinct baseball problem, the intended user, the concrete repeated decision, and the software intervention. Follow each IDEA with ASSUMPTION lines for what must be true (including whether lawfully accessible public data could support it) and UNKNOWN lines for missing evidence. Do not invent statistics or private Cubs information (scouting, medical, biometric, contract, or proprietary tracking data).",
        "text": "IDEA: Calibration tool for minor league call-ups, for analysts and the front office. The repeated decision is whether a minor leaguer is ready to be promoted. The software would translate public minor league stats into MLB-equivalent estimates with explicit uncertainty bands, not just a single number.",
        "condition": "dream",
        "trust": "UNVERIFIED",
        "status": "UNRESOLVED",
        "authority": {
          "type": "ADVISORY",
          "executable": false
        },
        "claims": [
          {
            "id": "hd-20261008-143010-528e5330b08f/candidates/0/0/idea/11/claim/1",
            "candidate_id": "hd-20261008-143010-528e5330b08f/candidates/0/0/idea/11",
            "kind": "IDEA",
            "text": "Calibration tool for minor league call-ups, for analysts and the front office. The repeated decision is whether a minor leaguer is ready to be promoted. The software would translate public minor league stats into MLB-equivalent estimates with explicit uncertainty bands, not just a single number.",
            "status": "UNVERIFIED",
            "extractor": "line_grammar/v1"
          }
        ],
        "evidence_refs": [
          "objective_context"
        ],
        "assumptions": [
          "The Cubs' home day-game share differs enough from league norms that turnaround stress matters. This must be verified from public schedules, not presumed.",
          "Schedule-only features carry a real signal about fatigue or performance without private sleep or biometric data. That signal may be weak or confounded by which teams are good.",
          "Staff already handle this by feel, so the tool's value may be only reliability and reminders rather than new information.",
          "Errors or missed flexibility in this area happen often enough to matter. The challenge is that a well-kept spreadsheet plus a rules-literate staffer may already be enough.",
          "Option and service status can be reconstructed from public transaction logs. Edge cases such as injured-list time and rule changes may not be fully public.",
          "Public transaction feeds and public performance data update fast enough for the claim window.",
          "Sophisticated clubs likely already run this, so any edge would come from faster internal routing to decision-makers, not from better data.",
          "Tipping is common enough and detectable from consistent camera angles. Broadcast video may be too inconsistent to rely on.",
          "Running the tool only on the club's own pitchers and only off-field keeps it within MLB rules on electronic equipment. Downstream compliance review would be needed.",
          "A sharp-eyed coach watching video may already catch most tells, which limits the software's marginal value.",
          "Hidden workload such as \"warmed up but not used\" is under-tracked today. Public data does not capture it, so staff would need to enter it manually.",
          "A whiteboard or shared sheet may already be sufficient. Software only helps if it is used more consistently than those.",
          "This is distinct from wind-based positioning. The value lies in protecting starters and avoiding lost innings, not in fielding alignment.",
          "Delay timing is partly controlled by the league or umpires once the game begins, which limits the club's leverage to the pregame period.",
          "Contradictory coaching after promotions actually happens and slows development. This is plausible but unverified.",
          "Sophisticated clubs likely already have player-plan systems, so the opportunity may be in adoption rather than invention.",
          "Communication friction measurably delays adjustments. Human interpreters may already handle this well, and machine translation of baseball jargon may introduce errors.",
          "The value comes from avoided errors under time pressure, not new insight. Printed cards made from a spreadsheet may already capture most of it.",
          "Public splits are noisy at small samples, so the cards would need regressed estimates or they risk false precision.",
          "Staff would record honest predictions in advance. Organizational incentives may discourage this.",
          "Feedback loops are long, measured in years, so the benefit is slow and hard to attribute.",
          "Public minor league tracking data is rich enough. Much of the best minor league data may be private or uneven across levels.",
          "Sophisticated clubs likely already hold better translation models, so a public-data version would be a baseline only.",
          "Public data reliably records disengagements. If it does not, staff would need to tag them manually.",
          "Most clubs already exploit this rule, so any edge has likely narrowed since the rule was introduced.",
          "Pool rules and amounts are public. Prospect evaluations would be private and must not be invented, so the tool would only be a scenario shell.",
          "A spreadsheet likely suffices unless rules or trade options are complex.",
          "Public reporting on arbitration filings and outcomes is complete enough.",
          "Clubs and agencies already maintain such databases, so the advantage is likely small.",
          "Those public tools remain available and permitted for club use.",
          "The Cubs have in-house capability in these areas. This is not established and must not be presumed without evidence."
        ],
        "unresolved_issues": [
          "The Cubs' home day-game share differs enough from league norms that turnaround stress matters. This must be verified from public schedules, not presumed.",
          "Schedule-only features carry a real signal about fatigue or performance without private sleep or biometric data. That signal may be weak or confounded by which teams are good.",
          "Staff already handle this by feel, so the tool's value may be only reliability and reminders rather than new information.",
          "Errors or missed flexibility in this area happen often enough to matter. The challenge is that a well-kept spreadsheet plus a rules-literate staffer may already be enough.",
          "Option and service status can be reconstructed from public transaction logs. Edge cases such as injured-list time and rule changes may not be fully public.",
          "Public transaction feeds and public performance data update fast enough for the claim window.",
          "Sophisticated clubs likely already run this, so any edge would come from faster internal routing to decision-makers, not from better data.",
          "Tipping is common enough and detectable from consistent camera angles. Broadcast video may be too inconsistent to rely on.",
          "Running the tool only on the club's own pitchers and only off-field keeps it within MLB rules on electronic equipment. Downstream compliance review would be needed.",
          "A sharp-eyed coach watching video may already catch most tells, which limits the software's marginal value.",
          "Hidden workload such as \"warmed up but not used\" is under-tracked today. Public data does not capture it, so staff would need to enter it manually.",
          "A whiteboard or shared sheet may already be sufficient. Software only helps if it is used more consistently than those.",
          "This is distinct from wind-based positioning. The value lies in protecting starters and avoiding lost innings, not in fielding alignment.",
          "Delay timing is partly controlled by the league or umpires once the game begins, which limits the club's leverage to the pregame period.",
          "Contradictory coaching after promotions actually happens and slows development. This is plausible but unverified.",
          "Sophisticated clubs likely already have player-plan systems, so the opportunity may be in adoption rather than invention.",
          "Communication friction measurably delays adjustments. Human interpreters may already handle this well, and machine translation of baseball jargon may introduce errors.",
          "The value comes from avoided errors under time pressure, not new insight. Printed cards made from a spreadsheet may already capture most of it.",
          "Public splits are noisy at small samples, so the cards would need regressed estimates or they risk false precision.",
          "Staff would record honest predictions in advance. Organizational incentives may discourage this.",
          "Feedback loops are long, measured in years, so the benefit is slow and hard to attribute.",
          "Public minor league tracking data is rich enough. Much of the best minor league data may be private or uneven across levels.",
          "Sophisticated clubs likely already hold better translation models, so a public-data version would be a baseline only.",
          "Public data reliably records disengagements. If it does not, staff would need to tag them manually.",
          "Most clubs already exploit this rule, so any edge has likely narrowed since the rule was introduced.",
          "Pool rules and amounts are public. Prospect evaluations would be private and must not be invented, so the tool would only be a scenario shell.",
          "A spreadsheet likely suffices unless rules or trade options are complex.",
          "Public reporting on arbitration filings and outcomes is complete enough.",
          "Clubs and agencies already maintain such databases, so the advantage is likely small.",
          "Those public tools remain available and permitted for club use.",
          "The Cubs have in-house capability in these areas. This is not established and must not be presumed without evidence.",
          "Day-game rest planner for medical/performance staff. The repeated decision is which regulars get a day off or a lighter pregame workload after a night game followed by a day game. The software would turn the public schedule, travel legs and start times into a \"turnaround stress\" flag for each series.",
          "public_evidence_day_after_night_performance_effect",
          "cubs_current_rest_day_process",
          "Roster-rules ledger for front office operations. The repeated decision is optioning, recalling, DFA timing, 40-man protection and Rule 5 eligibility. The software would track option years, the days a player must stay down after being optioned, and eligibility deadlines, then warn before a move becomes impossible or costly.",
          "cubs_roster_admin_error_history",
          "completeness_of_public_option_status_data",
          "Waiver and DFA market monitor for the front office. The repeated decision is whether to claim, trade for, or pass on a player designated by another club. The software would rank newly available players against the Cubs' 40-man needs within the claim window.",
          "typical_decision_latency_on_claims",
          "Own-pitcher tip self-audit for coaching and player development. The repeated decision is which mechanical tells to fix between starts. The software would compare a pitcher's set position, glove and timing by pitch type using the club's own video, outside games, to find tells opponents could read.",
          "rate_of_detectable_tipping_in_mlb_pitchers",
          "video_angle_consistency_available_to_club",
          "Bullpen readiness ledger for the coaching staff. The repeated decision is which relievers are truly available tonight. The software would log warm-ups that never led to a game appearance, back-to-back days and high-stress innings in one shared view for the manager and pitching coach.",
          "cubs_bullpen_tracking_practice",
          "evidence_linking_unrecorded_warmups_to_injury_or_performance",
          "Rain-delay and start-time decision support for game-day staff and the manager. The repeated decision is whether to start the starting pitcher, delay, or switch to a bullpen game when rain is forecast. The software would combine public radar nowcasts with the starter-reentry risk after a delay.",
          "frequency_of_weather_affected_cubs_home_games",
          "club_vs_league_authority_over_start_time",
          "Shared development-plan record for player development across minor league affiliates. The repeated decision is which cue or drill a player works on this week. The software would keep one plan per player that every coach sees, so a player promoted between affiliates does not receive contradictory instruction.",
          "cubs_existing_player_plan_tooling",
          "measurable_effect_of_cue_consistency_on_development",
          "Multilingual plan delivery for player development and coaching. The repeated decision is how to communicate daily plans to international and Spanish-speaking players. The software would deliver plans as reviewed translations with short video, rather than through ad hoc interpretation.",
          "player_reported_communication_gaps",
          "Pre-game decision cards for the manager and bench coach. The repeated decision is pinch-hitting, platoon and double-switch choices in late innings. The software would precompute the bench options matchup by matchup before first pitch, so in-game choices become a lookup.",
          "frequency_of_suboptimal_late_inning_choices",
          "Decision journal and calibration log for front office and analysts. The repeated decision is any forecast-based call: trades, call-ups, or draft picks. The software would record each forecast and its confidence before the decision, then score those forecasts later to show where staff judgment is over- or under-confident.",
          "existing_cubs_decision_review_process",
          "Calibration tool for minor league call-ups, for analysts and the front office. The repeated decision is whether a minor leaguer is ready to be promoted. The software would translate public minor league stats into MLB-equivalent estimates with explicit uncertainty bands, not just a single number.",
          "public_milb_statcast_coverage_by_level",
          "Baserunning disengagement exploiter for coaching. The repeated decision is when to attempt a steal or take a larger lead given how many pickoffs and step-offs (disengagements) the pitcher has already used. The software would show live opponent disengagement counts and each pitcher's tendency after reaching the limit.",
          "public_disengagement_data_availability",
          "current_league_wide_steal_success_trend",
          "International signing pool allocator for the front office and international scouting. The repeated decision is how to spread the bonus pool across prospects and whether to trade for extra pool space. The software would model budget scenarios against signing deadlines.",
          "current_international_signing_rules_status",
          "Arbitration comparables finder for the front office. The repeated decision is filing numbers and whether to settle or go to a hearing. The software would retrieve public past arbitration outcomes and similar players.",
          "completeness_of_public_arbitration_records",
          "Not worth building: custom public leaderboards and basic split lookups. Existing public tools such as Baseball Savant and FanGraphs already serve analysts for routine queries.",
          "Likely already covered at sophisticated clubs: pitch design, biomechanics labs, and defensive positioning models. New software here would compete with mature systems and probably add little.",
          "cubs_internal_analytics_capabilities",
          "supplied_evidence (no evidence records were provided, so no FACT or CITE lines are given)"
        ],
        "contradictions": [],
        "verified_constraints": [],
        "provenance": {
          "run_id": "hd-20261008-143010-528e5330b08f",
          "producer_component": "howldream",
          "producer_version": "0.4.4",
          "model_or_provider": "claude-opus-5-5",
          "observation_kind": "EXTERNALLY_OBSERVED",
          "created_at": "2026-10-08T14:35:18.090699+00:00",
          "transformations": [
            "generated",
            "idea_unit_selection"
          ],
          "participation": [
            {
              "operation": "GENERATED",
              "transforming_component": "howldream",
              "origin_component": "howldream",
              "origin_provider": "claude",
              "origin_model": "claude-opus-5-5",
              "subject_count": 1,
              "inference_occurred": true,
              "note": "Dream prompted the provider; the provider authored the text."
            },
            {
              "operation": "CLUSTERED",
              "transforming_component": "howldream",
              "origin_component": "howldream",
              "origin_provider": null,
              "origin_model": null,
              "subject_count": 45,
              "inference_occurred": false,
              "note": "Deterministic concept-token clustering; no inference."
            },
            {
              "operation": "SELECTED",
              "transforming_component": "howldream",
              "origin_component": "howldream",
              "origin_provider": "claude",
              "origin_model": "claude-opus-5-5",
              "subject_count": 1,
              "inference_occurred": false,
              "note": "Operator selected this idea unit through `howldream export`."
            }
          ],
          "request_id": "cubs-r001-p1-divergent",
          "originating_component": "operator",
          "execution": {
            "requested_provider": "command",
            "selected_provider": "command",
            "actual_provider": "claude",
            "adapter": "claude-json",
            "model": "claude-opus-5-5",
            "requested_model": "claude-opus-5-5",
            "deterministic": false,
            "mocked": false,
            "inference_occurred": true,
            "remote": true,
            "remote_observation": "OPERATOR_DECLARED",
            "fallback_reason": null,
            "elapsed_seconds": 55.49436935503036,
            "usage": {
              "input_tokens": 2,
              "cache_creation_input_tokens": 1445,
              "cache_read_input_tokens": 0,
              "output_tokens": 4698,
              "output_tokens_details": {
                "thinking_tokens": 1297
              },
              "server_tool_use": {
                "web_search_requests": 0,
                "web_fetch_requests": 0
              },
              "cache_creation": {
                "ephemeral_1h_input_tokens": 1445,
                "ephemeral_5m_input_tokens": 0
              }
            },
            "cost": 0.105528,
            "request_id": "7181e56b-d7d6-410f-9b84-893c2a89de72",
            "raw_output_received": true,
            "parse_status": "VALID",
            "repair_attempted": false,
            "sampling": null
          },
          "source_candidate_refs": [],
          "source_candidates_location": "exploration_envelope.json#/provenance/source_candidates",
          "hard_constraints": [
            "Do not assume the problem or the solution.",
            "Use only lawfully accessible public, historical, or clearly labeled synthetic data.",
            "Do not invent private Chicago Cubs information or statistics.",
            "Distinguish fact, assumption, hypothesis, and speculation."
          ],
          "constraint_scope": "UNVERIFIED_GENERATION_GUIDANCE",
          "purpose": "discovery",
          "candidate_index": 0,
          "trial": 0,
          "prompt_hash": "c7f8eb6892bf6caec266702c872ed22890d1bbf4a18a3cbd317f8577fd963e70",
          "output_hash": "8c2eb8ea7ca380ecdd9b13d5c95f12e2dd92cb3d2abf01fc59bb4a98e6ee55bb",
          "selection": {
            "selected_by": "operator",
            "operation": "SELECTED",
            "via": "howldream export"
          },
          "parent_candidate_id": "hd-20261008-143010-528e5330b08f/candidates/0/0",
          "source_unit": {
            "id": "hd-20261008-143010-528e5330b08f/candidates/0/0/idea/11",
            "source_span": [
              6879,
              7181
            ],
            "source_hash": "8c2eb8ea7ca380ecdd9b13d5c95f12e2dd92cb3d2abf01fc59bb4a98e6ee55bb",
            "cluster": "cluster-2"
          },
          "parent_verification_ref": "verification.jsonl#candidate=hd-20261008-143010-528e5330b08f/candidates/0/0",
          "unit_selection_scope": "Single IDEA line; batch assumptions/unresolved issues retained without claim-specific association. Parent rejection/contradiction gates retained."
        }
      },
      {
        "schema_version": "howl.candidate/v1",
        "candidate_id": "hd-20261008-143010-528e5330b08f/candidates/0/0/idea/2",
        "source_run_id": "hd-20261008-143010-528e5330b08f",
        "parent_request_id": "cubs-r001-p1-divergent",
        "objective": "Where could software create a meaningful baseball advantage for the Chicago Cubs?\n\nDo not assume the product. Explore different opportunity classes: different users inside a baseball organization (front office, scouting, player development, coaching, medical/performance staff, analysts, game-day staff), different recurring decisions, and different mechanisms of value (better information, faster combination of signals, reduced costly uncertainty, process reliability, avoided errors). Include boring-but-useful interventions and non-obvious possibilities. Also name places where software is unnecessary because a spreadsheet, an existing public tool, or a manual process already suffices, and places where sophisticated clubs likely already have the advantage.\n\nOUTPUT GUIDANCE (format only): Each IDEA line names one distinct baseball problem, the intended user, the concrete repeated decision, and the software intervention. Follow each IDEA with ASSUMPTION lines for what must be true (including whether lawfully accessible public data could support it) and UNKNOWN lines for missing evidence. Do not invent statistics or private Cubs information (scouting, medical, biometric, contract, or proprietary tracking data).",
        "text": "IDEA: Roster-rules ledger for front office operations. The repeated decision is optioning, recalling, DFA timing, 40-man protection and Rule 5 eligibility. The software would track option years, the days a player must stay down after being optioned, and eligibility deadlines, then warn before a move becomes impossible or costly.",
        "condition": "dream",
        "trust": "UNVERIFIED",
        "status": "UNRESOLVED",
        "authority": {
          "type": "ADVISORY",
          "executable": false
        },
        "claims": [
          {
            "id": "hd-20261008-143010-528e5330b08f/candidates/0/0/idea/2/claim/1",
            "candidate_id": "hd-20261008-143010-528e5330b08f/candidates/0/0/idea/2",
            "kind": "IDEA",
            "text": "Roster-rules ledger for front office operations. The repeated decision is optioning, recalling, DFA timing, 40-man protection and Rule 5 eligibility. The software would track option years, the days a player must stay down after being optioned, and eligibility deadlines, then warn before a move becomes impossible or costly.",
            "status": "UNVERIFIED",
            "extractor": "line_grammar/v1"
          }
        ],
        "evidence_refs": [
          "objective_context"
        ],
        "assumptions": [
          "The Cubs' home day-game share differs enough from league norms that turnaround stress matters. This must be verified from public schedules, not presumed.",
          "Schedule-only features carry a real signal about fatigue or performance without private sleep or biometric data. That signal may be weak or confounded by which teams are good.",
          "Staff already handle this by feel, so the tool's value may be only reliability and reminders rather than new information.",
          "Errors or missed flexibility in this area happen often enough to matter. The challenge is that a well-kept spreadsheet plus a rules-literate staffer may already be enough.",
          "Option and service status can be reconstructed from public transaction logs. Edge cases such as injured-list time and rule changes may not be fully public.",
          "Public transaction feeds and public performance data update fast enough for the claim window.",
          "Sophisticated clubs likely already run this, so any edge would come from faster internal routing to decision-makers, not from better data.",
          "Tipping is common enough and detectable from consistent camera angles. Broadcast video may be too inconsistent to rely on.",
          "Running the tool only on the club's own pitchers and only off-field keeps it within MLB rules on electronic equipment. Downstream compliance review would be needed.",
          "A sharp-eyed coach watching video may already catch most tells, which limits the software's marginal value.",
          "Hidden workload such as \"warmed up but not used\" is under-tracked today. Public data does not capture it, so staff would need to enter it manually.",
          "A whiteboard or shared sheet may already be sufficient. Software only helps if it is used more consistently than those.",
          "This is distinct from wind-based positioning. The value lies in protecting starters and avoiding lost innings, not in fielding alignment.",
          "Delay timing is partly controlled by the league or umpires once the game begins, which limits the club's leverage to the pregame period.",
          "Contradictory coaching after promotions actually happens and slows development. This is plausible but unverified.",
          "Sophisticated clubs likely already have player-plan systems, so the opportunity may be in adoption rather than invention.",
          "Communication friction measurably delays adjustments. Human interpreters may already handle this well, and machine translation of baseball jargon may introduce errors.",
          "The value comes from avoided errors under time pressure, not new insight. Printed cards made from a spreadsheet may already capture most of it.",
          "Public splits are noisy at small samples, so the cards would need regressed estimates or they risk false precision.",
          "Staff would record honest predictions in advance. Organizational incentives may discourage this.",
          "Feedback loops are long, measured in years, so the benefit is slow and hard to attribute.",
          "Public minor league tracking data is rich enough. Much of the best minor league data may be private or uneven across levels.",
          "Sophisticated clubs likely already hold better translation models, so a public-data version would be a baseline only.",
          "Public data reliably records disengagements. If it does not, staff would need to tag them manually.",
          "Most clubs already exploit this rule, so any edge has likely narrowed since the rule was introduced.",
          "Pool rules and amounts are public. Prospect evaluations would be private and must not be invented, so the tool would only be a scenario shell.",
          "A spreadsheet likely suffices unless rules or trade options are complex.",
          "Public reporting on arbitration filings and outcomes is complete enough.",
          "Clubs and agencies already maintain such databases, so the advantage is likely small.",
          "Those public tools remain available and permitted for club use.",
          "The Cubs have in-house capability in these areas. This is not established and must not be presumed without evidence."
        ],
        "unresolved_issues": [
          "The Cubs' home day-game share differs enough from league norms that turnaround stress matters. This must be verified from public schedules, not presumed.",
          "Schedule-only features carry a real signal about fatigue or performance without private sleep or biometric data. That signal may be weak or confounded by which teams are good.",
          "Staff already handle this by feel, so the tool's value may be only reliability and reminders rather than new information.",
          "Errors or missed flexibility in this area happen often enough to matter. The challenge is that a well-kept spreadsheet plus a rules-literate staffer may already be enough.",
          "Option and service status can be reconstructed from public transaction logs. Edge cases such as injured-list time and rule changes may not be fully public.",
          "Public transaction feeds and public performance data update fast enough for the claim window.",
          "Sophisticated clubs likely already run this, so any edge would come from faster internal routing to decision-makers, not from better data.",
          "Tipping is common enough and detectable from consistent camera angles. Broadcast video may be too inconsistent to rely on.",
          "Running the tool only on the club's own pitchers and only off-field keeps it within MLB rules on electronic equipment. Downstream compliance review would be needed.",
          "A sharp-eyed coach watching video may already catch most tells, which limits the software's marginal value.",
          "Hidden workload such as \"warmed up but not used\" is under-tracked today. Public data does not capture it, so staff would need to enter it manually.",
          "A whiteboard or shared sheet may already be sufficient. Software only helps if it is used more consistently than those.",
          "This is distinct from wind-based positioning. The value lies in protecting starters and avoiding lost innings, not in fielding alignment.",
          "Delay timing is partly controlled by the league or umpires once the game begins, which limits the club's leverage to the pregame period.",
          "Contradictory coaching after promotions actually happens and slows development. This is plausible but unverified.",
          "Sophisticated clubs likely already have player-plan systems, so the opportunity may be in adoption rather than invention.",
          "Communication friction measurably delays adjustments. Human interpreters may already handle this well, and machine translation of baseball jargon may introduce errors.",
          "The value comes from avoided errors under time pressure, not new insight. Printed cards made from a spreadsheet may already capture most of it.",
          "Public splits are noisy at small samples, so the cards would need regressed estimates or they risk false precision.",
          "Staff would record honest predictions in advance. Organizational incentives may discourage this.",
          "Feedback loops are long, measured in years, so the benefit is slow and hard to attribute.",
          "Public minor league tracking data is rich enough. Much of the best minor league data may be private or uneven across levels.",
          "Sophisticated clubs likely already hold better translation models, so a public-data version would be a baseline only.",
          "Public data reliably records disengagements. If it does not, staff would need to tag them manually.",
          "Most clubs already exploit this rule, so any edge has likely narrowed since the rule was introduced.",
          "Pool rules and amounts are public. Prospect evaluations would be private and must not be invented, so the tool would only be a scenario shell.",
          "A spreadsheet likely suffices unless rules or trade options are complex.",
          "Public reporting on arbitration filings and outcomes is complete enough.",
          "Clubs and agencies already maintain such databases, so the advantage is likely small.",
          "Those public tools remain available and permitted for club use.",
          "The Cubs have in-house capability in these areas. This is not established and must not be presumed without evidence.",
          "Day-game rest planner for medical/performance staff. The repeated decision is which regulars get a day off or a lighter pregame workload after a night game followed by a day game. The software would turn the public schedule, travel legs and start times into a \"turnaround stress\" flag for each series.",
          "public_evidence_day_after_night_performance_effect",
          "cubs_current_rest_day_process",
          "Roster-rules ledger for front office operations. The repeated decision is optioning, recalling, DFA timing, 40-man protection and Rule 5 eligibility. The software would track option years, the days a player must stay down after being optioned, and eligibility deadlines, then warn before a move becomes impossible or costly.",
          "cubs_roster_admin_error_history",
          "completeness_of_public_option_status_data",
          "Waiver and DFA market monitor for the front office. The repeated decision is whether to claim, trade for, or pass on a player designated by another club. The software would rank newly available players against the Cubs' 40-man needs within the claim window.",
          "typical_decision_latency_on_claims",
          "Own-pitcher tip self-audit for coaching and player development. The repeated decision is which mechanical tells to fix between starts. The software would compare a pitcher's set position, glove and timing by pitch type using the club's own video, outside games, to find tells opponents could read.",
          "rate_of_detectable_tipping_in_mlb_pitchers",
          "video_angle_consistency_available_to_club",
          "Bullpen readiness ledger for the coaching staff. The repeated decision is which relievers are truly available tonight. The software would log warm-ups that never led to a game appearance, back-to-back days and high-stress innings in one shared view for the manager and pitching coach.",
          "cubs_bullpen_tracking_practice",
          "evidence_linking_unrecorded_warmups_to_injury_or_performance",
          "Rain-delay and start-time decision support for game-day staff and the manager. The repeated decision is whether to start the starting pitcher, delay, or switch to a bullpen game when rain is forecast. The software would combine public radar nowcasts with the starter-reentry risk after a delay.",
          "frequency_of_weather_affected_cubs_home_games",
          "club_vs_league_authority_over_start_time",
          "Shared development-plan record for player development across minor league affiliates. The repeated decision is which cue or drill a player works on this week. The software would keep one plan per player that every coach sees, so a player promoted between affiliates does not receive contradictory instruction.",
          "cubs_existing_player_plan_tooling",
          "measurable_effect_of_cue_consistency_on_development",
          "Multilingual plan delivery for player development and coaching. The repeated decision is how to communicate daily plans to international and Spanish-speaking players. The software would deliver plans as reviewed translations with short video, rather than through ad hoc interpretation.",
          "player_reported_communication_gaps",
          "Pre-game decision cards for the manager and bench coach. The repeated decision is pinch-hitting, platoon and double-switch choices in late innings. The software would precompute the bench options matchup by matchup before first pitch, so in-game choices become a lookup.",
          "frequency_of_suboptimal_late_inning_choices",
          "Decision journal and calibration log for front office and analysts. The repeated decision is any forecast-based call: trades, call-ups, or draft picks. The software would record each forecast and its confidence before the decision, then score those forecasts later to show where staff judgment is over- or under-confident.",
          "existing_cubs_decision_review_process",
          "Calibration tool for minor league call-ups, for analysts and the front office. The repeated decision is whether a minor leaguer is ready to be promoted. The software would translate public minor league stats into MLB-equivalent estimates with explicit uncertainty bands, not just a single number.",
          "public_milb_statcast_coverage_by_level",
          "Baserunning disengagement exploiter for coaching. The repeated decision is when to attempt a steal or take a larger lead given how many pickoffs and step-offs (disengagements) the pitcher has already used. The software would show live opponent disengagement counts and each pitcher's tendency after reaching the limit.",
          "public_disengagement_data_availability",
          "current_league_wide_steal_success_trend",
          "International signing pool allocator for the front office and international scouting. The repeated decision is how to spread the bonus pool across prospects and whether to trade for extra pool space. The software would model budget scenarios against signing deadlines.",
          "current_international_signing_rules_status",
          "Arbitration comparables finder for the front office. The repeated decision is filing numbers and whether to settle or go to a hearing. The software would retrieve public past arbitration outcomes and similar players.",
          "completeness_of_public_arbitration_records",
          "Not worth building: custom public leaderboards and basic split lookups. Existing public tools such as Baseball Savant and FanGraphs already serve analysts for routine queries.",
          "Likely already covered at sophisticated clubs: pitch design, biomechanics labs, and defensive positioning models. New software here would compete with mature systems and probably add little.",
          "cubs_internal_analytics_capabilities",
          "supplied_evidence (no evidence records were provided, so no FACT or CITE lines are given)"
        ],
        "contradictions": [],
        "verified_constraints": [],
        "provenance": {
          "run_id": "hd-20261008-143010-528e5330b08f",
          "producer_component": "howldream",
          "producer_version": "0.4.4",
          "model_or_provider": "claude-opus-5-5",
          "observation_kind": "EXTERNALLY_OBSERVED",
          "created_at": "2026-10-08T14:35:18.090699+00:00",
          "transformations": [
            "generated",
            "idea_unit_selection"
          ],
          "participation": [
            {
              "operation": "GENERATED",
              "transforming_component": "howldream",
              "origin_component": "howldream",
              "origin_provider": "claude",
              "origin_model": "claude-opus-5-5",
              "subject_count": 1,
              "inference_occurred": true,
              "note": "Dream prompted the provider; the provider authored the text."
            },
            {
              "operation": "CLUSTERED",
              "transforming_component": "howldream",
              "origin_component": "howldream",
              "origin_provider": null,
              "origin_model": null,
              "subject_count": 45,
              "inference_occurred": false,
              "note": "Deterministic concept-token clustering; no inference."
            },
            {
              "operation": "SELECTED",
              "transforming_component": "howldream",
              "origin_component": "howldream",
              "origin_provider": "claude",
              "origin_model": "claude-opus-5-5",
              "subject_count": 1,
              "inference_occurred": false,
              "note": "Operator selected this idea unit through `howldream export`."
            }
          ],
          "request_id": "cubs-r001-p1-divergent",
          "originating_component": "operator",
          "execution": {
            "requested_provider": "command",
            "selected_provider": "command",
            "actual_provider": "claude",
            "adapter": "claude-json",
            "model": "claude-opus-5-5",
            "requested_model": "claude-opus-5-5",
            "deterministic": false,
            "mocked": false,
            "inference_occurred": true,
            "remote": true,
            "remote_observation": "OPERATOR_DECLARED",
            "fallback_reason": null,
            "elapsed_seconds": 55.49436935503036,
            "usage": {
              "input_tokens": 2,
              "cache_creation_input_tokens": 1445,
              "cache_read_input_tokens": 0,
              "output_tokens": 4698,
              "output_tokens_details": {
                "thinking_tokens": 1297
              },
              "server_tool_use": {
                "web_search_requests": 0,
                "web_fetch_requests": 0
              },
              "cache_creation": {
                "ephemeral_1h_input_tokens": 1445,
                "ephemeral_5m_input_tokens": 0
              }
            },
            "cost": 0.105528,
            "request_id": "7181e56b-d7d6-410f-9b84-893c2a89de72",
            "raw_output_received": true,
            "parse_status": "VALID",
            "repair_attempted": false,
            "sampling": null
          },
          "source_candidate_refs": [],
          "source_candidates_location": "exploration_envelope.json#/provenance/source_candidates",
          "hard_constraints": [
            "Do not assume the problem or the solution.",
            "Use only lawfully accessible public, historical, or clearly labeled synthetic data.",
            "Do not invent private Chicago Cubs information or statistics.",
            "Distinguish fact, assumption, hypothesis, and speculation."
          ],
          "constraint_scope": "UNVERIFIED_GENERATION_GUIDANCE",
          "purpose": "discovery",
          "candidate_index": 0,
          "trial": 0,
          "prompt_hash": "c7f8eb6892bf6caec266702c872ed22890d1bbf4a18a3cbd317f8577fd963e70",
          "output_hash": "8c2eb8ea7ca380ecdd9b13d5c95f12e2dd92cb3d2abf01fc59bb4a98e6ee55bb",
          "selection": {
            "selected_by": "operator",
            "operation": "SELECTED",
            "via": "howldream export"
          },
          "parent_candidate_id": "hd-20261008-143010-528e5330b08f/candidates/0/0",
          "source_unit": {
            "id": "hd-20261008-143010-528e5330b08f/candidates/0/0/idea/2",
            "source_span": [
              896,
              1226
            ],
            "source_hash": "8c2eb8ea7ca380ecdd9b13d5c95f12e2dd92cb3d2abf01fc59bb4a98e6ee55bb",
            "cluster": "cluster-2"
          },
          "parent_verification_ref": "verification.jsonl#candidate=hd-20261008-143010-528e5330b08f/candidates/0/0",
          "unit_selection_scope": "Single IDEA line; batch assumptions/unresolved issues retained without claim-specific association. Parent rejection/contradiction gates retained."
        }
      },
      {
        "schema_version": "howl.candidate/v1",
        "candidate_id": "hd-20261008-143010-528e5330b08f/candidates/0/1/idea/6",
        "source_run_id": "hd-20261008-143010-528e5330b08f",
        "parent_request_id": "cubs-r001-p1-divergent",
        "objective": "Where could software create a meaningful baseball advantage for the Chicago Cubs?\n\nDo not assume the product. Explore different opportunity classes: different users inside a baseball organization (front office, scouting, player development, coaching, medical/performance staff, analysts, game-day staff), different recurring decisions, and different mechanisms of value (better information, faster combination of signals, reduced costly uncertainty, process reliability, avoided errors). Include boring-but-useful interventions and non-obvious possibilities. Also name places where software is unnecessary because a spreadsheet, an existing public tool, or a manual process already suffices, and places where sophisticated clubs likely already have the advantage.\n\nOUTPUT GUIDANCE (format only): Each IDEA line names one distinct baseball problem, the intended user, the concrete repeated decision, and the software intervention. Follow each IDEA with ASSUMPTION lines for what must be true (including whether lawfully accessible public data could support it) and UNKNOWN lines for missing evidence. Do not invent statistics or private Cubs information (scouting, medical, biometric, contract, or proprietary tracking data).",
        "text": "IDEA: Return-to-play comparables finder; user=medical and front office staff; decision=setting realistic timelines and roster contingency plans when a player goes on the injured list; intervention=search public IL transaction histories for similar injury types, positions, and ages, then show the distribution of time missed and post-return performance.",
        "condition": "dream",
        "trust": "UNVERIFIED",
        "status": "UNRESOLVED",
        "authority": {
          "type": "ADVISORY",
          "executable": false
        },
        "claims": [
          {
            "id": "hd-20261008-143010-528e5330b08f/candidates/0/1/idea/6/claim/1",
            "candidate_id": "hd-20261008-143010-528e5330b08f/candidates/0/1/idea/6",
            "kind": "IDEA",
            "text": "Return-to-play comparables finder; user=medical and front office staff; decision=setting realistic timelines and roster contingency plans when a player goes on the injured list; intervention=search public IL transaction histories for similar injury types, positions, and ages, then show the distribution of time missed and post-return performance.",
            "status": "UNVERIFIED",
            "extractor": "line_grammar/v1"
          }
        ],
        "evidence_refs": [
          "objective_context"
        ],
        "assumptions": [
          "Schedule-derived travel load relates to performance or soft-tissue injury risk strongly enough to change booking decisions.",
          "The public schedule, time zones, and game start times are enough to build a useful load score without private biometric data.",
          "Charter logistics and union travel rules leave enough room to change itineraries.",
          "Historical reports exist in digitized, searchable form inside the club, and access would be internal only.",
          "Scouts would accept being shown their past misses rather than ignoring the tool.",
          "Public career outcomes from MLB, MiLB, and Baseball Reference style sources are good enough labels for \"how it turned out.\"",
          "Communication errors in a new player's first days happen often enough to cost runs or outs.",
          "Sign security can be preserved if sign packages live in software.",
          "Silent data errors currently reach decision makers at a non-trivial rate.",
          "Sophisticated clubs likely already have mature data QA, so the advantage may be parity rather than an edge.",
          "Translation drift causes real development or game-plan errors, not just friction.",
          "Interpreters would curate the glossary, since machine translation alone risks wrong baseball jargon.",
          "Public IL records carry enough injury detail to define useful comparables.",
          "The tool would use only public data, with no private Cubs medical records in a shared or external system.",
          "Clubs with internal medical databases likely already do this better.",
          "Field-prep variation is large enough, and allowed under league rules, to affect outcomes.",
          "Sample sizes would support any conclusion within a season.",
          "The value of the \"unnecessary\" calls depends on whether staff time spent on manual upkeep is currently a bottleneck."
        ],
        "unresolved_issues": [
          "Schedule-derived travel load relates to performance or soft-tissue injury risk strongly enough to change booking decisions.",
          "The public schedule, time zones, and game start times are enough to build a useful load score without private biometric data.",
          "Charter logistics and union travel rules leave enough room to change itineraries.",
          "Historical reports exist in digitized, searchable form inside the club, and access would be internal only.",
          "Scouts would accept being shown their past misses rather than ignoring the tool.",
          "Public career outcomes from MLB, MiLB, and Baseball Reference style sources are good enough labels for \"how it turned out.\"",
          "Communication errors in a new player's first days happen often enough to cost runs or outs.",
          "Sign security can be preserved if sign packages live in software.",
          "Silent data errors currently reach decision makers at a non-trivial rate.",
          "Sophisticated clubs likely already have mature data QA, so the advantage may be parity rather than an edge.",
          "Translation drift causes real development or game-plan errors, not just friction.",
          "Interpreters would curate the glossary, since machine translation alone risks wrong baseball jargon.",
          "Public IL records carry enough injury detail to define useful comparables.",
          "The tool would use only public data, with no private Cubs medical records in a shared or external system.",
          "Clubs with internal medical databases likely already do this better.",
          "Field-prep variation is large enough, and allowed under league rules, to affect outcomes.",
          "Sample sizes would support any conclusion within a season.",
          "The value of the \"unnecessary\" calls depends on whether staff time spent on manual upkeep is currently a bottleneck.",
          "Travel and circadian load planner; user=traveling secretary and performance staff; decision=flight departure times, hotel arrival windows, and early-arrival choices on each road trip; intervention=score itineraries from the public MLB schedule, time zones, and getaway-day start times, then flag the worst sequences before travel is booked.",
          "effect_size_of_travel_load_on_mlb_performance",
          "cubs_current_travel_planning_process",
          "Institutional memory search over the club's own past scouting and development notes; user=amateur and pro scouts and crosscheckers; decision=whether a current player resembles prior evaluations and how those evaluations turned out; intervention=retrieval that links an old report to the player's later public outcome so evaluators can see their own past calibration.",
          "format_and_completeness_of_cubs_historical_reports",
          "none_supplied",
          "Onboarding kit for newly acquired players; user=coaching staff and the newly traded or called-up player; decision=how fast a new arrival learns signs, defensive alignments, communication norms, and staff contacts; intervention=a structured checklist plus quiz app with versioned sign and alignment packages, so no one depends on hallway explanations.",
          "frequency_of_miscommunication_errors_after_acquisition",
          "Data pipeline quality monitor; user=analysts and the baseball systems team; decision=whether today's tracking, video, and stat feeds can be trusted before reports go to coaches; intervention=automated checks for missing pitches, calibration drift by park, and duplicate player IDs, with alerts sent before reports are distributed.",
          "cubs_data_engineering_maturity",
          "Language and translation support for coaching cues; user=coaches and Spanish-, Japanese-, Korean-, or Portuguese-speaking players across affiliates; decision=how a mechanical or game-plan instruction is phrased so it means the same thing in every language; intervention=a shared glossary of approved cue translations with audio examples, maintained by staff interpreters.",
          "cubs_roster_language_mix_by_affiliate",
          "Return-to-play comparables finder; user=medical and front office staff; decision=setting realistic timelines and roster contingency plans when a player goes on the injured list; intervention=search public IL transaction histories for similar injury types, positions, and ages, then show the distribution of time missed and post-return performance.",
          "granularity_of_public_injury_descriptions",
          "Grounds crew field-condition logging; user=head groundskeeper and infield coach; decision=infield dirt moisture, mowing pattern, and grass height before each home game; intervention=a simple log joined to public batted-ball outcomes, to test whether field-prep choices measurably change ground-ball conversion.",
          "mlb_rules_constraining_field_preparation_variation",
          "Unnecessary software case: a spreadsheet or the existing depth-chart tool already covers daily depth charts and minor league roster lists, so a custom tool there adds little.",
          "Unnecessary software case: Baseball Savant and FanGraphs leaderboards already cover public player-level batted-ball and pitch-quality lookups.",
          "Likely already-saturated area: pitch design and biomechanics optimization, where sophisticated clubs and private vendors likely hold existing advantages.",
          "relative_capability_of_cubs_vs_peer_clubs_in_each_area"
        ],
        "contradictions": [],
        "verified_constraints": [],
        "provenance": {
          "run_id": "hd-20261008-143010-528e5330b08f",
          "producer_component": "howldream",
          "producer_version": "0.4.4",
          "model_or_provider": "claude-opus-5-5",
          "observation_kind": "EXTERNALLY_OBSERVED",
          "created_at": "2026-10-08T14:35:18.090993+00:00",
          "transformations": [
            "generated",
            "idea_unit_selection"
          ],
          "participation": [
            {
              "operation": "GENERATED",
              "transforming_component": "howldream",
              "origin_component": "howldream",
              "origin_provider": "claude",
              "origin_model": "claude-opus-5-5",
              "subject_count": 1,
              "inference_occurred": true,
              "note": "Dream prompted the provider; the provider authored the text."
            },
            {
              "operation": "CLUSTERED",
              "transforming_component": "howldream",
              "origin_component": "howldream",
              "origin_provider": null,
              "origin_model": null,
              "subject_count": 45,
              "inference_occurred": false,
              "note": "Deterministic concept-token clustering; no inference."
            },
            {
              "operation": "SELECTED",
              "transforming_component": "howldream",
              "origin_component": "howldream",
              "origin_provider": "claude",
              "origin_model": "claude-opus-5-5",
              "subject_count": 1,
              "inference_occurred": false,
              "note": "Operator selected this idea unit through `howldream export`."
            }
          ],
          "request_id": "cubs-r001-p1-divergent",
          "originating_component": "operator",
          "execution": {
            "requested_provider": "command",
            "selected_provider": "command",
            "actual_provider": "claude",
            "adapter": "claude-json",
            "model": "claude-opus-5-5",
            "requested_model": "claude-opus-5-5",
            "deterministic": false,
            "mocked": false,
            "inference_occurred": true,
            "remote": true,
            "remote_observation": "OPERATOR_DECLARED",
            "fallback_reason": null,
            "elapsed_seconds": 29.444878828013316,
            "usage": {
              "input_tokens": 2,
              "cache_creation_input_tokens": 1849,
              "cache_read_input_tokens": 0,
              "output_tokens": 2363,
              "output_tokens_details": {
                "thinking_tokens": 467
              },
              "server_tool_use": {
                "web_search_requests": 0,
                "web_fetch_requests": 0
              },
              "cache_creation": {
                "ephemeral_1h_input_tokens": 1849,
                "ephemeral_5m_input_tokens": 0
              }
            },
            "cost": 0.062060000000000004,
            "request_id": "4cf16e50-3db8-4906-ac2b-317cdee8cb5d",
            "raw_output_received": true,
            "parse_status": "VALID",
            "repair_attempted": false,
            "sampling": null
          },
          "source_candidate_refs": [],
          "source_candidates_location": "exploration_envelope.json#/provenance/source_candidates",
          "hard_constraints": [
            "Do not assume the problem or the solution.",
            "Use only lawfully accessible public, historical, or clearly labeled synthetic data.",
            "Do not invent private Chicago Cubs information or statistics.",
            "Distinguish fact, assumption, hypothesis, and speculation."
          ],
          "constraint_scope": "UNVERIFIED_GENERATION_GUIDANCE",
          "purpose": "discovery",
          "candidate_index": 1,
          "trial": 0,
          "prompt_hash": "570500ba7b24987d25954d81f535b6b2169dd293a65b94c37641e092bf1849d3",
          "output_hash": "a858d13a11c1865308a9b95dd5e67ee43991b1794b99e6856fbeded0bb9d0959",
          "selection": {
            "selected_by": "operator",
            "operation": "SELECTED",
            "via": "howldream export"
          },
          "parent_candidate_id": "hd-20261008-143010-528e5330b08f/candidates/0/1",
          "source_unit": {
            "id": "hd-20261008-143010-528e5330b08f/candidates/0/1/idea/6",
            "source_span": [
              3439,
              3792
            ],
            "source_hash": "a858d13a11c1865308a9b95dd5e67ee43991b1794b99e6856fbeded0bb9d0959",
            "cluster": "cluster-2"
          },
          "parent_verification_ref": "verification.jsonl#candidate=hd-20261008-143010-528e5330b08f/candidates/0/1",
          "unit_selection_scope": "Single IDEA line; batch assumptions/unresolved issues retained without claim-specific association. Parent rejection/contradiction gates retained."
        }
      },
      {
        "schema_version": "howl.candidate/v1",
        "candidate_id": "hd-20261008-143010-528e5330b08f/candidates/0/2/idea/3",
        "source_run_id": "hd-20261008-143010-528e5330b08f",
        "parent_request_id": "cubs-r001-p1-divergent",
        "objective": "Where could software create a meaningful baseball advantage for the Chicago Cubs?\n\nDo not assume the product. Explore different opportunity classes: different users inside a baseball organization (front office, scouting, player development, coaching, medical/performance staff, analysts, game-day staff), different recurring decisions, and different mechanisms of value (better information, faster combination of signals, reduced costly uncertainty, process reliability, avoided errors). Include boring-but-useful interventions and non-obvious possibilities. Also name places where software is unnecessary because a spreadsheet, an existing public tool, or a manual process already suffices, and places where sophisticated clubs likely already have the advantage.\n\nOUTPUT GUIDANCE (format only): Each IDEA line names one distinct baseball problem, the intended user, the concrete repeated decision, and the software intervention. Follow each IDEA with ASSUMPTION lines for what must be true (including whether lawfully accessible public data could support it) and UNKNOWN lines for missing evidence. Do not invent statistics or private Cubs information (scouting, medical, biometric, contract, or proprietary tracking data).",
        "text": "IDEA: Self-scouting of pitch-sequence predictability for the pitching coach and catchers; the repeated decision is pregame game-plan design; software would measure how predictable the club's own pitchers' next-pitch choices are from count, previous pitch, and batter handedness, which is the same model an opponent could build.",
        "condition": "dream",
        "trust": "UNVERIFIED",
        "status": "UNRESOLVED",
        "authority": {
          "type": "ADVISORY",
          "executable": false
        },
        "claims": [
          {
            "id": "hd-20261008-143010-528e5330b08f/candidates/0/2/idea/3/claim/1",
            "candidate_id": "hd-20261008-143010-528e5330b08f/candidates/0/2/idea/3",
            "kind": "IDEA",
            "text": "Self-scouting of pitch-sequence predictability for the pitching coach and catchers; the repeated decision is pregame game-plan design; software would measure how predictable the club's own pitchers' next-pitch choices are from count, previous pitch, and batter handedness, which is the same model an opponent could build.",
            "status": "UNVERIFIED",
            "extractor": "line_grammar/v1"
          }
        ],
        "evidence_refs": [
          "objective_context"
        ],
        "assumptions": [
          "Public historical replay outcomes, such as Baseball Savant replay logs or retrosheet-style records, could support an overturn-rate prior by play type without any private Cubs data.",
          "The current workflow is not already fast and accurate; the replay coordinator's judgment may already capture most of the value.",
          "The challenge: overturns are rare and leverage-weighted, so the marginal win value may be too small to justify software.",
          "Public play-by-play data is enough to estimate each manager's hook timing and pinch-hit triggers conditional on score, inning, pitch count, and times through the order.",
          "Manager behavior is stable enough within a season to be predictive, even though front offices increasingly dictate usage.",
          "The challenge: the three-batter minimum and roster-composition variability may make generic tendencies noisy.",
          "Public pitch-by-pitch data, such as Statcast pitch type and count, is sufficient for an opponent to exploit predictability, so the club should audit it first.",
          "Reduced predictability actually converts into worse hitter outcomes rather than merely changing pitch mix at the expense of pitch quality.",
          "The challenge: sophisticated clubs likely already run this audit internally; the advantage may be parity rather than an edge.",
          "Public pitch-timer or derivable timestamp data exists at sufficient resolution; if it is not public, the idea would need lawfully obtained broadcast-derived timing.",
          "Tempo variation has a measurable effect independent of pitch quality; this is unproven and is speculation.",
          "This is boring but useful; it reduces costly re-learning and contradictory advice after coaching or front-office turnover.",
          "Staff would actually write entries; adoption, not technology, is the binding constraint.",
          "The challenge: a shared document or existing wiki tool may suffice, so custom software may be unnecessary.",
          "Public MiLB data and documented rule experiments by league are sufficient to estimate rule-regime effects.",
          "The challenge: small samples and roster churn may swamp any adjustment, and public sites partly normalize already.",
          "Scheduling conflicts currently cost meaningful preparation quality; this could be false, since a whiteboard or shared calendar may already work.",
          "Public data can project opponent pitching usage in short series.",
          "The challenge: large-market analytics departments likely already do this, so the edge is probably small.",
          "The marginal gain from lineup ordering is small relative to the cost of building a tool; this is commonly argued publicly but should be verified.",
          "Public data cannot match private capture resolution, so a public-data tool here would not create an edge."
        ],
        "unresolved_issues": [
          "Public historical replay outcomes, such as Baseball Savant replay logs or retrosheet-style records, could support an overturn-rate prior by play type without any private Cubs data.",
          "The current workflow is not already fast and accurate; the replay coordinator's judgment may already capture most of the value.",
          "The challenge: overturns are rare and leverage-weighted, so the marginal win value may be too small to justify software.",
          "Public play-by-play data is enough to estimate each manager's hook timing and pinch-hit triggers conditional on score, inning, pitch count, and times through the order.",
          "Manager behavior is stable enough within a season to be predictive, even though front offices increasingly dictate usage.",
          "The challenge: the three-batter minimum and roster-composition variability may make generic tendencies noisy.",
          "Public pitch-by-pitch data, such as Statcast pitch type and count, is sufficient for an opponent to exploit predictability, so the club should audit it first.",
          "Reduced predictability actually converts into worse hitter outcomes rather than merely changing pitch mix at the expense of pitch quality.",
          "The challenge: sophisticated clubs likely already run this audit internally; the advantage may be parity rather than an edge.",
          "Public pitch-timer or derivable timestamp data exists at sufficient resolution; if it is not public, the idea would need lawfully obtained broadcast-derived timing.",
          "Tempo variation has a measurable effect independent of pitch quality; this is unproven and is speculation.",
          "This is boring but useful; it reduces costly re-learning and contradictory advice after coaching or front-office turnover.",
          "Staff would actually write entries; adoption, not technology, is the binding constraint.",
          "The challenge: a shared document or existing wiki tool may suffice, so custom software may be unnecessary.",
          "Public MiLB data and documented rule experiments by league are sufficient to estimate rule-regime effects.",
          "The challenge: small samples and roster churn may swamp any adjustment, and public sites partly normalize already.",
          "Scheduling conflicts currently cost meaningful preparation quality; this could be false, since a whiteboard or shared calendar may already work.",
          "Public data can project opponent pitching usage in short series.",
          "The challenge: large-market analytics departments likely already do this, so the edge is probably small.",
          "The marginal gain from lineup ordering is small relative to the cost of building a tool; this is commonly argued publicly but should be verified.",
          "Public data cannot match private capture resolution, so a public-data tool here would not create an edge.",
          "Replay-challenge triage (non-ABS) for the manager and video-replay coordinator; the repeated decision is whether to challenge a close safe/out or fair/foul call within the time limit; software would cue the angles most predictive of overturns and show the remaining challenge inventory and game leverage.",
          "cubs_current_replay_workflow",
          "overturn_rate_by_play_type_public_coverage",
          "Opponent-manager tendency profiles for the bench coach and advance scouts; the repeated decision is anticipating when the opposing manager pulls a starter, brings in a matchup reliever, or pinch-hits, so the Cubs can stage their own counter-moves an inning earlier.",
          "manager_tendency_stability_across_seasons",
          "whether_opposing_usage_is_manager_or_front_office_driven",
          "Self-scouting of pitch-sequence predictability for the pitching coach and catchers; the repeated decision is pregame game-plan design; software would measure how predictable the club's own pitchers' next-pitch choices are from count, previous pitch, and batter handedness, which is the same model an opponent could build.",
          "cubs_existing_sequence_audit",
          "evidence_linking_sequence_entropy_to_run_prevention",
          "Pitch-clock tempo self-scout for pitching coaches; the repeated decision is whether to coach a pitcher to vary tempo or use disengagements; software would relate each pitcher's time-between-pitches distribution to public outcomes and flag pitchers whose tempo is constant enough for hitters to time.",
          "public_pitch_timer_data_availability",
          "tempo_effect_size",
          "Institutional-memory decision log for the front office and coaching staff; the repeated decision occurs when staff turnover leaves a newcomer re-deciding questions such as why a player's cue, role, or plan was chosen; software would provide a searchable, permissioned record of rationale linked to the outcome.",
          "cubs_staff_turnover_rate",
          "existing_knowledge_management_tools_in_use",
          "Cross-league context normalization for minor league evaluators; the repeated decision is promotion timing and prospect comparison across affiliates whose leagues differ in rules, such as automated strike zones, pitch clocks, or experimental rules, and in parks; software would adjust public minor league stats for the rule regime and environment of each league-season.",
          "minor_league_rule_regime_effect_sizes",
          "public_milb_park_factor_quality",
          "Hitting-cage and work-session scheduler for player development and game-day staff; the repeated decision is allocating limited cage, mound, and coach time pregame without conflicts; software would enforce priorities and capacity.",
          "current_pregame_scheduling_friction",
          "Postseason or short-series opponent-specific roster-construction simulator for the front office; the repeated decision is which 26 players to carry against a specific opponent; software would simulate matchup value under the opponent's likely starters and bullpen.",
          "cubs_postseason_roster_process",
          "An area where software is likely unnecessary: generic lineup-order optimization, because public research and spreadsheets show small run differences between reasonable orders.",
          "An area where sophisticated clubs likely already hold the advantage: pitch-design and bat-tracking modeling, where proprietary high-speed capture and internal biomechanics teams exceed what public data supports.",
          "cubs_relative_position_in_pitch_design_capability"
        ],
        "contradictions": [],
        "verified_constraints": [],
        "provenance": {
          "run_id": "hd-20261008-143010-528e5330b08f",
          "producer_component": "howldream",
          "producer_version": "0.4.4",
          "model_or_provider": "claude-opus-5-5",
          "observation_kind": "EXTERNALLY_OBSERVED",
          "created_at": "2026-10-08T14:35:18.091290+00:00",
          "transformations": [
            "generated",
            "idea_unit_selection"
          ],
          "participation": [
            {
              "operation": "GENERATED",
              "transforming_component": "howldream",
              "origin_component": "howldream",
              "origin_provider": "claude",
              "origin_model": "claude-opus-5-5",
              "subject_count": 1,
              "inference_occurred": true,
              "note": "Dream prompted the provider; the provider authored the text."
            },
            {
              "operation": "CLUSTERED",
              "transforming_component": "howldream",
              "origin_component": "howldream",
              "origin_provider": null,
              "origin_model": null,
              "subject_count": 45,
              "inference_occurred": false,
              "note": "Deterministic concept-token clustering; no inference."
            },
            {
              "operation": "SELECTED",
              "transforming_component": "howldream",
              "origin_component": "howldream",
              "origin_provider": "claude",
              "origin_model": "claude-opus-5-5",
              "subject_count": 1,
              "inference_occurred": false,
              "note": "Operator selected this idea unit through `howldream export`."
            }
          ],
          "request_id": "cubs-r001-p1-divergent",
          "originating_component": "operator",
          "execution": {
            "requested_provider": "command",
            "selected_provider": "command",
            "actual_provider": "claude",
            "adapter": "claude-json",
            "model": "claude-opus-5-5",
            "requested_model": "claude-opus-5-5",
            "deterministic": false,
            "mocked": false,
            "inference_occurred": true,
            "remote": true,
            "remote_observation": "OPERATOR_DECLARED",
            "fallback_reason": null,
            "elapsed_seconds": 39.44773431902286,
            "usage": {
              "input_tokens": 2,
              "cache_creation_input_tokens": 2117,
              "cache_read_input_tokens": 0,
              "output_tokens": 3272,
              "output_tokens_details": {
                "thinking_tokens": 991
              },
              "server_tool_use": {
                "web_search_requests": 0,
                "web_fetch_requests": 0
              },
              "cache_creation": {
                "ephemeral_1h_input_tokens": 2117,
                "ephemeral_5m_input_tokens": 0
              }
            },
            "cost": 0.08238399999999999,
            "request_id": "55080666-6f9c-4e30-8bb8-b6af0f1099c2",
            "raw_output_received": true,
            "parse_status": "VALID",
            "repair_attempted": false,
            "sampling": null
          },
          "source_candidate_refs": [],
          "source_candidates_location": "exploration_envelope.json#/provenance/source_candidates",
          "hard_constraints": [
            "Do not assume the problem or the solution.",
            "Use only lawfully accessible public, historical, or clearly labeled synthetic data.",
            "Do not invent private Chicago Cubs information or statistics.",
            "Distinguish fact, assumption, hypothesis, and speculation."
          ],
          "constraint_scope": "UNVERIFIED_GENERATION_GUIDANCE",
          "purpose": "discovery",
          "candidate_index": 2,
          "trial": 0,
          "prompt_hash": "7de674b3de43dec3379886d0767de049fd41f6ee7425c91aed2d548b6e62590d",
          "output_hash": "8f5550aed78f69b103871d9bdf6f809bd73cb87790ccc3caa6f9273d5547a974",
          "selection": {
            "selected_by": "operator",
            "operation": "SELECTED",
            "via": "howldream export"
          },
          "parent_candidate_id": "hd-20261008-143010-528e5330b08f/candidates/0/2",
          "source_unit": {
            "id": "hd-20261008-143010-528e5330b08f/candidates/0/2/idea/3",
            "source_span": [
              1695,
              2022
            ],
            "source_hash": "8f5550aed78f69b103871d9bdf6f809bd73cb87790ccc3caa6f9273d5547a974",
            "cluster": "cluster-16"
          },
          "parent_verification_ref": "verification.jsonl#candidate=hd-20261008-143010-528e5330b08f/candidates/0/2",
          "unit_selection_scope": "Single IDEA line; batch assumptions/unresolved issues retained without claim-specific association. Parent rejection/contradiction gates retained."
        }
      },
      {
        "schema_version": "howl.candidate/v1",
        "candidate_id": "hd-20261008-143010-528e5330b08f/candidates/0/2/idea/6",
        "source_run_id": "hd-20261008-143010-528e5330b08f",
        "parent_request_id": "cubs-r001-p1-divergent",
        "objective": "Where could software create a meaningful baseball advantage for the Chicago Cubs?\n\nDo not assume the product. Explore different opportunity classes: different users inside a baseball organization (front office, scouting, player development, coaching, medical/performance staff, analysts, game-day staff), different recurring decisions, and different mechanisms of value (better information, faster combination of signals, reduced costly uncertainty, process reliability, avoided errors). Include boring-but-useful interventions and non-obvious possibilities. Also name places where software is unnecessary because a spreadsheet, an existing public tool, or a manual process already suffices, and places where sophisticated clubs likely already have the advantage.\n\nOUTPUT GUIDANCE (format only): Each IDEA line names one distinct baseball problem, the intended user, the concrete repeated decision, and the software intervention. Follow each IDEA with ASSUMPTION lines for what must be true (including whether lawfully accessible public data could support it) and UNKNOWN lines for missing evidence. Do not invent statistics or private Cubs information (scouting, medical, biometric, contract, or proprietary tracking data).",
        "text": "IDEA: Cross-league context normalization for minor league evaluators; the repeated decision is promotion timing and prospect comparison across affiliates whose leagues differ in rules, such as automated strike zones, pitch clocks, or experimental rules, and in parks; software would adjust public minor league stats for the rule regime and environment of each league-season.",
        "condition": "dream",
        "trust": "UNVERIFIED",
        "status": "UNRESOLVED",
        "authority": {
          "type": "ADVISORY",
          "executable": false
        },
        "claims": [
          {
            "id": "hd-20261008-143010-528e5330b08f/candidates/0/2/idea/6/claim/1",
            "candidate_id": "hd-20261008-143010-528e5330b08f/candidates/0/2/idea/6",
            "kind": "IDEA",
            "text": "Cross-league context normalization for minor league evaluators; the repeated decision is promotion timing and prospect comparison across affiliates whose leagues differ in rules, such as automated strike zones, pitch clocks, or experimental rules, and in parks; software would adjust public minor league stats for the rule regime and environment of each league-season.",
            "status": "UNVERIFIED",
            "extractor": "line_grammar/v1"
          }
        ],
        "evidence_refs": [
          "objective_context"
        ],
        "assumptions": [
          "Public historical replay outcomes, such as Baseball Savant replay logs or retrosheet-style records, could support an overturn-rate prior by play type without any private Cubs data.",
          "The current workflow is not already fast and accurate; the replay coordinator's judgment may already capture most of the value.",
          "The challenge: overturns are rare and leverage-weighted, so the marginal win value may be too small to justify software.",
          "Public play-by-play data is enough to estimate each manager's hook timing and pinch-hit triggers conditional on score, inning, pitch count, and times through the order.",
          "Manager behavior is stable enough within a season to be predictive, even though front offices increasingly dictate usage.",
          "The challenge: the three-batter minimum and roster-composition variability may make generic tendencies noisy.",
          "Public pitch-by-pitch data, such as Statcast pitch type and count, is sufficient for an opponent to exploit predictability, so the club should audit it first.",
          "Reduced predictability actually converts into worse hitter outcomes rather than merely changing pitch mix at the expense of pitch quality.",
          "The challenge: sophisticated clubs likely already run this audit internally; the advantage may be parity rather than an edge.",
          "Public pitch-timer or derivable timestamp data exists at sufficient resolution; if it is not public, the idea would need lawfully obtained broadcast-derived timing.",
          "Tempo variation has a measurable effect independent of pitch quality; this is unproven and is speculation.",
          "This is boring but useful; it reduces costly re-learning and contradictory advice after coaching or front-office turnover.",
          "Staff would actually write entries; adoption, not technology, is the binding constraint.",
          "The challenge: a shared document or existing wiki tool may suffice, so custom software may be unnecessary.",
          "Public MiLB data and documented rule experiments by league are sufficient to estimate rule-regime effects.",
          "The challenge: small samples and roster churn may swamp any adjustment, and public sites partly normalize already.",
          "Scheduling conflicts currently cost meaningful preparation quality; this could be false, since a whiteboard or shared calendar may already work.",
          "Public data can project opponent pitching usage in short series.",
          "The challenge: large-market analytics departments likely already do this, so the edge is probably small.",
          "The marginal gain from lineup ordering is small relative to the cost of building a tool; this is commonly argued publicly but should be verified.",
          "Public data cannot match private capture resolution, so a public-data tool here would not create an edge."
        ],
        "unresolved_issues": [
          "Public historical replay outcomes, such as Baseball Savant replay logs or retrosheet-style records, could support an overturn-rate prior by play type without any private Cubs data.",
          "The current workflow is not already fast and accurate; the replay coordinator's judgment may already capture most of the value.",
          "The challenge: overturns are rare and leverage-weighted, so the marginal win value may be too small to justify software.",
          "Public play-by-play data is enough to estimate each manager's hook timing and pinch-hit triggers conditional on score, inning, pitch count, and times through the order.",
          "Manager behavior is stable enough within a season to be predictive, even though front offices increasingly dictate usage.",
          "The challenge: the three-batter minimum and roster-composition variability may make generic tendencies noisy.",
          "Public pitch-by-pitch data, such as Statcast pitch type and count, is sufficient for an opponent to exploit predictability, so the club should audit it first.",
          "Reduced predictability actually converts into worse hitter outcomes rather than merely changing pitch mix at the expense of pitch quality.",
          "The challenge: sophisticated clubs likely already run this audit internally; the advantage may be parity rather than an edge.",
          "Public pitch-timer or derivable timestamp data exists at sufficient resolution; if it is not public, the idea would need lawfully obtained broadcast-derived timing.",
          "Tempo variation has a measurable effect independent of pitch quality; this is unproven and is speculation.",
          "This is boring but useful; it reduces costly re-learning and contradictory advice after coaching or front-office turnover.",
          "Staff would actually write entries; adoption, not technology, is the binding constraint.",
          "The challenge: a shared document or existing wiki tool may suffice, so custom software may be unnecessary.",
          "Public MiLB data and documented rule experiments by league are sufficient to estimate rule-regime effects.",
          "The challenge: small samples and roster churn may swamp any adjustment, and public sites partly normalize already.",
          "Scheduling conflicts currently cost meaningful preparation quality; this could be false, since a whiteboard or shared calendar may already work.",
          "Public data can project opponent pitching usage in short series.",
          "The challenge: large-market analytics departments likely already do this, so the edge is probably small.",
          "The marginal gain from lineup ordering is small relative to the cost of building a tool; this is commonly argued publicly but should be verified.",
          "Public data cannot match private capture resolution, so a public-data tool here would not create an edge.",
          "Replay-challenge triage (non-ABS) for the manager and video-replay coordinator; the repeated decision is whether to challenge a close safe/out or fair/foul call within the time limit; software would cue the angles most predictive of overturns and show the remaining challenge inventory and game leverage.",
          "cubs_current_replay_workflow",
          "overturn_rate_by_play_type_public_coverage",
          "Opponent-manager tendency profiles for the bench coach and advance scouts; the repeated decision is anticipating when the opposing manager pulls a starter, brings in a matchup reliever, or pinch-hits, so the Cubs can stage their own counter-moves an inning earlier.",
          "manager_tendency_stability_across_seasons",
          "whether_opposing_usage_is_manager_or_front_office_driven",
          "Self-scouting of pitch-sequence predictability for the pitching coach and catchers; the repeated decision is pregame game-plan design; software would measure how predictable the club's own pitchers' next-pitch choices are from count, previous pitch, and batter handedness, which is the same model an opponent could build.",
          "cubs_existing_sequence_audit",
          "evidence_linking_sequence_entropy_to_run_prevention",
          "Pitch-clock tempo self-scout for pitching coaches; the repeated decision is whether to coach a pitcher to vary tempo or use disengagements; software would relate each pitcher's time-between-pitches distribution to public outcomes and flag pitchers whose tempo is constant enough for hitters to time.",
          "public_pitch_timer_data_availability",
          "tempo_effect_size",
          "Institutional-memory decision log for the front office and coaching staff; the repeated decision occurs when staff turnover leaves a newcomer re-deciding questions such as why a player's cue, role, or plan was chosen; software would provide a searchable, permissioned record of rationale linked to the outcome.",
          "cubs_staff_turnover_rate",
          "existing_knowledge_management_tools_in_use",
          "Cross-league context normalization for minor league evaluators; the repeated decision is promotion timing and prospect comparison across affiliates whose leagues differ in rules, such as automated strike zones, pitch clocks, or experimental rules, and in parks; software would adjust public minor league stats for the rule regime and environment of each league-season.",
          "minor_league_rule_regime_effect_sizes",
          "public_milb_park_factor_quality",
          "Hitting-cage and work-session scheduler for player development and game-day staff; the repeated decision is allocating limited cage, mound, and coach time pregame without conflicts; software would enforce priorities and capacity.",
          "current_pregame_scheduling_friction",
          "Postseason or short-series opponent-specific roster-construction simulator for the front office; the repeated decision is which 26 players to carry against a specific opponent; software would simulate matchup value under the opponent's likely starters and bullpen.",
          "cubs_postseason_roster_process",
          "An area where software is likely unnecessary: generic lineup-order optimization, because public research and spreadsheets show small run differences between reasonable orders.",
          "An area where sophisticated clubs likely already hold the advantage: pitch-design and bat-tracking modeling, where proprietary high-speed capture and internal biomechanics teams exceed what public data supports.",
          "cubs_relative_position_in_pitch_design_capability"
        ],
        "contradictions": [],
        "verified_constraints": [],
        "provenance": {
          "run_id": "hd-20261008-143010-528e5330b08f",
          "producer_component": "howldream",
          "producer_version": "0.4.4",
          "model_or_provider": "claude-opus-5-5",
          "observation_kind": "EXTERNALLY_OBSERVED",
          "created_at": "2026-10-08T14:35:18.091290+00:00",
          "transformations": [
            "generated",
            "idea_unit_selection"
          ],
          "participation": [
            {
              "operation": "GENERATED",
              "transforming_component": "howldream",
              "origin_component": "howldream",
              "origin_provider": "claude",
              "origin_model": "claude-opus-5-5",
              "subject_count": 1,
              "inference_occurred": true,
              "note": "Dream prompted the provider; the provider authored the text."
            },
            {
              "operation": "CLUSTERED",
              "transforming_component": "howldream",
              "origin_component": "howldream",
              "origin_provider": null,
              "origin_model": null,
              "subject_count": 45,
              "inference_occurred": false,
              "note": "Deterministic concept-token clustering; no inference."
            },
            {
              "operation": "SELECTED",
              "transforming_component": "howldream",
              "origin_component": "howldream",
              "origin_provider": "claude",
              "origin_model": "claude-opus-5-5",
              "subject_count": 1,
              "inference_occurred": false,
              "note": "Operator selected this idea unit through `howldream export`."
            }
          ],
          "request_id": "cubs-r001-p1-divergent",
          "originating_component": "operator",
          "execution": {
            "requested_provider": "command",
            "selected_provider": "command",
            "actual_provider": "claude",
            "adapter": "claude-json",
            "model": "claude-opus-5-5",
            "requested_model": "claude-opus-5-5",
            "deterministic": false,
            "mocked": false,
            "inference_occurred": true,
            "remote": true,
            "remote_observation": "OPERATOR_DECLARED",
            "fallback_reason": null,
            "elapsed_seconds": 39.44773431902286,
            "usage": {
              "input_tokens": 2,
              "cache_creation_input_tokens": 2117,
              "cache_read_input_tokens": 0,
              "output_tokens": 3272,
              "output_tokens_details": {
                "thinking_tokens": 991
              },
              "server_tool_use": {
                "web_search_requests": 0,
                "web_fetch_requests": 0
              },
              "cache_creation": {
                "ephemeral_1h_input_tokens": 2117,
                "ephemeral_5m_input_tokens": 0
              }
            },
            "cost": 0.08238399999999999,
            "request_id": "55080666-6f9c-4e30-8bb8-b6af0f1099c2",
            "raw_output_received": true,
            "parse_status": "VALID",
            "repair_attempted": false,
            "sampling": null
          },
          "source_candidate_refs": [],
          "source_candidates_location": "exploration_envelope.json#/provenance/source_candidates",
          "hard_constraints": [
            "Do not assume the problem or the solution.",
            "Use only lawfully accessible public, historical, or clearly labeled synthetic data.",
            "Do not invent private Chicago Cubs information or statistics.",
            "Distinguish fact, assumption, hypothesis, and speculation."
          ],
          "constraint_scope": "UNVERIFIED_GENERATION_GUIDANCE",
          "purpose": "discovery",
          "candidate_index": 2,
          "trial": 0,
          "prompt_hash": "7de674b3de43dec3379886d0767de049fd41f6ee7425c91aed2d548b6e62590d",
          "output_hash": "8f5550aed78f69b103871d9bdf6f809bd73cb87790ccc3caa6f9273d5547a974",
          "selection": {
            "selected_by": "operator",
            "operation": "SELECTED",
            "via": "howldream export"
          },
          "parent_candidate_id": "hd-20261008-143010-528e5330b08f/candidates/0/2",
          "source_unit": {
            "id": "hd-20261008-143010-528e5330b08f/candidates/0/2/idea/6",
            "source_span": [
              4018,
              4392
            ],
            "source_hash": "8f5550aed78f69b103871d9bdf6f809bd73cb87790ccc3caa6f9273d5547a974",
            "cluster": "cluster-18"
          },
          "parent_verification_ref": "verification.jsonl#candidate=hd-20261008-143010-528e5330b08f/candidates/0/2",
          "unit_selection_scope": "Single IDEA line; batch assumptions/unresolved issues retained without claim-specific association. Parent rejection/contradiction gates retained."
        }
      },
      {
        "schema_version": "howl.candidate/v1",
        "candidate_id": "hd-20261008-143010-528e5330b08f/candidates/0/3/idea/2",
        "source_run_id": "hd-20261008-143010-528e5330b08f",
        "parent_request_id": "cubs-r001-p1-divergent",
        "objective": "Where could software create a meaningful baseball advantage for the Chicago Cubs?\n\nDo not assume the product. Explore different opportunity classes: different users inside a baseball organization (front office, scouting, player development, coaching, medical/performance staff, analysts, game-day staff), different recurring decisions, and different mechanisms of value (better information, faster combination of signals, reduced costly uncertainty, process reliability, avoided errors). Include boring-but-useful interventions and non-obvious possibilities. Also name places where software is unnecessary because a spreadsheet, an existing public tool, or a manual process already suffices, and places where sophisticated clubs likely already have the advantage.\n\nOUTPUT GUIDANCE (format only): Each IDEA line names one distinct baseball problem, the intended user, the concrete repeated decision, and the software intervention. Follow each IDEA with ASSUMPTION lines for what must be true (including whether lawfully accessible public data could support it) and UNKNOWN lines for missing evidence. Do not invent statistics or private Cubs information (scouting, medical, biometric, contract, or proprietary tracking data).",
        "text": "IDEA: Opponent bullpen availability forecast, where the manager and hitting coaches decide lineup order, platoon starts, and pinch-hit timing based on likely opposing relievers, using a model built from public box-score appearance and pitch-count history.",
        "condition": "dream",
        "trust": "UNVERIFIED",
        "status": "UNRESOLVED",
        "authority": {
          "type": "ADVISORY",
          "executable": false
        },
        "claims": [
          {
            "id": "hd-20261008-143010-528e5330b08f/candidates/0/3/idea/2/claim/1",
            "candidate_id": "hd-20261008-143010-528e5330b08f/candidates/0/3/idea/2",
            "kind": "IDEA",
            "text": "Opponent bullpen availability forecast, where the manager and hitting coaches decide lineup order, platoon starts, and pinch-hit timing based on likely opposing relievers, using a model built from public box-score appearance and pitch-count history.",
            "status": "UNVERIFIED",
            "extractor": "line_grammar/v1"
          }
        ],
        "evidence_refs": [
          "objective_context"
        ],
        "assumptions": [
          "Tipping happens often enough, and is costly enough, that a systematic check beats ad hoc coach observation.",
          "Pitch-type labels from public pitch-tracking data can be time-aligned to the club's own broadcast or center-field video without proprietary tracking feeds.",
          "The tool must be limited to the club's own pitchers to avoid rule or ethics problems with real-time decoding of opponents.",
          "Sophisticated clubs may already run this internally, so the advantage would be catching up rather than leading.",
          "Public box scores reliably capture reliever usage, including pitch counts and back-to-back days.",
          "Opposing clubs' availability rules are inferable from public usage patterns and are not dominated by unobservable injury or warm-up information.",
          "This differs enough from opponent bench-counter anticipation to add value rather than duplicate it.",
          "Many clubs already do this informally, so the value may come only from speed and consistency.",
          "Manager decisions are consistent enough within game states to be predictable from public play-by-play data.",
          "Front-office input on the opposing side is stable enough within a season for past patterns to hold.",
          "Knowing an opponent's likely move changes a Cubs decision often enough to matter, for example by holding a pinch hitter in reserve.",
          "Surface preparation varies enough day to day to affect ground-ball outcomes measurably.",
          "Field-preparation choices stay within MLB rules on field conditions, which would need verification.",
          "Sample sizes per home stand are large enough to separate the effect from noise.",
          "A paper log maintained by the grounds crew may be enough without custom software.",
          "Venue choice actually changes rehab quality or timing, for example by avoiding rainouts or getting the right opponent level.",
          "The tool can run without any private medical data, with medical staff entering only the required dates and constraints.",
          "Rehab stints may be too few per season to justify more than a spreadsheet and a calendar.",
          "The club stores past reports in a structured, searchable form, or could migrate them into one.",
          "Prior evaluations of the same or similar players inform current decisions instead of anchoring them badly.",
          "Commercial scouting platforms may already provide this, making custom software unnecessary.",
          "Errors here are rare but very costly, so a process-reliability tool has positive expected value.",
          "The rules are public and stable enough to encode accurately each season.",
          "This may be fully covered by existing league office review and a manual checklist, making software unnecessary.",
          "Sophisticated clubs already hold this advantage through dedicated replay staff.",
          "Any remaining gain is small compared with the existing human-plus-video process.",
          "Rest decisions are mainly driven by private physiological and medical information rather than schedule and weather alone."
        ],
        "unresolved_issues": [
          "Tipping happens often enough, and is costly enough, that a systematic check beats ad hoc coach observation.",
          "Pitch-type labels from public pitch-tracking data can be time-aligned to the club's own broadcast or center-field video without proprietary tracking feeds.",
          "The tool must be limited to the club's own pitchers to avoid rule or ethics problems with real-time decoding of opponents.",
          "Sophisticated clubs may already run this internally, so the advantage would be catching up rather than leading.",
          "Public box scores reliably capture reliever usage, including pitch counts and back-to-back days.",
          "Opposing clubs' availability rules are inferable from public usage patterns and are not dominated by unobservable injury or warm-up information.",
          "This differs enough from opponent bench-counter anticipation to add value rather than duplicate it.",
          "Many clubs already do this informally, so the value may come only from speed and consistency.",
          "Manager decisions are consistent enough within game states to be predictable from public play-by-play data.",
          "Front-office input on the opposing side is stable enough within a season for past patterns to hold.",
          "Knowing an opponent's likely move changes a Cubs decision often enough to matter, for example by holding a pinch hitter in reserve.",
          "Surface preparation varies enough day to day to affect ground-ball outcomes measurably.",
          "Field-preparation choices stay within MLB rules on field conditions, which would need verification.",
          "Sample sizes per home stand are large enough to separate the effect from noise.",
          "A paper log maintained by the grounds crew may be enough without custom software.",
          "Venue choice actually changes rehab quality or timing, for example by avoiding rainouts or getting the right opponent level.",
          "The tool can run without any private medical data, with medical staff entering only the required dates and constraints.",
          "Rehab stints may be too few per season to justify more than a spreadsheet and a calendar.",
          "The club stores past reports in a structured, searchable form, or could migrate them into one.",
          "Prior evaluations of the same or similar players inform current decisions instead of anchoring them badly.",
          "Commercial scouting platforms may already provide this, making custom software unnecessary.",
          "Errors here are rare but very costly, so a process-reliability tool has positive expected value.",
          "The rules are public and stable enough to encode accurately each season.",
          "This may be fully covered by existing league office review and a manual checklist, making software unnecessary.",
          "Sophisticated clubs already hold this advantage through dedicated replay staff.",
          "Any remaining gain is small compared with the existing human-plus-video process.",
          "Rest decisions are mainly driven by private physiological and medical information rather than schedule and weather alone.",
          "Own-pitcher tipping self-audit, where pitching coaches and the video staff regularly review whether a Cubs pitcher's pre-release cues such as glove position, set timing, or grip visibility differ by pitch type, using software that flags pitch-type-separable patterns in the club's own game video for a coach to verify.",
          "base_rate_of_detectable_tipping_mlb",
          "public_video_frame_rate_and_angle_sufficiency",
          "existing_cubs_tipping_review_process",
          "Opponent bullpen availability forecast, where the manager and hitting coaches decide lineup order, platoon starts, and pinch-hit timing based on likely opposing relievers, using a model built from public box-score appearance and pitch-count history.",
          "forecast_accuracy_vs_naive_rule",
          "unobserved_bullpen_warmups_effect",
          "Opposing-manager tendency profiles, where advance scouts and the bench coach anticipate when an opposing manager will intentionally walk, pull a starter, bunt, or pinch-run, using software that summarizes public play-by-play decisions by game state for each opposing manager.",
          "manager_decision_predictability_by_state",
          "decision_frequency_where_anticipation_changes_choice",
          "Infield surface condition logging, where grounds crew and infield coaches decide how to water and drag the infield before games, using software that logs those choices alongside weather and public batted-ball outcomes at Wrigley to estimate their effect on ground-ball speed relative to the club's defensive and pitching mix.",
          "mlb_field_preparation_rule_limits",
          "measurable_effect_size_surface_on_groundball_outcomes",
          "current_grounds_crew_record_keeping",
          "Rehab assignment venue planner, where player development and medical coordinators choose which affiliate hosts a rehab stint, using software that combines public affiliate schedules, forecast weather, travel distance, and opponent quality.",
          "rehab_assignment_frequency_per_season",
          "rainout_disruption_rate_by_affiliate",
          "Searchable institutional memory of past reports, where front-office staff weigh a trade or waiver target, using software that retrieves the club's own prior evaluations and the outcomes of similar past acquisitions so analysts can see how earlier judgments held up.",
          "existing_cubs_report_storage_system",
          "vendor_platform_retrieval_capability",
          "Postseason roster eligibility and rules checker, where front-office and baseball operations staff confirm eligibility, injury-replacement, and position-player-pitching rules before key roster moves, using a rule-encoded checklist that flags conflicts.",
          "historical_rate_of_club_roster_rule_errors",
          "league_preclearance_process_details",
          "Unnecessary-software zone for replay challenges, since managers decide whether to challenge safe/out calls and replay coordinators with live video and league feeds already make this decision.",
          "cubs_replay_overturn_rate_vs_league",
          "Unnecessary-software zone for heat and day-game workload, where staff plan rest for position players in hot afternoon games. Public weather and schedule data in a shared calendar likely suffice, and any biometric layer would depend on private data out of scope here.",
          "incremental_value_of_schedule_weather_model_over_staff_judgment"
        ],
        "contradictions": [],
        "verified_constraints": [],
        "provenance": {
          "run_id": "hd-20261008-143010-528e5330b08f",
          "producer_component": "howldream",
          "producer_version": "0.4.4",
          "model_or_provider": "claude-opus-5-5",
          "observation_kind": "EXTERNALLY_OBSERVED",
          "created_at": "2026-10-08T14:35:18.091585+00:00",
          "transformations": [
            "generated",
            "idea_unit_selection"
          ],
          "participation": [
            {
              "operation": "GENERATED",
              "transforming_component": "howldream",
              "origin_component": "howldream",
              "origin_provider": "claude",
              "origin_model": "claude-opus-5-5",
              "subject_count": 1,
              "inference_occurred": true,
              "note": "Dream prompted the provider; the provider authored the text."
            },
            {
              "operation": "CLUSTERED",
              "transforming_component": "howldream",
              "origin_component": "howldream",
              "origin_provider": null,
              "origin_model": null,
              "subject_count": 45,
              "inference_occurred": false,
              "note": "Deterministic concept-token clustering; no inference."
            },
            {
              "operation": "SELECTED",
              "transforming_component": "howldream",
              "origin_component": "howldream",
              "origin_provider": "claude",
              "origin_model": "claude-opus-5-5",
              "subject_count": 1,
              "inference_occurred": false,
              "note": "Operator selected this idea unit through `howldream export`."
            }
          ],
          "request_id": "cubs-r001-p1-divergent",
          "originating_component": "operator",
          "execution": {
            "requested_provider": "command",
            "selected_provider": "command",
            "actual_provider": "claude",
            "adapter": "claude-json",
            "model": "claude-opus-5-5",
            "requested_model": "claude-opus-5-5",
            "deterministic": false,
            "mocked": false,
            "inference_occurred": true,
            "remote": true,
            "remote_observation": "OPERATOR_DECLARED",
            "fallback_reason": null,
            "elapsed_seconds": 51.84848654305097,
            "usage": {
              "input_tokens": 2,
              "cache_creation_input_tokens": 2379,
              "cache_read_input_tokens": 0,
              "output_tokens": 4188,
              "output_tokens_details": {
                "thinking_tokens": 1839
              },
              "server_tool_use": {
                "web_search_requests": 0,
                "web_fetch_requests": 0
              },
              "cache_creation": {
                "ephemeral_1h_input_tokens": 2379,
                "ephemeral_5m_input_tokens": 0
              }
            },
            "cost": 0.1028,
            "request_id": "52dd343a-83e4-4055-a3b9-3628af1b44e3",
            "raw_output_received": true,
            "parse_status": "VALID",
            "repair_attempted": false,
            "sampling": null
          },
          "source_candidate_refs": [],
          "source_candidates_location": "exploration_envelope.json#/provenance/source_candidates",
          "hard_constraints": [
            "Do not assume the problem or the solution.",
            "Use only lawfully accessible public, historical, or clearly labeled synthetic data.",
            "Do not invent private Chicago Cubs information or statistics.",
            "Distinguish fact, assumption, hypothesis, and speculation."
          ],
          "constraint_scope": "UNVERIFIED_GENERATION_GUIDANCE",
          "purpose": "discovery",
          "candidate_index": 3,
          "trial": 0,
          "prompt_hash": "0b0d86fb982f9c2597994ff3db2b8c66514c25cd6a469fb9617fba6a79f8d550",
          "output_hash": "fbdcd5104ec00846b4eace6d59a4c1f0e21728547ff0ff8939c44367447d0379",
          "selection": {
            "selected_by": "operator",
            "operation": "SELECTED",
            "via": "howldream export"
          },
          "parent_candidate_id": "hd-20261008-143010-528e5330b08f/candidates/0/3",
          "source_unit": {
            "id": "hd-20261008-143010-528e5330b08f/candidates/0/3/idea/2",
            "source_span": [
              1019,
              1274
            ],
            "source_hash": "fbdcd5104ec00846b4eace6d59a4c1f0e21728547ff0ff8939c44367447d0379",
            "cluster": "cluster-21"
          },
          "parent_verification_ref": "verification.jsonl#candidate=hd-20261008-143010-528e5330b08f/candidates/0/3",
          "unit_selection_scope": "Single IDEA line; batch assumptions/unresolved issues retained without claim-specific association. Parent rejection/contradiction gates retained."
        }
      }
    ],
    "discovery_analysis": {
      "metrics": {
        "context_echo_ratio": 0.125,
        "evidence_echo_ratio": 0.125,
        "novel_concept_ratio": 1.0,
        "repeated_family_ratio": 0.25,
        "idea_count": 8,
        "cluster_count": 6,
        "warnings": [],
        "method": "concept_tokens_and_leading_phrases/v3; Jaccard cluster threshold 0.5 or first-8-content-word phrase link; echo coverage 0.6 or first-16-word phrase link",
        "measurement_type": "ADVISORY_HEURISTIC",
        "limitations": "Not semantic equivalence, calibrated novelty, entailment or usefulness"
      },
      "artifact": "discovery.json"
    },
    "purpose": "verification",
    "constraints": [
      "Public or clearly labeled synthetic data only.",
      "Do not invent statistics or private Cubs information.",
      "Prefer falsifiable criticism over praise."
    ],
    "diversity_memory": false,
    "risk_class": "EXPLORATORY",
    "parent_run_id": null,
    "originating_component": "operator"
  },
  "descent_dag": {
    "nodes": {
      "obj-cubs-r001-p2-critique": {
        "node_id": "obj-cubs-r001-p2-critique",
        "node_type": "OBJECTIVE",
        "label": "Objective: Critique these six candidate software opportunities for the Chicago Cubs (an MLB",
        "details": {
          "objective": "Critique these six candidate software opportunities for the Chicago Cubs (an MLB club). For EACH candidate, attack: (1) plausibility of the baseball problem and whether the decision really recurs; (2) whether the decision-relevant data is lawfully public AND available at decision time (no hindsight); (3) actionability: what would a staff member do differently; (4) testability: what retrospective evaluation against a simple baseline is possible with public data; (5) existing alternatives (spreadsheets, public tools, vendor systems, what sophisticated clubs already have); (6) what would make this project LOOK useful while actually providing little or no baseball advantage. Then do a BLIND-SPOT analysis of the set as a whole: shared assumptions, user groups or decision types none of them cover, and failure modes common to all. OUTPUT GUIDANCE (format only): use ASSUMPTION lines for challenges, UNKNOWN lines for missing evidence, and IDEA lines only for a sharpened or replacement opportunity that the critique reveals. Prefix each line's content with the candidate's short name.",
          "originating_component": "operator"
        },
        "created_at": "2026-10-08T14:40:06.739766+00:00"
      },
      "hd-20261008-143634-565a00716635/baseline": {
        "node_id": "hd-20261008-143634-565a00716635/baseline",
        "node_type": "BASELINE",
        "label": "Baseline Generation",
        "details": {
          "count": 2
        },
        "created_at": "2026-10-08T14:40:06.739792+00:00"
      },
      "hd-20261008-143634-565a00716635/dream": {
        "node_id": "hd-20261008-143634-565a00716635/dream",
        "node_type": "DREAM_RUN",
        "label": "DREAM Run hd-20261008-143634-565a00716635",
        "details": {
          "mode": "dream",
          "run_id": "hd-20261008-143634-565a00716635"
        },
        "created_at": "2026-10-08T14:40:06.739830+00:00"
      },
      "hd-20261008-143634-565a00716635/candidates/0/0": {
        "node_id": "hd-20261008-143634-565a00716635/candidates/0/0",
        "node_type": "CANDIDATE",
        "label": "Candidate 0: ASSUMPTION: callups: Recurrence is real but low-frequency. P",
        "details": {
          "text_hash": "d1d287303fc8c03ebcf54639b7e87a3cd34305dca87ef1892760ad5ae2b0d482",
          "trial": 0,
          "index": 0
        },
        "created_at": "2026-10-08T14:40:06.739855+00:00"
      },
      "hd-20261008-143634-565a00716635/candidates/0/0/challenge": {
        "node_id": "hd-20261008-143634-565a00716635/candidates/0/0/challenge",
        "node_type": "NIGHTMARE_CHALLENGE",
        "label": "Nightmare Challenge for Candidate 0",
        "details": {
          "perturbations": []
        },
        "created_at": "2026-10-08T14:40:06.739876+00:00"
      },
      "hd-20261008-143634-565a00716635/candidates/0/0/wake": {
        "node_id": "hd-20261008-143634-565a00716635/candidates/0/0/wake",
        "node_type": "WAKE_VERIFICATION",
        "label": "Wake Verification for Candidate 0",
        "details": {
          "trust": "UNVERIFIED"
        },
        "created_at": "2026-10-08T14:40:06.739895+00:00"
      },
      "hd-20261008-143634-565a00716635/candidates/0/1": {
        "node_id": "hd-20261008-143634-565a00716635/candidates/0/1",
        "node_type": "CANDIDATE",
        "label": "Candidate 1: ASSUMPTION: CallUpCalibration (1 recurrence) Promotion decis",
        "details": {
          "text_hash": "aaa79611a4c209bd7f5a677df20f17978e792545789d73b182e690b8fbfa739a",
          "trial": 0,
          "index": 1
        },
        "created_at": "2026-10-08T14:40:06.753904+00:00"
      },
      "hd-20261008-143634-565a00716635/candidates/0/1/challenge": {
        "node_id": "hd-20261008-143634-565a00716635/candidates/0/1/challenge",
        "node_type": "NIGHTMARE_CHALLENGE",
        "label": "Nightmare Challenge for Candidate 1",
        "details": {
          "perturbations": []
        },
        "created_at": "2026-10-08T14:40:06.753936+00:00"
      },
      "hd-20261008-143634-565a00716635/candidates/0/1/wake": {
        "node_id": "hd-20261008-143634-565a00716635/candidates/0/1/wake",
        "node_type": "WAKE_VERIFICATION",
        "label": "Wake Verification for Candidate 1",
        "details": {
          "trust": "UNVERIFIED"
        },
        "created_at": "2026-10-08T14:40:06.753957+00:00"
      },
      "hd-20261008-143634-565a00716635/candidates/0/2": {
        "node_id": "hd-20261008-143634-565a00716635/candidates/0/2",
        "node_type": "CANDIDATE",
        "label": "Candidate 2: ASSUMPTION: Callup-calibration: the promotion decision recur",
        "details": {
          "text_hash": "d815e9d2fa43085e87d0494392a77aaa83a52407fa3ae3642c07d00bb48e9eb4",
          "trial": 0,
          "index": 2
        },
        "created_at": "2026-10-08T14:40:06.768441+00:00"
      },
      "hd-20261008-143634-565a00716635/candidates/0/2/challenge": {
        "node_id": "hd-20261008-143634-565a00716635/candidates/0/2/challenge",
        "node_type": "NIGHTMARE_CHALLENGE",
        "label": "Nightmare Challenge for Candidate 2",
        "details": {
          "perturbations": []
        },
        "created_at": "2026-10-08T14:40:06.768488+00:00"
      },
      "hd-20261008-143634-565a00716635/candidates/0/2/wake": {
        "node_id": "hd-20261008-143634-565a00716635/candidates/0/2/wake",
        "node_type": "WAKE_VERIFICATION",
        "label": "Wake Verification for Candidate 2",
        "details": {
          "trust": "UNVERIFIED"
        },
        "created_at": "2026-10-08T14:40:06.768510+00:00"
      },
      "hd-20261008-143634-565a00716635/candidates/0/3": {
        "node_id": "hd-20261008-143634-565a00716635/candidates/0/3",
        "node_type": "CANDIDATE",
        "label": "Candidate 3: ASSUMPTION: META - No evidence records or fact keys were sup",
        "details": {
          "text_hash": "c0dfb48e07a6da10ab1dfb587a6f295f5147d269d5e43c8781ce3773da4ef462",
          "trial": 0,
          "index": 3
        },
        "created_at": "2026-10-08T14:40:06.782502+00:00"
      },
      "hd-20261008-143634-565a00716635/candidates/0/3/challenge": {
        "node_id": "hd-20261008-143634-565a00716635/candidates/0/3/challenge",
        "node_type": "NIGHTMARE_CHALLENGE",
        "label": "Nightmare Challenge for Candidate 3",
        "details": {
          "perturbations": []
        },
        "created_at": "2026-10-08T14:40:06.782551+00:00"
      },
      "hd-20261008-143634-565a00716635/candidates/0/3/wake": {
        "node_id": "hd-20261008-143634-565a00716635/candidates/0/3/wake",
        "node_type": "WAKE_VERIFICATION",
        "label": "Wake Verification for Candidate 3",
        "details": {
          "trust": "UNVERIFIED"
        },
        "created_at": "2026-10-08T14:40:06.782575+00:00"
      }
    },
    "edges": [
      {
        "source": "obj-cubs-r001-p2-critique",
        "target": "hd-20261008-143634-565a00716635/baseline",
        "relation": "baseline_for"
      },
      {
        "source": "obj-cubs-r001-p2-critique",
        "target": "hd-20261008-143634-565a00716635/dream",
        "relation": "explored_by"
      },
      {
        "source": "hd-20261008-143634-565a00716635/dream",
        "target": "hd-20261008-143634-565a00716635/candidates/0/0",
        "relation": "generated"
      },
      {
        "source": "hd-20261008-143634-565a00716635/candidates/0/0",
        "target": "hd-20261008-143634-565a00716635/candidates/0/0/challenge",
        "relation": "challenged_by"
      },
      {
        "source": "hd-20261008-143634-565a00716635/candidates/0/0/challenge",
        "target": "hd-20261008-143634-565a00716635/candidates/0/0/wake",
        "relation": "verified_at"
      },
      {
        "source": "hd-20261008-143634-565a00716635/dream",
        "target": "hd-20261008-143634-565a00716635/candidates/0/1",
        "relation": "generated"
      },
      {
        "source": "hd-20261008-143634-565a00716635/candidates/0/1",
        "target": "hd-20261008-143634-565a00716635/candidates/0/1/challenge",
        "relation": "challenged_by"
      },
      {
        "source": "hd-20261008-143634-565a00716635/candidates/0/1/challenge",
        "target": "hd-20261008-143634-565a00716635/candidates/0/1/wake",
        "relation": "verified_at"
      },
      {
        "source": "hd-20261008-143634-565a00716635/dream",
        "target": "hd-20261008-143634-565a00716635/candidates/0/2",
        "relation": "generated"
      },
      {
        "source": "hd-20261008-143634-565a00716635/candidates/0/2",
        "target": "hd-20261008-143634-565a00716635/candidates/0/2/challenge",
        "relation": "challenged_by"
      },
      {
        "source": "hd-20261008-143634-565a00716635/candidates/0/2/challenge",
        "target": "hd-20261008-143634-565a00716635/candidates/0/2/wake",
        "relation": "verified_at"
      },
      {
        "source": "hd-20261008-143634-565a00716635/dream",
        "target": "hd-20261008-143634-565a00716635/candidates/0/3",
        "relation": "generated"
      },
      {
        "source": "hd-20261008-143634-565a00716635/candidates/0/3",
        "target": "hd-20261008-143634-565a00716635/candidates/0/3/challenge",
        "relation": "challenged_by"
      },
      {
        "source": "hd-20261008-143634-565a00716635/candidates/0/3/challenge",
        "target": "hd-20261008-143634-565a00716635/candidates/0/3/wake",
        "relation": "verified_at"
      }
    ],
    "max_depth": 20,
    "max_branching_factor": 50
  }
}
